1.000000000000000000e+00 6.000000000000000000e+03 7.193383178710937500e+02 7.193383178710937500e+02 7.193383178710937500e+02 7.193383178710937500e+02 7.193383178710937500e+02 7.193383178710937500e+02 7.193383178710937500e+02
2.000000000000000000e+00 1.500000000000000000e+03 6.130059432983398438e+01 6.130059432983398438e+01 3.189127683639526367e+00 2.323741197586059570e+00 2.138992071151733398e+00 2.447044849395751953e+00 1.871479153633117676e+00
3.000000000000000000e+00 6.666666666666666288e+02 2.751275444030761719e+01 2.751275634765625000e+01 5.561237931251525879e-01 3.963814675807952881e-01 3.397425413131713867e-01 4.614164233207702637e-01 3.393275439739227295e-01
4.000000000000000000e+00 3.750000000000000000e+02 1.809429740905761719e+01 1.597882175445556641e+01 1.541739255189895630e-01 1.239566951990127563e-01 1.155353784561157227e-01 1.423067152500152588e-01 1.338513791561126709e-01
5.000000000000000000e+00 2.400000000000000000e+02 1.260236930847167969e+01 8.992397308349609375e+00 6.328330188989639282e-02 6.135614216327667236e-02 6.217314675450325012e-02 6.802295148372650146e-02 7.779569923877716064e-02
6.000000000000000000e+00 1.666666666666666572e+02 9.112484931945800781e+00 5.041272640228271484e+00 4.139605537056922913e-02 4.165339842438697815e-02 4.332687333226203918e-02 4.816046729683876038e-02 5.963432416319847107e-02
7.000000000000000000e+00 1.224489795918367321e+02 6.823736667633056641e+00 3.010597944259643555e+00 3.399823606014251709e-02 3.458898514509201050e-02 3.657971695065498352e-02 3.950484469532966614e-02 4.796830937266349792e-02
8.000000000000000000e+00 9.375000000000000000e+01 5.279050350189208984e+00 2.000270366668701172e+00 3.016217611730098724e-02 3.017736598849296570e-02 3.164006397128105164e-02 3.354325518012046814e-02 4.067375883460044861e-02
9.000000000000000000e+00 7.407407407407407618e+01 4.206310272216796875e+00 1.457538485527038574e+00 2.729199640452861786e-02 2.672481164336204529e-02 2.777326293289661407e-02 2.896719984710216522e-02 3.464374691247940063e-02
1.000000000000000000e+01 6.000000000000000000e+01 3.439881801605224609e+00 1.110847473144531250e+00 2.544483169913291931e-02 2.420517429709434509e-02 2.475721761584281921e-02 2.539550140500068665e-02 2.907826378941535950e-02
1.100000000000000000e+01 4.958677685950413405e+01 2.876910924911499023e+00 8.570837974548339844e-01 2.386888116598129272e-02 2.241930365562438965e-02 2.242236398160457611e-02 2.281136810779571533e-02 2.448245137929916382e-02
1.200000000000000000e+01 4.166666666666666430e+01 2.452294826507568359e+00 6.667467355728149414e-01 2.261138521134853363e-02 2.093543484807014465e-02 2.062477171421051025e-02 2.091545239090919495e-02 2.156077511608600616e-02
1.300000000000000000e+01 3.550295857988165693e+01 2.124032735824584961e+00 5.290229320526123047e-01 2.156577073037624359e-02 1.972598209977149963e-02 1.913710869848728180e-02 1.936430856585502625e-02 1.962111331522464752e-02
1.400000000000000000e+01 3.061224489795918302e+01 1.864506363868713379e+00 4.318469464778900146e-01 2.058309316635131836e-02 1.870886050164699554e-02 1.785511523485183716e-02 1.805109158158302307e-02 1.820418424904346466e-02
1.500000000000000000e+01 2.666666666666666785e+01 1.655174493789672852e+00 3.613921999931335449e-01 1.967711374163627625e-02 1.780018769204616547e-02 1.680357009172439575e-02 1.693513989448547363e-02 1.701831631362438202e-02
1.600000000000000000e+01 2.343750000000000000e+01 1.483337521553039551e+00 3.066618144512176514e-01 1.881239935755729675e-02 1.698856987059116364e-02 1.587229967117309570e-02 1.592676155269145966e-02 1.597615331411361694e-02
1.700000000000000000e+01 2.076124567474048277e+01 1.340109705924987793e+00 2.616874873638153076e-01 1.801453717052936554e-02 1.623973809182643890e-02 1.508894562721252441e-02 1.511579100042581558e-02 1.510778255760669708e-02
1.800000000000000000e+01 1.851851851851851904e+01 1.219139337539672852e+00 2.243530303239822388e-01 1.724791340529918671e-02 1.557122543454170227e-02 1.437303610146045685e-02 1.442589983344078064e-02 1.434189360588788986e-02
1.900000000000000000e+01 1.662049861495844993e+01 1.115792989730834961e+00 1.939872652292251587e-01 1.655806042253971100e-02 1.497174985706806183e-02 1.373868063092231750e-02 1.387478504329919815e-02 1.366810873150825500e-02
2.000000000000000000e+01 1.500000000000000000e+01 1.026619791984558105e+00 1.697285920381546021e-01 1.593788899481296539e-02 1.446801796555519104e-02 1.319498009979724884e-02 1.344490610063076019e-02 1.308683305978775024e-02
2.100000000000000000e+01 1.360544217687074742e+01 9.490061998367309570e-01 1.502067148685455322e-01 1.541673950850963593e-02 1.406081207096576691e-02 1.273968257009983063e-02 1.310651004314422607e-02 1.266968902200460434e-02
2.200000000000000000e+01 1.239669421487603351e+01 8.809350132942199707e-01 1.339834183454513550e-01 1.502791419625282288e-02 1.377340033650398254e-02 1.240066904574632645e-02 1.287671644240617752e-02 1.242821384221315384e-02
2.300000000000000000e+01 1.134215500945179578e+01 8.208254575729370117e-01 1.200105771422386169e-01 1.476925984025001526e-02 1.359606068581342697e-02 1.217441447079181671e-02 1.273784600198268890e-02 1.235351897776126862e-02
2.400000000000000000e+01 1.041666666666666607e+01 7.674223780632019043e-01 1.077475249767303467e-01 1.463450770825147629e-02 1.350708678364753723e-02 1.207598578184843063e-02 1.267725136131048203e-02 1.239744387567043304e-02
2.500000000000000000e+01 9.599999999999999645e+00 7.197159528732299805e-01 9.699328243732452393e-02 1.456627529114484787e-02 1.346343290060758591e-02 1.207284815609455109e-02 1.265455316752195358e-02 1.251157280057668686e-02
2.600000000000000000e+01 8.875739644970414233e+00 6.768856048583984375e-01 8.765207976102828979e-02 1.452532317489385605e-02 1.342108286917209625e-02 1.212594285607337952e-02 1.263702474534511566e-02 1.263837981969118118e-02
2.700000000000000000e+01 8.230452674897119181e+00 6.382571458816528320e-01 7.959201931953430176e-02 1.445832755416631699e-02 1.334286201745271683e-02 1.218290347605943680e-02 1.259084604680538177e-02 1.274315919727087021e-02
2.800000000000000000e+01 7.653061224489795755e+00 6.032727360725402832e-01 7.262314856052398682e-02 1.433936599642038345e-02 1.320745795965194702e-02 1.220379490405321121e-02 1.249842531979084015e-02 1.280136592686176300e-02
2.900000000000000000e+01 7.134363852556480090e+00 5.714658498764038086e-01 6.653942167758941650e-02 1.415542047470808029e-02 1.300689484924077988e-02 1.216179132461547852e-02 1.234906911849975586e-02 1.282392349094152451e-02
3.000000000000000000e+01 6.666666666666666963e+00 5.424439907073974609e-01 6.116308271884918213e-02 1.390402298420667648e-02 1.274822372943162918e-02 1.205190829932689667e-02 1.214689947664737701e-02 1.285346969962120056e-02
3.100000000000000000e+01 6.243496357960458099e+00 5.158761143684387207e-01 5.636281892657279968e-02 1.359954290091991425e-02 1.244515553116798401e-02 1.188655756413936615e-02 1.189974602311849594e-02 1.298850029706954956e-02
3.200000000000000000e+01 5.859375000000000000e+00 4.914790987968444824e-01 5.204814672470092773e-02 1.325171161442995071e-02 1.211897842586040497e-02 1.169902272522449493e-02 1.162595208734273911e-02 1.336736418306827545e-02
3.300000000000000000e+01 5.509641873278236623e+00 4.690109789371490479e-01 4.815561696887016296e-02 1.287930458784103394e-02 1.179217919707298279e-02 1.153643522411584854e-02 1.134787313640117645e-02 1.411795243620872498e-02
3.400000000000000000e+01 5.190311418685120692e+00 4.482636153697967529e-01 4.463748633861541748e-02 1.249391213059425354e-02 1.148999296128749847e-02 1.145774684846401215e-02 1.109979301691055298e-02 1.525073871016502380e-02
3.500000000000000000e+01 4.897959183673469497e+00 4.290561676025390625e-01 4.145582020282745361e-02 1.210796646773815155e-02 1.123392023146152496e-02 1.151189580559730530e-02 1.092196814715862274e-02 1.661279425024986267e-02
3.600000000000000000e+01 4.629629629629629761e+00 4.112326800823211670e-01 3.857937082648277283e-02 1.173161994665861130e-02 1.103867869824171066e-02 1.171976979821920395e-02 1.086009107530117035e-02 1.796878501772880554e-02
3.700000000000000000e+01 4.382761139517896254e+00 3.946563005447387695e-01 3.598149120807647705e-02 1.137085910886526108e-02 1.090354938060045242e-02 1.205261889845132828e-02 1.094528567045927048e-02 1.915008760988712311e-02
3.800000000000000000e+01 4.155124653739612484e+00 3.792074322700500488e-01 3.363808989524841309e-02 1.103335991501808167e-02 1.081023830920457840e-02 1.244618091732263565e-02 1.118354499340057373e-02 2.012933418154716492e-02
3.900000000000000000e+01 3.944773175542406474e+00 3.647804856300354004e-01 3.152592480182647705e-02 1.072319969534873962e-02 1.072590705007314682e-02 1.282807253301143646e-02 1.154921203851699829e-02 2.097992226481437683e-02
4.000000000000000000e+01 3.750000000000000000e+00 3.512824475765228271e-01 2.962222695350646973e-02 1.044673472642898560e-02 1.061622239649295807e-02 1.314926706254482269e-02 1.199935749173164368e-02 2.177246659994125366e-02
4.100000000000000000e+01 3.569303985722783956e+00 3.386316001415252686e-01 2.790518105030059814e-02 1.020929776132106781e-02 1.045636367052793503e-02 1.338932011276483536e-02 1.249096449464559555e-02 2.251826040446758270e-02
4.200000000000000000e+01 3.401360544217686854e+00 3.267541527748107910e-01 2.635405398905277252e-02 1.001691352576017380e-02 1.023860182613134384e-02 1.355079188942909241e-02 1.299064140766859055e-02 2.316529862582683563e-02
4.300000000000000000e+01 3.244997295835586826e+00 3.155853748321533203e-01 2.494920045137405396e-02 9.877342730760574341e-03 9.969674982130527496e-03 1.364125777035951614e-02 1.346496678888797760e-02 2.359393052756786346e-02
4.400000000000000000e+01 3.099173553719008378e+00 3.050665259361267090e-01 2.367185987532138824e-02 9.797364473342895508e-03 9.665932506322860718e-03 1.366671081632375717e-02 1.386910676956176758e-02 2.364259772002696991e-02
4.500000000000000000e+01 2.962962962962962798e+00 2.951456606388092041e-01 2.250405959784984589e-02 9.785139933228492737e-03 9.347229264676570892e-03 1.363006234169006348e-02 1.415660511702299118e-02 2.321683056652545929e-02
4.600000000000000000e+01 2.835538752362948944e+00 2.857756614685058594e-01 2.142874151468276978e-02 9.848261252045631409e-03 9.033076465129852295e-03 1.354115456342697144e-02 1.429454516619443893e-02 2.237421460449695587e-02
4.700000000000000000e+01 2.716161158895427974e+00 2.769142687320709229e-01 2.043021284043788910e-02 9.995105676352977753e-03 8.741170167922973633e-03 1.341644767671823502e-02 1.427358202636241913e-02 2.129251696169376373e-02
4.800000000000000000e+01 2.604166666666666519e+00 2.685232758522033691e-01 1.949483342468738556e-02 1.023621391505002975e-02 8.485795930027961731e-03 1.327325589954853058e-02 1.409665867686271667e-02 2.018718793988227844e-02
4.900000000000000000e+01 2.498958767180341489e+00 2.605681419372558594e-01 1.861159875988960266e-02 1.058200094848871231e-02 8.278434164822101593e-03 1.311958581209182739e-02 1.377832423895597458e-02 1.926082931458950043e-02
5.000000000000000000e+01 2.399999999999999911e+00 2.530171871185302734e-01 1.777209714055061340e-02 1.103894133120775223e-02 8.127170614898204803e-03 1.294858008623123169e-02 1.334441173821687698e-02 1.868065632879734039e-02
5.100000000000000000e+01 2.306805074971165048e+00 2.458422034978866577e-01 1.697046309709548950e-02 1.159928459674119949e-02 8.036603219807147980e-03 1.275019720196723938e-02 1.284277625381946564e-02 1.854537986218929291e-02
5.200000000000000000e+01 2.218934911242603558e+00 2.390171289443969727e-01 1.620286144316196442e-02 1.223182398825883865e-02 8.006588555872440338e-03 1.253129355609416962e-02 1.233786437660455704e-02 1.884803734719753265e-02
5.300000000000000000e+01 2.135991456034175950e+00 2.325180619955062866e-01 1.546687819063663483e-02 1.288228109478950500e-02 8.032242767512798309e-03 1.232834625989198685e-02 1.190197188407182693e-02 1.946780458092689514e-02
5.400000000000000000e+01 2.057613168724279795e+00 2.263235896825790405e-01 1.476103719323873520e-02 1.348430570214986801e-02 8.104057982563972473e-03 1.219385210424661636e-02 1.159595698118209839e-02 2.021995559334754944e-02
5.500000000000000000e+01 1.983471074380165344e+00 2.204136103391647339e-01 1.408435683697462082e-02 1.397435553371906281e-02 8.210277184844017029e-03 1.217421516776084900e-02 1.145777478814125061e-02 2.092964760959148407e-02
5.600000000000000000e+01 1.913265306122448939e+00 2.147701233625411987e-01 1.343622989952564240e-02 1.429818756878376007e-02 8.339338004589080811e-03 1.229620724916458130e-02 1.149443071335554123e-02 2.148586697876453400e-02
5.700000000000000000e+01 1.846722068328716437e+00 2.093761265277862549e-01 1.281619071960449219e-02 1.441372279077768326e-02 8.483953773975372314e-03 1.256668660789728165e-02 1.168529316782951355e-02 2.185975201427936554e-02
5.800000000000000000e+01 1.783590963139120023e+00 2.042164355516433716e-01 1.222381740808486938e-02 1.429513934999704361e-02 8.642431348562240601e-03 1.297264639288187027e-02 1.199076976627111435e-02 2.208298258483409882e-02
5.900000000000000000e+01 1.723642631427750649e+00 1.992768049240112305e-01 1.165870483964681625e-02 1.394059229642152786e-02 8.819013833999633789e-03 1.347741018980741501e-02 1.236381288617849350e-02 2.220548503100872040e-02
6.000000000000000000e+01 1.666666666666666741e+00 1.945440769195556641e-01 1.112030446529388428e-02 1.337498426437377930e-02 9.019812569022178650e-03 1.402214262634515762e-02 1.275771763175725937e-02 2.225443720817565918e-02
6.100000000000000000e+01 1.612469766191883869e+00 1.900059431791305542e-01 1.060788519680500031e-02 1.264705415815114975e-02 9.248583577573299408e-03 1.454183738678693771e-02 1.313136797398328781e-02 2.221373654901981354e-02
6.200000000000000000e+01 1.560874089490114525e+00 1.856515556573867798e-01 1.012059394270181656e-02 1.181863155215978622e-02 9.500496089458465576e-03 1.498291734606027603e-02 1.345141325145959854e-02 2.203422226011753082e-02
6.300000000000000000e+01 1.511715797430083219e+00 1.814703941345214844e-01 9.657237678766250610e-03 1.095556747168302536e-02 9.760152548551559448e-03 1.530802808701992035e-02 1.369236223399639130e-02 2.167183160781860352e-02
6.400000000000000000e+01 1.464843750000000000e+00 1.774525642395019531e-01 9.216446429491043091e-03 1.011902745813131332e-02 1.000178791582584381e-02 1.549074053764343262e-02 1.383473537862300873e-02 2.111804857850074768e-02
6.500000000000000000e+01 1.420118343195266197e+00 1.735893785953521729e-01 8.796727284789085388e-03 9.357581846415996552e-03 1.019503269344568253e-02 1.551144290715456009e-02 1.386341452598571777e-02 2.040262334048748016e-02
6.600000000000000000e+01 1.377410468319559156e+00 1.698724180459976196e-01 8.396516554057598114e-03 8.704119361937046051e-03 1.031099725514650345e-02 1.535930577665567398e-02 1.376744080334901810e-02 1.957588084042072296e-02
6.700000000000000000e+01 1.336600579193584215e+00 1.662937700748443604e-01 8.014217019081115723e-03 8.175607770681381226e-03 1.032793428748846054e-02 1.503729540854692459e-02 1.354285236448049545e-02 1.869615912437438965e-02
6.800000000000000000e+01 1.297577854671280173e+00 1.628463566303253174e-01 7.648304570466279984e-03 7.774620316922664642e-03 1.023422740399837494e-02 1.456699892878532410e-02 1.319653261452913284e-02 1.782092824578285217e-02
6.900000000000000000e+01 1.260239445494643951e+00 1.595233678817749023e-01 7.297366391867399216e-03 7.492222357541322708e-03 1.002888567745685577e-02 1.398617587983608246e-02 1.274680159986019135e-02 1.700162328779697418e-02
7.000000000000000000e+01 1.224489795918367374e+00 1.563185006380081177e-01 6.960124243050813675e-03 7.311253808438777924e-03 9.720910340547561646e-03 1.334281917661428452e-02 1.222281903028488159e-02 1.627402380108833313e-02
7.100000000000000000e+01 1.190240031739734139e+00 1.532258391380310059e-01 6.635457277297973633e-03 7.209110073745250702e-03 9.327977895736694336e-03 1.268637552857398987e-02 1.165961474180221558e-02 1.565341837704181671e-02
7.200000000000000000e+01 1.157407407407407440e+00 1.502398401498794556e-01 6.322427187114953995e-03 7.160499691963195801e-03 8.875153958797454834e-03 1.206147577613592148e-02 1.109381951391696930e-02 1.513018645346164703e-02
7.300000000000000000e+01 1.125914805779695937e+00 1.473552435636520386e-01 6.020328495651483536e-03 7.139450870454311371e-03 8.391566574573516846e-03 1.150139514356851578e-02 1.055718772113323212e-02 1.467627938836812973e-02
7.400000000000000000e+01 1.095690284879474063e+00 1.445674002170562744e-01 5.728602409362792969e-03 7.121062371879816055e-03 7.908567786216735840e-03 1.102516893297433853e-02 1.007307972759008408e-02 1.425408385694026947e-02
7.500000000000000000e+01 1.066666666666666652e+00 1.418715566396713257e-01 5.446886178106069565e-03 7.082837168127298355e-03 7.456174585968255997e-03 1.063660159707069397e-02 9.653449989855289459e-03 1.383041311055421829e-02
7.600000000000000000e+01 1.038781163434903121e+00 1.392634958028793335e-01 5.174975842237472534e-03 7.005726918578147888e-03 7.060146890580654144e-03 1.032815128564834595e-02 9.299998171627521515e-03 1.338489446789026260e-02
7.700000000000000000e+01 1.011975037949063960e+00 1.367391198873519897e-01 4.912746138870716095e-03 6.875982973724603653e-03 6.739331409335136414e-03 1.008590776473283768e-02 9.006052277982234955e-03 1.291357167065143585e-02
7.800000000000000000e+01 9.861932938856016184e-01 1.342947930097579956e-01 4.660159349441528320e-03 6.685829255729913712e-03 6.503168027848005295e-03 9.893783368170261383e-03 8.759488351643085480e-03 1.242387387901544571e-02
7.900000000000000000e+01 9.613843935266783713e-01 1.319267749786376953e-01 4.417230840772390366e-03 6.434598471969366074e-03 6.352655589580535889e-03 9.734896942973136902e-03 8.547066710889339447e-03 1.192895602434873581e-02
8.000000000000000000e+01 9.375000000000000000e-01 1.296317577362060547e-01 4.183966666460037231e-03 6.128602195531129837e-03 6.280134897679090500e-03 9.592183865606784821e-03 8.355836383998394012e-03 1.144109200686216354e-02
8.100000000000000000e+01 9.144947416552354769e-01 1.274065524339675903e-01 3.960419446229934692e-03 5.779555067420005798e-03 6.271882448345422745e-03 9.449773468077182770e-03 8.175848051905632019e-03 1.096787117421627045e-02
8.200000000000000000e+01 8.923259964306959890e-01 1.252481341361999512e-01 3.746615489944815636e-03 5.402845330536365509e-03 6.309615448117256165e-03 9.294208139181137085e-03 7.998834364116191864e-03 1.051061321049928665e-02
8.300000000000000000e+01 8.709536942952532668e-01 1.231536790728569031e-01 3.542556427419185638e-03 5.015102215111255646e-03 6.373027805238962173e-03 9.115976281464099884e-03 7.819152437150478363e-03 1.006495486944913864e-02
8.400000000000000000e+01 8.503401360544217136e-01 1.211205497384071350e-01 3.348142839968204498e-03 4.632663913071155548e-03 6.441146600991487503e-03 8.909780532121658325e-03 7.631528656929731369e-03 9.623793885111808777e-03
8.500000000000000000e+01 8.304498269896193330e-01 1.191461756825447083e-01 3.163265762850642204e-03 4.269523080438375473e-03 6.494510453194379807e-03 8.674460463225841522e-03 7.432423997670412064e-03 9.181228466331958771e-03
8.600000000000000000e+01 8.112493239588967064e-01 1.172281429171562195e-01 2.987756393849849701e-03 3.937027882784605026e-03 6.516147870570421219e-03 8.411400020122528076e-03 7.218434009701013565e-03 8.735597133636474609e-03
8.700000000000000000e+01 7.927070947284978741e-01 1.153641343116760254e-01 2.821402391418814659e-03 3.642731113359332085e-03 6.492836400866508484e-03 8.123304694890975952e-03 6.988160312175750732e-03 8.291376754641532898e-03
8.800000000000000000e+01 7.747933884297520946e-01 1.135520786046981812e-01 2.663905965164303780e-03 3.390774130821228027e-03 6.416288670152425766e-03 7.813933305442333221e-03 6.741769611835479736e-03 7.857981137931346893e-03
8.900000000000000000e+01 7.574801161469510991e-01 1.117898821830749512e-01 2.514976309612393379e-03 3.181710373610258102e-03 6.283284164965152740e-03 7.488162722438573837e-03 6.481762044131755829e-03 7.446865085512399673e-03
9.000000000000000000e+01 7.407407407407406996e-01 1.100756153464317322e-01 2.374291652813553810e-03 3.013327484950423241e-03 6.096273194998502731e-03 7.152221165597438812e-03 6.212512962520122528e-03 7.067984901368618011e-03
9.100000000000000000e+01 7.245501750996256041e-01 1.084073930978775024e-01 2.241491340100765228e-03 2.881356980651617050e-03 5.862783640623092651e-03 6.813147570937871933e-03 5.939604714512825012e-03 6.726827006787061691e-03
9.200000000000000000e+01 7.088846880907372361e-01 1.067834794521331787e-01 2.116219373419880867e-03 2.779745962470769882e-03 5.594046320766210556e-03 6.478152703493833542e-03 5.668935365974903107e-03 6.422997917979955673e-03
9.300000000000000000e+01 6.937218175511620233e-01 1.052022576332092285e-01 1.998088788241147995e-03 2.701867371797561646e-03 5.303107667714357376e-03 6.153783760964870453e-03 5.405975505709648132e-03 6.151536945253610611e-03
9.400000000000000000e+01 6.790402897238569935e-01 1.036621034145355225e-01 1.886761514469981194e-03 2.640778664499521255e-03 5.003244616091251373e-03 5.845222622156143188e-03 5.155002698302268982e-03 5.904474295675754547e-03
9.500000000000000000e+01 6.648199445983379308e-01 1.021613702178001404e-01 1.781883067451417446e-03 2.590131713077425957e-03 4.706793464720249176e-03 5.556267220526933670e-03 4.918748512864112854e-03 5.673643201589584351e-03
9.600000000000000000e+01 6.510416666666666297e-01 1.006988063454627991e-01 1.683107460848987103e-03 2.544470829889178276e-03 4.423893988132476807e-03 5.288737360388040543e-03 4.698546137660741806e-03 5.452599842101335526e-03
9.700000000000000000e+01 6.376873206504410918e-01 9.927298128604888916e-02 1.590120838955044746e-03 2.499281428754329681e-03 4.162313416600227356e-03 5.043248180299997330e-03 4.494365304708480835e-03 5.237536039203405380e-03
9.800000000000000000e+01 6.247396917950853723e-01 9.788258373737335205e-02 1.502590021118521690e-03 2.451425418257713318e-03 3.926912322640419006e-03 4.818690009415149689e-03 4.305331502109766006e-03 5.026901140809059143e-03
9.900000000000000000e+01 6.121824303642485754e-01 9.652633965015411377e-02 1.420178916305303574e-03 2.398893004283308983e-03 3.720375476405024529e-03 4.613820929080247879e-03 4.129849839955568314e-03 4.820933099836111069e-03
1.000000000000000000e+02 5.999999999999999778e-01 9.520311653614044189e-02 1.342599862255156040e-03 2.340758917853236198e-03 3.543138271197676659e-03 4.426468163728713989e-03 3.966551739722490311e-03 4.620409104973077774e-03
1.010000000000000000e+02 5.881776296441525442e-01 9.391164779663085938e-02 1.269576721824705601e-03 2.276991261169314384e-03 3.393930150195956230e-03 4.254848230630159378e-03 3.813824616372585297e-03 4.426202271133661270e-03
1.020000000000000000e+02 5.767012687427912621e-01 9.265093505382537842e-02 1.200855360366404057e-03 2.208197489380836487e-03 3.270155983045697212e-03 4.096579272300004959e-03 3.670528065413236618e-03 4.238615743815898895e-03
1.030000000000000000e+02 5.655575454802526103e-01 9.142003208398818970e-02 1.136162900365889072e-03 2.135532209649682045e-03 3.168176393955945969e-03 3.949867561459541321e-03 3.535371972247958183e-03 4.057642072439193726e-03
1.040000000000000000e+02 5.547337278106508895e-01 9.021776169538497925e-02 1.075287465937435627e-03 2.060333499684929848e-03 3.084017662331461906e-03 3.812313545495271683e-03 3.407509764656424522e-03 3.882840974256396294e-03
1.050000000000000000e+02 5.442176870748299811e-01 8.904330432415008545e-02 1.018029521219432354e-03 1.984035829082131386e-03 3.013075096532702446e-03 3.682069713249802589e-03 3.285614773631095886e-03 3.713821060955524445e-03
1.060000000000000000e+02 5.339978640085439876e-01 8.789566159248352051e-02 9.642041986808180809e-04 1.908012316562235355e-03 2.950777066871523857e-03 3.557097632437944412e-03 3.168873256072402000e-03 3.550362540408968925e-03
1.070000000000000000e+02 5.240632369639269816e-01 8.677405118942260742e-02 9.136663284152746201e-04 1.833503367379307747e-03 2.893009921535849571e-03 3.435973776504397392e-03 3.056222340092062950e-03 3.392674028873443604e-03
1.080000000000000000e+02 5.144032921810699488e-01 8.567754179239273071e-02 8.662295877002179623e-04 1.761489780619740486e-03 2.835985273122787476e-03 3.317385679110884666e-03 2.947048516944050789e-03 3.241077298298478127e-03
1.090000000000000000e+02 5.050079959599360624e-01 8.460542559623718262e-02 8.218217990361154079e-04 1.692662830464541912e-03 2.776699373498558998e-03 3.200741019099950790e-03 2.840703353285789490e-03 3.096033586189150810e-03
1.100000000000000000e+02 4.958677685950413361e-01 8.355683088302612305e-02 7.802905747666954994e-04 1.627478632144629955e-03 2.713009482249617577e-03 3.085536649450659752e-03 2.736992202699184418e-03 2.958110300824046135e-03
1.110000000000000000e+02 4.869734599464329294e-01 8.253110200166702271e-02 7.415270665660500526e-04 1.566170249134302139e-03 2.643563086166977882e-03 2.971869427710771561e-03 2.635687822476029396e-03 2.827641088515520096e-03
1.120000000000000000e+02 4.783163265306122347e-01 8.152754604816436768e-02 7.054262096062302589e-04 1.508725457824766636e-03 2.568109892308712006e-03 2.859905129298567772e-03 2.536919899284839630e-03 2.704770537093281746e-03
1.130000000000000000e+02 4.698880100242775470e-01 8.054540306329727173e-02 6.718973163515329361e-04 1.454966724850237370e-03 2.487004967406392097e-03 2.750141778960824013e-03 2.440929412841796875e-03 2.589397598057985306e-03
1.140000000000000000e+02 4.616805170821791093e-01 7.958409935235977173e-02 6.408410263247787952e-04 1.404565176926553249e-03 2.401353791356086731e-03 2.642985200509428978e-03 2.347914734855294228e-03 2.481104107573628426e-03
1.150000000000000000e+02 4.536862003780718355e-01 7.864293456077575684e-02 6.121423793956637383e-04 1.357178320176899433e-03 2.312504453584551811e-03 2.538926433771848679e-03 2.258119406178593636e-03 2.379272133111953735e-03
1.160000000000000000e+02 4.458977407847800056e-01 7.772141695022583008e-02 5.857168580405414104e-04 1.312361564487218857e-03 2.222198061645030975e-03 2.438308205455541611e-03 2.171708969399333000e-03 2.283300273120403290e-03
1.170000000000000000e+02 4.383081306158229107e-01 7.681883126497268677e-02 5.614552646875381470e-04 1.269673462957143784e-03 2.132184337824583054e-03 2.341424115002155304e-03 2.088808920234441757e-03 2.192377578467130661e-03
1.180000000000000000e+02 4.309106578569376622e-01 7.593469321727752686e-02 5.392419407144188881e-04 1.228757901117205620e-03 2.044265624135732651e-03 2.248430624604225159e-03 2.009312389418482780e-03 2.105758758261799812e-03
1.190000000000000000e+02 4.236988913212343943e-01 7.506851106882095337e-02 5.189712392166256905e-04 1.189270755276083946e-03 1.959905028343200684e-03 2.159475814551115036e-03 1.933351857587695122e-03 2.022742293775081635e-03
1.200000000000000000e+02 4.166666666666666852e-01 7.421968877315521240e-02 5.005403072573244572e-04 1.150935189798474312e-03 1.880357391200959682e-03 2.074619056656956673e-03 1.860687392763793468e-03 1.942850416526198387e-03
1.210000000000000000e+02 4.098080732190423903e-01 7.338777929544448853e-02 4.838790919166058302e-04 1.113498350605368614e-03 1.806502928957343102e-03 1.993840560317039490e-03 1.791293150745332241e-03 1.865656930021941662e-03
1.220000000000000000e+02 4.031174415479709672e-01 7.257229834794998169e-02 4.688431508839130402e-04 1.076844637282192707e-03 1.738745602779090405e-03 1.917097135446965694e-03 1.724927686154842377e-03 1.790949027054011822e-03
1.230000000000000000e+02 3.965893317469760260e-01 7.177276909351348877e-02 4.553299513645470142e-04 1.040895003825426102e-03 1.677145948633551598e-03 1.844296581111848354e-03 1.661507645621895790e-03 1.718575600534677505e-03
1.240000000000000000e+02 3.902185223725286312e-01 7.098876684904098511e-02 4.432574496604502201e-04 1.005567144602537155e-03 1.621520845219492912e-03 1.775335636921226978e-03 1.600872492417693138e-03 1.648531295359134674e-03
1.250000000000000000e+02 3.840000000000000080e-01 7.021980732679367065e-02 4.325021582189947367e-04 9.708616416901350021e-04 1.571217435412108898e-03 1.710034674033522606e-03 1.542932819575071335e-03 1.580827170982956886e-03
1.260000000000000000e+02 3.779289493575208048e-01 6.946559250354766846e-02 4.229603800922632217e-04 9.367220336571335793e-04 1.525457832030951977e-03 1.648238394409418106e-03 1.487562898546457291e-03 1.515511889010667801e-03
1.270000000000000000e+02 3.720007440014880262e-01 6.872563064098358154e-02 4.145284183323383331e-04 9.032378438860177994e-04 1.483301981352269650e-03 1.589766237884759903e-03 1.434666104614734650e-03 1.452721422538161278e-03
1.280000000000000000e+02 3.662109375000000000e-01 6.799957901239395142e-02 4.070948634762316942e-04 8.703579660505056381e-04 1.443789456970989704e-03 1.534253824502229691e-03 1.384093775413930416e-03 1.392471021972596645e-03
1.290000000000000000e+02 3.605552550928429745e-01 6.728703528642654419e-02 4.005623050034046173e-04 8.381694206036627293e-04 1.405940740369260311e-03 1.481410348787903786e-03 1.335690845735371113e-03 1.334814005531370640e-03
1.300000000000000000e+02 3.550295857988165493e-01 6.658770889043807983e-02 3.948343801312148571e-04 8.065947913564741611e-04 1.368885859847068787e-03 1.430821488611400127e-03 1.289243693463504314e-03 1.279720221646130085e-03
1.310000000000000000e+02 3.496299749431851511e-01 6.590115278959274292e-02 3.898142313119024038e-04 7.757363491691648960e-04 1.331991516053676605e-03 1.382292597554624081e-03 1.244667917490005493e-03 1.227212604135274887e-03
1.320000000000000000e+02 3.443526170798897890e-01 6.522712856531143188e-02 3.854286333080381155e-04 7.455818704329431057e-04 1.294676680117845535e-03 1.335476059466600418e-03 1.201698556542396545e-03 1.177198253571987152e-03
1.330000000000000000e+02 3.391938492848662889e-01 6.456527858972549438e-02 3.816027892753481865e-04 7.161078974604606628e-04 1.256605959497392178e-03 1.290156622417271137e-03 1.160211279056966305e-03 1.129633048549294472e-03
1.340000000000000000e+02 3.341501447983960538e-01 6.391527503728866577e-02 3.782539570238441229e-04 6.873309030197560787e-04 1.217567943967878819e-03 1.246060128323733807e-03 1.120018423534929752e-03 1.084477175027132034e-03
1.350000000000000000e+02 3.292181069958847739e-01 6.327684968709945679e-02 3.753362398128956556e-04 6.592787103727459908e-04 1.177688711322844028e-03 1.203101477585732937e-03 1.081021036952733994e-03 1.041634241119027138e-03
1.360000000000000000e+02 3.243944636678200433e-01 6.264968216419219971e-02 3.727884904947131872e-04 6.319601088762283325e-04 1.137072569690644741e-03 1.161163905635476112e-03 1.043118303641676903e-03 1.001066761091351509e-03
1.370000000000000000e+02 3.196760615909212122e-01 6.203350797295570374e-02 3.705553244799375534e-04 6.053961114957928658e-04 1.096060150302946568e-03 1.120253815315663815e-03 1.006262609735131264e-03 9.626128012314438820e-04
1.380000000000000000e+02 3.150598613736609876e-01 6.142798438668251038e-02 3.686081035993993282e-04 5.795673350803554058e-04 1.055005239322781563e-03 1.080386573448777199e-03 9.703906252980232239e-04 9.261572267860174179e-04
1.390000000000000000e+02 3.105429325604264768e-01 6.083298847079277039e-02 3.668922581709921360e-04 5.545106832869350910e-04 1.014383160509169102e-03 1.041544019244611263e-03 9.354791836813092232e-04 8.915063226595520973e-04
1.400000000000000000e+02 3.061224489795918435e-01 6.024817377328872681e-02 3.653788589872419834e-04 5.301969940774142742e-04 9.745690040290355682e-04 1.003763056360185146e-03 9.015679825097322464e-04 8.585375617258250713e-04
1.410000000000000000e+02 3.017956843217142193e-01 5.967326834797859192e-02 3.640216309577226639e-04 5.066790035925805569e-04 9.359357645735144615e-04 9.671074803918600082e-04 8.686336223036050797e-04 8.270388352684676647e-04
1.420000000000000000e+02 2.975600079349335347e-01 5.910809710621833801e-02 3.627958067227154970e-04 4.839398025069385767e-04 8.988637127913534641e-04 9.316581417806446552e-04 8.367199334315955639e-04 7.968387217260897160e-04
1.430000000000000000e+02 2.934128808254682363e-01 5.855239927768707275e-02 3.616855829022824764e-04 4.619795654434710741e-04 8.635880076326429844e-04 8.973904768936336040e-04 8.058437379077076912e-04 7.678162073716521263e-04
1.440000000000000000e+02 2.893518518518518601e-01 5.800595507025718689e-02 3.606542886700481176e-04 4.407677915878593922e-04 8.302842616103589535e-04 8.644115878269076347e-04 7.760325679555535316e-04 7.397636072710156441e-04
1.450000000000000000e+02 2.853745541022592036e-01 5.746850371360778809e-02 3.596723836380988359e-04 4.203330609016120434e-04 7.990833255462348461e-04 8.326937095262110233e-04 7.471892749890685081e-04 7.125762058421969414e-04
1.460000000000000000e+02 2.814787014449239844e-01 5.693993344902992249e-02 3.587206010706722736e-04 4.006201925221830606e-04 7.699271664023399353e-04 8.022756082937121391e-04 7.194469799287617207e-04 6.861716974526643753e-04
1.470000000000000000e+02 2.776620852422601593e-01 5.641996115446090698e-02 3.577961470000445843e-04 3.816619864664971828e-04 7.427170057781040668e-04 7.731525111012160778e-04 6.927104550413787365e-04 6.605365779250860214e-04
1.480000000000000000e+02 2.739225712198685159e-01 5.590839311480522156e-02 3.568546671885997057e-04 3.634165041148662567e-04 7.173036574386060238e-04 7.453322177752852440e-04 6.669662543572485447e-04 6.355993682518601418e-04
1.490000000000000000e+02 2.702580964821404419e-01 5.540505424141883850e-02 3.558916214387863874e-04 3.458971332293003798e-04 6.934652919881045818e-04 7.187149021774530411e-04 6.422483129426836967e-04 6.113274721428751945e-04
1.500000000000000000e+02 2.666666666666666630e-01 5.490973964333534241e-02 3.548807289917021990e-04 3.290867607574909925e-04 6.710135494358837605e-04 6.932818796485662460e-04 6.185621605254709721e-04 5.877914954908192158e-04
1.510000000000000000e+02 2.631463532301214769e-01 5.442229658365249634e-02 3.538029559422284365e-04 3.129659162368625402e-04 6.496759015135467052e-04 6.689536967314779758e-04 5.958153051324188709e-04 5.649678059853613377e-04
1.520000000000000000e+02 2.596952908587257802e-01 5.394252389669418335e-02 3.526081854943186045e-04 2.974940580315887928e-04 6.291806930676102638e-04 6.457456038333475590e-04 5.740444175899028778e-04 5.429537850432097912e-04
1.530000000000000000e+02 2.563116749967960795e-01 5.347026512026786804e-02 3.513002011459320784e-04 2.826965064741671085e-04 6.093241972848773003e-04 6.235312903299927711e-04 5.532156792469322681e-04 5.217169527895748615e-04
1.540000000000000000e+02 2.529937594872659901e-01 5.300534144043922424e-02 3.498543810565024614e-04 2.685188956093043089e-04 5.898759118281304836e-04 6.022714078426361084e-04 5.332571454346179962e-04 5.013381014578044415e-04
1.550000000000000000e+02 2.497398543184183028e-01 5.254760757088661194e-02 3.482692409306764603e-04 2.549997589085251093e-04 5.707448581233620644e-04 5.819101934321224689e-04 5.141556030139327049e-04 4.818332381546497345e-04
1.560000000000000000e+02 2.465483234714004046e-01 5.209690704941749573e-02 3.464938199613243341e-04 2.420526870992034674e-04 5.517454701475799084e-04 5.622942117042839527e-04 4.958163481205701828e-04 4.632303025573492050e-04
1.570000000000000000e+02 2.434175828634021765e-01 5.165306851267814636e-02 3.445381589699536562e-04 2.297345927217975259e-04 5.328560946509242058e-04 5.434055346995592117e-04 4.782541946042329073e-04 4.455489979591220617e-04
1.580000000000000000e+02 2.403460983816695928e-01 5.121595412492752075e-02 3.423843591008335352e-04 2.179962611990049481e-04 5.140451830811798573e-04 5.251978873275220394e-04 4.613841010723263025e-04 4.288070194888859987e-04
1.590000000000000000e+02 2.373323840037973309e-01 5.078542232513427734e-02 3.400264540687203407e-04 2.068366884486749768e-04 4.953368334099650383e-04 5.076215020380914211e-04 4.451969289220869541e-04 4.129626613575965166e-04
1.600000000000000000e+02 2.343750000000000000e-01 5.036133527755737305e-02 3.374266671016812325e-04 1.962437672773376107e-04 4.767650098074227571e-04 4.906040849164128304e-04 4.296114493627101183e-04 3.980016917921602726e-04
1.610000000000000000e+02 2.314725512133019580e-01 4.994356632232666016e-02 3.346181765664368868e-04 1.861977943917736411e-04 4.584463313221931458e-04 4.741715965792536736e-04 4.146157589275389910e-04 3.838951815851032734e-04
1.620000000000000000e+02 2.286236854138088692e-01 4.953195527195930481e-02 3.315867797937244177e-04 1.766920468071475625e-04 4.404813225846737623e-04 4.582047986332327127e-04 4.001726920250803232e-04 3.706060233525931835e-04
1.630000000000000000e+02 2.258270917234370956e-01 4.912637546658515930e-02 3.283086407463997602e-04 1.677013642620295286e-04 4.229739133734256029e-04 4.427974636200815439e-04 3.862615558318793774e-04 3.580218181014060974e-04
1.640000000000000000e+02 2.230814991076739973e-01 4.872673004865646362e-02 3.248217108193784952e-04 1.592122280271723866e-04 4.060327191837131977e-04 4.278702544979751110e-04 3.728297306224703789e-04 3.461440210230648518e-04
1.650000000000000000e+02 2.203856749311294827e-01 4.833284765481948853e-02 3.211078001186251640e-04 1.512318995082750916e-04 3.897638525813817978e-04 4.134729388169944286e-04 3.599094925448298454e-04 3.348751342855393887e-04
1.660000000000000000e+02 2.177384235738133167e-01 4.794466495513916016e-02 3.171764838043600321e-04 1.437276368960738182e-04 3.742566041182726622e-04 3.995628794655203819e-04 3.474749391898512840e-04 3.241764788981527090e-04
1.670000000000000000e+02 2.151385851052386167e-01 4.756204411387443542e-02 3.130509285256266594e-04 1.366477954434230924e-04 3.595594898797571659e-04 3.862059093080461025e-04 3.355382068548351526e-04 3.139874315820634365e-04
1.680000000000000000e+02 2.125850340136054284e-01 4.718488827347755432e-02 3.087314253207296133e-04 1.300014846492558718e-04 3.457434067968279123e-04 3.734139609150588512e-04 3.240763035137206316e-04 3.042788011953234673e-04
1.690000000000000000e+02 2.100766779874654322e-01 4.681305587291717529e-02 3.042220778297632933e-04 1.237755641341209412e-04 3.327754384372383356e-04 3.612074069678783417e-04 3.131135308649390936e-04 2.949811168946325779e-04
1.700000000000000000e+02 2.076124567474048332e-01 4.644644632935523987e-02 2.995456743519753218e-04 1.179109021904878318e-04 3.206973196938633919e-04 3.495456185191869736e-04 3.025949990842491388e-04 2.860644017346203327e-04
1.710000000000000000e+02 2.051913409254129406e-01 4.608495160937309265e-02 2.947184257209300995e-04 1.124484333558939397e-04 3.094142302870750427e-04 3.384645970072597265e-04 2.925435255747288465e-04 2.775120083242654800e-04
1.720000000000000000e+02 2.028123309897241766e-01 4.572851955890655518e-02 2.897527592722326517e-04 1.073004532372578979e-04 2.989114727824926376e-04 3.279454540461301804e-04 2.829377772286534309e-04 2.692954440135508776e-04
1.730000000000000000e+02 2.004744562130375274e-01 4.537696391344070435e-02 2.846485294867306948e-04 1.024806988425552845e-04 2.890950709115713835e-04 3.179879568051546812e-04 2.737931499723345041e-04 2.614219847600907087e-04
1.740000000000000000e+02 1.981767736821244685e-01 4.503029584884643555e-02 2.794309111777693033e-04 9.798959945328533649e-05 2.799119683913886547e-04 3.085227508563548326e-04 2.650809765327721834e-04 2.538623521104454994e-04
1.750000000000000000e+02 1.959183673469387654e-01 4.468831792473793030e-02 2.741167845670133829e-04 9.379044058732688427e-05 2.712571586016565561e-04 2.995681425090879202e-04 2.568097261246293783e-04 2.466308069415390491e-04
1.760000000000000000e+02 1.936983471074380236e-01 4.435100778937339783e-02 2.687165979295969009e-04 8.987664477899670601e-05 2.630481903906911612e-04 2.909993927460163832e-04 2.489331527613103390e-04 2.397353091510012746e-04
1.770000000000000000e+02 1.915158479364167388e-01 4.401825740933418274e-02 2.632418181747198105e-04 8.621335291536524892e-05 2.551908255554735661e-04 2.828396391123533249e-04 2.414744230918586254e-04 2.331357827642932534e-04
1.780000000000000000e+02 1.893700290367377748e-01 4.368994385004043579e-02 2.577110135462135077e-04 8.283606439363211393e-05 2.476498484611511230e-04 2.750127168837934732e-04 2.343884407309815288e-04 2.268401003675535321e-04
1.790000000000000000e+02 1.872600730314284700e-01 4.336606711149215698e-02 2.521387359593063593e-04 7.969792204676195979e-05 2.403457183390855789e-04 2.675185387488454580e-04 2.276956220157444477e-04 2.208287041867151856e-04
1.800000000000000000e+02 1.851851851851851749e-01 4.304643720388412476e-02 2.465481811668723822e-04 7.679176633246243000e-05 2.332792064407840371e-04 2.602953463792800903e-04 2.213021653005853295e-04 2.150941145373508334e-04
1.810000000000000000e+02 1.831445926559018278e-01 4.273103550076484680e-02 2.409273001831024885e-04 7.412298145936802030e-05 2.263525821035727859e-04 2.533616789150983095e-04 2.152083179680630565e-04 2.096071839332580566e-04
1.820000000000000000e+02 1.811375437749064010e-01 4.241978749632835388e-02 2.352940500713884830e-04 7.166745490394532681e-05 2.195824927184730768e-04 2.466396836098283529e-04 2.093694347422569990e-04 2.043470594799146056e-04
1.830000000000000000e+02 1.791633073546537724e-01 4.211260378360748291e-02 2.296722232131287456e-04 6.941910396562889218e-05 2.129419735865667462e-04 2.401322417426854372e-04 2.037790836766362190e-04 1.992891047848388553e-04
1.840000000000000000e+02 1.772211720226843090e-01 4.180939123034477234e-02 2.240551839349791408e-04 6.735782517353072762e-05 2.064531145151704550e-04 2.338245685677975416e-04 1.984018745133653283e-04 1.944019313668832183e-04
1.850000000000000000e+02 1.753104455807158457e-01 4.151012003421783447e-02 2.184629120165482163e-04 6.547222437802702188e-05 2.001058601308614016e-04 2.277061576023697853e-04 1.932225568452849984e-04 1.896783796837553382e-04
1.860000000000000000e+02 1.734304543877905058e-01 4.121467471122741699e-02 2.129148342646658421e-04 6.376131932483986020e-05 1.939415815286338329e-04 2.217815635958686471e-04 1.882050710264593363e-04 1.850919943535700440e-04
1.870000000000000000e+02 1.715805427664502947e-01 4.092299938201904297e-02 2.074110088869929314e-04 6.222851516213268042e-05 1.879839983303099871e-04 2.160262083634734154e-04 1.833667629398405552e-04 1.806292129913344979e-04
1.880000000000000000e+02 1.697600724309642484e-01 4.063502699136734009e-02 2.019530948018655181e-04 6.083143307478167117e-05 1.822433259803801775e-04 2.104665181832388043e-04 1.786798384273424745e-04 1.762981846695765853e-04
1.890000000000000000e+02 1.679684219366759101e-01 4.035071656107902527e-02 1.965517876669764519e-04 5.958492329227738082e-05 1.767377689247950912e-04 2.050867624348029494e-04 1.741528831189498305e-04 1.720794534776359797e-04
1.900000000000000000e+02 1.662049861495844827e-01 4.006993398070335388e-02 1.912246516440063715e-04 5.846553176525048912e-05 1.714714308036491275e-04 1.998962543439120054e-04 1.697457337286323309e-04 1.679631532169878483e-04
1.910000000000000000e+02 1.644691757353142769e-01 3.979269415140151978e-02 1.859745825640857220e-04 5.746629904024302959e-05 1.664810552028939128e-04 1.948823774000629783e-04 1.654840743867680430e-04 1.639635011088103056e-04
1.920000000000000000e+02 1.627604166666666574e-01 3.951890021562576294e-02 1.808083470677956939e-04 5.658749432768672705e-05 1.617859525140374899e-04 1.900453207781538367e-04 1.613599451957270503e-04 1.600693649379536510e-04
1.930000000000000000e+02 1.610781497489865433e-01 3.924848884344100952e-02 1.757326099323108792e-04 5.582473750109784305e-05 1.573671906953677535e-04 1.853967842180281878e-04 1.573743065819144249e-04 1.563018740853294730e-04
1.940000000000000000e+02 1.594218301626102730e-01 3.898139670491218567e-02 1.707508054096251726e-04 5.515071825357154012e-05 1.532462629256770015e-04 1.809023960959166288e-04 1.535408664494752884e-04 1.526681589893996716e-04
1.950000000000000000e+02 1.577909270216962534e-01 3.871755301952362061e-02 1.658894616411998868e-04 5.456450162455439568e-05 1.494089810876175761e-04 1.765632914612069726e-04 1.498346246080473065e-04 1.491278817411512136e-04
1.960000000000000000e+02 1.561849229487713431e-01 3.845692425966262817e-02 1.611310435691848397e-04 5.406460331869311631e-05 1.458110637031495571e-04 1.723807945381850004e-04 1.462490617996081710e-04 1.457148027839139104e-04
1.970000000000000000e+02 1.546033136643562012e-01 3.819947317242622375e-02 1.564833073643967509e-04 5.364542812458239496e-05 1.424901711288839579e-04 1.683538430370390415e-04 1.427806273568421602e-04 1.424111687811091542e-04
1.980000000000000000e+02 1.530456075910621438e-01 3.794511035084724426e-02 1.519659854238852859e-04 5.328372208168730140e-05 1.393642451148480177e-04 1.644846488488838077e-04 1.394387218169867992e-04 1.392326375935226679e-04
1.990000000000000000e+02 1.515113254715790003e-01 3.769380599260330200e-02 1.475783647038042545e-04 5.298616451909765601e-05 1.364589697914198041e-04 1.607344747753813863e-04 1.361986360279843211e-04 1.361759204883128405e-04
2.000000000000000000e+02 1.499999999999999944e-01 3.744547069072723389e-02 1.433166180504485965e-04 5.274607974570244551e-05 1.337135327048599720e-04 1.571088505443185568e-04 1.330630329903215170e-04 1.331846870016306639e-04
2.010000000000000000e+02 1.485111754659538263e-01 3.720010444521903992e-02 1.391942350892350078e-04 5.252788832876831293e-05 1.311199011979624629e-04 1.536032941658049822e-04 1.300222502322867513e-04 1.302706223214045167e-04
2.020000000000000000e+02 1.470444074110381361e-01 3.695761039853096008e-02 1.352028921246528625e-04 5.235307617112994194e-05 1.285943435505032539e-04 1.502099621575325727e-04 1.270627253688871861e-04 1.274414826184511185e-04
2.030000000000000000e+02 1.455992622970710415e-01 3.671798110008239746e-02 1.313420361839234829e-04 5.220278762863017619e-05 1.261873840121552348e-04 1.469158014515414834e-04 1.241858262801542878e-04 1.246880856342613697e-04
2.040000000000000000e+02 1.441753171856978155e-01 3.648112341761589050e-02 1.276494876947253942e-04 5.206927380640991032e-05 1.238292024936527014e-04 1.437286991858854890e-04 1.214004660141654313e-04 1.219885452883318067e-04
2.050000000000000000e+02 1.427721594289113605e-01 3.624703362584114075e-02 1.240876008523628116e-04 5.195847188588231802e-05 1.215446318383328617e-04 1.406332012265920639e-04 1.186692243209108710e-04 1.193287753267213702e-04
2.060000000000000000e+02 1.413893863700631526e-01 3.601565584540367126e-02 1.206671950058080256e-04 5.185089321457780898e-05 1.192704512504860759e-04 1.376222935505211353e-04 1.160089159384369850e-04 1.167347581940703094e-04
2.070000000000000000e+02 1.400266050549604513e-01 3.578693047165870667e-02 1.173944401671178639e-04 5.175135083845816553e-05 1.170430987258441746e-04 1.346912467852234840e-04 1.134280319092795253e-04 1.141941393143497407e-04
2.080000000000000000e+02 1.386834319526627224e-01 3.556082025170326233e-02 1.142626351793296635e-04 5.163461901247501373e-05 1.148551309597678483e-04 1.318406866630539298e-04 1.109274890040978789e-04 1.117130814236588776e-04
2.090000000000000000e+02 1.373594926856070153e-01 3.533729538321495056e-02 1.112587196985259652e-04 5.151614823262207210e-05 1.126905117416754365e-04 1.290671352762728930e-04 1.085133480955846608e-04 1.092722159228287637e-04
2.100000000000000000e+02 1.360544217687074953e-01 3.511629253625869751e-02 1.084126197383739054e-04 5.139668792253360152e-05 1.105740739149041474e-04 1.263632002519443631e-04 1.061684015439823270e-04 1.069036516128107905e-04
2.110000000000000000e+02 1.347678623570899015e-01 3.489777073264122009e-02 1.057069021044299006e-04 5.125220559420995414e-05 1.084901014110073447e-04 1.237425603903830051e-04 1.039090129779651761e-04 1.045745448209345341e-04
2.120000000000000000e+02 1.334994660021359969e-01 3.468170762062072754e-02 1.031283536576665938e-04 5.109396443003788590e-05 1.064653260982595384e-04 1.211932903970591724e-04 1.017206886899657547e-04 1.023300137603655457e-04
2.130000000000000000e+02 1.322488924155260093e-01 3.446807712316513062e-02 1.006885213428176939e-04 5.090983904665336013e-05 1.044900127453729510e-04 1.187093002954497933e-04 9.960786701412871480e-05 1.001509881461970508e-04
2.140000000000000000e+02 1.310158092409817454e-01 3.425679355859756470e-02 9.836629760684445500e-05 5.070872066426090896e-05 1.025762758217751980e-04 1.162833359558135271e-04 9.756695362739264965e-05 9.802571003092452884e-05
2.150000000000000000e+02 1.297998918334234697e-01 3.404784575104713440e-02 9.617885370971634984e-05 5.050433173892088234e-05 1.007310711429454386e-04 1.139381638495251536e-04 9.559820318827405572e-05 9.598908945918083191e-05
2.160000000000000000e+02 1.286008230452674872e-01 3.384119272232055664e-02 9.409208723809570074e-05 5.026123471907339990e-05 9.897668496705591679e-05 1.116592757171019912e-04 9.370081534143537283e-05 9.402535215485841036e-05
2.170000000000000000e+02 1.274182930196011698e-01 3.363682329654693604e-02 9.214402234647423029e-05 4.999217708245851099e-05 9.728547593113034964e-05 1.094404724426567554e-04 9.186843089992180467e-05 9.214754390995949507e-05
2.180000000000000000e+02 1.262519989899840156e-01 3.343467041850090027e-02 9.030719957081601024e-05 4.970531517756171525e-05 9.568598761688917875e-05 1.072814193321391940e-04 9.009093628264963627e-05 9.032787056639790535e-05
2.190000000000000000e+02 1.251016450866328789e-01 3.323471173644065857e-02 8.856378553900867701e-05 4.940390863339416683e-05 9.416785178473219275e-05 1.051773942890577018e-04 8.836010238155722618e-05 8.857525972416624427e-05
2.200000000000000000e+02 1.239669421487603340e-01 3.303689509630203247e-02 8.692194387549534440e-05 4.908447590423747897e-05 9.272334864363074303e-05 1.031249630614183843e-04 8.669769158586859703e-05 8.690093818586319685e-05
2.210000000000000000e+02 1.228476075428431014e-01 3.284123539924621582e-02 8.538035763194784522e-05 4.873605575994588435e-05 9.135241270996630192e-05 1.011286731227301061e-04 8.507877646479755640e-05 8.529359911335632205e-05
2.220000000000000000e+02 1.217433649866082324e-01 3.264762461185455322e-02 8.393057942157611251e-05 4.837879896513186395e-05 9.004360617836937308e-05 9.916527778841555119e-05 8.351512951776385307e-05 8.372667070943862200e-05
2.230000000000000000e+02 1.206539443785316357e-01 3.245608881115913391e-02 8.257572335423901677e-05 4.798819281859323382e-05 8.877700020093470812e-05 9.726491407491266727e-05 8.196323324227705598e-05 8.220899326261132956e-05
2.240000000000000000e+02 1.195790816326530587e-01 3.226659819483757019e-02 8.131473441608250141e-05 4.759375588037073612e-05 8.755722956266254187e-05 9.538917947793379426e-05 8.044312562560662627e-05 8.072382479440420866e-05
2.250000000000000000e+02 1.185185185185185230e-01 3.207905963063240051e-02 8.012206671992316842e-05 4.718416312243789434e-05 8.635844278614968061e-05 9.356166265206411481e-05 7.894773443695157766e-05 7.925119280116632581e-05
2.260000000000000000e+02 1.174720025060693868e-01 3.189352154731750488e-02 7.899605407146736979e-05 4.675085801864042878e-05 8.518445974914357066e-05 9.176864841720089316e-05 7.748585630906745791e-05 7.779303996358066797e-05
2.270000000000000000e+02 1.164392866153040051e-01 3.170991688966751099e-02 7.795679266564548016e-05 4.631478077499195933e-05 8.402732782997190952e-05 9.002204024000093341e-05 7.604002894368022680e-05 7.634327630512416363e-05
2.280000000000000000e+02 1.154201292705447773e-01 3.152820840477943420e-02 7.698674016864970326e-05 4.584961061482317746e-05 8.289135439554229379e-05 8.830508159007877111e-05 7.462129724444821477e-05 7.490964344469830394e-05
2.290000000000000000e+02 1.144142941591502899e-01 3.134838864207267761e-02 7.608596206409856677e-05 4.538009306997992098e-05 8.175476250471547246e-05 8.662835898576304317e-05 7.321015436900779605e-05 7.347771315835416317e-05
2.300000000000000000e+02 1.134215500945179589e-01 3.117039240896701813e-02 7.524551620008423924e-05 4.488421473070047796e-05 8.061344124143943191e-05 8.498478564433753490e-05 7.180871762102469802e-05 7.207420276245102286e-05
2.310000000000000000e+02 1.124416708832293305e-01 3.099426254630088806e-02 7.445662777172401547e-05 4.438215910340659320e-05 7.945408287923783064e-05 8.338747284142300487e-05 7.044078665785491467e-05 7.068771810736507177e-05
2.320000000000000000e+02 1.114744351961950014e-01 3.081988543272018433e-02 7.371889660134911537e-05 4.385674401419237256e-05 7.828578236512839794e-05 8.183139289030805230e-05 6.908744398970156908e-05 6.930761446710675955e-05
2.330000000000000000e+02 1.105196264436626163e-01 3.064729645848274231e-02 7.304337486857548356e-05 4.331107629695907235e-05 7.711300713708624244e-05 8.029679156607016921e-05 6.775791553081944585e-05 6.796178058721125126e-05
2.340000000000000000e+02 1.095770326539557277e-01 3.047645837068557739e-02 7.241024286486208439e-05 4.275741230230778456e-05 7.593118789372965693e-05 7.880011253291741014e-05 6.644055247306823730e-05 6.663847307208925486e-05
2.350000000000000000e+02 1.086464463558171056e-01 3.030732832849025726e-02 7.181787805166095495e-05 4.219571201247163117e-05 7.474364974768832326e-05 7.733711390756070614e-05 6.513621337944641709e-05 6.533929990837350488e-05
2.360000000000000000e+02 1.077276644642344156e-01 3.013990446925163269e-02 7.127215940272435546e-05 4.160557364230044186e-05 7.354741683229804039e-05 7.591606117784976959e-05 6.387249595718458295e-05 6.406806642189621925e-05
2.370000000000000000e+02 1.068204881696309394e-01 2.997412905097007751e-02 7.074816676322370768e-05 4.100237129023298621e-05 7.235297380248084664e-05 7.450877455994486809e-05 6.263983232202008367e-05 6.283767288550734520e-05
2.380000000000000000e+02 1.059247228303085986e-01 2.981000021100044250e-02 7.027279207250103354e-05 4.038424958707764745e-05 7.116558117559179664e-05 7.313283276744186878e-05 6.141491030575707555e-05 6.163760554045438766e-05
2.390000000000000000e+02 1.050401778680345177e-01 2.964749187231063843e-02 6.981760816415771842e-05 3.975449362769722939e-05 6.998366734478622675e-05 7.178499799920246005e-05 6.024568210705183446e-05 6.048211071174591780e-05
2.400000000000000000e+02 1.041666666666666713e-01 2.948657795786857605e-02 6.939072773093357682e-05 3.910881059709936380e-05 6.880790169816464186e-05 7.045354868751019239e-05 5.907551530981436372e-05 5.936356319580227137e-05
2.410000000000000000e+02 1.033040064737177355e-01 2.932724170386791229e-02 6.897412822581827641e-05 3.844959428533911705e-05 6.766084698028862476e-05 6.911891978234052658e-05 5.797634730697609484e-05 5.829355723108164966e-05
2.420000000000000000e+02 1.024520183047605976e-01 2.916946820914745331e-02 6.859686254756525159e-05 3.777649544645100832e-05 6.653005402768030763e-05 6.782347918488085270e-05 5.688866804121062160e-05 5.724305447074584663e-05
2.430000000000000000e+02 1.016105268505817227e-01 2.901320345699787140e-02 6.821307761128991842e-05 3.709560769493691623e-05 6.540052709169685841e-05 6.653992750216275454e-05 5.583012898568995297e-05 5.625534686259925365e-05
2.440000000000000000e+02 1.007793603869927418e-01 2.885845489799976349e-02 6.784575089113786817e-05 3.639010174083523452e-05 6.429354834835976362e-05 6.527727236971259117e-05 5.482135384227149189e-05 5.527896792045794427e-05
2.450000000000000000e+02 9.995835068721366234e-02 2.870520018041133881e-02 6.748038140358403325e-05 3.569667387637309730e-05 6.322051922325044870e-05 6.402226426871493459e-05 5.381969822337850928e-05 5.436403080238960683e-05
2.460000000000000000e+02 9.914733293674400649e-02 2.855339273810386658e-02 6.711822061333805323e-05 3.498763544484972954e-05 6.215002213139086962e-05 6.279045919654890895e-05 5.285197039484046400e-05 5.346893158275634050e-05
2.470000000000000000e+02 9.834614565064170311e-02 2.840304002165794373e-02 6.676963676000013947e-05 3.428386480663903058e-05 6.111115362728014588e-05 6.158112955745309591e-05 5.191345189814455807e-05 5.261327532934956253e-05
2.480000000000000000e+02 9.755463059313215779e-02 2.825410850346088409e-02 6.640411447733640671e-05 3.357911191415041685e-05 6.010387733113020658e-05 6.041972665116190910e-05 5.100091220811009407e-05 5.177551429369486868e-05
2.490000000000000000e+02 9.677263269947258828e-02 2.810658514499664307e-02 6.604148074984550476e-05 3.287515573902055621e-05 5.910721665713936090e-05 5.927288293605670333e-05 5.010160384699702263e-05 5.095736196381039917e-05
2.500000000000000000e+02 9.600000000000000200e-02 2.796045131981372833e-02 6.566895899595692754e-05 3.216595723642967641e-05 5.812216477352194488e-05 5.815024633193388581e-05 4.923880624119192362e-05 5.016681461711414158e-05
2.510000000000000000e+02 9.523658354629291334e-02 2.781568467617034912e-02 6.527837831526994705e-05 3.147304596495814621e-05 5.714733197237364948e-05 5.705694638891145587e-05 4.838757740799337626e-05 4.938060010317713022e-05
2.520000000000000000e+02 9.448223733938020119e-02 2.767226472496986389e-02 6.487929204013198614e-05 3.078145164181478322e-05 5.618609793600626290e-05 5.599914948106743395e-05 4.755444024340249598e-05 4.859763430431485176e-05
2.530000000000000000e+02 9.373681825993220029e-02 2.753017470240592957e-02 6.446074257837608457e-05 3.009176725754514337e-05 5.522732317331247032e-05 5.498070458997972310e-05 4.674144292948767543e-05 4.783985059475526214e-05
2.540000000000000000e+02 9.300018600037200656e-02 2.738940156996250153e-02 6.403823499567806721e-05 2.941123238997533917e-05 5.427273208624683321e-05 5.400243389885872602e-05 4.595088103087618947e-05 4.706563049694523215e-05
2.550000000000000000e+02 9.227220299884660026e-02 2.724990434944629669e-02 6.357745587592944503e-05 2.875748759834095836e-05 5.333009539754129946e-05 5.305568993207998574e-05 4.517417619354091585e-05 4.631815318134613335e-05
2.560000000000000000e+02 9.155273437500000000e-02 2.711168862879276276e-02 6.310812750598415732e-05 2.809230863931588829e-05 5.238900484982877970e-05 5.214205884840339422e-05 4.442137287696823478e-05 4.558064392767846584e-05
2.570000000000000000e+02 9.084164786749231169e-02 2.697474695742130280e-02 6.260813097469508648e-05 2.745186066022142768e-05 5.145446630194783211e-05 5.124603558215312660e-05 4.367977089714258909e-05 4.484386590775102377e-05
2.580000000000000000e+02 9.013881377321074362e-02 2.683904953300952911e-02 6.209496496012434363e-05 2.683394632185809314e-05 5.052585765952244401e-05 5.041365147917531431e-05 4.295249891583807766e-05 4.411262852954678237e-05
2.590000000000000000e+02 8.944410488812033766e-02 2.670455165207386017e-02 6.155528535600751638e-05 2.621577914396766573e-05 4.959745274391025305e-05 4.956821794621646404e-05 4.224411168252117932e-05 4.340227678767405450e-05
2.600000000000000000e+02 8.875739644970413733e-02 2.657129429280757904e-02 6.098362064221873879e-05 2.561895962571725249e-05 4.868147516390308738e-05 4.874960723100230098e-05 4.156891736784018576e-05 4.273241574992425740e-05
2.610000000000000000e+02 8.807856608094420670e-02 2.643920108675956726e-02 6.041093729436397552e-05 2.503086034266743809e-05 4.777295907842926681e-05 4.793294647242873907e-05 4.090604124940000474e-05 4.205816730973310769e-05
2.620000000000000000e+02 8.740749373579628778e-02 2.630830928683280945e-02 5.980447167530655861e-05 2.447300721541978419e-05 4.686759348260238767e-05 4.715260001830756664e-05 4.025990347145125270e-05 4.140039163758046925e-05
2.630000000000000000e+02 8.674406164611314640e-02 2.617857977747917175e-02 5.917574162594974041e-05 2.392021815467160195e-05 4.597675797413103282e-05 4.637731763068586588e-05 3.963650306104682386e-05 4.076986806467175484e-05
2.640000000000000000e+02 8.608815426997244724e-02 2.604998275637626648e-02 5.853758557350374758e-05 2.338394006073940545e-05 4.511780207394622266e-05 4.561151581583544612e-05 3.903145625372417271e-05 4.015247395727783442e-05
2.650000000000000000e+02 8.543965824136703913e-02 2.592249587178230286e-02 5.786738620372489095e-05 2.286639210069552064e-05 4.425514634931460023e-05 4.484624150791205466e-05 3.844285311060957611e-05 3.955809370381757617e-05
2.660000000000000000e+02 8.479846232121657224e-02 2.579617127776145935e-02 5.717735621146857738e-05 2.236818181700073183e-05 4.341947351349517703e-05 4.410408655530773103e-05 3.786793240578845143e-05 3.898017894243821502e-05
2.670000000000000000e+02 8.416445734966124248e-02 2.567092329263687134e-02 5.647963189403526485e-05 2.187329664593562484e-05 4.259341949364170432e-05 4.335065386840142310e-05 3.731499236891977489e-05 3.842067962978035212e-05
2.680000000000000000e+02 8.353753619959901344e-02 2.554675750434398651e-02 5.576726834988221526e-05 2.140994911314919591e-05 4.179085954092442989e-05 4.262781294528394938e-05 3.677159838844090700e-05 3.787119567277841270e-05
2.690000000000000000e+02 8.291759373142991441e-02 2.542370557785034180e-02 5.503636930370703340e-05 2.095797026413492858e-05 4.100735168321989477e-05 4.190965410089120269e-05 3.624235614552162588e-05 3.733146149897947907e-05
2.700000000000000000e+02 8.230452674897119347e-02 2.530166879296302795e-02 5.429857628769241273e-05 2.050592047453392297e-05 4.024919326184317470e-05 4.121311940252780914e-05 3.573197318473830819e-05 3.682456008391454816e-05
2.710000000000000000e+02 8.169823395650931130e-02 2.518071047961711884e-02 5.354719542083330452e-05 2.009625313803553581e-05 3.951754843001253903e-05 4.052240183227695525e-05 3.522682163747958839e-05 3.631351137300953269e-05
2.720000000000000000e+02 8.109861591695501082e-02 2.506078407168388367e-02 5.278527169139124453e-05 1.967783282452728599e-05 3.881636439473368227e-05 3.985368675785139203e-05 3.473417018540203571e-05 3.582309727789834142e-05
2.730000000000000000e+02 8.050557501106951619e-02 2.494186349213123322e-02 5.201649037189781666e-05 1.928628807945642620e-05 3.813005241681821644e-05 3.920191738870926201e-05 3.425018439884297550e-05 3.535637006280012429e-05
2.740000000000000000e+02 7.991901539773030305e-02 2.482395991683006287e-02 5.123805749462917447e-05 1.889314262371044606e-05 3.746964648598805070e-05 3.856556213577277958e-05 3.378244582563638687e-05 3.488459333311766386e-05
2.750000000000000000e+02 7.933884297520661655e-02 2.470704540610313416e-02 5.045782745582982898e-05 1.853361209214199334e-05 3.682656097225844860e-05 3.795553129748441279e-05 3.331480911583639681e-05 3.442486195126548409e-05
2.760000000000000000e+02 7.876496534341524691e-02 2.459111250936985016e-02 4.968122811987996101e-05 1.818302553147077560e-05 3.620658389991149306e-05 3.736013240995816886e-05 3.287015351816080511e-05 3.399879642529413104e-05
2.770000000000000000e+02 7.819729176712846008e-02 2.447615750133991241e-02 4.889307456323876977e-05 1.784177766239736229e-05 3.558607932063750923e-05 3.678584835142828524e-05 3.244101390009745955e-05 3.354657383169978857e-05
2.780000000000000000e+02 7.763573314010661919e-02 2.436214871704578400e-02 4.811236794921569526e-05 1.750968112901318818e-05 3.499620652291923761e-05 3.623270094976760447e-05 3.201574509148485959e-05 3.311601903988048434e-05
2.790000000000000000e+02 7.708020195012911524e-02 2.424910105764865875e-02 4.733190871775150299e-05 1.720738509902730584e-05 3.440568980295211077e-05 3.570257831597700715e-05 3.160531559842638671e-05 3.269572698627598584e-05
2.800000000000000000e+02 7.653061224489796088e-02 2.413697913289070129e-02 4.654604344977997243e-05 1.690311910351738334e-05 3.383283547009341419e-05 3.518434459692798555e-05 3.121730333077721298e-05 3.228324931114912033e-05
2.810000000000000000e+02 7.598687959878927534e-02 2.402578853070735931e-02 4.577916843118146062e-05 1.662302565819118172e-05 3.328092134324833751e-05 3.468790237093344331e-05 3.082253169850446284e-05 3.186644244124181569e-05
2.820000000000000000e+02 7.544892108042855483e-02 2.391549944877624512e-02 4.500963041209615767e-05 1.636220258660614491e-05 3.273414040450006723e-05 3.421552173676900566e-05 3.044420554942917079e-05 3.145381560898385942e-05
2.830000000000000000e+02 7.491665522106656649e-02 2.380611188709735870e-02 4.424429062055423856e-05 1.611297011550050229e-05 3.219073187210597098e-05 3.375185406184755266e-05 3.008583735208958387e-05 3.104524148511700332e-05
2.840000000000000000e+02 7.439000198373338368e-02 2.369762957096099854e-02 4.350297240307554603e-05 1.588102168170735240e-05 3.166956594213843346e-05 3.330913023091852665e-05 2.971226240333635360e-05 3.065226701437495649e-05
2.850000000000000000e+02 7.386888273314866360e-02 2.359000593423843384e-02 4.274811726645566523e-05 1.564970443723723292e-05 3.113166167167946696e-05 3.286482751718722284e-05 2.936057535407599062e-05 3.024251782335340977e-05
2.860000000000000000e+02 7.335322020636705909e-02 2.348327636718750000e-02 4.203001662972383201e-05 1.544579390611033887e-05 3.063242183998227119e-05 3.242027378291822970e-05 2.899681749113369733e-05 2.984202001243829727e-05
2.870000000000000000e+02 7.284293848413844752e-02 2.337737940251827240e-02 4.131773675908334553e-05 1.525396874058060348e-05 3.013625246239826083e-05 3.196702891727909446e-05 2.864290399884339422e-05 2.944540028693154454e-05
2.880000000000000000e+02 7.233796296296296502e-02 2.327233552932739258e-02 4.059628554387018085e-05 1.505295676906825975e-05 2.965537896670866758e-05 3.151947021251544356e-05 2.828221840900368989e-05 2.904735629272181541e-05
2.890000000000000000e+02 7.183822032782175016e-02 2.316811867058277130e-02 3.990884215454570949e-05 1.488743146182969213e-05 2.919320832006633282e-05 3.108256350969895720e-05 2.794975262077059597e-05 2.865772876248229295e-05
2.900000000000000000e+02 7.134363852556480090e-02 2.306473813951015472e-02 3.923084659618325531e-05 1.472916937927948311e-05 2.874564779631327838e-05 3.062899122596718371e-05 2.758637310762424022e-05 2.825809679052326828e-05
2.910000000000000000e+02 7.085414673893788984e-02 2.296217903494834900e-02 3.856610055663622916e-05 1.457538928661961108e-05 2.831091842381283641e-05 3.019478026544675231e-05 2.724904516071546823e-05 2.786361255857627839e-05
2.920000000000000000e+02 7.036967536123099609e-02 2.286043576896190643e-02 3.792592178797349334e-05 1.443815199309028685e-05 2.788213714666198939e-05 2.975571078422944993e-05 2.690247129066847265e-05 2.747447069850750268e-05
2.930000000000000000e+02 6.989015597153140635e-02 2.275948598980903625e-02 3.728008596226572990e-05 1.430629345122724771e-05 2.748595761659089476e-05 2.930564733105711639e-05 2.656983815541025251e-05 2.709383079491090029e-05
2.940000000000000000e+02 6.941552131056503983e-02 2.265931665897369385e-02 3.667221972136758268e-05 1.418778811057563871e-05 2.708100328163709491e-05 2.885996582335792482e-05 2.623163709358777851e-05 2.669830428203567863e-05
2.950000000000000000e+02 6.894570525711002373e-02 2.255992963910102844e-02 3.607575490605086088e-05 1.407689433108316734e-05 2.670927278813906014e-05 2.842217145371250808e-05 2.588921779533848166e-05 2.631955430842936039e-05
2.960000000000000000e+02 6.848064280496712897e-02 2.246130816638469696e-02 3.549868051777593791e-05 1.396479729010025039e-05 2.634214251884259284e-05 2.799118010443635285e-05 2.556347681093029678e-05 2.593500357761513442e-05
2.970000000000000000e+02 6.802027004047206393e-02 2.236344479024410248e-02 3.494728662190027535e-05 1.387240718031534925e-05 2.597758430056273937e-05 2.755506102403160185e-05 2.523680996091570705e-05 2.554744605731684715e-05
2.980000000000000000e+02 6.756452412053511047e-02 2.226635999977588654e-02 3.439030842855572701e-05 1.378674551233416423e-05 2.564139867899939418e-05 2.712181048991624266e-05 2.489837061148136854e-05 2.517213761166203767e-05
2.990000000000000000e+02 6.711334325119405753e-02 2.216999232769012451e-02 3.387076867511495948e-05 1.370692825730657205e-05 2.530195888539310545e-05 2.670893445611000061e-05 2.457734080962836742e-05 2.480200055288150907e-05
3.000000000000000000e+02 6.666666666666666574e-02 2.207436598837375641e-02 3.335990913910791278e-05 1.362041075481101871e-05 2.497967943781986833e-05 2.629666960274334997e-05 2.424229387543164194e-05 2.444155506964307278e-05
3.010000000000000000e+02 6.622443460888952083e-02 2.197947539389133453e-02 3.286674109403975308e-05 1.355325912300031632e-05 2.465350735292304307e-05 2.590743133623618633e-05 2.391714588156901300e-05 2.407375905022490770e-05
3.020000000000000000e+02 6.578658830753036924e-02 2.188530378043651581e-02 3.238956924178637564e-05 1.349772264802595600e-05 2.435572241665795445e-05 2.551795296312775463e-05 2.358577876293566078e-05 2.372325616306625307e-05
3.030000000000000000e+02 6.535306996046139072e-02 2.179183065891265869e-02 3.194349847035482526e-05 1.343424719379981980e-05 2.404549013590440154e-05 2.514945481379982084e-05 2.327045876882039011e-05 2.336080433451570570e-05
3.040000000000000000e+02 6.492382271468144506e-02 2.169907279312610626e-02 3.150419797748327255e-05 1.336569584964308888e-05 2.373188726778607816e-05 2.476625559211242944e-05 2.295247395522892475e-05 2.302936991327442229e-05
3.050000000000000000e+02 6.449879064767535808e-02 2.160698175430297852e-02 3.108509190496988595e-05 1.331666408077580854e-05 2.341403887839987874e-05 2.441620381432585418e-05 2.264457543788012117e-05 2.268928255944047123e-05
3.060000000000000000e+02 6.407791874919901987e-02 2.151561528444290161e-02 3.067569559789262712e-05 1.325154153164476156e-05 2.312047945451922715e-05 2.407059946563094854e-05 2.231557482446078211e-05 2.236665932286996394e-05
3.070000000000000000e+02 6.366115290347908184e-02 2.142490446567535400e-02 3.028972969332244247e-05 1.319988041359465569e-05 2.281512388435658067e-05 2.371366099396254867e-05 2.200399649154860526e-05 2.203985604865010828e-05
3.080000000000000000e+02 6.324843987181649752e-02 2.133488468825817108e-02 2.991936889884527773e-05 1.314619839831721038e-05 2.252607919217552990e-05 2.338458398298826069e-05 2.169085382774937898e-05 2.173381471948232502e-05
3.090000000000000000e+02 6.283972727558362337e-02 2.124550379812717438e-02 2.955914169433526695e-05 1.309555409534368664e-05 2.222332659584935755e-05 2.305048656126018614e-05 2.138770832971204072e-05 2.140841752407141030e-05
3.100000000000000000e+02 6.243496357960457571e-02 2.115678973495960236e-02 2.921985469583887607e-05 1.305010846408549696e-05 2.193463296862319112e-05 2.271275661769323051e-05 2.109037268382962793e-05 2.110464993165805936e-05
3.110000000000000000e+02 6.203409807590905961e-02 2.106872946023941040e-02 2.889062125177588314e-05 1.298807273997226730e-05 2.165760997741017491e-05 2.240379035356454551e-05 2.078772740787826478e-05 2.079022851830814034e-05
3.120000000000000000e+02 6.163708086785010115e-02 2.098128944635391235e-02 2.858236621250398457e-05 1.293706827709684148e-05 2.137851515726651996e-05 2.207948273280635476e-05 2.048309397650882602e-05 2.048920214292593300e-05
3.130000000000000000e+02 6.124386285457644741e-02 2.089450135827064514e-02 2.826437230396550149e-05 1.288803741772426292e-05 2.111349749611690640e-05 2.176667840103618801e-05 2.020587453444022685e-05 2.019964449573308229e-05
3.140000000000000000e+02 6.085439571585054414e-02 2.080833725631237030e-02 2.797066008497495204e-05 1.284182690142188221e-05 2.084488187392707914e-05 2.146383849321864545e-05 1.993244222830981016e-05 1.989810334634967148e-05
3.150000000000000000e+02 6.046863189720332737e-02 2.072280645370483398e-02 2.769589082163292915e-05 1.279405569221125916e-05 2.060014594462700188e-05 2.114649396389722824e-05 1.965532646863721311e-05 1.961314592335838825e-05
3.160000000000000000e+02 6.008652459541739821e-02 2.063787169754505157e-02 2.742100332397967577e-05 1.273658290301682428e-05 2.035504076047800481e-05 2.084479820041451603e-05 1.936728949658572674e-05 1.932769919221755117e-05
3.170000000000000000e+02 5.970802774433022625e-02 2.055356465280056000e-02 2.715871232794597745e-05 1.269395124836592004e-05 2.011645483435131609e-05 2.053277603408787400e-05 1.910026730911340564e-05 1.905533645185641944e-05
3.180000000000000000e+02 5.933309600094933273e-02 2.046982385218143463e-02 2.690768451429903507e-05 1.261932629859074950e-05 1.989441807381808758e-05 2.021844920818693936e-05 1.882088508864399046e-05 1.878352122730575502e-05
3.190000000000000000e+02 5.896168473187173714e-02 2.038670331239700317e-02 2.665861757122911513e-05 1.256937594007467851e-05 1.966305171663407236e-05 1.991377757804002613e-05 1.855740447354037315e-05 1.850999251473695040e-05
3.200000000000000000e+02 5.859375000000000000e-02 2.030416391789913177e-02 2.642079743964131922e-05 1.250667355634504929e-05 1.945410258485935628e-05 1.961341149581130594e-05 1.829106804507318884e-05 1.825404615374282002e-05
3.210000000000000000e+02 5.822924855154744395e-02 2.022221125662326813e-02 2.618356302264146507e-05 1.244598934135865420e-05 1.925270771607756615e-05 1.930934558913577348e-05 1.803417217161040753e-05 1.800060272216796875e-05
3.220000000000000000e+02 5.786813780332548951e-02 2.014081552624702454e-02 2.595520345494151115e-05 1.239158245880389586e-05 1.904439523059409112e-05 1.900953975564334542e-05 1.777221223164815456e-05 1.774061638570856303e-05
3.230000000000000000e+02 5.751037583030604861e-02 2.006000094115734100e-02 2.574283098510932177e-05 1.232981594512239099e-05 1.884849189082160592e-05 1.871797576313838363e-05 1.751628406054805964e-05 1.749637340253684670e-05
3.240000000000000000e+02 5.715592135345221730e-02 1.997975260019302368e-02 2.553207195887807757e-05 1.226742006110725924e-05 1.864480691438075155e-05 1.843575228122062981e-05 1.725963556964416057e-05 1.723673267406411469e-05
3.250000000000000000e+02 5.680473372781064817e-02 1.990005187690258026e-02 2.532110920583363622e-05 1.219361547555308789e-05 1.845356564444955438e-05 1.815155519580002874e-05 1.700281063676811755e-05 1.698408050287980586e-05
3.260000000000000000e+02 5.645677293085927390e-02 1.982090994715690613e-02 2.511095590307377279e-05 1.213428367918822914e-05 1.825770414143335074e-05 1.788283407222479582e-05 1.673960832704324275e-05 1.674352279223967344e-05
3.270000000000000000e+02 5.611199955110400539e-02 1.974231190979480743e-02 2.491775376256555319e-05 1.205408625537529588e-05 1.806682666938286275e-05 1.762178180797491223e-05 1.649981095397379249e-05 1.650956619414500892e-05
3.280000000000000000e+02 5.577037477691849932e-02 1.966425590217113495e-02 2.471750667609740049e-05 1.198981954075861722e-05 1.786259599612094462e-05 1.736230478854849935e-05 1.624929973331745714e-05 1.627345045562833548e-05
3.290000000000000000e+02 5.543186038562097212e-02 1.958674192428588867e-02 2.452866647217888385e-05 1.191662067867582664e-05 1.768084075592923909e-05 1.711386175884399563e-05 1.601661824679467827e-05 1.603956661710981280e-05
3.300000000000000000e+02 5.509641873278237068e-02 1.950975134968757629e-02 2.434055750200059265e-05 1.184481243399204686e-05 1.748725844663567841e-05 1.688035081315319985e-05 1.576990689500235021e-05 1.580275420565158129e-05
3.310000000000000000e+02 5.476401274176029982e-02 1.943325437605381012e-02 2.416867027932312340e-05 1.176719160866923630e-05 1.729961331875529140e-05 1.663833609200082719e-05 1.552456342324148864e-05 1.558547955937683582e-05
3.320000000000000000e+02 5.443460589345332917e-02 1.935731060802936554e-02 2.399123331997543573e-05 1.168337985291145742e-05 1.710121796349994838e-05 1.641146991460118443e-05 1.529450491943862289e-05 1.535841147415339947e-05
3.330000000000000000e+02 5.410816221627032241e-02 1.928186789155006409e-02 2.380964542680885643e-05 1.159795647254213691e-05 1.691287070570979267e-05 1.619436807231977582e-05 1.507911838416475803e-05 1.515123130957363173e-05
3.340000000000000000e+02 5.378464627630965417e-02 1.920692808926105499e-02 2.363518615311477333e-05 1.150580555986380205e-05 1.671573772910051048e-05 1.597298432898242027e-05 1.484708263888023794e-05 1.493839499744353816e-05
3.350000000000000000e+02 5.346402316774337415e-02 1.913248747587203979e-02 2.347333065699785948e-05 1.143608096754178405e-05 1.651315869821701199e-05 1.575418536958750337e-05 1.462596446799580008e-05 1.473763768444769084e-05
3.360000000000000000e+02 5.314625850340135710e-02 1.905856095254421234e-02 2.330748247914016247e-05 1.132747274823486805e-05 1.631961822567973286e-05 1.554719165142159909e-05 1.441183212591568008e-05 1.454729044780833647e-05
3.370000000000000000e+02 5.283131840555081032e-02 1.898510381579399109e-02 2.314407174708321691e-05 1.124606023950036615e-05 1.614038956176955253e-05 1.534317743789870292e-05 1.420788248651660979e-05 1.435572812624741346e-05
3.380000000000000000e+02 5.251916949686635805e-02 1.891214959323406219e-02 2.297432365594431758e-05 1.115442319132853299e-05 1.593932029209099710e-05 1.514148152637062594e-05 1.400253131578210741e-05 1.418122610630234703e-05
3.390000000000000000e+02 5.220977889158639335e-02 1.883966103196144104e-02 2.283092362631577998e-05 1.105821957025909796e-05 1.575147325638681650e-05 1.494260686740744859e-05 1.381931269861524925e-05 1.400492146785836667e-05
3.400000000000000000e+02 5.190311418685120831e-02 1.876765489578247070e-02 2.267354102514218539e-05 1.096195046557113528e-05 1.558290568937081844e-05 1.474217970098834485e-05 1.361930117127485573e-05 1.382387927151285112e-05
3.410000000000000000e+02 5.159914345421866277e-02 1.869612559676170349e-02 2.251792284369003028e-05 1.085071926354430616e-05 1.540294033475220203e-05 1.454189441574271768e-05 1.343157146038720384e-05 1.367318509437609464e-05
3.420000000000000000e+02 5.129783523135323514e-02 1.862506940960884094e-02 2.236143700429238379e-05 1.074896135833114386e-05 1.523206628917250782e-05 1.435642298019956797e-05 1.325185803580097854e-05 1.351242008240660653e-05
3.430000000000000000e+02 5.099915851388452104e-02 1.855445839464664459e-02 2.221768954768776894e-05 1.064767911884700879e-05 1.506844546383945271e-05 1.417182738805422559e-05 1.307394541072426364e-05 1.336496370640816167e-05
3.440000000000000000e+02 5.070308274743104415e-02 1.848430559039115906e-02 2.207136458309832960e-05 1.053836331266211346e-05 1.491056536906398833e-05 1.398977292410563678e-05 1.289503325097030029e-05 1.321293166256509721e-05
3.450000000000000000e+02 5.040957781978575719e-02 1.841462589800357819e-02 2.192198371631093323e-05 1.042557778418995440e-05 1.475291810493217781e-05 1.380507910653250292e-05 1.273264570045284927e-05 1.307686034124344587e-05
3.460000000000000000e+02 5.011861405325938185e-02 1.834538020193576813e-02 2.177514579670969397e-05 1.031873944157268852e-05 1.459067243558820337e-05 1.363329556625103578e-05 1.257020085176918656e-05 1.293698278459487483e-05
3.470000000000000000e+02 4.983016219717795181e-02 1.827658526599407196e-02 2.163124190701637417e-05 1.020618310576537624e-05 1.443816199753200635e-05 1.346771841781446710e-05 1.240392157342284918e-05 1.280439573747571558e-05
3.480000000000000000e+02 4.954419342053111713e-02 1.820820942521095276e-02 2.148372732335701585e-05 1.009410061669768766e-05 1.428643554390873760e-05 1.328526195720769465e-05 1.225540745508624241e-05 1.267566221940796822e-05
3.490000000000000000e+02 4.926067930476761558e-02 1.814028993248939514e-02 2.134373607987072319e-05 9.981053153751417994e-06 1.413927748217247427e-05 1.311910182266728953e-05 1.209120364364935085e-05 1.253659593203337863e-05
3.500000000000000000e+02 4.897959183673469136e-02 1.807280071079730988e-02 2.120127828675322235e-05 9.869791028904728591e-06 1.399019220116315410e-05 1.295112724619684741e-05 1.193774733110330999e-05 1.241242443938972428e-05
3.510000000000000000e+02 4.870090340175810273e-02 1.800573058426380157e-02 2.104945087921805680e-05 9.756200597621500492e-06 1.384271126880776137e-05 1.279151001654099673e-05 1.178312504634959623e-05 1.228630208061076701e-05
3.520000000000000000e+02 4.842458677685950591e-02 1.793907582759857178e-02 2.090876660076901317e-05 9.643761586630716920e-06 1.369554229313507676e-05 1.261985471501247957e-05 1.164258628705283627e-05 1.215340944327181205e-05
3.530000000000000000e+02 4.815061512410821060e-02 1.787285879254341125e-02 2.074578151223249733e-05 9.522609616396948695e-06 1.355549829895608127e-05 1.247353065991774201e-05 1.149618128692964092e-05 1.203698047902435064e-05
3.540000000000000000e+02 4.787896198410418469e-02 1.780703850090503693e-02 2.060516635538078845e-05 9.416029570274986327e-06 1.340370818070368841e-05 1.231348142027854919e-05 1.136798891820944846e-05 1.190105558634968475e-05
3.550000000000000000e+02 4.760960126958936611e-02 1.774165034294128418e-02 2.044982466031797230e-05 9.296723874285817146e-06 1.325504035776248202e-05 1.217607859871350229e-05 1.122704634326510131e-05 1.178119600808713585e-05
3.560000000000000000e+02 4.734250725918444369e-02 1.767665706574916840e-02 2.029597089858725667e-05 9.184960617858450860e-06 1.310674724663840607e-05 1.203403735416941345e-05 1.108921060222201049e-05 1.164849709311965853e-05
3.570000000000000000e+02 4.707765459124826218e-02 1.761205494403839111e-02 2.013861558225471526e-05 9.077375580091029406e-06 1.296103619097266346e-05 1.190265084005659446e-05 1.096726555260829628e-05 1.153605990111827850e-05
3.580000000000000000e+02 4.681501825785711751e-02 1.754787564277648926e-02 1.998069819819647819e-05 8.956587407737970352e-06 1.280975084227975458e-05 1.177299509436124936e-05 1.083136703527998179e-05 1.141126267611980438e-05
3.590000000000000000e+02 4.655457359890131236e-02 1.748407073318958282e-02 1.981305649678688496e-05 8.845038792060222477e-06 1.265789160243002698e-05 1.164091008831746876e-05 1.071481165126897395e-05 1.130179043684620410e-05
3.600000000000000000e+02 4.629629629629629373e-02 1.742066629230976105e-02 1.963530121429357678e-05 8.737300049688201398e-06 1.251287721970584244e-05 1.151968899648636580e-05 1.058922862284816802e-05 1.119218268286203966e-05
3.610000000000000000e+02 4.604016236830595077e-02 1.735765114426612854e-02 1.946026532095856965e-05 8.623365829407703131e-06 1.236785738001344725e-05 1.139854794018901885e-05 1.047994192049372941e-05 1.107682146539445966e-05
3.620000000000000000e+02 4.578614816397545695e-02 1.729501597583293915e-02 1.928536585182882845e-05 8.525690645910799503e-06 1.221524235006654635e-05 1.126509050664026290e-05 1.036011508404044434e-05 1.097332187782740220e-05
3.630000000000000000e+02 4.553423035767138055e-02 1.723276823759078979e-02 1.911698745971079916e-05 8.407857421843800694e-06 1.206743036163970828e-05 1.115106715587899089e-05 1.025340679916553199e-05 1.087443615688243881e-05
3.640000000000000000e+02 4.528438594372660025e-02 1.717088185250759125e-02 1.892943146231118590e-05 8.300035005959216505e-06 1.193739990412723273e-05 1.102176520362263545e-05 1.015460657072253525e-05 1.077153319783974439e-05
3.650000000000000000e+02 4.503659223118784000e-02 1.710938662290573120e-02 1.873933069873601198e-05 8.198219802579842508e-06 1.180068011308321729e-05 1.090374280465766788e-05 1.004627483780495822e-05 1.067643188434885815e-05
3.660000000000000000e+02 4.479082683866344311e-02 1.704823225736618042e-02 1.855230766523163766e-05 8.093335964076686651e-06 1.165771482192212716e-05 1.079112189472652972e-05 9.944878001988399774e-06 1.058648558682762086e-05
3.670000000000000000e+02 4.454706768926935262e-02 1.698747277259826660e-02 1.836060982896015048e-05 7.986720447661355138e-06 1.152989352704025805e-05 1.067648554453626275e-05 9.840863640420138836e-06 1.048990088747814298e-05
3.680000000000000000e+02 4.430529300567107726e-02 1.692706719040870667e-02 1.816318945202510804e-05 7.877976713643874973e-06 1.139081086876103655e-05 1.056955079548060894e-05 9.750339813763275743e-06 1.040212464431533590e-05
3.690000000000000000e+02 4.406548130521955459e-02 1.686703227460384369e-02 1.797406912373844534e-05 7.786167770973406732e-06 1.127826726587954909e-05 1.045343378791585565e-05 9.666091500548645854e-06 1.031183364830212668e-05
3.700000000000000000e+02 4.382761139517896143e-02 1.680734194815158844e-02 1.776666795194614679e-05 7.680861017433926463e-06 1.114776023314334452e-05 1.034927754517411813e-05 9.576868251315318048e-06 1.022539254336152226e-05
3.710000000000000000e+02 4.359166236804440375e-02 1.674800179898738861e-02 1.756286474119406193e-05 7.592606380057986826e-06 1.103257727663731202e-05 1.023416098178131506e-05 9.490502634434960783e-06 1.014102144836215302e-05
3.720000000000000000e+02 4.335761359694762646e-02 1.668901927769184113e-02 1.737030834192410111e-05 7.493003522540675476e-06 1.091182366508292034e-05 1.013771452562650666e-05 9.409932317794300616e-06 1.005356443783966824e-05
3.730000000000000000e+02 4.312544473114879318e-02 1.663037389516830444e-02 1.715506004984490573e-05 7.391994131467072293e-06 1.080318543245084584e-05 1.003013949230080470e-05 9.327609404863324016e-06 9.966661309590563178e-06
3.740000000000000000e+02 4.289513569161257367e-02 1.657207496464252472e-02 1.695419268799014390e-05 7.295338491530856118e-06 1.067931680154288188e-05 9.934707122738473117e-06 9.241641237167641521e-06 9.891988156596198678e-06
3.750000000000000000e+02 4.266666666666666524e-02 1.651411876082420349e-02 1.675423482083715498e-05 7.204119810921838507e-06 1.056930250342702493e-05 9.828168913372792304e-06 9.180156666843686253e-06 9.804413821257185191e-06
3.760000000000000000e+02 4.244001810774106209e-02 1.645650342106819153e-02 1.654008519835770130e-05 7.115994776540901512e-06 1.044527652993565425e-05 9.735847015690524131e-06 9.101289833779446781e-06 9.723763469082769006e-06
3.770000000000000000e+02 4.221517072518627539e-02 1.639922522008419037e-02 1.634226646274328232e-05 7.027107130852527916e-06 1.034444903780240566e-05 9.640564712753985077e-06 9.018440323416143656e-06 9.647019396652467549e-06
3.780000000000000000e+02 4.199210548416897754e-02 1.634227298200130463e-02 1.613637323316652328e-05 6.936581939953612164e-06 1.023185177473351359e-05 9.540519386064261198e-06 8.952100870374124497e-06 9.563355888531077653e-06
3.790000000000000000e+02 4.177080360064327341e-02 1.628563553094863892e-02 1.593018896528519690e-05 6.849828423582948744e-06 1.012805205391487107e-05 9.460715773457195610e-06 8.891202014638110995e-06 9.485222108196467161e-06
3.800000000000000000e+02 4.155124653739612067e-02 1.622933894395828247e-02 1.572738074173685163e-05 6.772604592697462067e-06 1.001804412226192653e-05 9.371862688567489386e-06 8.813655767880845815e-06 9.403940566699020565e-06
3.810000000000000000e+02 4.133341600016533085e-02 1.617335341870784760e-02 1.552925095893442631e-05 6.688393114018253982e-06 9.911837878462392837e-06 9.267520908906590194e-06 8.748633263166993856e-06 9.320037861471064389e-06
3.820000000000000000e+02 4.111729393382856923e-02 1.611769385635852814e-02 1.533554132038261741e-05 6.601770564884645864e-06 9.813011274673044682e-06 9.185764611174818128e-06 8.680033715791068971e-06 9.232099728251341730e-06
3.830000000000000000e+02 4.090286251866193101e-02 1.606234908103942871e-02 1.514816267444984987e-05 6.531431154144229367e-06 9.706950550025794655e-06 9.084253179025836289e-06 8.605296898167580366e-06 9.150378900812938809e-06
3.840000000000000000e+02 4.069010416666666435e-02 1.600732281804084778e-02 1.495541255280841142e-05 6.449409738706890494e-06 9.613336260372307152e-06 9.002638762467540801e-06 8.545236596546601504e-06 9.064043297257740051e-06
3.850000000000000000e+02 4.047900151796255536e-02 1.595260575413703918e-02 1.475944100093329325e-05 6.375200428010430187e-06 9.502197826805058867e-06 8.911579243431333452e-06 8.463091944577172399e-06 8.973531294032000005e-06
3.860000000000000000e+02 4.026953743724663581e-02 1.589819602668285370e-02 1.457926737202797085e-05 6.312856385193299502e-06 9.403303010913077742e-06 8.822626114124432206e-06 8.402310413657687604e-06 8.893208359950222075e-06
3.870000000000000000e+02 4.006169501031588837e-02 1.584409363567829132e-02 1.439587686036247760e-05 6.237718025658978149e-06 9.304206287197303027e-06 8.742174941289704293e-06 8.328688636538572609e-06 8.812829037196934223e-06
3.880000000000000000e+02 3.985545754065256824e-02 1.579029299318790436e-02 1.421905562892789021e-05 6.167972969706170261e-06 9.214528290613088757e-06 8.645299203635659069e-06 8.245100616477429867e-06 8.730000445211771876e-06
3.890000000000000000e+02 3.965080854607093419e-02 1.573679596185684204e-02 1.404261729476274922e-05 6.098889571148902178e-06 9.109360689762979746e-06 8.557905857742298394e-06 8.190991138690151274e-06 8.647642061987426132e-06
3.900000000000000000e+02 3.944773175542406335e-02 1.568357832729816437e-02 1.386822623317129910e-05 6.029972610122058541e-06 9.016298463393468410e-06 8.462504410999827087e-06 8.118860023387242109e-06 8.569676538172643632e-06
3.910000000000000000e+02 3.924621110536953561e-02 1.563067734241485596e-02 1.370153222524095327e-05 5.973714905849192291e-06 8.916693332139402628e-06 8.376966434298083186e-06 8.049325515457894653e-06 8.486092156090307981e-06
3.920000000000000000e+02 3.904623073719283577e-02 1.557805761694908142e-02 1.354049982182914391e-05 5.903443707211408764e-06 8.819753929856233299e-06 8.289410288853105158e-06 7.990081940079107881e-06 8.408838766627013683e-06
3.930000000000000000e+02 3.884777499368723824e-02 1.552572939544916153e-02 1.337896355835255235e-05 5.844044608238618821e-06 8.737198186281602830e-06 8.192745553969871253e-06 7.923047633084934205e-06 8.333583537023514509e-06
3.940000000000000000e+02 3.865082841608905029e-02 1.547370105981826782e-02 1.322927073488244787e-05 5.791595867776777595e-06 8.639694897283334285e-06 8.100414561340585351e-06 7.853735951357521117e-06 8.249920938396826386e-06
3.950000000000000000e+02 3.845537574106713818e-02 1.542194373905658722e-02 1.307006732531590387e-05 5.733406851504696533e-06 8.544894626538734883e-06 8.012313628569245338e-06 7.783896762703079730e-06 8.167407941073179245e-06
3.960000000000000000e+02 3.826140189776553596e-02 1.537047885358333588e-02 1.293109926336910576e-05 5.673343366652261466e-06 8.459597665932960808e-06 7.933675988169852644e-06 7.716344043728895485e-06 8.099943443085066974e-06
3.970000000000000000e+02 3.806889200489819991e-02 1.531927660107612610e-02 1.279360731132328510e-05 5.619808689516503364e-06 8.360504580195993185e-06 7.839531463105231524e-06 7.653992724954150617e-06 8.023550435609649867e-06
3.980000000000000000e+02 3.787783136789475008e-02 1.526837795972824097e-02 1.264647380594396964e-05 5.568318101722979918e-06 8.292627171613276005e-06 7.760017069813329726e-06 7.577793439850211143e-06 7.955388355185277760e-06
3.990000000000000000e+02 3.768820547609625510e-02 1.521773263812065125e-02 1.250914920092327520e-05 5.523060735868057236e-06 8.198783689294941723e-06 7.669879778404720128e-06 7.517322956118732691e-06 7.882402314862702042e-06
4.000000000000000000e+02 3.749999999999999861e-02 1.516737230122089386e-02 1.237926971953129396e-05 5.471120857691857964e-06 8.121229257085360587e-06 7.589935194118879735e-06 7.455627837771316990e-06 7.799765626259613782e-06
4.010000000000000000e+02 3.731320078855231148e-02 1.511728297919034958e-02 1.224473271577153355e-05 5.419008175522321835e-06 8.026881005207542330e-06 7.503142569476040080e-06 7.399085916404146701e-06 7.733293386991135776e-06
4.020000000000000000e+02 3.712779386648845659e-02 1.506744790822267532e-02 1.212476308865007013e-05 5.368402526073623449e-06 7.956007721077185124e-06 7.436906344082672149e-06 7.326867034862516448e-06 7.660431947442702949e-06
4.030000000000000000e+02 3.694376543171868504e-02 1.501788944005966187e-02 1.199896814796375111e-05 5.324915946403052658e-06 7.873973117966670543e-06 7.347731752815889195e-06 7.268271474458742887e-06 7.583481874462449923e-06
4.040000000000000000e+02 3.676110185275953401e-02 1.496859826147556305e-02 1.187577436212450266e-05 5.284712187858531252e-06 7.790647032379638404e-06 7.273958090081578121e-06 7.198616458481410518e-06 7.518097845604643226e-06
4.050000000000000000e+02 3.657978966620942241e-02 1.491956226527690887e-02 1.176007663161726668e-05 5.239361144049325958e-06 7.709973033342976123e-06 7.187976279965369031e-06 7.144356459320988506e-06 7.444091806974029168e-06
4.060000000000000000e+02 3.639981557426776038e-02 1.487079076468944550e-02 1.165004141512326896e-05 5.197598966333316639e-06 7.638882379978895187e-06 7.110402748367050663e-06 7.070135779940756038e-06 7.361065399891231209e-06
4.070000000000000000e+02 3.622116644229666366e-02 1.482227258384227753e-02 1.153220728156156838e-05 5.149257958692032844e-06 7.552546321676345542e-06 7.041787284833844751e-06 7.008290140220196918e-06 7.300996912817936391e-06
4.080000000000000000e+02 3.604382929642445388e-02 1.477401331067085266e-02 1.143319332186365500e-05 5.106801836518570781e-06 7.483408808184321970e-06 6.962051884329412133e-06 6.956831839488586411e-06 7.221991381811676547e-06
4.090000000000000000e+02 3.586779132119009145e-02 1.472601201385259628e-02 1.133630394178908318e-05 5.069223334430716932e-06 7.401579296129057184e-06 6.889870292070554569e-06 6.890142685733735561e-06 7.155908406275557354e-06
4.100000000000000000e+02 3.569303985722784012e-02 1.467825286090373993e-02 1.121678633353440091e-05 5.027392035117372870e-06 7.333842859225114807e-06 6.819241207267623395e-06 6.832472081441665068e-06 7.077170721458969638e-06
4.110000000000000000e+02 3.551956239899124734e-02 1.463074889034032822e-02 1.112518020818242803e-05 4.990851721231592819e-06 7.259545782289933413e-06 6.739301170455291867e-06 6.763115379726514220e-06 7.005166025919606909e-06
4.120000000000000000e+02 3.534734659251578814e-02 1.458348706364631653e-02 1.102343867387389764e-05 4.956139036949025467e-06 7.187753908510785550e-06 6.679308626189595088e-06 6.700436188111780211e-06 6.929484698048327118e-06
4.130000000000000000e+02 3.517638023321940227e-02 1.453647203743457794e-02 1.092666298063704744e-05 4.910356437903828919e-06 7.122282568161608651e-06 6.609835963899968192e-06 6.639014372922247276e-06 6.859613677079323679e-06
4.140000000000000000e+02 3.500665126374011282e-02 1.448971591889858246e-02 1.083180541172623634e-05 4.874120804743142799e-06 7.054694833641406149e-06 6.536502496601315215e-06 6.573347491212189198e-06 6.789502549509052187e-06
4.150000000000000000e+02 3.483814777181012956e-02 1.444316748529672623e-02 1.073224575520725921e-05 4.829669705941341817e-06 6.990143901930423453e-06 6.461888006015215069e-06 6.509658305731136352e-06 6.730955192324472591e-06
4.160000000000000000e+02 3.467085798816568060e-02 1.439687330275774002e-02 1.064322987076593563e-05 4.798147074325243011e-06 6.908249361003981903e-06 6.391421266016550362e-06 6.463623321906197816e-06 6.654168373643187806e-06
4.170000000000000000e+02 3.450477028449182998e-02 1.435083337128162384e-02 1.055668599292403087e-05 4.755523150379303843e-06 6.850090812804410234e-06 6.322831268334994093e-06 6.395467607944738120e-06 6.580160970770521089e-06
4.180000000000000000e+02 3.433987317140175383e-02 1.430501602590084076e-02 1.046657962433528155e-05 4.716769581136759371e-06 6.783182016079081222e-06 6.258035682549234480e-06 6.329940333671402186e-06 6.513530934171285480e-06
4.190000000000000000e+02 3.417615529644967010e-02 1.425943989306688309e-02 1.038441951095592231e-05 4.691959020419744775e-06 6.716332791256718338e-06 6.177102477522566915e-06 6.279704393818974495e-06 6.442945959861390293e-06
4.200000000000000000e+02 3.401360544217687382e-02 1.421408448368310928e-02 1.029989289236254990e-05 4.644194177672034130e-06 6.655972356384154409e-06 6.124266747065121308e-06 6.211855634319363162e-06 6.370307346514891833e-06
4.210000000000000000e+02 3.385221252419022553e-02 1.416896563023328781e-02 1.021337629936169833e-05 4.618121238308958709e-06 6.585779829038074240e-06 6.060558916942682117e-06 6.157553343655308709e-06 6.316290637187194079e-06
4.220000000000000000e+02 3.369196558927247537e-02 1.412407029420137405e-02 1.012695156532572582e-05 4.589594482240499929e-06 6.532206498377490789e-06 5.984802555758506060e-06 6.097890945966355503e-06 6.243097686819965020e-06
4.230000000000000000e+02 3.353285381352379829e-02 1.407940499484539032e-02 1.005021204036893323e-05 4.541602720564696938e-06 6.471166670962702483e-06 5.927755410084500909e-06 6.031246812199242413e-06 6.172757366584846750e-06
4.240000000000000000e+02 3.337486650053399923e-02 1.403495576232671738e-02 9.975316970667336136e-06 4.516089120443211868e-06 6.401784958143252879e-06 5.846859039593255147e-06 5.991528269078116864e-06 6.117083557910518721e-06
4.250000000000000000e+02 3.321799307958477748e-02 1.399075053632259369e-02 9.892462912830524147e-06 4.473958597372984514e-06 6.342849246721016243e-06 5.788142971141496673e-06 5.922091531829209998e-06 6.053482138668186963e-06
4.260000000000000000e+02 3.306222310388150232e-02 1.394674554467201233e-02 9.811422387429047376e-06 4.445723334356443956e-06 6.282074991759145632e-06 5.729818440158851445e-06 5.864058039151132107e-06 5.983612027193885297e-06
4.270000000000000000e+02 3.290754624881395835e-02 1.390296686440706253e-02 9.741348549141548574e-06 4.408140284795081243e-06 6.224842309165978804e-06 5.667614004778442904e-06 5.802654413855634630e-06 5.934715773037169129e-06
4.280000000000000000e+02 3.275395231024543635e-02 1.385940145701169968e-02 9.665704055805690587e-06 4.374964646558510140e-06 6.162746103655081242e-06 5.601125849352683872e-06 5.756882273999508470e-06 5.870757377124391496e-06
4.290000000000000000e+02 3.260143120282980173e-02 1.381605863571166992e-02 9.590072295395657420e-06 4.345379238657187670e-06 6.103563009673962370e-06 5.546798547584330663e-06 5.700685051124310121e-06 5.808039986732183024e-06
4.300000000000000000e+02 3.244997295835586743e-02 1.377292443066835403e-02 9.515140845905989408e-06 4.311712473281659186e-06 6.051427590136881918e-06 5.485862402565544471e-06 5.642699306918075308e-06 5.756638074672082439e-06
4.310000000000000000e+02 3.229956772411862742e-02 1.373000629246234894e-02 9.451940968574490398e-06 4.280341727280756459e-06 5.985129519103793427e-06 5.424280971055850387e-06 5.588767180597642437e-06 5.693660568795166910e-06
4.320000000000000000e+02 3.215020576131687180e-02 1.368729583919048309e-02 9.379861694469582289e-06 4.248421646479982883e-06 5.932903150096535683e-06 5.375031832954846323e-06 5.528368546947604045e-06 5.637406502501107752e-06
4.330000000000000000e+02 3.200187744347668395e-02 1.364479959011077881e-02 9.314141607319470495e-06 4.225197699270211160e-06 5.892687568120891228e-06 5.312729626893997192e-06 5.479137598740635440e-06 5.589422016782918945e-06
4.340000000000000000e+02 3.185457325490029246e-02 1.360251102596521378e-02 9.250752555090002716e-06 4.190946583548793569e-06 5.826672349940054119e-06 5.262532795313745737e-06 5.419451554189436138e-06 5.524364496523048729e-06
4.350000000000000000e+02 3.170828378913990997e-02 1.356041803956031799e-02 9.185626367980148643e-06 4.156732757110148668e-06 5.766245521954260767e-06 5.202428837947081774e-06 5.361648163670906797e-06 5.482667347678216174e-06
4.360000000000000000e+02 3.156299974749600390e-02 1.351854298263788223e-02 9.112121006182860583e-06 4.127951797272544354e-06 5.723810772906290367e-06 5.153734491614159197e-06 5.314075224305270240e-06 5.427391897683264688e-06
4.370000000000000000e+02 3.141871193753960345e-02 1.347686350345611572e-02 9.045241313287988305e-06 4.079612153873313218e-06 5.673317900800611824e-06 5.101108399685472250e-06 5.256403255771147087e-06 5.378971764002926648e-06
4.380000000000000000e+02 3.127541127165821971e-02 1.343538984656333923e-02 8.986917237052693963e-06 4.055461431562434882e-06 5.617439910565735772e-06 5.053521363151958212e-06 5.205647084949305281e-06 5.322203378455014899e-06
4.390000000000000000e+02 3.113308876562491737e-02 1.339411735534667969e-02 8.932317541621159762e-06 4.021233053208561614e-06 5.575733666773885489e-06 5.001660611014813185e-06 5.159142801858251914e-06 5.275918283587088808e-06
4.400000000000000000e+02 3.099173553719008350e-02 1.335304882377386093e-02 8.872922080627176911e-06 3.996275154349859804e-06 5.523231266124639660e-06 4.948548394168028608e-06 5.102037448523333296e-06 5.224093001743312925e-06
4.410000000000000000e+02 3.085134280469557441e-02 1.331215910613536835e-02 8.811991392576601356e-06 3.967968041251879185e-06 5.465718913910677657e-06 4.903969966107979417e-06 5.056854206486605108e-06 5.169630640011746436e-06
4.420000000000000000e+02 3.071190188571077534e-02 1.327147707343101501e-02 8.752756002650130540e-06 3.937424025934888050e-06 5.426806637842673808e-06 4.848201115237316117e-06 5.001730642106849700e-06 5.127810254634823650e-06
4.430000000000000000e+02 3.057340419569016740e-02 1.323099341243505478e-02 8.698002602613996714e-06 3.900733190675964579e-06 5.381764822232071310e-06 4.808162429981166497e-06 4.953020834363996983e-06 5.079143193142954260e-06
4.440000000000000000e+02 3.043584124665205809e-02 1.319069135934114456e-02 8.638757208245806396e-06 3.876520622725365683e-06 5.328979113983223215e-06 4.746236754726851359e-06 4.904295110463863239e-06 5.034532478020992130e-06
4.450000000000000000e+02 3.029920464587804521e-02 1.315059047192335129e-02 8.577346306992694736e-06 3.840245426545152441e-06 5.276651791064068675e-06 4.703522336058085784e-06 4.858312877331627533e-06 4.989768513041781262e-06
4.460000000000000000e+02 3.016348609463290892e-02 1.311066653579473495e-02 8.528370926796924323e-06 3.807481562034809031e-06 5.232143394096055999e-06 4.653622909245314077e-06 4.811422968487022445e-06 4.938450274494243786e-06
4.470000000000000000e+02 3.002867738690449470e-02 1.307093817740678787e-02 8.483350939059164375e-06 3.780303131861728616e-06 5.177427738090045750e-06 4.621976586349774152e-06 4.762901426147436723e-06 4.899869509245036170e-06
4.480000000000000000e+02 2.989477040816326467e-02 1.303139701485633850e-02 8.426528438576497138e-06 3.756774276553187519e-06 5.136070285516325384e-06 4.576703759084921330e-06 4.718703621620079502e-06 4.859538876189617440e-06
4.490000000000000000e+02 2.976175713414120141e-02 1.299203466624021530e-02 8.375362995138857514e-06 3.724965608853381127e-06 5.091376351629151031e-06 4.526168140728259459e-06 4.669218924391316250e-06 4.811559847439639270e-06
4.500000000000000000e+02 2.962962962962963076e-02 1.295286044478416443e-02 8.326171155204065144e-06 3.695476380016771145e-06 5.051053449278697371e-06 4.484724286157870665e-06 4.617795184458373114e-06 4.770357463712571189e-06
4.510000000000000000e+02 2.949838004729573443e-02 1.291387714445590973e-02 8.274249012174550444e-06 3.662280732896761037e-06 5.009403139411006123e-06 4.440216343937208876e-06 4.579734195431228727e-06 4.728829480882268399e-06
4.520000000000000000e+02 2.936800062651734669e-02 1.287507172673940659e-02 8.225638339354190975e-06 3.639954002210288309e-06 4.958182216796558350e-06 4.396576514409389347e-06 4.529072612058371305e-06 4.681452537624863908e-06
4.530000000000000000e+02 2.923848369223571927e-02 1.283644698560237885e-02 8.182773854059632868e-06 3.612633008742704988e-06 4.912926215183688328e-06 4.362885192676912993e-06 4.494306267588399351e-06 4.646544766728766263e-06
4.540000000000000000e+02 2.910982165382600129e-02 1.279799267649650574e-02 8.135028110700659454e-06 3.579303665901534259e-06 4.877791070612147450e-06 4.327079750510165468e-06 4.451415406947489828e-06 4.606457423506071791e-06
4.550000000000000000e+02 2.898200700398502472e-02 1.275971997529268265e-02 8.085340596153400838e-06 3.550287601683521643e-06 4.831555997952818871e-06 4.287341198505600914e-06 4.409420853335177526e-06 4.564516984828514978e-06
4.560000000000000000e+02 2.885503231763619433e-02 1.272162981331348419e-02 8.037133738980628550e-06 3.522931592669920065e-06 4.796079338120762259e-06 4.237476787238847464e-06 4.365525455796159804e-06 4.533882020041346550e-06
4.570000000000000000e+02 2.872889025085109335e-02 1.268372125923633575e-02 7.995367013791110367e-06 3.497404350127908401e-06 4.745690148411085829e-06 4.207643996778642759e-06 4.327265287429327145e-06 4.490902483667014167e-06
4.580000000000000000e+02 2.860357353978757247e-02 1.264597196131944656e-02 7.938999260659329593e-06 3.466970838417182676e-06 4.711122528533451259e-06 4.168495252088177949e-06 4.294664904591627419e-06 4.451111180969746783e-06
4.590000000000000000e+02 2.847907499964400999e-02 1.260839309543371201e-02 7.894174814282450825e-06 3.443353762122569606e-06 4.664667358156293631e-06 4.132841240789275616e-06 4.255617113813059404e-06 4.417916443344438449e-06
4.600000000000000000e+02 2.835538752362948972e-02 1.257099118083715439e-02 7.855089279473759234e-06 3.405653387744678184e-06 4.633086064131930470e-06 4.098275894648395479e-06 4.205254299449734390e-06 4.390706180856795982e-06
4.610000000000000000e+02 2.823250408194954986e-02 1.253375317901372910e-02 7.808956979715730995e-06 3.383205012141843326e-06 4.595433892973233014e-06 4.057924797962186858e-06 4.178166363999480382e-06 4.357370471552712843e-06
4.620000000000000000e+02 2.811041772080733261e-02 1.249669678509235382e-02 7.756424565741326660e-06 3.354359478180413134e-06 4.558244199870387092e-06 4.026596798212267458e-06 4.134353275730973110e-06 4.308439201849978417e-06
4.630000000000000000e+02 2.798912156141979482e-02 1.245979685336351395e-02 7.714029379712883383e-06 3.329114861116977409e-06 4.518896275840234011e-06 3.992856818513246253e-06 4.101092144992435351e-06 4.279282165953190997e-06
4.640000000000000000e+02 2.786860879904875035e-02 1.242308132350444794e-02 7.667094905627891421e-06 3.299718628113623708e-06 4.476349204196594656e-06 3.959557488997234032e-06 4.067481313541065902e-06 4.239872396283317357e-06
4.650000000000000000e+02 2.774887270204648079e-02 1.238651387393474579e-02 7.605924110976047814e-06 3.277988525951514021e-06 4.441069449967471883e-06 3.933752395823830739e-06 4.035062374896369874e-06 4.202592208457645029e-06
4.660000000000000000e+02 2.762990661091565409e-02 1.235011778771877289e-02 7.577816631965106353e-06 3.251176394769572653e-06 4.409139819472329691e-06 3.900871888617984951e-06 3.998663942184066400e-06 4.180067207926185802e-06
4.670000000000000000e+02 2.751170393738336037e-02 1.231387630105018616e-02 7.517194262618431821e-06 3.220095550204860047e-06 4.369268026493955404e-06 3.855958766507683322e-06 3.966056738136103377e-06 4.139941665926016867e-06
4.680000000000000000e+02 2.739425816348893192e-02 1.227780431509017944e-02 7.474964149878360331e-06 3.197173555236076936e-06 4.329342573328176513e-06 3.828582975984318182e-06 3.920637482224265113e-06 4.108101165911648422e-06
4.690000000000000000e+02 2.727756284068539455e-02 1.224189531058073044e-02 7.418884251819690689e-06 3.166941269228118472e-06 4.306245955376653001e-06 3.804564812526223250e-06 3.889875642926199362e-06 4.073920081282267347e-06
4.700000000000000000e+02 2.716161158895427641e-02 1.220614183694124222e-02 7.368980277533410117e-06 3.145781874991371296e-06 4.260063633410027251e-06 3.759745823117555119e-06 3.858971012959955260e-06 4.046585218020481989e-06
4.710000000000000000e+02 2.704639809593357286e-02 1.217055227607488632e-02 7.309419288503704593e-06 3.120752580798580311e-06 4.236916538502555341e-06 3.724261887327884324e-06 3.829098659480223432e-06 4.014635578641900793e-06
4.720000000000000000e+02 2.693191611605860389e-02 1.213510986417531967e-02 7.270056812558323145e-06 3.095513193329679780e-06 4.202447144052712247e-06 3.702640924529987387e-06 3.794657459366135299e-06 3.973321781813865528e-06
4.730000000000000000e+02 2.681815946971559395e-02 1.209984440356492996e-02 7.209429895738139749e-06 3.063268195546697825e-06 4.163806806900538504e-06 3.672971160995075479e-06 3.759511173484497704e-06 3.951548478653421625e-06
4.740000000000000000e+02 2.670512204240773485e-02 1.206470746546983719e-02 7.159093456721166149e-06 3.047490281460341066e-06 4.127552983845816925e-06 3.639733449745108373e-06 3.736567123269196600e-06 3.919630216842051595e-06
4.750000000000000000e+02 2.659279778393351668e-02 1.202973816543817520e-02 7.102045856299810112e-06 3.030369953194167465e-06 4.101495960640022531e-06 3.606193331506801769e-06 3.705376457219244912e-06 3.880771600961452350e-06
4.760000000000000000e+02 2.648118070757714965e-02 1.199491787701845169e-02 7.050932254060171545e-06 3.003047368110856041e-06 4.053713837492978200e-06 3.584299065551022068e-06 3.677536597024300136e-06 3.859859134536236525e-06
4.770000000000000000e+02 2.637026488931081339e-02 1.196026802062988281e-02 7.002152869972633198e-06 2.982514615723630413e-06 4.037500730191823095e-06 3.552932184902601875e-06 3.654457032098434865e-06 3.830913101410260424e-06
4.780000000000000000e+02 2.626004446700862943e-02 1.192574948072433472e-02 6.947514066268922761e-06 2.949535428342642263e-06 4.000371518486645073e-06 3.515134721965296194e-06 3.613988610595697537e-06 3.801141247095074505e-06
4.790000000000000000e+02 2.615051363967207249e-02 1.189138740301132202e-02 6.886359642521711066e-06 2.922506610048003495e-06 3.962512892030645162e-06 3.487061576379346661e-06 3.590835831346339546e-06 3.782386102102464065e-06
4.800000000000000000e+02 2.604166666666666782e-02 1.185717247426509857e-02 6.830676284153014421e-06 2.900235585912014358e-06 3.924852990166982636e-06 3.459387926341150887e-06 3.565509132386068814e-06 3.749934421648504212e-06
4.810000000000000000e+02 2.593349786696980130e-02 1.182310190051794052e-02 6.769717401766683906e-06 2.882742364818113856e-06 3.902554908563615754e-06 3.437480927459546365e-06 3.530168896759278141e-06 3.716754008564748801e-06
4.820000000000000000e+02 2.582600161842943387e-02 1.178918872028589249e-02 6.717554242641199380e-06 2.856969331332948059e-06 3.869436113745905459e-06 3.413334070501150563e-06 3.512482180667575449e-06 3.687893467940739356e-06
4.830000000000000000e+02 2.571917235703355051e-02 1.175540499389171600e-02 6.658748588961316273e-06 2.842432195393485017e-06 3.839636519842315465e-06 3.393914994376245886e-06 3.476653773759608157e-06 3.662489689304493368e-06
4.840000000000000000e+02 2.561300457619014939e-02 1.172177772969007492e-02 6.600221240660175681e-06 2.819477458615438081e-06 3.805977485171752051e-06 3.362614506841055118e-06 3.451190877967746928e-06 3.643051059043500572e-06
4.850000000000000000e+02 2.550749282601764284e-02 1.168829575181007385e-02 6.543130439240485430e-06 2.793171233861357905e-06 3.778169457291369326e-06 3.331079142299131490e-06 3.428192940191365778e-06 3.608663291743141599e-06
4.860000000000000000e+02 2.540263171264543068e-02 1.165496837347745895e-02 6.495386060123564675e-06 2.776482233457500115e-06 3.746970605789101683e-06 3.299200898254639469e-06 3.402117272344185039e-06 3.578380983526585624e-06
4.870000000000000000e+02 2.529841589752454892e-02 1.162176765501499176e-02 6.435804607463069260e-06 2.760124971246114001e-06 3.720238964888267219e-06 3.276283905506716110e-06 3.372374067112104967e-06 3.558440084816538729e-06
4.880000000000000000e+02 2.519484009674818545e-02 1.158870011568069458e-02 6.377808404067764059e-06 2.738924877121462487e-06 3.691623078339034691e-06 3.256359150327625684e-06 3.357545892868074588e-06 3.534209326971904375e-06
4.890000000000000000e+02 2.509189908038189989e-02 1.155579555779695511e-02 6.333152214210713282e-06 2.714309175644302741e-06 3.659724598037428223e-06 3.231191385566489771e-06 3.328776529087917879e-06 3.509450380079215392e-06
4.900000000000000000e+02 2.498958767180341559e-02 1.152302417904138565e-02 6.277845386648550630e-06 2.695129751373315230e-06 3.634205313574057072e-06 3.205262828487320803e-06 3.301139713585143909e-06 3.489863956929184496e-06
4.910000000000000000e+02 2.488790074705182070e-02 1.149037387222051620e-02 6.212294465512968600e-06 2.681805199244990945e-06 3.608041197367128916e-06 3.174541461703483947e-06 3.280749524492421187e-06 3.462414269961300306e-06
4.920000000000000000e+02 2.478683323418600162e-02 1.145787723362445831e-02 6.157495135994395241e-06 2.657110144355101511e-06 3.581151986509212293e-06 3.153915258735651150e-06 3.257135858802939765e-06 3.442488605287508108e-06
4.930000000000000000e+02 2.468638011265218007e-02 1.142550632357597351e-02 6.108628895162837580e-06 2.648712097652605735e-06 3.554411932782386430e-06 3.135331780868000351e-06 3.242602815589634702e-06 3.411648094697738998e-06
4.940000000000000000e+02 2.458653641266042578e-02 1.139329653233289719e-02 6.047555871191434562e-06 2.618918188090901822e-06 3.528710294631309807e-06 3.113053253400721587e-06 3.216838422304135747e-06 3.386335038157994859e-06
4.950000000000000000e+02 2.448729721456994329e-02 1.136120315641164780e-02 5.991453235765220597e-06 2.608655677249771543e-06 3.498869318718789145e-06 3.093372697549057193e-06 3.189594281138852239e-06 3.372702394699444994e-06
4.960000000000000000e+02 2.438865764828303945e-02 1.132924016565084457e-02 5.946006695012329146e-06 2.587173185020219535e-06 3.475204721326008439e-06 3.071232413276447915e-06 3.167303020745748654e-06 3.353017291374271736e-06
4.970000000000000000e+02 2.429061289264763598e-02 1.129741594195365906e-02 5.884106030862312764e-06 2.569540129115921445e-06 3.451057636993937194e-06 3.037313490494852886e-06 3.156858610964263789e-06 3.329693072373629548e-06
4.980000000000000000e+02 2.419315817486814707e-02 1.126572210341691971e-02 5.834244348079664633e-06 2.546337327657965943e-06 3.421093197175650857e-06 3.013944706253823824e-06 3.136497980449348688e-06 3.292660267106839456e-06
4.990000000000000000e+02 2.409628876992461755e-02 1.123415492475032806e-02 5.784297627542400733e-06 2.531846121200942434e-06 3.400599098313250579e-06 2.993090674863196909e-06 3.122880116279702634e-06 3.273111133239581250e-06
5.000000000000000000e+02 2.400000000000000050e-02 1.120273210108280182e-02 5.730477823817636818e-06 2.525212039472535253e-06 3.367363433426362462e-06 2.981739953611395322e-06 3.093783107033232227e-06 3.260578068875474855e-06
5.010000000000000000e+02 2.390428723391540416e-02 1.117142848670482635e-02 5.685256383003434166e-06 2.510322701709810644e-06 3.350272436364321038e-06 2.948779183498118073e-06 3.074643700529122725e-06 3.233446932426886633e-06
5.020000000000000000e+02 2.380914588657322833e-02 1.114026270806789398e-02 5.636338300973875448e-06 2.495349235687172040e-06 3.327907961647724733e-06 2.927799641838646494e-06 3.049783117603510618e-06 3.209716169294551946e-06
5.030000000000000000e+02 2.371457141840804111e-02 1.110921707004308701e-02 5.592182333202799782e-06 2.472225560268270783e-06 3.296680461062351242e-06 2.912307536462321877e-06 3.025076466656173579e-06 3.192201347701484337e-06
5.040000000000000000e+02 2.362055933484505030e-02 1.107830833643674850e-02 5.539435278478777036e-06 2.458184781062300317e-06 3.278182475696667098e-06 2.883865590774803422e-06 3.010449972862261347e-06 3.173892764607444406e-06
5.050000000000000000e+02 2.352710518576609997e-02 1.104750949889421463e-02 5.492861419043038040e-06 2.449625299050239846e-06 3.256606532886507921e-06 2.864180942196981050e-06 2.988665301018045284e-06 3.146795506836497225e-06
5.060000000000000000e+02 2.343420456498305007e-02 1.101684477180242538e-02 5.453294761537108570e-06 2.431171878924942575e-06 3.227647084713680670e-06 2.830743596859974787e-06 2.973060418298700824e-06 3.118191898465738632e-06
5.070000000000000000e+02 2.334185310971837943e-02 1.098631229251623154e-02 5.403310751717071980e-06 2.417157702438998967e-06 3.205204620826407336e-06 2.823257318596006371e-06 2.963968427138752304e-06 3.106604708591476083e-06
5.080000000000000000e+02 2.325004650009300164e-02 1.095588877797126770e-02 5.352645985112758353e-06 2.404648284937138669e-06 3.180764224453014322e-06 2.801497430482413620e-06 2.933133373517193832e-06 3.093124860242824070e-06
5.090000000000000000e+02 2.315878045862104773e-02 1.092560403048992157e-02 5.308141680870903656e-06 2.389986093476181850e-06 3.165389671266893856e-06 2.772071411527576856e-06 2.910378043452510610e-06 3.068211753998184577e-06
5.100000000000000000e+02 2.306805074971165007e-02 1.089543942362070084e-02 5.269701432553119957e-06 2.371908976783743128e-06 3.134834742013481446e-06 2.760111328825587407e-06 2.893635610234923661e-06 3.046160145458998159e-06
5.110000000000000000e+02 2.297785317917747094e-02 1.086538936942815781e-02 5.220957973506301641e-06 2.357968696742318571e-06 3.124842123725102283e-06 2.744512812569155358e-06 2.874504843930481002e-06 3.021786142198834568e-06
5.120000000000000000e+02 2.288818359375000000e-02 1.083548180758953094e-02 5.186843281990149990e-06 2.355686092414543964e-06 3.101157517448882572e-06 2.717803909035865217e-06 2.860206905097584240e-06 3.009588226632331498e-06
5.130000000000000000e+02 2.279903788060144015e-02 1.080567110329866409e-02 5.138659162184922025e-06 2.340461833227891475e-06 3.076753046116209589e-06 2.697586296562803909e-06 2.847784571713418700e-06 2.987808557008975185e-06
5.140000000000000000e+02 2.271041196687307792e-02 1.077597308903932571e-02 5.086838882562005892e-06 2.316856807738076895e-06 3.059094751733937301e-06 2.684302216948708519e-06 2.827729076670948416e-06 2.972703669001930393e-06
5.150000000000000000e+02 2.262230181921010344e-02 1.074641663581132889e-02 5.062447144155157730e-06 2.306149781361455098e-06 3.029223989869933575e-06 2.674917823242140003e-06 2.810620571835897863e-06 2.956249318231130019e-06
5.160000000000000000e+02 2.253470344330268590e-02 1.071697287261486053e-02 5.018145657231798396e-06 2.296236516485805623e-06 3.009836063938564621e-06 2.653122464835178107e-06 2.788873189274454489e-06 2.930114078480983153e-06
5.170000000000000000e+02 2.244761288343328706e-02 1.068764552474021912e-02 4.984001407137839124e-06 2.278777628816897050e-06 2.991610699609736912e-06 2.627574076541350223e-06 2.768714239209657535e-06 2.902712139984942041e-06
5.180000000000000000e+02 2.236102622203008441e-02 1.065842993557453156e-02 4.938411620969418436e-06 2.269124252052279189e-06 2.974796643684385344e-06 2.615815901663154364e-06 2.755992909442284144e-06 2.897790864153648727e-06
5.190000000000000000e+02 2.227493957922638962e-02 1.062933169305324554e-02 4.907744823867687955e-06 2.249995759484590963e-06 2.955715899588540196e-06 2.598631454020505771e-06 2.741783873716485687e-06 2.880053443732322194e-06
5.200000000000000000e+02 2.218934911242603433e-02 1.060034893453121185e-02 4.869478743785293773e-06 2.247978954983409494e-06 2.937937551905633882e-06 2.573071697042905726e-06 2.728788103922852315e-06 2.857014806068036705e-06
5.210000000000000000e+02 2.210425101587453617e-02 1.057149376720190048e-02 4.834628271055407822e-06 2.231620555903646164e-06 2.910303919634316117e-06 2.561371275078272447e-06 2.709941099965362810e-06 2.838905402313685045e-06
5.220000000000000000e+02 2.201964152023605167e-02 1.054273173213005066e-02 4.807678578799823299e-06 2.217212113464483991e-06 2.903021368183544837e-06 2.537833097449038178e-06 2.688576842047041282e-06 2.812638285831781104e-06
5.230000000000000000e+02 2.193551689217596717e-02 1.051408611238002777e-02 4.767402970173861831e-06 2.209334979852428660e-06 2.880411557271145284e-06 2.525954187149181962e-06 2.678475084394449368e-06 2.795696445900830440e-06
5.240000000000000000e+02 2.185187343394907195e-02 1.048556063324213028e-02 4.742644250654848292e-06 2.197041567342239432e-06 2.850984856195282191e-06 2.514065954528632574e-06 2.668116849235957488e-06 2.768112153717083856e-06
5.250000000000000000e+02 2.176870748299319577e-02 1.045715343207120895e-02 4.700821591541171074e-06 2.181661784561583772e-06 2.840978140739025548e-06 2.485825234543881379e-06 2.650538363013765775e-06 2.762765006991685368e-06
5.260000000000000000e+02 2.168601541152828660e-02 1.042883191257715225e-02 4.667887424147920683e-06 2.177040641981875524e-06 2.830397306752274744e-06 2.475799419698887505e-06 2.632087216625222936e-06 2.745320216490654275e-06
5.270000000000000000e+02 2.160379362616075480e-02 1.040065102279186249e-02 4.645154149329755455e-06 2.160620624636067078e-06 2.801731170620769262e-06 2.459657025610795245e-06 2.613840251797228120e-06 2.728947265495662577e-06
5.280000000000000000e+02 2.152203856749311181e-02 1.037257164716720581e-02 4.615661055140662938e-06 2.158021288778400049e-06 2.793427256619906984e-06 2.437537887090002187e-06 2.605091822260874324e-06 2.703805421333527192e-06
5.290000000000000000e+02 2.144074670973874358e-02 1.034457702189683914e-02 4.583454483508830890e-06 2.132867393811466172e-06 2.780983777483925223e-06 2.420722921669948846e-06 2.579729425633559003e-06 2.680925945242051966e-06
5.300000000000000000e+02 2.135991456034175978e-02 1.031672582030296326e-02 4.553804501483682543e-06 2.128138930856948718e-06 2.756175945251015946e-06 2.405621444268035702e-06 2.567098363215336576e-06 2.665498413989553228e-06
5.310000000000000000e+02 2.127953865960185986e-02 1.028896495699882507e-02 4.519430603977525607e-06 2.124607817677315325e-06 2.743089225987205282e-06 2.399250433882116340e-06 2.554755610617576167e-06 2.657522600202355534e-06
5.320000000000000000e+02 2.119961558030414306e-02 1.026131771504878998e-02 4.489867478696396574e-06 2.107260797856724821e-06 2.727440005401149392e-06 2.379336820013122633e-06 2.530556002966477536e-06 2.626370132929878309e-06
5.330000000000000000e+02 2.112014192735375134e-02 1.023376919329166412e-02 4.464901849132729694e-06 2.094899173243902624e-06 2.705243105083354749e-06 2.356438471906585619e-06 2.526310026951250620e-06 2.613872311485465616e-06
5.340000000000000000e+02 2.104111433741531062e-02 1.020633801817893982e-02 4.436206836544442922e-06 2.087733719235984609e-06 2.690510882530361414e-06 2.340210130569175817e-06 2.503830046407529153e-06 2.606416046546655707e-06
5.350000000000000000e+02 2.096252947855707996e-02 1.017900742590427399e-02 4.406311745697166771e-06 2.072286861221073195e-06 2.676910753507399932e-06 2.325831701455172151e-06 2.487068741174880415e-06 2.581693252068362199e-06
5.360000000000000000e+02 2.088438404989975336e-02 1.015178021043539047e-02 4.374981926957843825e-06 2.062251041934359819e-06 2.658332959981635213e-06 2.314351149834692478e-06 2.475316250638570637e-06 2.565152499300893396e-06
5.370000000000000000e+02 2.080667478126983078e-02 1.012465823441743851e-02 4.348801212472608313e-06 2.046092049567960203e-06 2.645253744049114175e-06 2.294425485160900280e-06 2.461728627167758532e-06 2.530817937440588139e-06
5.380000000000000000e+02 2.072939843285747860e-02 1.009763777256011963e-02 4.324336259742267430e-06 2.051268893410451710e-06 2.623692580527858809e-06 2.275050746902707033e-06 2.450792635499965400e-06 2.532510279706912115e-06
5.390000000000000000e+02 2.065255179487885534e-02 1.007072068750858307e-02 4.295910912333056331e-06 2.037333615589886904e-06 2.619540737214265391e-06 2.262736870761727914e-06 2.434218458802206442e-06 2.503733867342816666e-06
5.400000000000000000e+02 2.057613168724279837e-02 1.004391070455312729e-02 4.275033006706507877e-06 2.028760036409948952e-06 2.594909119579824619e-06 2.249798626507981680e-06 2.411843979643890634e-06 2.486157654857379384e-06
5.410000000000000000e+02 2.050013495922181628e-02 1.001719571650028229e-02 4.251287464285269380e-06 2.021792852247017436e-06 2.578253997853607871e-06 2.234487055829958990e-06 2.392001078987959772e-06 2.475816245350870304e-06
5.420000000000000000e+02 2.042455848912732783e-02 9.990577585995197296e-03 4.214939053781563416e-06 2.004063617278006859e-06 2.564970600360538810e-06 2.228423454653238878e-06 2.377082182647427544e-06 2.463425971654942259e-06
5.430000000000000000e+02 2.034939918398909198e-02 9.964075870811939240e-03 4.194861503492575139e-06 1.984513346542371437e-06 2.557183051976608112e-06 2.204863449151162058e-06 2.367988827245426364e-06 2.445960035402094945e-06
5.440000000000000000e+02 2.027465397923875270e-02 9.937666356563568115e-03 4.166290636931080371e-06 1.974742417587549426e-06 2.542564743635011837e-06 2.197181856899987906e-06 2.344138465559808537e-06 2.427226490908651613e-06
5.450000000000000000e+02 2.020031983839743958e-02 9.911358356475830078e-03 4.145036655245348811e-06 1.967660409718519077e-06 2.525746822357177734e-06 2.178462182200746611e-06 2.335809767828322947e-06 2.418956228211754933e-06
5.460000000000000000e+02 2.012639375276737905e-02 9.885134175419807434e-03 4.123395683564012870e-06 1.956870391950360499e-06 2.507581257304991595e-06 2.164623538192245178e-06 2.313230652362108231e-06 2.403486178081948310e-06
5.470000000000000000e+02 2.005287274112744003e-02 9.859025478363037109e-03 4.097624696441926062e-06 1.948435283338767476e-06 2.494652335371938534e-06 2.155310994567116722e-06 2.302238272022805177e-06 2.383741730227484368e-06
5.480000000000000000e+02 1.997975384943257576e-02 9.833012707531452179e-03 4.072280262334970757e-06 1.939443109222338535e-06 2.478472652001073584e-06 2.124416369042592123e-06 2.288343011969118379e-06 2.359325435463688336e-06
5.490000000000000000e+02 1.990703415051708544e-02 9.807093068957328796e-03 4.038030510855605826e-06 1.922996489156503230e-06 2.463273858666070737e-06 2.120051703968783841e-06 2.269647666253149509e-06 2.347663212276529521e-06
5.500000000000000000e+02 1.983471074380165414e-02 9.781277738511562347e-03 4.018806521344231442e-06 1.909338607219979167e-06 2.453323531881324016e-06 2.109957904394832440e-06 2.259813527416554280e-06 2.332561507500940934e-06
5.510000000000000000e+02 1.976278075500410153e-02 9.755553677678108215e-03 4.000760782219003886e-06 1.904570126498583704e-06 2.435007672829669900e-06 2.092666818498400971e-06 2.236400177935138345e-06 2.310567879248992540e-06
5.520000000000000000e+02 1.969124133585381173e-02 9.729919955134391785e-03 3.971370006183860824e-06 1.885884671537496615e-06 2.417076075289514847e-06 2.078609895761474036e-06 2.227884579042438418e-06 2.304239387740381062e-06
5.530000000000000000e+02 1.962008966380976438e-02 9.704382158815860748e-03 3.944202035199850798e-06 1.874734039120085072e-06 2.402831341896671802e-06 2.056733592326054350e-06 2.216354687334387563e-06 2.280799208165262826e-06
5.540000000000000000e+02 1.954932294178211502e-02 9.678938426077365875e-03 3.924988504877546802e-06 1.868202161858789623e-06 2.384153958701062948e-06 2.039502533079939894e-06 2.188269036196288653e-06 2.264245495098293759e-06
5.550000000000000000e+02 1.947893839785731773e-02 9.653605520725250244e-03 3.891639153152937070e-06 1.855420237006910611e-06 2.371555638092104346e-06 2.029794359259540215e-06 2.179162720494787209e-06 2.252825424875481986e-06
5.560000000000000000e+02 1.940893328502665480e-02 9.628348052501678467e-03 3.874718458973802626e-06 1.845405108724662568e-06 2.361435008424450643e-06 2.010474872804479674e-06 2.166819967897026800e-06 2.236547970824176446e-06
5.570000000000000000e+02 1.933930488091822886e-02 9.603185579180717468e-03 3.835659754258813336e-06 1.821929004108824302e-06 2.342463176319142804e-06 2.007926468650111929e-06 2.157049493689555675e-06 2.218140707554994151e-06
5.580000000000000000e+02 1.927005048753227881e-02 9.578125551342964172e-03 3.811751867033308372e-06 1.818781697693339083e-06 2.328830078113242052e-06 1.992071702261455357e-06 2.137601541107869707e-06 2.207613761129323393e-06
5.590000000000000000e+02 1.920116743097980208e-02 9.553144685924053192e-03 3.794453050431911834e-06 1.798090011106978636e-06 2.312315928065800108e-06 1.973408870981074870e-06 2.136465127478004433e-06 2.188620783272199333e-06
5.600000000000000000e+02 1.913265306122449022e-02 9.528256952762603760e-03 3.761282414416200481e-06 1.784154505912738387e-06 2.302709390278323554e-06 1.970178800547728315e-06 2.103133965647430159e-06 2.172848553527728654e-06
5.610000000000000000e+02 1.906450475182780782e-02 9.503452107310295105e-03 3.740537977137137204e-06 1.789621819625608623e-06 2.285670916535309516e-06 1.943194320119800977e-06 2.087498160108225420e-06 2.159877340091043152e-06
5.620000000000000000e+02 1.899671989969731883e-02 9.478770196437835693e-03 3.713884325406979769e-06 1.774491238393238746e-06 2.267707486680592410e-06 1.940572701641940512e-06 2.071211611109902151e-06 2.146741053365985863e-06
5.630000000000000000e+02 1.892929592483807641e-02 9.454151615500450134e-03 3.689875484269578010e-06 1.759710812621051446e-06 2.256281277368543670e-06 1.917044301080750301e-06 2.065813305307528935e-06 2.125847458955831826e-06
5.640000000000000000e+02 1.886223027010713871e-02 9.429627098143100739e-03 3.668198814921197481e-06 1.744810560921905562e-06 2.241524953205953352e-06 1.910972969199065119e-06 2.047959469564375468e-06 2.123965714417863637e-06
5.650000000000000000e+02 1.879552040097110313e-02 9.405184537172317505e-03 3.635910843513556756e-06 1.737648972266470082e-06 2.230272684755618684e-06 1.888852011688868515e-06 2.042655069089960307e-06 2.098057620969484560e-06
5.660000000000000000e+02 1.872916380526664162e-02 9.380847215652465820e-03 3.613337185015552677e-06 1.722008050819567870e-06 2.216128450527321547e-06 1.877400791272521019e-06 2.023636170633835718e-06 2.082095534206018783e-06
5.670000000000000000e+02 1.866315799296398847e-02 9.356585331261157990e-03 3.591072527342475951e-06 1.708559693724964745e-06 2.195234173996141180e-06 1.866545517259510234e-06 1.998845618800260127e-06 2.077670615108218044e-06
5.680000000000000000e+02 1.859750049593334592e-02 9.332416579127311707e-03 3.555648618203122169e-06 1.698275923445180524e-06 2.186672190873650834e-06 1.858579366853518877e-06 2.000386075451388024e-06 2.060115321000921540e-06
5.690000000000000000e+02 1.853218886771414858e-02 9.308333508670330048e-03 3.533164772306918167e-06 1.681935145825264044e-06 2.170854031646740623e-06 1.830690848692029249e-06 1.981392870220588520e-06 2.043424956355011091e-06
5.700000000000000000e+02 1.846722068328716590e-02 9.284331463277339935e-03 3.508684585540322587e-06 1.665874037826142740e-06 2.150204409190337174e-06 1.828610947995912284e-06 1.970175389942596667e-06 2.028908056672662497e-06
5.710000000000000000e+02 1.840259353884940788e-02 9.260431863367557526e-03 3.477825657682842575e-06 1.652526634643436410e-06 2.136852344847284257e-06 1.814177949199802242e-06 1.958067741725244559e-06 2.018191025854321197e-06
5.720000000000000000e+02 1.833830505159176477e-02 9.236595593392848969e-03 3.453482577242539264e-06 1.641712856326194014e-06 2.123148760801996104e-06 1.802703764042234980e-06 1.939620005941833369e-06 2.004693669732660055e-06
5.730000000000000000e+02 1.827435285947936333e-02 9.212867356836795807e-03 3.429642447372316383e-06 1.627053961783531122e-06 2.112560878231306560e-06 1.787489964044652879e-06 1.931463202708982863e-06 1.989995325857307762e-06
5.740000000000000000e+02 1.821073462103461188e-02 9.189200587570667267e-03 3.405289589863969013e-06 1.633130978007102385e-06 2.088197788907564245e-06 1.779541548785346095e-06 1.914141421366366558e-06 1.976152589122648351e-06
5.750000000000000000e+02 1.814744801512287176e-02 9.165626950562000275e-03 3.372358605702174827e-06 1.616403551452094689e-06 2.080150125038926490e-06 1.763309001034940593e-06 1.904533291963161901e-06 1.967189291463000700e-06
5.760000000000000000e+02 1.808449074074074125e-02 9.142146445810794830e-03 3.345477125549223274e-06 1.594834429852198809e-06 2.062051862594671547e-06 1.753419155647861771e-06 1.889881104943924583e-06 1.954778554136282764e-06
5.770000000000000000e+02 1.802186051680688614e-02 9.118747897446155548e-03 3.321561962366104126e-06 1.588806185282010119e-06 2.048037003987701610e-06 1.738137257234484423e-06 1.880471927506732754e-06 1.938044533744687214e-06
5.780000000000000000e+02 1.795955508195543754e-02 9.095409885048866272e-03 3.297753664810443297e-06 1.567289018566953018e-06 2.034706994891166687e-06 1.733116278046509251e-06 1.854837705650425050e-06 1.925047399709001184e-06
5.790000000000000000e+02 1.789757219433183930e-02 9.072182700037956238e-03 3.281617864558938891e-06 1.564978674650774337e-06 2.027498112511239015e-06 1.714229711069492623e-06 1.850949956860858947e-06 1.907944124468485825e-06
5.800000000000000000e+02 1.783590963139120023e-02 9.049030952155590057e-03 3.257656089772353880e-06 1.551990635562106036e-06 2.009415084103238769e-06 1.706260832179395948e-06 1.837453623920737300e-06 1.902755798255384434e-06
5.810000000000000000e+02 1.777456518969904725e-02 9.025949984788894653e-03 3.224367901566438377e-06 1.541764731882722117e-06 1.989175871131010354e-06 1.688721795289893635e-06 1.822888634706032462e-06 1.890047656161186751e-06
5.820000000000000000e+02 1.771353668473447246e-02 9.002959355711936951e-03 3.201812660336145200e-06 1.534530383651144803e-06 1.975183977265260182e-06 1.679608431004453450e-06 1.805148031053249724e-06 1.874790996225783601e-06
5.830000000000000000e+02 1.765282195069566712e-02 8.980048820376396179e-03 3.175538267896627076e-06 1.511611344540142454e-06 1.963756631084834225e-06 1.671802692726487294e-06 1.799767233023885638e-06 1.860631186900718603e-06
5.840000000000000000e+02 1.759241884030774902e-02 8.957213722169399261e-03 3.160018195558222942e-06 1.499713107477873564e-06 1.952813818206777796e-06 1.655585720072849654e-06 1.789477551028539892e-06 1.844547796281403862e-06
5.850000000000000000e+02 1.753232522463291782e-02 8.934462442994117737e-03 3.129725428152596578e-06 1.489119426878460217e-06 1.935324917212710716e-06 1.650963554311601911e-06 1.768915581124019809e-06 1.831068743740615901e-06
5.860000000000000000e+02 1.747253899288285159e-02 8.911787532269954681e-03 3.108389591943705454e-06 1.484761241954402067e-06 1.924504431372042745e-06 1.636676188354613259e-06 1.761160774549352936e-06 1.821178329919348471e-06
5.870000000000000000e+02 1.741305805223336903e-02 8.889193646609783173e-03 3.089673100475920364e-06 1.471407131248270161e-06 1.907591695271548815e-06 1.619860654500371311e-06 1.750515593812451698e-06 1.810906610444362741e-06
5.880000000000000000e+02 1.735388032764125996e-02 8.866677992045879364e-03 3.072137133131036535e-06 1.457248572478420101e-06 1.898172740766312927e-06 1.613775566511321813e-06 1.743402776810398791e-06 1.792343141460150946e-06
5.890000000000000000e+02 1.729500376166331899e-02 8.844241499900817871e-03 3.044362529180943966e-06 1.445193788640608545e-06 1.881832076833234169e-06 1.604502358532045037e-06 1.734276111164945178e-06 1.781384185051138047e-06
5.900000000000000000e+02 1.723642631427750593e-02 8.821891620755195618e-03 3.023161980308941565e-06 1.428892915100732353e-06 1.865499484665633645e-06 1.591329123584728222e-06 1.713752340037899558e-06 1.770489234331762418e-06
5.910000000000000000e+02 1.717814596270624342e-02 8.799606934189796448e-03 3.009820602528634481e-06 1.422676291440438945e-06 1.866922843873908278e-06 1.580721118443761952e-06 1.705059958112542517e-06 1.760079271662107203e-06
5.920000000000000000e+02 1.712016070124178224e-02 8.777396753430366516e-03 2.993647058247006498e-06 1.411950961482943967e-06 1.845426481850154232e-06 1.569601636219886132e-06 1.696924869065696839e-06 1.755751327436883003e-06
5.930000000000000000e+02 1.706246854107362765e-02 8.755276910960674286e-03 2.977744088639155962e-06 1.404103386448696256e-06 1.834762997532379813e-06 1.564909553053439595e-06 1.688700308477564249e-06 1.738736727929790504e-06
5.940000000000000000e+02 1.700506751011801598e-02 8.733218535780906677e-03 2.948311703221406788e-06 1.380072490064776503e-06 1.826630409595964011e-06 1.551736204419285059e-06 1.681123649177607149e-06 1.730275812406034674e-06
5.950000000000000000e+02 1.694795565284937591e-02 8.711239323019981384e-03 2.941249249488464557e-06 1.384088022859941702e-06 1.812838149817252997e-06 1.532854639663128182e-06 1.672290295573475305e-06 1.719282067824678961e-06
5.960000000000000000e+02 1.689113103013377762e-02 8.689336478710174561e-03 2.917189931395114399e-06 1.368241328236763366e-06 1.804540715966140851e-06 1.526239202576107346e-06 1.656086965340364259e-06 1.697366201369732153e-06
5.970000000000000000e+02 1.683459171906433183e-02 8.667513728141784668e-03 2.895143552450463176e-06 1.351856440123810899e-06 1.779514491317968350e-06 1.519493025625706650e-06 1.644523763388860971e-06 1.695276864666084293e-06
5.980000000000000000e+02 1.677833581279851438e-02 8.645756170153617859e-03 2.882377884816378355e-06 1.347735292256402317e-06 1.777099328137410339e-06 1.519096826996246818e-06 1.637231434870045632e-06 1.685085408098530024e-06
5.990000000000000000e+02 1.672236142039737819e-02 8.624087087810039520e-03 2.866000386347877793e-06 1.344789893664710689e-06 1.766343075360055082e-06 1.503329826846311335e-06 1.624737592464953195e-06 1.671371251177333761e-06
6.000000000000000000e+02 1.666666666666666644e-02 8.602481335401535034e-03 2.855086904673953541e-06 1.337592834715906065e-06 1.745807367115048692e-06 1.485697566749877296e-06 1.611220909580879379e-06 1.665551280893851072e-06
6.010000000000000000e+02 1.661124969199974377e-02 8.580959402024745941e-03 2.835264240275137126e-06 1.328977305092848837e-06 1.742000904414453544e-06 1.484564791098819114e-06 1.600603695806057658e-06 1.643289465391717386e-06
6.020000000000000000e+02 1.655610865222238021e-02 8.559499867260456085e-03 2.823106569849187508e-06 1.313188363383233082e-06 1.714356130833039060e-06 1.477458113186003175e-06 1.592781813997135032e-06 1.642450797589845024e-06
6.030000000000000000e+02 1.650124171843931134e-02 8.538120426237583160e-03 2.811211516018374823e-06 1.306218678109871689e-06 1.708420199975080322e-06 1.451731463930627797e-06 1.590522856531606521e-06 1.630209908398683183e-06
6.040000000000000000e+02 1.644664707688259231e-02 8.516806177794933319e-03 2.784309344860957935e-06 1.291380954171472695e-06 1.699408130662050098e-06 1.454034645576030016e-06 1.579963168296671938e-06 1.621628143766429275e-06
6.050000000000000000e+02 1.639232292876169686e-02 8.495568297803401947e-03 2.775289658529800363e-06 1.278571062357514165e-06 1.697816628620785195e-06 1.436026423107250594e-06 1.567304593663720880e-06 1.606474143045488745e-06
6.060000000000000000e+02 1.633826749011534768e-02 8.474399335682392120e-03 2.763401653282926418e-06 1.269042400053876918e-06 1.672054281698365230e-06 1.426425342287984677e-06 1.562658326292876154e-06 1.605426632522721775e-06
6.070000000000000000e+02 1.628447899166506063e-02 8.453316055238246918e-03 2.749516852418310009e-06 1.262966520698682871e-06 1.669764401412976440e-06 1.418930651198024862e-06 1.545852114759327378e-06 1.595024968992220238e-06
6.080000000000000000e+02 1.623095567867036126e-02 8.432285860180854797e-03 2.738900775511865504e-06 1.262551108993648086e-06 1.659703798395639751e-06 1.417878934262262192e-06 1.529212795503553934e-06 1.581948822604317684e-06
6.090000000000000000e+02 1.617769581078567012e-02 8.411331102252006531e-03 2.729334028117591515e-06 1.248917783414071891e-06 1.643539803808380384e-06 1.399111056343826931e-06 1.533213321636139881e-06 1.568214202052331530e-06
6.100000000000000000e+02 1.612469766191883952e-02 8.390444330871105194e-03 2.708392912609269843e-06 1.237073092852369882e-06 1.628302811695903074e-06 1.397541154801729135e-06 1.526210439806163777e-06 1.557744553792872466e-06
6.110000000000000000e+02 1.607195952009128972e-02 8.369627408683300018e-03 2.699109018067247234e-06 1.234572778230358381e-06 1.627135816306690685e-06 1.376958493892743718e-06 1.508457216914393939e-06 1.553456286274013110e-06
6.120000000000000000e+02 1.601947968729975497e-02 8.348895236849784851e-03 2.685499566723592579e-06 1.231539954460458830e-06 1.609762421139748767e-06 1.364931790703849401e-06 1.496766913078317884e-06 1.546872226754203439e-06
6.130000000000000000e+02 1.596725647937961845e-02 8.328225463628768921e-03 2.674288452908513136e-06 1.220060994455707259e-06 1.602577071935229469e-06 1.365066282232874073e-06 1.493442482569662388e-06 1.530189138065907173e-06
6.140000000000000000e+02 1.591528822586977046e-02 8.307620882987976074e-03 2.666085720193223096e-06 1.204001819132827222e-06 1.591426325830980204e-06 1.354971914224734064e-06 1.478336798754753545e-06 1.520488240203121677e-06
6.150000000000000000e+02 1.586357326987904159e-02 8.287083357572555542e-03 2.645943368406733498e-06 1.197704250444076024e-06 1.584751998962019570e-06 1.344155634797061794e-06 1.476029979130544234e-06 1.518477461104339454e-06
6.160000000000000000e+02 1.581210996795412438e-02 8.266616612672805786e-03 2.647700966917909682e-06 1.197310666611883789e-06 1.574890461597533431e-06 1.337662524747429416e-06 1.466638423153199255e-06 1.505547402302909177e-06
6.170000000000000000e+02 1.576089668994901452e-02 8.246207609772682190e-03 2.627441517688566819e-06 1.184853886115888599e-06 1.564781541674165055e-06 1.328355324403673876e-06 1.453038294130237773e-06 1.506701892139972188e-06
6.180000000000000000e+02 1.570993181889590584e-02 8.225881494581699371e-03 2.611750687719904818e-06 1.181683273898670450e-06 1.551131163068930618e-06 1.318884528700436931e-06 1.440326514057232998e-06 1.482854599998972844e-06
6.190000000000000000e+02 1.565921375087757014e-02 8.205616846680641174e-03 2.601269443402998149e-06 1.180781282528187148e-06 1.538021024316549301e-06 1.301197585235058796e-06 1.437813011762045790e-06 1.470719439566892106e-06
6.200000000000000000e+02 1.560874089490114393e-02 8.185416460037231445e-03 2.587911467344383709e-06 1.175642637463170104e-06 1.530551116957212798e-06 1.308069499827979598e-06 1.429712710887542926e-06 1.467650804443110246e-06
6.210000000000000000e+02 1.555851167277338271e-02 8.165281265974044800e-03 2.576530732767423615e-06 1.162818989541847259e-06 1.518792601018503774e-06 1.295833044423488900e-06 1.419916429767908994e-06 1.457337930332869291e-06
6.220000000000000000e+02 1.550852451897726490e-02 8.145228028297424316e-03 2.560034090492990799e-06 1.151324340753490105e-06 1.516717134109057952e-06 1.289088118028303143e-06 1.401709369019954465e-06 1.448479224563925527e-06
6.230000000000000000e+02 1.545877788055002346e-02 8.125214837491512299e-03 2.544685230532195419e-06 1.152747017840738408e-06 1.491923853791377041e-06 1.280086394217505585e-06 1.396281390952935908e-06 1.444064423594682012e-06
6.240000000000000000e+02 1.540927021696252529e-02 8.105289191007614136e-03 2.538799435569671914e-06 1.145452415585168637e-06 1.485394818701024633e-06 1.276208990930172149e-06 1.389603653478843626e-06 1.421477236362989061e-06
6.250000000000000000e+02 1.536000000000000039e-02 8.085414767265319824e-03 2.526485559428692795e-06 1.142250766861252487e-06 1.481199319641746115e-06 1.266669642063789070e-06 1.377238163513538893e-06 1.432202338946808595e-06
6.260000000000000000e+02 1.531096571364411185e-02 8.065614849328994751e-03 2.510338845240767114e-06 1.139258529292419553e-06 1.468651930736086797e-06 1.252670813300937880e-06 1.374601765746774618e-06 1.418430088051536586e-06
6.270000000000000000e+02 1.526216585395633561e-02 8.045879192650318146e-03 2.501673179722274654e-06 1.111402070819167420e-06 1.459313807572470978e-06 1.242889538843883201e-06 1.358960616926196963e-06 1.405065290782658849e-06
6.280000000000000000e+02 1.521359892896263603e-02 8.026200346648693085e-03 2.482383024471346289e-06 1.117420538321312051e-06 1.449285832677560393e-06 1.229641839017858729e-06 1.354238293060916476e-06 1.397433607053244486e-06
6.290000000000000000e+02 1.516526345853943386e-02 8.006588555872440338e-03 2.477515408827457577e-06 1.112698669203382451e-06 1.439107904843694996e-06 1.229190615958941635e-06 1.338015181318041869e-06 1.390183228977548424e-06
6.300000000000000000e+02 1.511715797430083184e-02 7.987048476934432983e-03 2.450387682984001003e-06 1.115093368753150571e-06 1.434245746168016922e-06 1.222858372784685344e-06 1.343430085398722440e-06 1.388688588122022338e-06
6.310000000000000000e+02 1.506928101948709110e-02 7.967567071318626404e-03 2.445233121761702932e-06 1.102357146010035649e-06 1.427522079211485106e-06 1.219286559717147611e-06 1.332502733930596150e-06 1.369910251014516689e-06
6.320000000000000000e+02 1.502163114885434955e-02 7.948144339025020599e-03 2.435106125631136820e-06 1.096807977774005849e-06 1.410072513863269705e-06 1.210621803693356924e-06 1.325663333773263730e-06 1.369009396512410603e-06
6.330000000000000000e+02 1.497420692856554596e-02 7.928797043859958649e-03 2.428864263492869213e-06 1.097538984140555840e-06 1.403828377988247667e-06 1.206420279231679160e-06 1.311749770138703752e-06 1.356938014396291692e-06
6.340000000000000000e+02 1.492700693608255656e-02 7.909495383501052856e-03 2.396639047219650820e-06 1.090602836484322324e-06 1.395968638462363742e-06 1.206535216624615714e-06 1.308278797296225093e-06 1.349284161733521614e-06
6.350000000000000000e+02 1.488002976005952001e-02 7.890263572335243225e-03 2.389479732300969772e-06 1.088532712856249418e-06 1.392682861478533596e-06 1.185804762826592196e-06 1.305149112340586726e-06 1.347223815173492767e-06
6.360000000000000000e+02 1.483327400023733318e-02 7.871107198297977448e-03 2.371571781623060815e-06 1.082487301573564764e-06 1.377819330627971794e-06 1.184583197755273432e-06 1.305115461036621127e-06 1.347105467175424565e-06
6.370000000000000000e+02 1.478673826733929893e-02 7.851994596421718597e-03 2.348704583710059524e-06 1.080171955436526332e-06 1.368716539218439721e-06 1.178250386146828532e-06 1.289468400500481948e-06 1.332109718532592524e-06
6.380000000000000000e+02 1.474042118296793429e-02 7.832946255803108215e-03 2.346464953006943688e-06 1.070586563400865998e-06 1.361423642265435774e-06 1.170150540019676555e-06 1.273949351343617309e-06 1.324488721365923993e-06
6.390000000000000000e+02 1.469432137950289069e-02 7.813964039087295532e-03 2.322994987480342388e-06 1.067771904672554228e-06 1.356813868369499687e-06 1.157874294221983291e-06 1.281991217183531262e-06 1.311320943386817817e-06
6.400000000000000000e+02 1.464843750000000000e-02 7.795052137225866318e-03 2.311638581886654720e-06 1.062396790985076223e-06 1.348925366073672194e-06 1.153273501586227212e-06 1.265766400138090830e-06 1.313955181103665382e-06
6.410000000000000000e+02 1.460276819809141861e-02 7.776179816573858261e-03 2.294079877174226567e-06 1.048770059242087882e-06 1.341690108347393107e-06 1.145214696407492738e-06 1.260838303096534219e-06 1.320166347795748152e-06
6.420000000000000000e+02 1.455731213788686099e-02 7.757382933050394058e-03 2.270445065732928924e-06 1.062508772520232014e-06 1.327539393969345838e-06 1.142164705925097223e-06 1.255081883755337913e-06 1.307260504290752579e-06
6.430000000000000000e+02 1.451206799387590694e-02 7.738629356026649475e-03 2.260217115690466017e-06 1.051066078616713639e-06 1.317327019023650791e-06 1.134127501245529857e-06 1.247240106749814004e-06 1.292454271606402472e-06
6.440000000000000000e+02 1.446703445083137238e-02 7.719951681792736053e-03 2.242716618638951331e-06 1.050852119988121558e-06 1.317964915870106779e-06 1.133826913246593904e-06 1.234411570294469129e-06 1.289650072067161091e-06
6.450000000000000000e+02 1.442221020371371905e-02 7.701328024268150330e-03 2.229316805824055336e-06 1.036827370626269840e-06 1.308367700403323397e-06 1.127631094277603552e-06 1.240915935341035947e-06 1.286309839088062290e-06
6.460000000000000000e+02 1.437759395757651215e-02 7.682774215936660767e-03 2.215811491623753682e-06 1.038433197209087666e-06 1.308985702053178102e-06 1.114082238018454518e-06 1.228547262144275010e-06 1.277544470212887973e-06
6.470000000000000000e+02 1.433318442747289270e-02 7.664254400879144669e-03 2.200075186920003034e-06 1.031608235280145891e-06 1.290313207391591277e-06 1.107104935726965778e-06 1.212803681482910179e-06 1.268641540264070500e-06
6.480000000000000000e+02 1.428898033836305433e-02 7.645809557288885117e-03 2.177246642531827092e-06 1.033165972330607474e-06 1.292536126129562035e-06 1.102160354093939532e-06 1.213243990605405997e-06 1.256682139683107380e-06
6.490000000000000000e+02 1.424498042502273312e-02 7.627422455698251724e-03 2.164402303606038913e-06 1.027113057716633193e-06 1.292113324780075345e-06 1.098985421776887961e-06 1.213876771544164512e-06 1.261061129298468586e-06
6.500000000000000000e+02 1.420118343195266204e-02 7.609092630445957184e-03 2.150217596863512881e-06 1.020750801217218395e-06 1.270684833798441105e-06 1.091445597012352664e-06 1.199818598252022639e-06 1.249555680260527879e-06
6.510000000000000000e+02 1.415758811328901925e-02 7.590827997773885727e-03 2.128371988874278031e-06 1.023399249788781162e-06 1.255982169823255390e-06 1.093064724955183920e-06 1.199516873384709470e-06 1.253246750820835587e-06
6.520000000000000000e+02 1.411419323271481847e-02 7.572620175778865814e-03 2.118904603776172735e-06 1.011696781461068895e-06 1.259051373381225858e-06 1.092357138077204581e-06 1.186729036817268934e-06 1.247960199179942720e-06
6.530000000000000000e+02 1.407099756337225512e-02 7.554451934993267059e-03 2.109640035996562801e-06 1.008238882604928222e-06 1.255386905540945008e-06 1.078895934369938914e-06 1.189870886264543515e-06 1.246385181730147451e-06
6.540000000000000000e+02 1.402799988777600135e-02 7.536351215094327927e-03 2.095227273457567208e-06 1.002609792521980125e-06 1.252014044439420104e-06 1.074430656444747001e-06 1.181216134682472330e-06 1.224854486281401478e-06
6.550000000000000000e+02 1.398519899772740493e-02 7.518310099840164185e-03 2.077279077639104798e-06 9.954455890692770481e-07 1.250654122486594133e-06 1.063290369529568125e-06 1.175777583739545662e-06 1.224953621203894727e-06
6.560000000000000000e+02 1.394259369422962483e-02 7.500334177166223526e-03 2.059235839624307118e-06 9.829842610997729935e-07 1.241900122295191977e-06 1.067906509888416622e-06 1.168194216916162986e-06 1.217302838085743133e-06
6.570000000000000000e+02 1.390018278740365494e-02 7.482393179088830948e-03 2.050418970611644909e-06 9.843162160905194469e-07 1.231096348419669084e-06 1.065444052983366419e-06 1.160389160759223159e-06 1.205285684591217432e-06
6.580000000000000000e+02 1.385796509640524303e-02 7.464529480785131454e-03 2.031376197919598781e-06 9.816495776249212213e-07 1.226825361300143413e-06 1.060356225934810936e-06 1.155374093286809511e-06 1.201805730488558766e-06
6.590000000000000000e+02 1.381593944934270644e-02 7.446695119142532349e-03 2.015516429310082458e-06 9.721912874738336541e-07 1.221178649757348467e-06 1.051841877597325947e-06 1.149133936451107729e-06 1.195809431919769850e-06
6.600000000000000000e+02 1.377410468319559267e-02 7.428941316902637482e-03 2.006225713557796553e-06 9.785578640730818734e-07 1.215160637002554722e-06 1.045328303916903678e-06 1.148114961324608885e-06 1.190789134852821007e-06
6.610000000000000000e+02 1.373245964373422112e-02 7.411241531372070312e-03 1.994101467062137090e-06 9.743613418322638609e-07 1.208081584991305135e-06 1.043886641127755865e-06 1.136735590989701450e-06 1.184909024232183583e-06
6.620000000000000000e+02 1.369100318544007495e-02 7.393584586679935455e-03 1.968192009371705353e-06 9.704490366857498884e-07 1.203640294988872483e-06 1.029332906909985468e-06 1.134481180997681804e-06 1.190162493003299460e-06
6.630000000000000000e+02 1.364973417142701165e-02 7.375989109277725220e-03 1.963042450370267034e-06 9.651330401538871229e-07 1.198654899781104177e-06 1.035746890920563601e-06 1.132749048338155262e-06 1.180760932584234979e-06
6.640000000000000000e+02 1.360865147336333229e-02 7.358448114246129990e-03 1.945949179571471177e-06 9.625759957998525351e-07 1.195973595713439863e-06 1.028579049489053432e-06 1.131766907747078221e-06 1.179465812128910329e-06
6.650000000000000000e+02 1.356775397139465232e-02 7.340954151004552841e-03 1.938370814968948252e-06 9.572090675646904856e-07 1.185642531709163450e-06 1.022304445541522000e-06 1.120943352361791767e-06 1.173187570202571806e-06
6.660000000000000000e+02 1.352704055406758060e-02 7.323518861085176468e-03 1.920625891216332093e-06 9.511379062132618856e-07 1.172176439467875753e-06 1.023870595417974982e-06 1.108336505240004044e-06 1.165144908554793801e-06
6.670000000000000000e+02 1.348651011825421561e-02 7.306143641471862793e-03 1.911202616611262783e-06 9.477113849243323784e-07 1.169126562672317959e-06 1.016072474158136174e-06 1.103147383219038602e-06 1.150919160863850266e-06
6.680000000000000000e+02 1.344616156907741354e-02 7.288819644600152969e-03 1.897668994388368446e-06 9.401742318004835397e-07 1.171169856206688564e-06 1.002551016426878050e-06 1.113406597141874954e-06 1.147074499385780655e-06
6.690000000000000000e+02 1.340599381983684918e-02 7.271553389728069305e-03 1.883579329842177685e-06 9.305131811743194703e-07 1.167248456113156863e-06 9.983172049032873474e-07 1.109751451622287277e-06 1.137282424679142423e-06
6.700000000000000000e+02 1.336600579193584354e-02 7.254330907016992569e-03 1.863361944742791820e-06 9.373874831908324268e-07 1.163202455245482270e-06 1.006337242870358750e-06 1.102566670851956587e-06 1.132969487116497476e-06
6.710000000000000000e+02 1.332619641480895824e-02 7.237157784402370453e-03 1.857798565652046818e-06 9.297405085817445070e-07 1.159036855824524537e-06 1.005867829917406198e-06 1.093480364033894148e-06 1.131072394855436869e-06
6.720000000000000000e+02 1.328656462585033927e-02 7.220047991722822189e-03 1.843080781327444129e-06 9.202894375448522624e-07 1.152295226347632706e-06 9.953669177775736898e-07 1.090823502636339981e-06 1.122359549299289938e-06
6.730000000000000000e+02 1.324710937034281368e-02 7.202977314591407776e-03 1.826146217354107648e-06 9.150422783932299353e-07 1.155595100499340333e-06 9.833706826611887664e-07 1.089420493372017518e-06 1.126707161347439978e-06
6.740000000000000000e+02 1.320782960138770258e-02 7.185977883636951447e-03 1.825916797315585427e-06 9.060875072464114055e-07 1.142964151767955627e-06 9.895038601825945079e-07 1.077838987839641050e-06 1.111916390073020011e-06
6.750000000000000000e+02 1.316872427983539068e-02 7.169020827859640121e-03 1.803018790269561578e-06 9.060553907147550490e-07 1.150277739725424908e-06 9.771771374289528467e-07 1.074719762073073070e-06 1.108999526877596509e-06
6.760000000000000000e+02 1.312979237421658951e-02 7.152113597840070724e-03 1.789210955394082703e-06 8.993413302960107103e-07 1.129495444729400333e-06 9.679592949396464974e-07 1.068698566086823121e-06 1.103835984395118430e-06
6.770000000000000000e+02 1.309103286067431898e-02 7.135263178497552872e-03 1.782683398232620675e-06 9.004997991723939776e-07 1.138032644121267367e-06 9.740545010572532192e-07 1.059876240105950274e-06 1.100835106626618654e-06
6.780000000000000000e+02 1.305244472289659834e-02 7.118468638509511948e-03 1.768414790603856090e-06 8.979374115369864739e-07 1.123027800531417597e-06 9.631432931200833991e-07 1.055611619449337013e-06 1.089214947569416836e-06
6.790000000000000000e+02 1.301402695204981717e-02 7.101708091795444489e-03 1.767496883076091763e-06 8.973121339295175858e-07 1.126263100559299346e-06 9.662961701906169765e-07 1.049345883075147867e-06 1.090442196982621681e-06
6.800000000000000000e+02 1.297577854671280208e-02 7.085009012371301651e-03 1.749480247781320941e-06 8.845972843118943274e-07 1.121651280300284270e-06 9.509784035799384583e-07 1.048097942657477688e-06 1.080099536920897663e-06
6.810000000000000000e+02 1.293769851281155632e-02 7.068353239446878433e-03 1.739672939038428012e-06 8.816091394692193717e-07 1.116663042921572924e-06 9.493939501226122957e-07 1.033366743286023848e-06 1.074230908670870122e-06
6.820000000000000000e+02 1.289978586355466569e-02 7.051768712699413300e-03 1.728996835481666494e-06 8.738833230381715111e-07 1.099270207305380609e-06 9.404200227436376736e-07 1.031333908940723632e-06 1.063109152710239869e-06
6.830000000000000000e+02 1.286203961936937396e-02 7.035208866000175476e-03 1.723455625324277207e-06 8.655054557493713219e-07 1.096830487767874729e-06 9.411161272510071285e-07 1.037738229570095427e-06 1.053775918080646079e-06
6.840000000000000000e+02 1.282445880783830879e-02 7.018711883574724197e-03 1.701373662399419118e-06 8.633178367745131254e-07 1.095579818866099231e-06 9.316896125710627530e-07 1.028776978273526765e-06 1.058028374245623127e-06
6.850000000000000000e+02 1.278704246363684786e-02 7.002264261245727539e-03 1.702092504274332896e-06 8.596275620220694691e-07 1.086949282580462750e-06 9.218086347573262174e-07 1.014899908113875426e-06 1.055786015058401972e-06
6.860000000000000000e+02 1.274978962847113026e-02 6.985875312238931656e-03 1.683553364273393527e-06 8.515145850651606452e-07 1.085142912415903993e-06 9.179904054690268822e-07 1.013856262943590991e-06 1.041292421177786309e-06
6.870000000000000000e+02 1.271269935101669753e-02 6.969523150473833084e-03 1.683419213804882020e-06 8.518552476743934676e-07 1.088534304471977521e-06 9.181845825878554024e-07 1.009829475151491351e-06 1.039031644722854253e-06
6.880000000000000000e+02 1.267577068685776104e-02 6.953211966902017593e-03 1.672856228651653510e-06 8.381647944588621613e-07 1.066497816282208078e-06 9.079139431378280278e-07 1.009171228361083195e-06 1.031126657835557126e-06
6.890000000000000000e+02 1.263900269842707647e-02 6.936969701200723648e-03 1.659885811022832058e-06 8.304307925754983444e-07 1.072369514076854102e-06 9.083111081054084934e-07 9.993740377467474900e-07 1.032281716106808744e-06
6.900000000000000000e+02 1.260239445494643930e-02 6.920767948031425476e-03 1.644615849727415480e-06 8.348570759153517429e-07 1.067195512405305635e-06 8.937888082982681226e-07 9.964858236344298348e-07 1.018780494632665068e-06
6.910000000000000000e+02 1.256594503236778057e-02 6.904602516442537308e-03 1.641482640479807742e-06 8.215662319344119169e-07 1.055627990353968926e-06 8.912907674130110536e-07 9.968930498871486634e-07 1.011902327263669576e-06
6.920000000000000000e+02 1.252965351331484546e-02 6.888500880450010300e-03 1.627996311981405597e-06 8.267102771242207382e-07 1.047787463903659955e-06 8.892175173969008029e-07 9.945132433131220751e-07 1.002607973532576580e-06
6.930000000000000000e+02 1.249351898702548078e-02 6.872446276247501373e-03 1.627173332963138819e-06 8.157932143149082549e-07 1.042929966388328467e-06 8.813062208901101258e-07 9.784587291505886242e-07 1.001457917482184712e-06
6.940000000000000000e+02 1.245754054929448795e-02 6.856444291770458221e-03 1.621569140297651757e-06 8.096689043668447994e-07 1.041513655763992574e-06 8.824317774269729853e-07 9.740130053614848293e-07 9.925181529979454353e-07
6.950000000000000000e+02 1.242171730241705893e-02 6.840475369244813919e-03 1.607411945769854356e-06 8.033929930206795689e-07 1.041599034579121508e-06 8.784439273767929990e-07 9.811417385208187625e-07 9.822077799981343560e-07
6.960000000000000000e+02 1.238604835513277928e-02 6.824572104960680008e-03 1.599826532583392691e-06 8.057107265813101549e-07 1.033444732456700876e-06 8.635094559394929092e-07 9.721378546601044945e-07 9.803381999518023804e-07
6.970000000000000000e+02 1.235053282257018645e-02 6.808701902627944946e-03 1.595321691638673656e-06 7.911843908914306667e-07 1.028031988425937016e-06 8.687053991707216483e-07 9.632216233512735926e-07 9.682985364634077996e-07
6.980000000000000000e+02 1.231516982619190390e-02 6.792879197746515274e-03 1.584238248142355587e-06 7.934871177894819994e-07 1.012514871945313644e-06 8.576993764108920004e-07 9.545634611640707590e-07 9.760843795447726734e-07
6.990000000000000000e+02 1.227995849374029051e-02 6.777112372219562531e-03 1.574641942170273978e-06 7.894612963355029933e-07 1.005403078124800231e-06 8.515277158949174918e-07 9.498340318714326713e-07 9.663880291554960422e-07
7.000000000000000000e+02 1.224489795918367284e-02 6.761389318853616714e-03 1.565928187119425274e-06 7.741899707980337553e-07 1.017073714137950446e-06 8.472483727928192820e-07 9.476293030274973717e-07 9.602833870303584263e-07
7.010000000000000000e+02 1.220998736266308039e-02 6.745695602148771286e-03 1.563263140269555151e-06 7.766628300487354863e-07 9.985110409616027027e-07 8.375818651984445751e-07 9.396125051353010349e-07 9.574717978466651402e-07
7.020000000000000000e+02 1.217522585043952568e-02 6.730069406330585480e-03 1.553449692437425256e-06 7.650266979908337817e-07 9.958957889466546476e-07 8.460367553198011592e-07 9.330790931016963441e-07 9.555844826536485925e-07
7.030000000000000000e+02 1.214061257484181852e-02 6.714488379657268524e-03 1.541762685519643128e-06 7.561455959148588590e-07 9.877807087832479738e-07 8.350205575879954267e-07 9.325803489446116146e-07 9.322506571152189281e-07
7.040000000000000000e+02 1.210614669421487648e-02 6.698940880596637726e-03 1.533508111606352031e-06 7.573431730634183623e-07 9.876749800241668709e-07 8.278894370050693396e-07 9.211445330947753973e-07 9.279771120418445207e-07
7.050000000000000000e+02 1.207182737286856787e-02 6.683446001261472702e-03 1.533057229607948102e-06 7.602891400892985985e-07 9.819217439144267701e-07 8.239197200055059511e-07 9.101350428863952402e-07 9.241123279934981838e-07
7.060000000000000000e+02 1.203765378102705265e-02 6.668003275990486145e-03 1.524777871964033693e-06 7.465492899427772500e-07 9.749024911798187532e-07 8.170723049261141568e-07 9.165672167910088319e-07 9.229397051058185752e-07
7.070000000000000000e+02 1.200362509477862286e-02 6.652598734945058823e-03 1.513400661679042969e-06 7.500448759856226388e-07 9.755942755873547867e-07 8.111908869068429340e-07 9.017268212119233795e-07 9.183468137052841485e-07
7.080000000000000000e+02 1.196974049602604617e-02 6.637237034738063812e-03 1.511337245574395638e-06 7.413371463371731807e-07 9.579474635756923817e-07 8.064584449130052235e-07 9.018741593536105938e-07 9.077988352146348916e-07
7.090000000000000000e+02 1.193599917243738998e-02 6.621927022933959961e-03 1.504074703007063363e-06 7.353127102760481648e-07 9.628572570363758132e-07 7.987543426679621916e-07 8.840951295496779494e-07 9.036135111273324583e-07
7.100000000000000000e+02 1.190240031739734153e-02 6.606658454984426498e-03 1.501954784544068389e-06 7.404324264825845603e-07 9.554455573379527777e-07 8.012397643142321613e-07 8.879093229552381672e-07 8.931298225434147753e-07
7.110000000000000000e+02 1.186894312995899307e-02 6.591438781470060349e-03 1.495623905611864757e-06 7.258166760948370211e-07 9.475181173002056312e-07 7.850332508496649098e-07 8.837745895107218530e-07 8.914226441447681282e-07
7.120000000000000000e+02 1.183562681479611092e-02 6.576259154826402664e-03 1.489018700340238865e-06 7.165568831624113955e-07 9.418178024134249426e-07 7.797290777489251923e-07 8.747692845645360649e-07 8.776199820204055868e-07
7.130000000000000000e+02 1.180245058215587464e-02 6.561121903359889984e-03 1.480955575061670970e-06 7.224811611195036676e-07 9.292868980992352590e-07 7.796519412295310758e-07 8.681564622747828253e-07 8.825151098790229298e-07
7.140000000000000000e+02 1.176941364781206555e-02 6.546037737280130386e-03 1.461481929254659917e-06 7.094798775142407976e-07 9.287700777349527925e-07 7.698872082073648926e-07 8.685700549904140644e-07 8.779036875239398796e-07
7.150000000000000000e+02 1.173651523301872876e-02 6.530976854264736176e-03 1.469807557441527024e-06 7.115940547919308301e-07 9.151562494480458554e-07 7.705272082603187300e-07 8.608247981101158075e-07 8.620255016467126552e-07
7.160000000000000000e+02 1.170375456446427938e-02 6.515983492136001587e-03 1.468007440053042956e-06 7.161986559367505834e-07 9.041086741490289569e-07 7.616640687047038227e-07 8.534570952178910375e-07 8.575036645197542384e-07
7.170000000000000000e+02 1.167113087422605791e-02 6.501030176877975464e-03 1.449605406378395855e-06 6.973085646677645855e-07 9.062602543963294011e-07 7.586559718220087234e-07 8.491441576552460901e-07 8.568086400373431388e-07
7.180000000000000000e+02 1.163864339972532809e-02 6.486108060926198959e-03 1.448958300898084417e-06 6.959684242247021757e-07 8.975359264695725869e-07 7.648334872101258952e-07 8.546892331651179120e-07 8.509140911883150693e-07
7.190000000000000000e+02 1.160629138368271529e-02 6.471234839409589767e-03 1.440974870092759375e-06 6.902884024384547956e-07 8.946149137045722455e-07 7.463241900040884502e-07 8.483103783873957582e-07 8.489345191264874302e-07
7.200000000000000000e+02 1.157407407407407343e-02 6.456408184021711349e-03 1.435960712115047500e-06 6.810927857259230223e-07 8.787207548266451340e-07 7.514876756431476679e-07 8.371277999685844406e-07 8.434429332737636287e-07
7.210000000000000000e+02 1.154199072408678729e-02 6.441636011004447937e-03 1.433775082659849431e-06 6.833273005213413853e-07 8.770444992478587665e-07 7.399667083518579602e-07 8.210027431232447270e-07 8.382601777157105971e-07
7.220000000000000000e+02 1.151004059207648769e-02 6.426894105970859528e-03 1.421641968590847682e-06 6.769025162611796986e-07 8.753367524150235113e-07 7.305462190743128303e-07 8.268671649602765683e-07 8.399094895139569417e-07
7.230000000000000000e+02 1.147822294152419341e-02 6.412188522517681122e-03 1.418534225194889586e-06 6.695626098007778637e-07 8.715019248484168202e-07 7.335349891945952550e-07 8.183323529920016881e-07 8.319547077917377464e-07
7.240000000000000000e+02 1.144653704099386424e-02 6.397529039531946182e-03 1.416821532984613441e-06 6.617391363761271350e-07 8.628040859548491426e-07 7.284630783033207990e-07 8.079969120444729924e-07 8.178470238817681093e-07
7.250000000000000000e+02 1.141498216409036863e-02 6.382906809449195862e-03 1.409705532751104329e-06 6.627219022448116448e-07 8.628151704215270001e-07 7.221314035632531159e-07 8.073408821474004071e-07 8.180915642697073054e-07
7.260000000000000000e+02 1.138355758941784514e-02 6.368338130414485931e-03 1.397213168274902273e-06 6.634437568209250458e-07 8.509522899657895323e-07 7.195061471065855585e-07 8.074518405010167044e-07 8.124053465508040972e-07
7.270000000000000000e+02 1.135226260053847497e-02 6.353806704282760620e-03 1.385378482154919766e-06 6.594308956664463039e-07 8.509310305271355901e-07 7.119273846001306083e-07 7.987378012330736965e-07 8.123275847538025118e-07
7.280000000000000000e+02 1.132109648593165006e-02 6.339321844279766083e-03 1.374636553919117432e-06 6.517879000966786407e-07 8.464081702186376788e-07 7.061072437863913365e-07 7.942839488350728061e-07 8.003121365618426353e-07
7.290000000000000000e+02 1.129005853895352456e-02 6.324866786599159241e-03 1.381637389386014547e-06 6.420080467250954825e-07 8.351129281436442398e-07 7.096916192494973075e-07 7.888514232945453841e-07 8.044571586651727557e-07
7.300000000000000000e+02 1.125914805779696000e-02 6.310458760708570480e-03 1.372587689729698468e-06 6.362574254126229789e-07 8.358397849406173918e-07 6.978563646953261923e-07 7.774665391480084509e-07 7.963990356074646115e-07
7.310000000000000000e+02 1.122836434545185745e-02 6.296086590737104416e-03 1.366204173791629728e-06 6.378801913342613261e-07 8.275737286567164119e-07 6.953969204914756119e-07 7.797763714734173845e-07 7.845467280276352540e-07
7.320000000000000000e+02 1.119770670966586078e-02 6.281768903136253357e-03 1.360057012789184228e-06 6.385760684679553378e-07 8.263505719696695451e-07 6.920362807250057813e-07 7.777314294798998162e-07 7.883692205723491497e-07
7.330000000000000000e+02 1.116717446290543814e-02 6.267477758228778839e-03 1.359467432848759927e-06 6.311125844149501063e-07 8.121314749587327242e-07 6.865948307677172124e-07 7.678576707803586032e-07 7.791188636474544182e-07
7.340000000000000000e+02 1.113676692231733815e-02 6.253234576433897018e-03 1.351933178739272989e-06 6.278763180489477236e-07 8.160623110597953200e-07 6.837071282461693045e-07 7.721409929217770696e-07 7.791286975589173380e-07
7.350000000000000000e+02 1.110648340969040693e-02 6.239033769816160202e-03 1.344069801234581973e-06 6.247722694752155803e-07 8.080597808657330461e-07 6.837220212219108362e-07 7.655722811250598170e-07 7.726034141342097428e-07
7.360000000000000000e+02 1.107632325141776931e-02 6.224887445569038391e-03 1.337375238108506892e-06 6.176305191729625221e-07 7.999424269655719399e-07 6.702923087686940562e-07 7.630325171703589149e-07 7.689833978474780452e-07
7.370000000000000000e+02 1.104628577845937452e-02 6.210758350789546967e-03 1.327253698946151417e-06 6.149600721983006224e-07 7.861117410357110202e-07 6.714404321428446565e-07 7.491589144592580851e-07 7.570255320388241671e-07
7.380000000000000000e+02 1.101637032630488865e-02 6.196679547429084778e-03 1.311988853558432311e-06 6.022798402227635961e-07 7.953576073305157479e-07 6.686130404887080658e-07 7.516223377024289221e-07 7.575526979053393006e-07
7.390000000000000000e+02 1.098657623493694627e-02 6.182640790939331055e-03 1.311456344410544261e-06 5.997129051138472278e-07 7.866782425480778329e-07 6.626152639910287689e-07 7.475327947759069502e-07 7.626391607118421234e-07
7.400000000000000000e+02 1.095690284879474036e-02 6.168633699417114258e-03 1.305877617596706841e-06 6.050585170669364743e-07 7.798004162395955063e-07 6.625402875215513632e-07 7.495269187529629562e-07 7.552854413006571122e-07
7.410000000000000000e+02 1.092734951673796778e-02 6.154675502330064774e-03 1.302321493312774692e-06 6.010897664054937195e-07 7.746546657472208608e-07 6.507380021503195167e-07 7.343758738898031879e-07 7.452698582710581832e-07
7.420000000000000000e+02 1.089791559201110094e-02 6.140747107565402985e-03 1.285508687942638062e-06 5.998290930619987193e-07 7.628430580552958418e-07 6.500058589153923094e-07 7.308088925128686242e-07 7.487081461476918776e-07
7.430000000000000000e+02 1.086860043220800980e-02 6.126869004219770432e-03 1.289607894250366371e-06 5.929820190431200899e-07 7.670032573514617980e-07 6.378845114340947475e-07 7.280576141965866555e-07 7.364117209363030270e-07
7.440000000000000000e+02 1.083940339923690661e-02 6.113031879067420959e-03 1.269501467504596803e-06 5.956413247076852713e-07 7.692399321967968717e-07 6.455819629991310649e-07 7.280770546458370518e-07 7.330845619435422122e-07
7.450000000000000000e+02 1.081032385928561851e-02 6.099222693592309952e-03 1.270532266062218696e-06 5.898926929148728959e-07 7.664320378353295382e-07 6.414995823433855549e-07 7.224446108011761680e-07 7.265243766596540809e-07
7.460000000000000000e+02 1.078136118278719829e-02 6.085459142923355103e-03 1.268119831365766004e-06 5.924140396018628962e-07 7.569234412585501559e-07 6.369245397763734218e-07 7.298735908989328891e-07 7.345272479142295197e-07
7.470000000000000000e+02 1.075251474438584411e-02 6.071723066270351410e-03 1.254330754818511195e-06 5.849463491358619649e-07 7.550003147116512991e-07 6.367224045789043885e-07 7.156933747864968609e-07 7.151679710659664124e-07
7.480000000000000000e+02 1.072378392290314342e-02 6.058037746697664261e-03 1.242397047462873161e-06 5.820791102451039478e-07 7.438173383889079560e-07 6.244354722184652928e-07 7.122433771655778401e-07 7.156646688599721529e-07
7.490000000000000000e+02 1.069516810130463277e-02 6.044390145689249039e-03 1.240206415786815342e-06 5.781537879556708504e-07 7.429696893268555868e-07 6.173831934574991465e-07 7.029209996289864648e-07 7.186940820247400552e-07
7.500000000000000000e+02 1.066666666666666631e-02 6.030783988535404205e-03 1.229468693964008708e-06 5.777762908110162243e-07 7.399221999548899475e-07 6.136750698715331964e-07 7.048587349345325492e-07 7.113898163879639469e-07
7.510000000000000000e+02 1.063827901014359825e-02 6.017205305397510529e-03 1.219904447680164594e-06 5.740468509429774713e-07 7.367136163338727783e-07 6.149953719614131842e-07 6.993283818701456767e-07 7.060730240482371300e-07
7.520000000000000000e+02 1.061000452693526552e-02 6.003663409501314163e-03 1.209921151712478604e-06 5.757930239269626327e-07 7.363656777670257725e-07 6.195444370860059280e-07 6.975981818868604023e-07 7.023535886219178792e-07
7.530000000000000000e+02 1.058184261625476873e-02 5.990171339362859726e-03 1.195317054225597531e-06 5.682071559931500815e-07 7.250176281559106428e-07 6.094250579735671636e-07 6.862629220449889544e-07 6.985442837503796909e-07
7.540000000000000000e+02 1.055379268129656885e-02 5.976713728159666061e-03 1.187572252092650160e-06 5.638036668642598670e-07 7.254167257997323759e-07 6.070715699024731293e-07 6.914411869729519822e-07 6.979386739658366423e-07
7.550000000000000000e+02 1.052585412920485977e-02 5.963290575891733170e-03 1.190812554341391660e-06 5.632792294818500523e-07 7.223154625535244122e-07 6.043082407813926693e-07 6.863127737233298831e-07 7.000950859037402552e-07
7.560000000000000000e+02 1.049802637104224438e-02 5.949907936155796051e-03 1.169594725070055574e-06 5.542379994949442334e-07 7.180852321653219406e-07 6.035365913703572005e-07 6.820079079261631705e-07 6.874469704598595854e-07
7.570000000000000000e+02 1.047030882175869863e-02 5.936568602919578552e-03 1.165582716566859744e-06 5.544215468944457825e-07 7.126527066247945186e-07 5.964932370261522010e-07 6.799349989705660846e-07 6.870965307825827040e-07
7.580000000000000000e+02 1.044270090016081835e-02 5.923253949731588364e-03 1.161357090495584998e-06 5.512716825251118280e-07 7.091908855727524497e-07 5.971792234049644321e-07 6.705801638418051880e-07 6.842461743872263469e-07
7.590000000000000000e+02 1.041520202888135578e-02 5.909970030188560486e-03 1.146853605860087555e-06 5.529457780539814848e-07 7.130864219107024837e-07 5.918498118262505159e-07 6.758614858881628606e-07 6.802262078053900041e-07
7.600000000000000000e+02 1.038781163434903017e-02 5.896744318306446075e-03 1.137824369834561367e-06 5.496131052495911717e-07 7.035268367872049566e-07 5.916108420933596790e-07 6.630417601627414115e-07 6.743155154254054651e-07
7.610000000000000000e+02 1.036052914675862288e-02 5.883547477424144745e-03 1.121705395235039759e-06 5.549648562919173855e-07 7.009046498751558829e-07 5.859552061338035855e-07 6.542209121107589453e-07 6.785925279473303817e-07
7.620000000000000000e+02 1.033335400004133271e-02 5.870385095477104187e-03 1.118132445299124811e-06 5.452394020721840207e-07 6.988042287048301660e-07 5.774711553385714069e-07 6.541912398461136036e-07 6.717691007906978484e-07
7.630000000000000000e+02 1.030628563183542956e-02 5.857250653207302094e-03 1.114961378334555775e-06 5.461976684273395222e-07 6.927824074409727473e-07 5.826651090501400176e-07 6.500318363578116987e-07 6.658556230831891298e-07
7.640000000000000000e+02 1.027932348345714231e-02 5.844161845743656158e-03 1.110013727156911045e-06 5.384248424888937734e-07 6.908733780619513709e-07 5.796396749246923719e-07 6.427605967473937199e-07 6.569000561285065487e-07
7.650000000000000000e+02 1.025246699987184332e-02 5.831113550812005997e-03 1.101236421163775958e-06 5.346784632820344996e-07 6.883520882183802314e-07 5.729663143938523717e-07 6.454206413764040917e-07 6.623909030167851597e-07
7.660000000000000000e+02 1.022571562966548275e-02 5.818092264235019684e-03 1.095297989195387345e-06 5.391501645135576837e-07 6.829449148426647298e-07 5.732844101657974534e-07 6.483588208539003972e-07 6.505581495730439201e-07
7.670000000000000000e+02 1.019906882501627615e-02 5.805115681141614914e-03 1.081713094208680559e-06 5.370687290451314766e-07 6.842272455287456978e-07 5.769617814621597063e-07 6.472615154962113593e-07 6.507360694740782492e-07
7.680000000000000000e+02 1.017252604166666609e-02 5.792167037725448608e-03 1.077613774214114528e-06 5.268819904813426547e-07 6.781216370654874481e-07 5.641856546390044969e-07 6.486463348664983641e-07 6.459090968746750150e-07
7.690000000000000000e+02 1.014608673889553017e-02 5.779256112873554230e-03 1.060711497302690987e-06 5.249357855063863099e-07 6.717465907968289685e-07 5.622981689157313667e-07 6.438397122110472992e-07 6.457211725319211837e-07
7.700000000000000000e+02 1.011975037949063884e-02 5.766381509602069855e-03 1.059408646142401267e-06 5.313519864103000145e-07 6.762716111552435905e-07 5.584063274000072852e-07 6.339025730994762853e-07 6.507692660306929611e-07
7.710000000000000000e+02 1.009351642972136816e-02 5.753548815846443176e-03 1.051556296260969248e-06 5.210349058870633598e-07 6.736908630955440458e-07 5.561033162848616485e-07 6.233211138351180125e-07 6.474451197391317692e-07
7.720000000000000000e+02 1.006738435931165895e-02 5.740740802139043808e-03 1.038747768689063378e-06 5.162516458767640870e-07 6.695312890769855585e-07 5.655745667354494799e-07 6.315738687590055633e-07 6.363252964547427837e-07
7.730000000000000000e+02 1.004135364141322054e-02 5.727973766624927521e-03 1.036460730574617628e-06 5.127769213686406147e-07 6.691378189316310454e-07 5.506797720045142341e-07 6.269722803153854329e-07 6.318235250546422321e-07
7.740000000000000000e+02 1.001542375257897209e-02 5.715236067771911621e-03 1.026315089802665170e-06 5.127629378876008559e-07 6.563976739926147275e-07 5.526841846403840464e-07 6.240892389541841112e-07 6.264490934881905559e-07
7.750000000000000000e+02 9.989594172736732114e-03 5.702551454305648804e-03 1.017486169985204469e-06 5.126788664711057208e-07 6.564562227140413597e-07 5.506158231582958251e-07 6.210901233316690195e-07 6.255501716623257380e-07
7.760000000000000000e+02 9.963864385163142059e-03 5.689883138984441757e-03 1.017229578792466782e-06 5.087256909064308275e-07 6.586860195056942757e-07 5.455801215248357039e-07 6.134887939879263286e-07 6.309142577265447471e-07
7.770000000000000000e+02 9.938233876457815488e-03 5.677249282598495483e-03 1.004744035526528023e-06 5.057536895947123412e-07 6.547983844029658940e-07 5.424548135124496184e-07 6.192643127178598661e-07 6.253504238884488586e-07
7.780000000000000000e+02 9.912702136517733548e-03 5.664651282131671906e-03 1.004627733891538810e-06 5.064311494606954511e-07 6.520858164549281355e-07 5.404500029726477806e-07 6.173261795083817560e-07 6.217939017005846836e-07
7.790000000000000000e+02 9.887268658511867703e-03 5.652087740600109100e-03 9.982027222577016801e-07 5.119596835356787778e-07 6.510189223263296299e-07 5.377859224608982913e-07 6.150755211820069235e-07 6.136024808256479446e-07
7.800000000000000000e+02 9.861932938856015837e-03 5.639572162181138992e-03 9.868668939816416241e-07 5.053341851635195781e-07 6.492902571153535973e-07 5.308622803568141535e-07 5.997720791128813289e-07 6.055958010620088317e-07
7.810000000000000000e+02 9.836694477187886421e-03 5.627084057778120041e-03 9.883115126285701990e-07 5.001379008717776742e-07 6.468346214205666911e-07 5.313335691425891127e-07 6.048134082448086701e-07 6.105433953962347005e-07
7.820000000000000000e+02 9.811552776342383902e-03 5.614614579826593399e-03 9.870215080809430219e-07 4.940154667565366253e-07 6.485973358394403476e-07 5.203858108870917931e-07 5.984035738038073760e-07 5.994909315631957725e-07
7.830000000000000000e+02 9.786507342327133499e-03 5.602210760116577148e-03 9.754653547133784741e-07 4.921234904031734914e-07 6.408074568753363565e-07 5.231671025285322685e-07 5.957175517323776148e-07 6.049284593245829456e-07
7.840000000000000000e+02 9.761557684298208942e-03 5.589805077761411667e-03 9.743645250637200661e-07 4.975519800609617960e-07 6.335251896416593809e-07 5.228590111983066890e-07 5.882104687771061435e-07 6.044595579624001402e-07
7.850000000000000000e+02 9.736703314536087478e-03 5.577463656663894653e-03 9.688911859484505840e-07 4.919797902402933687e-07 6.306709110504016280e-07 5.209158189245499671e-07 5.868928383279126137e-07 5.901112558603927027e-07
7.860000000000000000e+02 9.711943748421809561e-03 5.565128754824399948e-03 9.671962288848590106e-07 4.900720682599057909e-07 6.257133691178751178e-07 5.201913495511689689e-07 5.819511557092482690e-07 5.872591373190516606e-07
7.870000000000000000e+02 9.687278504413362329e-03 5.552843678742647171e-03 9.681515393822337501e-07 4.842959810957836453e-07 6.232509690562437754e-07 5.113329848427383695e-07 5.865035177521349397e-07 5.820945148116152268e-07
7.880000000000000000e+02 9.662707104022262572e-03 5.540590733289718628e-03 9.529020985610259231e-07 4.839906750930822454e-07 6.173120823405042756e-07 5.104462843519286253e-07 5.812212293676566333e-07 5.829042493132874370e-07
7.890000000000000000e+02 9.638229071790349600e-03 5.528361536562442780e-03 9.522944424134038854e-07 4.747336106447619386e-07 6.205058866726176348e-07 5.117491923556372058e-07 5.844441375302267261e-07 5.765627406617568340e-07
7.900000000000000000e+02 9.613843935266784546e-03 5.516168661415576935e-03 9.485705732004134916e-07 4.785553073816117831e-07 6.143764039734378457e-07 5.075573881185846403e-07 5.691057936019205954e-07 5.801022666673816275e-07
7.910000000000000000e+02 9.589551224985256098e-03 5.504013504832983017e-03 9.371543683300842531e-07 4.673850924064026913e-07 6.119462909737194423e-07 5.154257110007165466e-07 5.734938213208806701e-07 5.709031256628804840e-07
7.920000000000000000e+02 9.565350474441383991e-03 5.491900723427534103e-03 9.450967581869917922e-07 4.776537707584793679e-07 6.106373575676116161e-07 5.097098210171679966e-07 5.664843456543167122e-07 5.653540711136884056e-07
7.930000000000000000e+02 9.541241220070318524e-03 5.479801911860704422e-03 9.409173458152508829e-07 4.631533272458909778e-07 6.073672125239681918e-07 4.967050699633546174e-07 5.661125896949670278e-07 5.634103672491619363e-07
7.940000000000000000e+02 9.517223001224549978e-03 5.467740818858146667e-03 9.228994031218462624e-07 4.657055683310318273e-07 6.060833470655779820e-07 5.006924652661837172e-07 5.667512255058682058e-07 5.706031060981331393e-07
7.950000000000000000e+02 9.493295360151893236e-03 5.455713253468275070e-03 9.275390198126842733e-07 4.592796756242023548e-07 6.137260015748324804e-07 5.006809828955738340e-07 5.613028406514786184e-07 5.573743919740081765e-07
7.960000000000000000e+02 9.469457841973687520e-03 5.443716887384653091e-03 9.248076935364224482e-07 4.642887745376356179e-07 6.066929927328601480e-07 4.933331183565314859e-07 5.575698764914704952e-07 5.514820031748968177e-07
7.970000000000000000e+02 9.445709994663173056e-03 5.431768484413623810e-03 9.160584681922046002e-07 4.647302205285086529e-07 6.028040502314979676e-07 4.877942387793154921e-07 5.484947678269236349e-07 5.462430294755904470e-07
7.980000000000000000e+02 9.422051369024063774e-03 5.419833119958639145e-03 9.121441735260304995e-07 4.613983435319823911e-07 5.873748705198522657e-07 4.896800760434416588e-07 5.471408712764969096e-07 5.450076514534885064e-07
7.990000000000000000e+02 9.398481518669300414e-03 5.407937336713075638e-03 9.075102980204974301e-07 4.503140189626719803e-07 5.867819368177151773e-07 4.922453058497922029e-07 5.536324465538200457e-07 5.518176635632698890e-07
8.000000000000000000e+02 9.374999999999999653e-03 5.396066233515739441e-03 9.108380822908657137e-07 4.529600516889331629e-07 5.889771159672818612e-07 4.855051543017907534e-07 5.530912403628462926e-07 5.433392971099237911e-07
8.010000000000000000e+02 9.351606372184581920e-03 5.384226329624652863e-03 9.112997645388531964e-07 4.551486370019119931e-07 5.905493480895529501e-07 4.754928681904857513e-07 5.562322940022568218e-07 5.383805614656012040e-07
8.020000000000000000e+02 9.328300197138077871e-03 5.372427403926849365e-03 8.981461974144622218e-07 4.469645205062988680e-07 5.776232683274429291e-07 4.775635602527472656e-07 5.442996098281582817e-07 5.331884267434361391e-07
8.030000000000000000e+02 9.305081039501620493e-03 5.360657349228858948e-03 8.980022130344877951e-07 4.445743115866207518e-07 5.780711376246472355e-07 4.622424967237748206e-07 5.429462817119201645e-07 5.309765924721432384e-07
8.040000000000000000e+02 9.281948466622114147e-03 5.348920356482267380e-03 8.948578056333644781e-07 4.415556986714364029e-07 5.683626795871532522e-07 4.718558841432241024e-07 5.327798362486646511e-07 5.324416179064428434e-07
8.050000000000000000e+02 9.258902048532078807e-03 5.337219685316085815e-03 8.981450037026661448e-07 4.408576046444068197e-07 5.695201821254158858e-07 4.664383936869853642e-07 5.309093467076309025e-07 5.220891239332559053e-07
8.060000000000000000e+02 9.235941357929671261e-03 5.325535312294960022e-03 8.924496341933263466e-07 4.278255403278308222e-07 5.683701260750240181e-07 4.572712839490122860e-07 5.335479613677307498e-07 5.171914949642086867e-07
8.070000000000000000e+02 9.213065970158879764e-03 5.313892848789691925e-03 8.879378583515062928e-07 4.226273517815570813e-07 5.627649102279974613e-07 4.581943642278929474e-07 5.347596925275865942e-07 5.214844804868334904e-07
8.080000000000000000e+02 9.190275463189883504e-03 5.302278790622949600e-03 8.929509931476786733e-07 4.254707164363935590e-07 5.634173589896818157e-07 4.572970340177562321e-07 5.308275490278901998e-07 5.165521770322811790e-07
8.090000000000000000e+02 9.167569417599594206e-03 5.290690809488296509e-03 8.833188189782958943e-07 4.217205287204706110e-07 5.580421884587849490e-07 4.674106719448900549e-07 5.344069791135552805e-07 5.072309932074858807e-07
8.100000000000000000e+02 9.144947416552355601e-03 5.279135424643754959e-03 8.709214966984291095e-07 4.142750356095348252e-07 5.559227247431408614e-07 4.517152660810097586e-07 5.313057727107661776e-07 5.095641313346277457e-07
8.110000000000000000e+02 9.122409045780809425e-03 5.267623811960220337e-03 8.699116733623668551e-07 4.146890546508075204e-07 5.497680035659868736e-07 4.534676918410696089e-07 5.177113280296907760e-07 5.046709361522516701e-07
8.120000000000000000e+02 9.099953893566940094e-03 5.256131757050752640e-03 8.829973694446380250e-07 4.202721584078972228e-07 5.489087016030680388e-07 4.461222715690382756e-07 5.172934720576449763e-07 5.078056233287497889e-07
8.130000000000000000e+02 9.077581550723256426e-03 5.244656000286340714e-03 8.720371056369913276e-07 4.183757766895723762e-07 5.458620648823853116e-07 4.461458615878655110e-07 5.117281034472398460e-07 5.055943006482266355e-07
8.140000000000000000e+02 9.055291610574165914e-03 5.233238451182842255e-03 8.655956094116845634e-07 4.116124614483851474e-07 5.536022626984049566e-07 4.393338315367145697e-07 5.114938517181144562e-07 4.967295694768836256e-07
8.150000000000000000e+02 9.033083668937484309e-03 5.221826490014791489e-03 8.659126820020901505e-07 4.087547722519957460e-07 5.350709670892683789e-07 4.287476542685908498e-07 5.038929771217226516e-07 4.943944986735004932e-07
8.160000000000000000e+02 9.010957324106113470e-03 5.210453644394874573e-03 8.661780270813324023e-07 4.047232096127117984e-07 5.291475986268778797e-07 4.326897169448784553e-07 5.066617632110137492e-07 4.895917982139508240e-07
8.170000000000000000e+02 8.988912176829880543e-03 5.199118983000516891e-03 8.648448783787898719e-07 4.011174326024047332e-07 5.329197847458999604e-07 4.290158983621950028e-07 5.016593718210060615e-07 4.830175157621852122e-07
8.180000000000000000e+02 8.966947830297522862e-03 5.187809932976961136e-03 8.597414762334665284e-07 3.953290388380992226e-07 5.233798674453282729e-07 4.338789949542842805e-07 4.925150278722867370e-07 4.880401434093073476e-07
8.190000000000000000e+02 8.945063890118835903e-03 5.176525563001632690e-03 8.562408311263425276e-07 3.960898879995511379e-07 5.333711214916547760e-07 4.301400338135863421e-07 4.962803927810455207e-07 4.883620476903161034e-07
8.200000000000000000e+02 8.923259964306960029e-03 5.165270529687404633e-03 8.488956382279866375e-07 3.996946134066092782e-07 5.242825409368379042e-07 4.240850159931142116e-07 4.929020747113099787e-07 4.787613647749822121e-07
8.210000000000000000e+02 8.901535663260840697e-03 5.154057405889034271e-03 8.488109983773028944e-07 3.891730386840208666e-07 5.170771828488796018e-07 4.270623605862056138e-07 4.824498773814411834e-07 4.832843387703178450e-07
8.220000000000000000e+02 8.879890599747811836e-03 5.142865702509880066e-03 8.516338994013494812e-07 3.939918258311081445e-07 5.251505399428424425e-07 4.199656871151091764e-07 4.852510642194829416e-07 4.767661607729678508e-07
8.230000000000000000e+02 8.858324388886345754e-03 5.131699144840240479e-03 8.434168421445065178e-07 3.934877099709410686e-07 5.100964131088403519e-07 4.175734602540615015e-07 4.847224772674962878e-07 4.727349107724876376e-07
8.240000000000000000e+02 8.836836648128947036e-03 5.120564252138137817e-03 8.389070558223465923e-07 3.861798631987767294e-07 5.121682988828979433e-07 4.229972887515032198e-07 4.843342367166769691e-07 4.778728452947689220e-07
8.250000000000000000e+02 8.815426997245178267e-03 5.109459627419710159e-03 8.317667834489839152e-07 3.853361647543351864e-07 4.962374191563867498e-07 4.104169590846140636e-07 4.825403152608487289e-07 4.645077638087968808e-07
8.260000000000000000e+02 8.794095058304850568e-03 5.098394583910703659e-03 8.347439575118187349e-07 3.845971718874352518e-07 5.014690600546600763e-07 4.059315301674359944e-07 4.807160394193488173e-07 4.658060390738683054e-07
8.270000000000000000e+02 8.772840455661333817e-03 5.087346304208040237e-03 8.224059229178237729e-07 3.898668694546358893e-07 5.021951210437691770e-07 4.099549641978228465e-07 4.657433407828648342e-07 4.608224060120846843e-07
8.280000000000000000e+02 8.751662815935028206e-03 5.076328292489051819e-03 8.256907335635332856e-07 3.782699877774575725e-07 5.031733962823636830e-07 3.993503412402787944e-07 4.729276383841352072e-07 4.631897354556713253e-07
8.290000000000000000e+02 8.730561767996962430e-03 5.065337289124727249e-03 8.201993182410660665e-07 3.748867527519905707e-07 4.897598842035222333e-07 4.046545143410185119e-07 4.649903928566345712e-07 4.645770843580976361e-07
8.300000000000000000e+02 8.709536942952532390e-03 5.054377485066652298e-03 8.101696380435896572e-07 3.778042412250215420e-07 4.875266199633188080e-07 4.064872030085098231e-07 4.689210584274405846e-07 4.608700407970900415e-07
8.310000000000000000e+02 8.688587974125385610e-03 5.043450742959976196e-03 8.150137773554888554e-07 3.710233045239874627e-07 4.862989158027630765e-07 4.029349440770602087e-07 4.609115649145678617e-07 4.568082090372627135e-07
8.320000000000000000e+02 8.667714497041420149e-03 5.032544489949941635e-03 7.987072763171454426e-07 3.703353570472245337e-07 4.818734282707737293e-07 4.017385606402967824e-07 4.596233509346348001e-07 4.503041850512090605e-07
8.330000000000000000e+02 8.646916149412946576e-03 5.021673627197742462e-03 8.073762387539318297e-07 3.666933423573937034e-07 4.771238195644400548e-07 4.054269879816274624e-07 4.629577574633003678e-07 4.469724217415205203e-07
8.340000000000000000e+02 8.626192571122957495e-03 5.010831635445356369e-03 7.938093631310039200e-07 3.589245238799776416e-07 4.843159899792226497e-07 4.001260549557628110e-07 4.536254323284083512e-07 4.459768661035923287e-07
8.350000000000000000e+02 8.605543404209544528e-03 5.000019911676645279e-03 7.912863679848669562e-07 3.611985164297948359e-07 4.761967602462391369e-07 3.955363752083940199e-07 4.588978583797143074e-07 4.469754060210107127e-07
8.360000000000000000e+02 8.584968292850438457e-03 4.989229608327150345e-03 7.968091608745453414e-07 3.596661599658546038e-07 4.798894224222749472e-07 3.926336376025574282e-07 4.457301372440269915e-07 4.420211894284875598e-07
8.370000000000000000e+02 8.564466883347679471e-03 4.978457931429147720e-03 7.808018835930852219e-07 3.611687304783117725e-07 4.758942395710619166e-07 3.920251288036524784e-07 4.478622486203676090e-07 4.418113235260534566e-07
8.380000000000000000e+02 8.544038824112417524e-03 4.967738408595323563e-03 7.805487030054791830e-07 3.514984996400016826e-07 4.682152621171553619e-07 3.829554202638973948e-07 4.470092846986517543e-07 4.321207143220817670e-07
8.390000000000000000e+02 8.523683765649839317e-03 4.957022145390510559e-03 7.799420700393966399e-07 3.541155990660627140e-07 4.622152971478499239e-07 3.891200037742237328e-07 4.483991631332173711e-07 4.323119924265483860e-07
8.400000000000000000e+02 8.503401360544218454e-03 4.946344997733831406e-03 7.752646524750161916e-07 3.535116661623760592e-07 4.663482968680909835e-07 3.787763773743790807e-07 4.391226582356466679e-07 4.319713013956061332e-07
8.410000000000000000e+02 8.483191263444090496e-03 4.935704637318849564e-03 7.702182642788102385e-07 3.537928421337710461e-07 4.659261492179211928e-07 3.872570744078984717e-07 4.377386915166425752e-07 4.333385277277557179e-07
8.420000000000000000e+02 8.463053131047556382e-03 4.925076849758625031e-03 7.674391895307053346e-07 3.443148841597576393e-07 4.525211920736182947e-07 3.729936963736690814e-07 4.361867809166142251e-07 4.347876938481931575e-07
8.430000000000000000e+02 8.442986622087696874e-03 4.914475604891777039e-03 7.656298635083658155e-07 3.509343571295175934e-07 4.554042618565290468e-07 3.751901829218695639e-07 4.354751297341863392e-07 4.296036593132157577e-07
8.440000000000000000e+02 8.422991397318118842e-03 4.903914872556924820e-03 7.501345749005849939e-07 3.393815291019564029e-07 4.553297969778213883e-07 3.702114952375268331e-07 4.308015775222884258e-07 4.263737025667069247e-07
8.450000000000000000e+02 8.403067119498617774e-03 4.893378354609012604e-03 7.487083166779484600e-07 3.373148729224340059e-07 4.565138738144014496e-07 3.724371993030217709e-07 4.262207937699713511e-07 4.228295438224449754e-07
8.460000000000000000e+02 8.383213453380949573e-03 4.882863722741603851e-03 7.424210934914299287e-07 3.298950161934044445e-07 4.512123439326387597e-07 3.642336707798676798e-07 4.257168768617702881e-07 4.252740666288445937e-07
8.470000000000000000e+02 8.363430065694742871e-03 4.872374702244997025e-03 7.418852305818290915e-07 3.403750952202244662e-07 4.365111863080528565e-07 3.599582214519614354e-07 4.296995541608339408e-07 4.218776723519113148e-07
8.480000000000000000e+02 8.343716625133499806e-03 4.861918278038501740e-03 7.301169944184948690e-07 3.370419108250644058e-07 4.462519314074597787e-07 3.663493828298669541e-07 4.231072807669988833e-07 4.188165405594190815e-07
8.490000000000000000e+02 8.324072802340728647e-03 4.851486999541521072e-03 7.301546247617807239e-07 3.348550592363608303e-07 4.386406544654164463e-07 3.704899995682353619e-07 4.175374499482131796e-07 4.243405840043124044e-07
8.500000000000000000e+02 8.304498269896194371e-03 4.841081798076629639e-03 7.306848033294954803e-07 3.320313908261596225e-07 4.457756688225344988e-07 3.612511250139505137e-07 4.201540946269233245e-07 4.186395301530865254e-07
8.510000000000000000e+02 8.284992702302261189e-03 4.830710124224424362e-03 7.192697921709623188e-07 3.278472320289438358e-07 4.368768315998750040e-07 3.578127802938979585e-07 4.234178732076543383e-07 4.130310458094754722e-07
8.520000000000000000e+02 8.265555775970375579e-03 4.820358473807573318e-03 7.088217444106703624e-07 3.259978598180168774e-07 4.302213483242667280e-07 3.578166740680899238e-07 4.234713912865117891e-07 4.107409097287018085e-07
8.530000000000000000e+02 8.246187169207637793e-03 4.810034763067960739e-03 7.059515496621315833e-07 3.303622406747308560e-07 4.288180832645593910e-07 3.572687603536905954e-07 4.269853661753586493e-07 4.086597584773699054e-07
8.540000000000000000e+02 8.226886562203489586e-03 4.799726419150829315e-03 6.996245929258293472e-07 3.211833359273441602e-07 4.319844322253629798e-07 3.566206885352585232e-07 4.150211623255017912e-07 4.066597227847523754e-07
8.550000000000000000e+02 8.207653637016518178e-03 4.789452534168958664e-03 7.043350933599867858e-07 3.279275517797941575e-07 4.278118126421759371e-07 3.468348950264044106e-07 4.134622599849535618e-07 4.091674270512157818e-07
8.560000000000000000e+02 8.188488077561359088e-03 4.779202397912740707e-03 6.902363338667782955e-07 3.195401347966253525e-07 4.280629752884124173e-07 3.536035535489645554e-07 4.098208989944396308e-07 3.992191466295480495e-07
8.570000000000000000e+02 8.169389569595709999e-03 4.768991842865943909e-03 6.858601295789412688e-07 3.154649732550751651e-07 4.228250816140644019e-07 3.462380959717847873e-07 4.065342409376171418e-07 3.967632551393762697e-07
8.580000000000000000e+02 8.150357800707450431e-03 4.758799448609352112e-03 6.853134095763380174e-07 3.127789227619359735e-07 4.314006218919530511e-07 3.566423174561350606e-07 4.090929337507986929e-07 4.058547631302644731e-07
8.590000000000000000e+02 8.131392460301863773e-03 4.748628940433263779e-03 6.765202442693407647e-07 3.146664084852091037e-07 4.136353481953847222e-07 3.513650881359353662e-07 4.080137614437262528e-07 4.012282204257644480e-07
8.600000000000000000e+02 8.112493239588966856e-03 4.738493356853723526e-03 6.750198053850908764e-07 3.148173846057034098e-07 4.222160328026802745e-07 3.466763587312016170e-07 3.975701474701054394e-07 3.946843776247987989e-07
8.610000000000000000e+02 8.093659831570938420e-03 4.728375002741813660e-03 6.730515451636165380e-07 3.127115064671670552e-07 4.120707615129504120e-07 3.435880842062033480e-07 4.082249631665035849e-07 3.952787608341168379e-07
8.620000000000000000e+02 8.074891931029656855e-03 4.718294832855463028e-03 6.627309403484105133e-07 3.071770322549127741e-07 4.115942999760591192e-07 3.417761149648868013e-07 3.964664188060851302e-07 3.954088469981797971e-07
8.630000000000000000e+02 8.056189234514326419e-03 4.708229098469018936e-03 6.642304128945397679e-07 3.127153433979401598e-07 4.096394548014359316e-07 3.375550363671209197e-07 3.986626211371913087e-07 3.907540531145059504e-07
8.640000000000000000e+02 8.037551440329217950e-03 4.698195494711399078e-03 6.583150593542086426e-07 3.078855002058844548e-07 4.115751437439030269e-07 3.342026957398047671e-07 3.991734445207839599e-07 3.839649593828653451e-07
8.650000000000000000e+02 8.018978248521501512e-03 4.688179120421409607e-03 6.534252179335453548e-07 3.033877931102324510e-07 4.077068638252967503e-07 3.366387204550846945e-07 3.964783559240458999e-07 3.880896883856621571e-07
8.660000000000000000e+02 8.000469360869170987e-03 4.678186029195785522e-03 6.416652809093648102e-07 3.071695857670420082e-07 4.110147528990637511e-07 3.391438099242805038e-07 3.980847509410523344e-07 3.892219808676600223e-07
8.670000000000000000e+02 7.982024480869083158e-03 4.668220411986112595e-03 6.518742452499282081e-07 3.009727720382215921e-07 4.079605275819631061e-07 3.383052558092458639e-07 3.996489397195546189e-07 3.838712530068733031e-07
8.680000000000000000e+02 7.963643313725073114e-03 4.658286925405263901e-03 6.418425186893728096e-07 2.998287982336478308e-07 4.045428454446664546e-07 3.298054025435703807e-07 3.917273545539501356e-07 3.806681831974856323e-07
8.690000000000000000e+02 7.945325566336185891e-03 4.648368339985609055e-03 6.447577902690682095e-07 2.941464174455177272e-07 4.027007207696442492e-07 3.312053138415649300e-07 3.963774020121491048e-07 3.715819616445514839e-07
8.700000000000000000e+02 7.927070947284977492e-03 4.638489801436662674e-03 6.317791871879308019e-07 2.998076524818316102e-07 4.045913613026641542e-07 3.294001373888022499e-07 3.862244568608730333e-07 3.822943881459650584e-07
8.710000000000000000e+02 7.908879166825942553e-03 4.628623370081186295e-03 6.256578330976481084e-07 2.928887283815129194e-07 4.039353029838821385e-07 3.298295894182956545e-07 3.839519138182367897e-07 3.741720888683630619e-07
8.720000000000000000e+02 7.890749936874000975e-03 4.618799313902854919e-03 6.294895911196363159e-07 2.971761148273799336e-07 4.145457523918594234e-07 3.294692305644275621e-07 3.856284536141174613e-07 3.686280649617401650e-07
8.730000000000000000e+02 7.872682970993099064e-03 4.608987830579280853e-03 6.178251510391419288e-07 3.015596519162500044e-07 3.951657845391309820e-07 3.274307402989506954e-07 3.742506464732286986e-07 3.687979415190056898e-07
8.740000000000000000e+02 7.854677984384900863e-03 4.599196836352348328e-03 6.260032705540652387e-07 3.011286651144473581e-07 3.985568923781102058e-07 3.269317119247716619e-07 3.813321995949081611e-07 3.563199584277754184e-07
8.750000000000000000e+02 7.836734693877550617e-03 4.589428659528493881e-03 6.043127882549015339e-07 2.966091301459528040e-07 4.003534286312060431e-07 3.118430527138116304e-07 3.797969725383154582e-07 3.640521413217356894e-07
8.760000000000000000e+02 7.818852817914554929e-03 4.579694941639900208e-03 6.051503760318155400e-07 2.883369631945242872e-07 3.971539683789160335e-07 3.163772817060817033e-07 3.754569206648739055e-07 3.630215701377892401e-07
8.770000000000000000e+02 7.801032076543726497e-03 4.569993354380130768e-03 5.972867711534490809e-07 2.921838699876389001e-07 3.837567135178687749e-07 3.159268260333192302e-07 3.764658345062343869e-07 3.556179422048444394e-07
8.780000000000000000e+02 7.783272191406229341e-03 4.560300614684820175e-03 5.939927518738841172e-07 2.948017936432734132e-07 3.838177633497252828e-07 3.141484228308399906e-07 3.671883916922524804e-07 3.573262006284494419e-07
8.790000000000000000e+02 7.765572885725712492e-03 4.550636280328035355e-03 5.965862328594084829e-07 2.867943464934796793e-07 3.960274170822231099e-07 3.192654673966899281e-07 3.754746273898490472e-07 3.603371112603781512e-07
8.800000000000000000e+02 7.747933884297520876e-03 4.540999419987201691e-03 5.960472435617703013e-07 2.943707499980519060e-07 3.924775739960750798e-07 3.175026108692691196e-07 3.701514970089192502e-07 3.536346753207908478e-07
8.810000000000000000e+02 7.730354913478002486e-03 4.531383980065584183e-03 5.872371957593713887e-07 2.896097441862366395e-07 3.892985205311561003e-07 3.166773012708290480e-07 3.683944100885128137e-07 3.542620845564670162e-07
8.820000000000000000e+02 7.712835701173893603e-03 4.521802999079227448e-03 5.794893809252243955e-07 2.894791748531133635e-07 3.894614906130300369e-07 3.173919651544565568e-07 3.608753615935711423e-07 3.535069197369011817e-07
8.830000000000000000e+02 7.695375976831788159e-03 4.512223415076732635e-03 5.811547225675894879e-07 2.893099519951647380e-07 3.860760102725180332e-07 3.120295843928033719e-07 3.661827463474764954e-07 3.445148024638911011e-07
8.840000000000000000e+02 7.677975471427693835e-03 4.502682946622371674e-03 5.984431368233344983e-07 2.777686347599228611e-07 3.849579854886542307e-07 3.104370023265801137e-07 3.604347398322715890e-07 3.449837890912021976e-07
8.850000000000000000e+02 7.660633917456669689e-03 4.493160638958215714e-03 5.897583719161048066e-07 2.803173515530943405e-07 3.767513589991722256e-07 2.992510701460560085e-07 3.555698242507787654e-07 3.476566234894562513e-07
8.860000000000000000e+02 7.643351048922541850e-03 4.483666736632585526e-03 5.846828230460232589e-07 2.797497415940597421e-07 3.763531424283428350e-07 3.006433075825043488e-07 3.555693695034278790e-07 3.449615064710087609e-07
8.870000000000000000e+02 7.626126601327708546e-03 4.474186804145574570e-03 5.707815375899372157e-07 2.795029843127849745e-07 3.822341341219726019e-07 2.946125050584669225e-07 3.640622026068740524e-07 3.330652589283999987e-07
8.880000000000000000e+02 7.608960311663014522e-03 4.464752506464719772e-03 5.814771952827868517e-07 2.748025735854753293e-07 3.825194312412349973e-07 3.047102836717385799e-07 3.589667301184817916e-07 3.433167137245618505e-07
8.890000000000000000e+02 7.591851918397713936e-03 4.455326125025749207e-03 5.702891030523460358e-07 2.763024156138271792e-07 3.801272896453156136e-07 2.938168393029627623e-07 3.580658187729568454e-07 3.341934018408210250e-07
8.900000000000000000e+02 7.574801161469511303e-03 4.445923492312431335e-03 5.727542884415015578e-07 2.730420192165183835e-07 3.683771865325979888e-07 3.005905568898015190e-07 3.509548207603074843e-07 3.264536871938616969e-07
8.910000000000000000e+02 7.557807782274673578e-03 4.436542280018329620e-03 5.699830012417805847e-07 2.792892814795777667e-07 3.710224802944139810e-07 2.996428065671352670e-07 3.434742552599345800e-07 3.229613980693102349e-07
8.920000000000000000e+02 7.540871523658227230e-03 4.427191801369190216e-03 5.630719215332646854e-07 2.731491406393615762e-07 3.650308428859716514e-07 2.996278283262654440e-07 3.493394729048304725e-07 3.287571246346487897e-07
8.930000000000000000e+02 7.523992129904232516e-03 4.417862743139266968e-03 5.626937991110025905e-07 2.673162668997974833e-07 3.715548757554643089e-07 2.894614965498476522e-07 3.478421888303273590e-07 3.206076826245407574e-07
8.940000000000000000e+02 7.507169346726123675e-03 4.408562090247869492e-03 5.615702320937998593e-07 2.608103955026308540e-07 3.646533741630264558e-07 2.895687032378191361e-07 3.491296070023963694e-07 3.139836906029813690e-07
8.950000000000000000e+02 7.490402921257139322e-03 4.399280063807964325e-03 5.557945428336097393e-07 2.732706434471765533e-07 3.622604367592430208e-07 2.953922546566900564e-07 3.411022930777107831e-07 3.211566763638984412e-07
8.960000000000000000e+02 7.473692602040816167e-03 4.390022251754999161e-03 5.585415010500582866e-07 2.648578458774863975e-07 3.639696899426780874e-07 2.873983646622946253e-07 3.468691431862680474e-07 3.257893297359260032e-07
8.970000000000000000e+02 7.457038139021561658e-03 4.380787257105112076e-03 5.478522666635399219e-07 2.617971119889261900e-07 3.573665594558406156e-07 2.883950571686000330e-07 3.425721502026135568e-07 3.154430885388137540e-07
8.980000000000000000e+02 7.440439283535300354e-03 4.371569957584142685e-03 5.533834155357908458e-07 2.637202669575344771e-07 3.568400757103518117e-07 2.831457948104798561e-07 3.281652709574700566e-07 3.168532600739126792e-07
8.990000000000000000e+02 7.423895788300187946e-03 4.362386651337146759e-03 5.505714852915843949e-07 2.646614802870317362e-07 3.540616262398543768e-07 2.874002404951170320e-07 3.302458821963227820e-07 3.142670834677119274e-07
9.000000000000000000e+02 7.407407407407407690e-03 4.353215917944908142e-03 5.480113713929313235e-07 2.550438580328773241e-07 3.502737513372267131e-07 2.752517787030228646e-07 3.289177072929305723e-07 3.106490567006403580e-07
9.010000000000000000e+02 7.390973896312027537e-03 4.344065207988023758e-03 5.495882646755489986e-07 2.533740541821316583e-07 3.471306229130277643e-07 2.768934166397230001e-07 3.429010746458516223e-07 3.081315469444234623e-07
9.020000000000000000e+02 7.374595011823933607e-03 4.334947094321250916e-03 5.473382884702004958e-07 2.480214504885225324e-07 3.457581385646335548e-07 2.686031450593873160e-07 3.352696182901127031e-07 3.106183044110366609e-07
9.030000000000000000e+02 7.358270512098836515e-03 4.325843881815671921e-03 5.366488835534255486e-07 2.548327415752282832e-07 3.537018642418843228e-07 2.700517711673455779e-07 3.312223952889326029e-07 3.030735626907699043e-07
9.040000000000000000e+02 7.342000156629336673e-03 4.316763021051883698e-03 5.405571528172004037e-07 2.523779016883054283e-07 3.462249367203185102e-07 2.778998577923630364e-07 3.367688918842759449e-07 2.949007864572195103e-07
9.050000000000000000e+02 7.325783706236073736e-03 4.307711496949195862e-03 5.385241479416436050e-07 2.484189565166161628e-07 3.406752568935189629e-07 2.661536484538373770e-07 3.291165455721056787e-07 2.939304408755560871e-07
9.060000000000000000e+02 7.309620923058929819e-03 4.298684652894735336e-03 5.343634938981267624e-07 2.500831612906040391e-07 3.290119821031112224e-07 2.669401624189049471e-07 3.241593162783829030e-07 2.969616161863086745e-07
9.070000000000000000e+02 7.293511570548314241e-03 4.289669916033744812e-03 5.387661303757340647e-07 2.502236213786090957e-07 3.415760261304967571e-07 2.672120160696067614e-07 3.248089512908336474e-07 2.892663815146079287e-07
9.080000000000000000e+02 7.277455413456500322e-03 4.280684515833854675e-03 5.325942993295029737e-07 2.459917709529690910e-07 3.383081832453171955e-07 2.632445728067978052e-07 3.176226357481937157e-07 2.918176562616281444e-07
9.090000000000000000e+02 7.261452217829043702e-03 4.271711688488721848e-03 5.243734904070151970e-07 2.443395032969419844e-07 3.369726471191825112e-07 2.635696603192627663e-07 3.192974702415085630e-07 2.892679162869171705e-07
9.100000000000000000e+02 7.245501750996256179e-03 4.262764938175678253e-03 5.319187152963422704e-07 2.417648943264794070e-07 3.362457903222093591e-07 2.651549380061624106e-07 3.111282467216369696e-07 2.858738241684477543e-07
9.110000000000000000e+02 7.229603781564751530e-03 4.253838211297988892e-03 5.243709324531664606e-07 2.377277326104376698e-07 3.316706056466500740e-07 2.644032122134376550e-07 3.042442529022082454e-07 2.856268110917881131e-07
9.120000000000000000e+02 7.213758079409048583e-03 4.244945943355560303e-03 5.267893357085995376e-07 2.314690732418966945e-07 3.249519124892685795e-07 2.582072795576095814e-07 3.051291059819050133e-07 2.857596257399563910e-07
9.130000000000000000e+02 7.197964415663250619e-03 4.236062988638877869e-03 5.151550794835202396e-07 2.359262367690462270e-07 3.300862374544522027e-07 2.598074786419601878e-07 3.002516848482628120e-07 2.894538226883014431e-07
9.140000000000000000e+02 7.182222562712773338e-03 4.227217752486467361e-03 5.223279231358901598e-07 2.329152124502797960e-07 3.243973196731531061e-07 2.622528540996427182e-07 2.977324982111895224e-07 2.772126777017547283e-07
9.150000000000000000e+02 7.166532294186150898e-03 4.218383226543664932e-03 5.240057703304046299e-07 2.374218865952570923e-07 3.215635615561041050e-07 2.561269809575605905e-07 3.027577974989981158e-07 2.784316848192247562e-07
9.160000000000000000e+02 7.150893384946893118e-03 4.209570121020078659e-03 5.105089826429320965e-07 2.310186175691342214e-07 3.172824563080212101e-07 2.462399777414248092e-07 2.986802769555652048e-07 2.737832289767538896e-07
9.170000000000000000e+02 7.135305611085411212e-03 4.200774710625410080e-03 5.140768735145684332e-07 2.342744522820794373e-07 3.168096611716464395e-07 2.527094125071016606e-07 2.943899346519174287e-07 2.731014774326467887e-07
9.180000000000000000e+02 7.119768749911002496e-03 4.192000720649957657e-03 5.148653485775867011e-07 2.237347160871649976e-07 3.149494034460076364e-07 2.529156120090192417e-07 3.045697098968958016e-07 2.788762856198445661e-07
9.190000000000000000e+02 7.104282579943900153e-03 4.183259792625904083e-03 5.100261546431283932e-07 2.272323200713799451e-07 3.118281313163606683e-07 2.475204610163928010e-07 2.948472399566526292e-07 2.648954193773533916e-07
9.200000000000000000e+02 7.088846880907372430e-03 4.174529574811458588e-03 5.075365834272815846e-07 2.243708649984910153e-07 3.134561268325342098e-07 2.515630797006451758e-07 2.939819694347534096e-07 2.708863178213505307e-07
9.210000000000000000e+02 7.073461433719898175e-03 4.165820311754941940e-03 5.083884957457485143e-07 2.223353021690854803e-07 3.042743230707856128e-07 2.499018876278569223e-07 2.892630277528951410e-07 2.651486852300877217e-07
9.220000000000000000e+02 7.058126020487387464e-03 4.157141782343387604e-03 5.121031563248834573e-07 2.173153177409403725e-07 3.113764819318021182e-07 2.512690286948782159e-07 2.904163522998715052e-07 2.691490692541265162e-07
9.230000000000000000e+02 7.042840424495468155e-03 4.148472566157579422e-03 5.104147362544608768e-07 2.177395970193174435e-07 3.072707102091953857e-07 2.438664807868917705e-07 2.874401161534478888e-07 2.660518418906576699e-07
9.240000000000000000e+02 7.027604430201833154e-03 4.139833152294158936e-03 5.061409638074110262e-07 2.186869636489063851e-07 3.106699182353622746e-07 2.396384104486060096e-07 2.929408537966082804e-07 2.679068984434707090e-07
9.250000000000000000e+02 7.012417823228633655e-03 4.131219349801540375e-03 5.000531473342562094e-07 2.241705772121349582e-07 3.096480725162109593e-07 2.369677361002686666e-07 2.914052288360835519e-07 2.655928028616472147e-07
9.260000000000000000e+02 6.997280390354948705e-03 4.122628830373287201e-03 5.002183911528845783e-07 2.186894079159173998e-07 3.058351296658656793e-07 2.258149152112309821e-07 2.767805540315748658e-07 2.654872162111132639e-07
9.270000000000000000e+02 6.982191919509291196e-03 4.114042036235332489e-03 4.913251814286923036e-07 2.183368792429973837e-07 2.991417318298772443e-07 2.265855130190175259e-07 2.726123682350589661e-07 2.605292195312358672e-07
9.280000000000000000e+02 6.967152199762187588e-03 4.105496685951948166e-03 4.981445727025857195e-07 2.139552890412232955e-07 3.018030270141025539e-07 2.268374288405539119e-07 2.727002481606177753e-07 2.574855386683339020e-07
9.290000000000000000e+02 6.952161021318801863e-03 4.096949007362127304e-03 4.917395699521875940e-07 2.135756744792161044e-07 2.994374028730817372e-07 2.389111273259914014e-07 2.771070626295113470e-07 2.537953207593091065e-07
9.300000000000000000e+02 6.937218175511620198e-03 4.088434856384992599e-03 4.862736204813700169e-07 2.134048315838299459e-07 2.944250638847734081e-07 2.339840250442648539e-07 2.745352958299918100e-07 2.532080429773486685e-07
9.310000000000000000e+02 6.922323454793189411e-03 4.079938866198062897e-03 4.839051825911155902e-07 2.151322036070268950e-07 2.954897411200363422e-07 2.273872752311945078e-07 2.774071958810964134e-07 2.544097981171944411e-07
9.320000000000000000e+02 6.907476652728913522e-03 4.071456845849752426e-03 4.804252284884569235e-07 2.091845772156375460e-07 2.859650010123004904e-07 2.328445134480716661e-07 2.738410671554447617e-07 2.478915916981350165e-07
9.330000000000000000e+02 6.892677563989895416e-03 4.063004627823829651e-03 4.798834538632945623e-07 2.081117571606228012e-07 2.910020100443944102e-07 2.242603329705161741e-07 2.660381142050027847e-07 2.482246941326593515e-07
9.340000000000000000e+02 6.877925984345840092e-03 4.054587334394454956e-03 4.846011165682284627e-07 2.096614224456061493e-07 2.959010600989131490e-07 2.227803719279108918e-07 2.612724756545503624e-07 2.540564878472650889e-07
9.350000000000000000e+02 6.863221710658011683e-03 4.046165850013494492e-03 4.773767727783706505e-07 2.130782519316198886e-07 2.922374449099152116e-07 2.259962030848328141e-07 2.653751778325386113e-07 2.479090994711441454e-07
9.360000000000000000e+02 6.848564540872232979e-03 4.037776030600070953e-03 4.758526870318746660e-07 2.142068069588276558e-07 2.928646267719159368e-07 2.188190961760483333e-07 2.595580212982895318e-07 2.456112611071148422e-07
9.370000000000000000e+02 6.833954274011952608e-03 4.029411356896162033e-03 4.747950015371316113e-07 2.144616075838712277e-07 2.826911895681405440e-07 2.256483355722593842e-07 2.595816397388261976e-07 2.502912366253440268e-07
9.380000000000000000e+02 6.819390710171348638e-03 4.021057393401861191e-03 4.745627677493757801e-07 2.123012166066473583e-07 2.860589063402585452e-07 2.222574408961008885e-07 2.648996542120585218e-07 2.415224287233286304e-07
9.390000000000000000e+02 6.804873650508493771e-03 4.012728109955787659e-03 4.712765075964853168e-07 2.013325683947186917e-07 2.836589487742458005e-07 2.201329749595970497e-07 2.514138941478449851e-07 2.480211662714282284e-07
9.400000000000000000e+02 6.790402897238569102e-03 4.004408139735460281e-03 4.654225449485238642e-07 1.935006253006577026e-07 2.840056936292967293e-07 2.182133584938128479e-07 2.538924945838516578e-07 2.428798211440152954e-07
9.410000000000000000e+02 6.775978253627124720e-03 3.996132872998714447e-03 4.622384324193262728e-07 1.972988599163727486e-07 2.765769124835060211e-07 2.168198420804401394e-07 2.499422464552480960e-07 2.402081236141384579e-07
9.420000000000000000e+02 6.761599523983393215e-03 3.987855277955532074e-03 4.552256314127589576e-07 1.873514321459879284e-07 2.762226358754560351e-07 2.173469937361005577e-07 2.531340896894107573e-07 2.322213390471006278e-07
9.430000000000000000e+02 6.747266513653656095e-03 3.979602362960577011e-03 4.633758976524404716e-07 1.941276650541112758e-07 2.771301979009876959e-07 2.167726904644950991e-07 2.602974404908309225e-07 2.401310155164537719e-07
9.440000000000000000e+02 6.732979029014650972e-03 3.971366211771965027e-03 4.593314599787845509e-07 1.932317843511555111e-07 2.750897181158507010e-07 2.224658572913540411e-07 2.574033715063706040e-07 2.301738390997343231e-07
9.450000000000000000e+02 6.718736877467035989e-03 3.963159397244453430e-03 4.516086278272268828e-07 1.968450220601880574e-07 2.737160968990792753e-07 2.038239443891143310e-07 2.497665434475493385e-07 2.313959015509681194e-07
9.460000000000000000e+02 6.704539867428898486e-03 3.954978659749031067e-03 4.417873071815847652e-07 1.886147202867505257e-07 2.719161784625612199e-07 2.189733550039818510e-07 2.510883803097385680e-07 2.315007066044927342e-07
9.470000000000000000e+02 6.690387808329309634e-03 3.946807235479354858e-03 4.542809222130017588e-07 1.936488729370466899e-07 2.763821669304888928e-07 2.091147877081311890e-07 2.510264209831802873e-07 2.263241754008049611e-07
9.480000000000000000e+02 6.676280510601933713e-03 3.938647452741861343e-03 4.490134699608461233e-07 1.887067782035956043e-07 2.728962158471404109e-07 2.110667907118113362e-07 2.435057524508010829e-07 2.348527203821504372e-07
9.490000000000000000e+02 6.662217785678674689e-03 3.930517937988042831e-03 4.450471067229955224e-07 1.908395006466889754e-07 2.662402209807623876e-07 2.009583823792127077e-07 2.486735866114031523e-07 2.318947451840358553e-07
9.500000000000000000e+02 6.648199445983379169e-03 3.922412637621164322e-03 4.437623033481941093e-07 1.874491886155738030e-07 2.626919126669235993e-07 2.052725136536537320e-07 2.494474813374836231e-07 2.303267763181793271e-07
9.510000000000000000e+02 6.634225304925580984e-03 3.914313390851020813e-03 4.355986504833708750e-07 1.888343490463739727e-07 2.587810570275905775e-07 2.096737006240800838e-07 2.447226847834826913e-07 2.271617063343001064e-07
9.520000000000000000e+02 6.620295176894287412e-03 3.906236030161380768e-03 4.293124789001012687e-07 1.899305317465405096e-07 2.691567146939632948e-07 2.042071685082191834e-07 2.421677720576553838e-07 2.284816389419574989e-07
9.530000000000000000e+02 6.606408877251821778e-03 3.898182651028037071e-03 4.324560904933605343e-07 1.853159261600012542e-07 2.622424233322817599e-07 2.020915559342029155e-07 2.397143532562040491e-07 2.204687490348078427e-07
9.540000000000000000e+02 6.592566222327703347e-03 3.890157211571931839e-03 4.316313777508185012e-07 1.835473142364207888e-07 2.655943092122470262e-07 2.103245009266174748e-07 2.415080189166474156e-07 2.207172826729220105e-07
9.550000000000000000e+02 6.578767029412570591e-03 3.882136428728699684e-03 4.182442978617473273e-07 1.767270418895350304e-07 2.560737186740880134e-07 2.014364923752509640e-07 2.378919816692359746e-07 2.262863745272625238e-07
9.560000000000000000e+02 6.565011116752157358e-03 3.874134970828890800e-03 4.178080814654094866e-07 1.801069657858533901e-07 2.619143231186171761e-07 1.970199576817321940e-07 2.352903578639597981e-07 2.236152170098648639e-07
9.570000000000000000e+02 6.551298303541304609e-03 3.866170533001422882e-03 4.258756973740673857e-07 1.874504107490793103e-07 2.558016944931296166e-07 2.106355339037691010e-07 2.412158153219934320e-07 2.233257845318803447e-07
9.580000000000000000e+02 6.537628409918018121e-03 3.858202602714300156e-03 4.183600310625479324e-07 1.802583540211344371e-07 2.545280040067154914e-07 2.047798659532418242e-07 2.339112086247041589e-07 2.260202620618656510e-07
9.590000000000000000e+02 6.524001256957575635e-03 3.850279375910758972e-03 4.201398269287892617e-07 1.854545388368933345e-07 2.527495439608173911e-07 1.966715927892437321e-07 2.335486897209193558e-07 2.188668730696008424e-07
9.600000000000000000e+02 6.510416666666666956e-03 3.842358943074941635e-03 4.104914239633217221e-07 1.749059919120554696e-07 2.528300342419242952e-07 1.971485517060500570e-07 2.284127305074434844e-07 2.226519058012854657e-07
9.610000000000000000e+02 6.496874461977583497e-03 3.834458068013191223e-03 4.069673593676270684e-07 1.812061185546554043e-07 2.552226021634851350e-07 2.079979992686276091e-07 2.293193830382733722e-07 2.156268408270989312e-07
9.620000000000000000e+02 6.483374466742450326e-03 3.826569998636841774e-03 4.111897169423173182e-07 1.735962626980835921e-07 2.530337894768308615e-07 1.954380905999641982e-07 2.393606166606332408e-07 2.139254462463213713e-07
9.630000000000000000e+02 6.469916505727493772e-03 3.818704513832926750e-03 3.995743611540092388e-07 1.720247553294029785e-07 2.533245151425944641e-07 2.024859924176780623e-07 2.277016761809136369e-07 2.131743173094946542e-07
9.640000000000000000e+02 6.456500404607358468e-03 3.810863709077239037e-03 4.070301713454682613e-07 1.774994302650156897e-07 2.493176225470961072e-07 1.961648337100996287e-07 2.248091988121814211e-07 2.109091212787461700e-07
9.650000000000000000e+02 6.443125989959461695e-03 3.803043626248836517e-03 4.046283379466331098e-07 1.756327634439003305e-07 2.520889097468170803e-07 1.969636969079147093e-07 2.287350611140936962e-07 2.061324551050347509e-07
9.660000000000000000e+02 6.429793089258387627e-03 3.795238677412271500e-03 3.924130567156680627e-07 1.737815438218603958e-07 2.459794927744951565e-07 1.906222166780935368e-07 2.343980298746828339e-07 2.042883693320618477e-07
9.670000000000000000e+02 6.416501530870323197e-03 3.787441877648234367e-03 3.887629418386495672e-07 1.709685477635503048e-07 2.495251862910663476e-07 1.955368418293801369e-07 2.284567983679153258e-07 2.055556507229994168e-07
9.680000000000000000e+02 6.403251144047537348e-03 3.779677208513021469e-03 3.924084239770309068e-07 1.746653452983082389e-07 2.429632957046123920e-07 1.867985730541477096e-07 2.267690462076643598e-07 2.124706810491261422e-07
9.690000000000000000e+02 6.390041758922894964e-03 3.771922318264842033e-03 3.963918970839586109e-07 1.738180657184784650e-07 2.441020683363603894e-07 1.883513078837495414e-07 2.298136934086869587e-07 2.044494920028228080e-07
9.700000000000000000e+02 6.376873206504410710e-03 3.764196066185832024e-03 3.838311499748670030e-07 1.663527626760696876e-07 2.413969752979028272e-07 2.004319554771427647e-07 2.264610969859859324e-07 2.032649462080371450e-07
9.710000000000000000e+02 6.363745318669849702e-03 3.756470978260040283e-03 3.870682121487334371e-07 1.701783389762567822e-07 2.423673777229851112e-07 1.846273534056308563e-07 2.287156917191168759e-07 2.008643207318527857e-07
9.720000000000000000e+02 6.350657928161357671e-03 3.748787334188818932e-03 3.856374632960068993e-07 1.701335037296303199e-07 2.434483690194610972e-07 1.850309274686878780e-07 2.289031755253745359e-07 1.943642757851193892e-07
9.730000000000000000e+02 6.337610868580131895e-03 3.741109976544976234e-03 3.861603090626886114e-07 1.659765445083394297e-07 2.477029568126454251e-07 1.854024418435074040e-07 2.220329804458742728e-07 2.021902929527641390e-07
9.740000000000000000e+02 6.324603974381137229e-03 3.733446355909109116e-03 3.753223154490115121e-07 1.614076126088548335e-07 2.323077694654784864e-07 1.874375925581261981e-07 2.196492516759462887e-07 2.029050989449387998e-07
9.750000000000000000e+02 6.311637080867849893e-03 3.725806483998894691e-03 3.749920836071396479e-07 1.630897656923480099e-07 2.333249540242832154e-07 1.845274937295471318e-07 2.258939559851569356e-07 1.962155948831423302e-07
9.760000000000000000e+02 6.298710024187046362e-03 3.718181047588586807e-03 3.742568139841750963e-07 1.631974555493798107e-07 2.356381401114049368e-07 1.827623350436624605e-07 2.258137357102896203e-07 1.992369504932867130e-07
9.770000000000000000e+02 6.285822641323626954e-03 3.710579825565218925e-03 3.669132979666756000e-07 1.677420726764466963e-07 2.356179180651452043e-07 1.867387879883608548e-07 2.199855373419268290e-07 1.982679123102570884e-07
9.780000000000000000e+02 6.272974770095474974e-03 3.702989313751459122e-03 3.648613073892192915e-07 1.657282524547554203e-07 2.293076164505691850e-07 1.745870434888274758e-07 2.160473258072670433e-07 1.945051053553470410e-07
9.790000000000000000e+02 6.260166249148356628e-03 3.695425344631075859e-03 3.585468277833570028e-07 1.578746662289631786e-07 2.308283626462070970e-07 1.754287097810447449e-07 2.266180558763153385e-07 1.937807638796584797e-07
9.800000000000000000e+02 6.247396917950853897e-03 3.687870455905795097e-03 3.612339014580356888e-07 1.577105734895667410e-07 2.326910930605663452e-07 1.736523245199350640e-07 2.222627841774738044e-07 1.873991521961215767e-07
9.810000000000000000e+02 6.234666616789333836e-03 3.680336056277155876e-03 3.673264927783748135e-07 1.478462934301205678e-07 2.332152462258818559e-07 1.747732056855966221e-07 2.136994368129307986e-07 1.928057713485031854e-07
9.820000000000000000e+02 6.221975186762955176e-03 3.672831458970904350e-03 3.548329914337955415e-07 1.521172521279368084e-07 2.296373224908165867e-07 1.794519306486108690e-07 2.165308217172423610e-07 1.933285886934754672e-07
9.830000000000000000e+02 6.209322469778710482e-03 3.665321506559848785e-03 3.598005946514604148e-07 1.533709905743307900e-07 2.280294921774839167e-07 1.707011847429384943e-07 2.125539282360477955e-07 1.875180970500878175e-07
9.840000000000000000e+02 6.196708308546500406e-03 3.657848341390490532e-03 3.541293267517175991e-07 1.526033912568891537e-07 2.268871099886382581e-07 1.729339800249363179e-07 2.147930757701033144e-07 1.856710838410435827e-07
9.850000000000000000e+02 6.184132546574247838e-03 3.650392172858119011e-03 3.521295752761943731e-07 1.588549167763630976e-07 2.275529453754643328e-07 1.766436241723567946e-07 2.113828259098227136e-07 1.898338837236224208e-07
9.860000000000000000e+02 6.171595028163045019e-03 3.642941359430551529e-03 3.520549967106489930e-07 1.529227944274680340e-07 2.281707764950624551e-07 1.755647076606692281e-07 2.085557326836351422e-07 1.841775798538947129e-07
9.870000000000000000e+02 6.159095598402331007e-03 3.635518485680222511e-03 3.502026117985224118e-07 1.598652090706309536e-07 2.240085308358175098e-07 1.722474536336449091e-07 2.106508247834426584e-07 1.837589138631301466e-07
9.880000000000000000e+02 6.146634103165106444e-03 3.628100035712122917e-03 3.544711262293276377e-07 1.555631428118431359e-07 2.156302514322305797e-07 1.694784401706783683e-07 2.060662609437713400e-07 1.831632800985971699e-07
9.890000000000000000e+02 6.134210389103189089e-03 3.620708594098687172e-03 3.509020700676046545e-07 1.557571067678509280e-07 2.239915488644328434e-07 1.747131079810060328e-07 2.044681934876280138e-07 1.778402349827956641e-07
9.900000000000000000e+02 6.121824303642485823e-03 3.613339271396398544e-03 3.494753855193266645e-07 1.533214515347935958e-07 2.297371253234814503e-07 1.709716883624423645e-07 2.010844042388271191e-07 1.864004275375918951e-07
9.910000000000000000e+02 6.109475694978316711e-03 3.605983918532729149e-03 3.479331383005046519e-07 1.468658297198999207e-07 2.224573023568154895e-07 1.696084694913224666e-07 1.990046598621120211e-07 1.884345834923806251e-07
9.920000000000000000e+02 6.097164412070759862e-03 3.598643932491540909e-03 3.504245000840455759e-07 1.512126317493311944e-07 2.253644169059043634e-07 1.668196318860282190e-07 2.074701797027955763e-07 1.836284582168445922e-07
9.930000000000000000e+02 6.084890304640032735e-03 3.591316053643822670e-03 3.557871366410836345e-07 1.602208641315883142e-07 2.216656156406315858e-07 1.624507603992242366e-07 2.051111209766531829e-07 1.726255902667617192e-07
9.940000000000000000e+02 6.072653223161908996e-03 3.584021935239434242e-03 3.447634924214071361e-07 1.575450170321346377e-07 2.150295728142737062e-07 1.643156934960643412e-07 2.017225426698132651e-07 1.794899446849740343e-07
9.950000000000000000e+02 6.060453018863159666e-03 3.576735500246286392e-03 3.448789129834040068e-07 1.436429784007486887e-07 2.202753250912792282e-07 1.548166324027988594e-07 2.014092643776166369e-07 1.740368986702378606e-07
9.960000000000000000e+02 6.048289543717036768e-03 3.569464199244976044e-03 3.454551631421054481e-07 1.568306515764561482e-07 2.208548153248557355e-07 1.596576595375154284e-07 1.930313402453975868e-07 1.691569337936016382e-07
9.970000000000000000e+02 6.036162650438778657e-03 3.562202211469411850e-03 3.385778484243928688e-07 1.445720556603191653e-07 2.226891666623487254e-07 1.581820470164529979e-07 1.964178153457396547e-07 1.690626874051304185e-07
9.980000000000000000e+02 6.024072192481154386e-03 3.554972354322671890e-03 3.350175745708838804e-07 1.483561220538831549e-07 2.209738738656596979e-07 1.606864685754771926e-07 1.982604800332410377e-07 1.677570935498806648e-07
9.990000000000000000e+02 6.012018024030035823e-03 3.547752043232321739e-03 3.374957486812490970e-07 1.475103061920890468e-07 2.041908118144419859e-07 1.634663249205914326e-07 1.927280237623563153e-07 1.664699169623418129e-07
1.000000000000000000e+03 6.000000000000000125e-03 3.540546633303165436e-03 3.395272472062060842e-07 1.430927056844666367e-07 2.166083135080043576e-07 1.643958711383675109e-07 1.943404868143261410e-07 1.702225631561304908e-07
1.001000000000000000e+03 5.988017976029964308e-03 3.533365437760949135e-03 3.392468954643845791e-07 1.417622002009011339e-07 2.146075530617963523e-07 1.549580446180698345e-07 2.056127783589545288e-07 1.691944646609044867e-07
