1.000000000000000000e+00 6.000000000000000000e+03 7.191865234375000000e+02 7.191865234375000000e+02 7.191865234375000000e+02 7.191865234375000000e+02
2.000000000000000000e+00 1.500000000000000000e+03 6.226875686645507812e+01 6.226875686645507812e+01 3.267219543457031250e+00 6.226875686645507812e+01
3.000000000000000000e+00 6.666666666666666288e+02 2.833124160766601562e+01 2.833124160766601562e+01 5.802701711654663086e-01 2.766000986099243164e+00
4.000000000000000000e+00 3.750000000000000000e+02 1.875904273986816406e+01 1.660302352905273438e+01 1.647667288780212402e-01 3.605479896068572998e-01
5.000000000000000000e+00 2.400000000000000000e+02 1.314376926422119141e+01 9.441487312316894531e+00 6.655858457088470459e-02 1.538233160972595215e-01
6.000000000000000000e+00 1.666666666666666572e+02 9.556438446044921875e+00 5.349984169006347656e+00 4.255043342709541321e-02 7.740968465805053711e-02
7.000000000000000000e+00 1.224489795918367321e+02 7.190768241882324219e+00 3.216573953628540039e+00 3.454169258475303650e-02 5.079054832458496094e-02
8.000000000000000000e+00 9.375000000000000000e+01 5.585146903991699219e+00 2.136570692062377930e+00 3.052987344563007355e-02 3.608394414186477661e-02
9.000000000000000000e+00 7.407407407407407618e+01 4.463891983032226562e+00 1.549453139305114746e+00 2.753812260925769806e-02 3.030126914381980896e-02
1.000000000000000000e+01 6.000000000000000000e+01 3.658595323562622070e+00 1.175750494003295898e+00 2.562528848648071289e-02 2.668346278369426727e-02
1.100000000000000000e+01 4.958677685950413405e+01 3.064261674880981445e+00 9.058126807212829590e-01 2.402444370090961456e-02 2.486590109765529633e-02
1.200000000000000000e+01 4.166666666666666430e+01 2.614174127578735352e+00 7.054368257522583008e-01 2.273273840546607971e-02 2.381240203976631165e-02
1.300000000000000000e+01 3.550295857988165693e+01 2.265073299407958984e+00 5.608248710632324219e-01 2.165670692920684814e-02 2.322315797209739685e-02
1.400000000000000000e+01 3.061224489795918302e+01 1.988373517990112305e+00 4.582798779010772705e-01 2.065129391849040985e-02 2.276621013879776001e-02
1.500000000000000000e+01 2.666666666666666785e+01 1.764789223670959473e+00 3.832627534866333008e-01 1.971736922860145569e-02 2.243063598871231079e-02
1.600000000000000000e+01 2.343750000000000000e+01 1.581037163734436035e+00 3.245741724967956543e-01 1.883143931627273560e-02 2.213417924940586090e-02
1.700000000000000000e+01 2.076124567474048277e+01 1.427777290344238281e+00 2.762429714202880859e-01 1.801015436649322510e-02 2.186970226466655731e-02
1.800000000000000000e+01 1.851851851851851904e+01 1.298299789428710938e+00 2.361685186624526978e-01 1.722722500562667847e-02 2.162731252610683441e-02
1.900000000000000000e+01 1.662049861495844993e+01 1.187688350677490234e+00 2.036410421133041382e-01 1.652933284640312195e-02 2.139871940016746521e-02
2.000000000000000000e+01 1.500000000000000000e+01 1.092268705368041992e+00 1.777065396308898926e-01 1.591327786445617676e-02 2.118186280131340027e-02
2.100000000000000000e+01 1.360544217687074742e+01 1.009247541427612305e+00 1.568792909383773804e-01 1.540484186261892319e-02 2.097282372415065765e-02
2.200000000000000000e+01 1.239669421487603351e+01 9.364647865295410156e-01 1.396137028932571411e-01 1.503264158964157104e-02 2.077019773423671722e-02
2.300000000000000000e+01 1.134215500945179578e+01 8.722231388092041016e-01 1.247809380292892456e-01 1.479261834174394608e-02 2.057303488254547119e-02
2.400000000000000000e+01 1.041666666666666607e+01 8.151749372482299805e-01 1.117897629737854004e-01 1.467344909906387329e-02 2.038076333701610565e-02
2.500000000000000000e+01 9.599999999999999645e+00 7.642357349395751953e-01 1.004117056727409363e-01 1.461880467832088470e-02 2.019301243126392365e-02
2.600000000000000000e+01 8.875739644970414233e+00 7.185200452804565430e-01 9.053746610879898071e-02 1.458763238042593002e-02 2.000957354903221130e-02
2.700000000000000000e+01 8.230452674897119181e+00 6.773049831390380859e-01 8.202670514583587646e-02 1.452872809022665024e-02 1.983024738729000092e-02
2.800000000000000000e+01 7.653061224489795755e+00 6.399885416030883789e-01 7.468061894178390503e-02 1.441523898392915726e-02 1.965488493442535400e-02
2.900000000000000000e+01 7.134363852556480090e+00 6.060714721679687500e-01 6.828226894140243530e-02 1.423557195812463760e-02 1.948329806327819824e-02
3.000000000000000000e+01 6.666666666666666963e+00 5.751310586929321289e-01 6.264232099056243896e-02 1.398692652583122253e-02 1.931540668010711670e-02
3.100000000000000000e+01 6.243496357960458099e+00 5.468117594718933105e-01 5.761791765689849854e-02 1.368391420692205429e-02 1.915100775659084320e-02
3.200000000000000000e+01 5.859375000000000000e+00 5.208106040954589844e-01 5.310934036970138550e-02 1.333652716130018234e-02 1.898997463285923004e-02
3.300000000000000000e+01 5.509641873278236623e+00 4.968673884868621826e-01 4.904624074697494507e-02 1.296335179358720779e-02 1.883219182491302490e-02
3.400000000000000000e+01 5.190311418685120692e+00 4.747594296932220459e-01 4.537672176957130432e-02 1.257637236267328262e-02 1.867754943668842316e-02
3.500000000000000000e+01 4.897959183673469497e+00 4.542940557003021240e-01 4.206021875143051147e-02 1.218776870518922806e-02 1.852589845657348633e-02
3.600000000000000000e+01 4.629629629629629761e+00 4.353032112121582031e-01 3.906397894024848938e-02 1.180806569755077362e-02 1.837712898850440979e-02
3.700000000000000000e+01 4.382761139517896254e+00 4.176421165466308594e-01 3.636015951633453369e-02 1.144360378384590149e-02 1.823113486170768738e-02
3.800000000000000000e+01 4.155124653739612484e+00 4.011817574501037598e-01 3.392365202307701111e-02 1.110250875353813171e-02 1.808782294392585754e-02
3.900000000000000000e+01 3.944773175542406474e+00 3.858103156089782715e-01 3.173021972179412842e-02 1.078909728676080704e-02 1.794709824025630951e-02
4.000000000000000000e+01 3.750000000000000000e+00 3.714281618595123291e-01 2.975638955831527710e-02 1.050994545221328735e-02 1.780888624489307404e-02
4.100000000000000000e+01 3.569303985722783956e+00 3.579477369785308838e-01 2.797975391149520874e-02 1.027050241827964783e-02 1.767303794622421265e-02
4.200000000000000000e+01 3.401360544217686854e+00 3.452914357185363770e-01 2.637906186282634735e-02 1.007732003927230835e-02 1.753956452012062073e-02
4.300000000000000000e+01 3.244997295835586826e+00 3.333895802497863770e-01 2.493413351476192474e-02 9.938417002558708191e-03 1.740833371877670288e-02
4.400000000000000000e+01 3.099173553719008378e+00 3.221794962882995605e-01 2.362542599439620972e-02 9.860512800514698029e-03 1.727927848696708679e-02
4.500000000000000000e+01 2.962962962962962798e+00 3.116064071655273438e-01 2.243391051888465881e-02 9.852068498730659485e-03 1.715234294533729553e-02
4.600000000000000000e+01 2.835538752362948944e+00 3.016199767589569092e-01 2.134113945066928864e-02 9.920829907059669495e-03 1.702745817601680756e-02
4.700000000000000000e+01 2.716161158895427974e+00 2.921752333641052246e-01 2.033007144927978516e-02 1.007609255611896515e-02 1.690455526113510132e-02
4.800000000000000000e+01 2.604166666666666519e+00 2.832313179969787598e-01 1.938575692474842072e-02 1.032789144665002823e-02 1.678358390927314758e-02
4.900000000000000000e+01 2.498958767180341489e+00 2.747516930103302002e-01 1.849602162837982178e-02 1.068648323416709900e-02 1.666449382901191711e-02
5.000000000000000000e+01 2.399999999999999911e+00 2.667029201984405518e-01 1.765169575810432434e-02 1.115668937563896179e-02 1.654719188809394836e-02
5.100000000000000000e+01 2.306805074971165048e+00 2.590546309947967529e-01 1.684638112783432007e-02 1.172890327870845795e-02 1.643167622387409210e-02
5.200000000000000000e+01 2.218934911242603558e+00 2.517788410186767578e-01 1.607597433030605316e-02 1.237123366445302963e-02 1.631787605583667755e-02
5.300000000000000000e+01 2.135991456034175950e+00 2.448509484529495239e-01 1.533789187669754028e-02 1.303125545382499695e-02 1.620575226843357086e-02
5.400000000000000000e+01 2.057613168724279795e+00 2.382474392652511597e-01 1.463060174137353897e-02 1.364634931087493896e-02 1.609524711966514587e-02
5.500000000000000000e+01 1.983471074380165344e+00 2.319474071264266968e-01 1.395311951637268066e-02 1.415433362126350403e-02 1.598631590604782104e-02
5.600000000000000000e+01 1.913265306122448939e+00 2.259311378002166748e-01 1.330479979515075684e-02 1.450172346085309982e-02 1.587894558906555176e-02
5.700000000000000000e+01 1.846722068328716437e+00 2.201810479164123535e-01 1.268516760319471359e-02 1.464463770389556885e-02 1.577305793762207031e-02
5.800000000000000000e+01 1.783590963139120023e+00 2.146809399127960205e-01 1.209369022399187088e-02 1.455503143370151520e-02 1.566865108907222748e-02
5.900000000000000000e+01 1.723642631427750649e+00 2.094155550003051758e-01 1.152985077351331711e-02 1.422757934778928757e-02 1.556566171348094940e-02
6.000000000000000000e+01 1.666666666666666741e+00 2.043707221746444702e-01 1.099313329905271530e-02 1.368386577814817429e-02 1.546406652778387070e-02
6.100000000000000000e+01 1.612469766191883869e+00 1.995336711406707764e-01 1.048276107758283615e-02 1.296916604042053223e-02 1.536381058394908905e-02
6.200000000000000000e+01 1.560874089490114525e+00 1.948925405740737915e-01 9.997793473303318024e-03 1.214330457150936127e-02 1.526489295065402985e-02
6.300000000000000000e+01 1.511715797430083219e+00 1.904361993074417114e-01 9.537008590996265411e-03 1.127151027321815491e-02 1.516727078706026077e-02
6.400000000000000000e+01 1.464843750000000000e+00 1.861543506383895874e-01 9.099083021283149719e-03 1.041528489440679550e-02 1.507090684026479721e-02
6.500000000000000000e+01 1.420118343195266197e+00 1.820374429225921631e-01 8.682561106979846954e-03 9.625284001231193542e-03 1.497575175017118454e-02
6.600000000000000000e+01 1.377410468319559156e+00 1.780766248703002930e-01 8.285824209451675415e-03 8.938011713325977325e-03 1.488181669265031815e-02
6.700000000000000000e+01 1.336600579193584215e+00 1.742636114358901978e-01 7.907347753643989563e-03 8.374282158911228180e-03 1.478906068950891495e-02
6.800000000000000000e+01 1.297577854671280173e+00 1.705906391143798828e-01 7.545558735728263855e-03 7.940609939396381378e-03 1.469745580106973648e-02
6.900000000000000000e+01 1.260239445494643951e+00 1.670505255460739136e-01 7.199012208729982376e-03 7.631296291947364807e-03 1.460697129368782043e-02
7.000000000000000000e+01 1.224489795918367374e+00 1.636365056037902832e-01 6.866352166980504990e-03 7.431106176227331161e-03 1.451758295297622681e-02
7.100000000000000000e+01 1.190240031739734139e+00 1.603424549102783203e-01 6.546406541019678116e-03 7.318002637475728989e-03 1.442927680909633636e-02
7.200000000000000000e+01 1.157407407407407440e+00 1.571623086929321289e-01 6.238168105483055115e-03 7.265785243362188339e-03 1.434201467782258987e-02
7.300000000000000000e+01 1.125914805779695937e+00 1.540904492139816284e-01 5.940837319940328598e-03 7.246766239404678345e-03 1.425577327609062195e-02
7.400000000000000000e+01 1.095690284879474063e+00 1.511219590902328491e-01 5.653784610331058502e-03 7.233653217554092407e-03 1.417056191712617874e-02
7.500000000000000000e+01 1.066666666666666652e+00 1.482518464326858521e-01 5.376556888222694397e-03 7.201530039310455322e-03 1.408633310347795486e-02
7.600000000000000000e+01 1.038781163434903121e+00 1.454754322767257690e-01 5.108884070068597794e-03 7.129231002181768417e-03 1.400306168943643570e-02
7.700000000000000000e+01 1.011975037949063960e+00 1.427885144948959351e-01 4.850601311773061752e-03 7.001235149800777435e-03 1.392075326293706894e-02
7.800000000000000000e+01 9.861932938856016184e-01 1.401870697736740112e-01 4.601656924933195114e-03 6.808929610997438431e-03 1.383936405181884766e-02
7.900000000000000000e+01 9.613843935266783713e-01 1.376670598983764648e-01 4.362071864306926727e-03 6.551447790116071701e-03 1.375888753682374954e-02
8.000000000000000000e+01 9.375000000000000000e-01 1.352251619100570679e-01 4.131908528506755829e-03 6.235520355403423309e-03 1.367930416017770767e-02
8.100000000000000000e+01 9.144947416552354769e-01 1.328578740358352661e-01 3.911280538886785507e-03 5.873717833310365677e-03 1.360059902071952820e-02
8.200000000000000000e+01 8.923259964306959890e-01 1.305620521306991577e-01 3.700191620737314224e-03 5.482594016939401627e-03 1.352274417877197266e-02
8.300000000000000000e+01 8.709536942952532668e-01 1.283346116542816162e-01 3.498659236356616020e-03 5.080041009932756424e-03 1.344573590904474258e-02
8.400000000000000000e+01 8.503401360544217136e-01 1.261725425720214844e-01 3.306665457785129547e-03 4.683264531195163727e-03 1.336956396698951721e-02
8.500000000000000000e+01 8.304498269896193330e-01 1.240732595324516296e-01 3.124107141047716141e-03 4.307253286242485046e-03 1.329419482499361038e-02
8.600000000000000000e+01 8.112493239588967064e-01 1.220342442393302917e-01 2.950845053419470787e-03 3.963569179177284241e-03 1.321962010115385056e-02
8.700000000000000000e+01 7.927070947284978741e-01 1.200530529022216797e-01 2.786675933748483658e-03 3.660122398287057877e-03 1.314583513885736465e-02
8.800000000000000000e+01 7.747933884297520946e-01 1.181272715330123901e-01 2.631351351737976074e-03 3.400869434699416161e-03 1.307281386107206345e-02
8.900000000000000000e+01 7.574801161469510991e-01 1.162548288702964783e-01 2.484543714672327042e-03 3.186439163982868195e-03 1.300054788589477539e-02
9.000000000000000000e+01 7.407407407407406996e-01 1.144336238503456116e-01 2.345927292481064796e-03 3.014180576428771019e-03 1.292902138084173203e-02
9.100000000000000000e+01 7.245501750996256041e-01 1.126616448163986206e-01 2.215170767158269882e-03 2.879290375858545303e-03 1.285823341459035873e-02
9.200000000000000000e+01 7.088846880907372361e-01 1.109370514750480652e-01 2.091869246214628220e-03 2.775411121547222137e-03 1.278813928365707397e-02
9.300000000000000000e+01 6.937218175511620233e-01 1.092579588294029236e-01 1.975656254217028618e-03 2.695457078516483307e-03 1.271876599639654160e-02
9.400000000000000000e+01 6.790402897238569935e-01 1.076228022575378418e-01 1.866187667474150658e-03 2.632340416312217712e-03 1.265008188784122467e-02
9.500000000000000000e+01 6.648199445983379308e-01 1.060298606753349304e-01 1.763110281899571419e-03 2.579573309049010277e-03 1.258207578212022781e-02
9.600000000000000000e+01 6.510416666666666297e-01 1.044776514172554016e-01 1.666049007326364517e-03 2.531649079173803329e-03 1.251473184674978256e-02
9.700000000000000000e+01 6.376873206504410918e-01 1.029646918177604675e-01 1.574701513163745403e-03 2.484142081812024117e-03 1.244805008172988892e-02
9.800000000000000000e+01 6.247396917950853723e-01 1.014895364642143250e-01 1.488716690801084042e-03 2.433944260701537132e-03 1.238199975341558456e-02
9.900000000000000000e+01 6.121824303642485754e-01 1.000509411096572876e-01 1.407786039635539055e-03 2.379178768023848534e-03 1.231658831238746643e-02
1.000000000000000000e+02 5.999999999999999778e-01 9.864760190248489380e-02 1.331598032265901566e-03 2.319048391655087471e-03 1.225181855261325836e-02
1.010000000000000000e+02 5.881776296441525442e-01 9.727826714515686035e-02 1.259873737581074238e-03 2.253540325909852982e-03 1.218764390796422958e-02
1.020000000000000000e+02 5.767012687427912621e-01 9.594172984361648560e-02 1.192361232824623585e-03 2.183390315622091293e-03 1.212409231811761856e-02
1.030000000000000000e+02 5.655575454802526103e-01 9.463698416948318481e-02 1.128788222558796406e-03 2.109698951244354248e-03 1.206111535429954529e-02
1.040000000000000000e+02 5.547337278106508895e-01 9.336285293102264404e-02 1.068934216164052486e-03 2.033868804574012756e-03 1.199873164296150208e-02
1.050000000000000000e+02 5.442176870748299811e-01 9.211837500333786011e-02 1.012624008581042290e-03 1.957197673618793488e-03 1.193693093955516815e-02
1.060000000000000000e+02 5.339978640085439876e-01 9.090267866849899292e-02 9.596652816981077194e-04 1.881087082438170910e-03 1.187568809837102890e-02
1.070000000000000000e+02 5.240632369639269816e-01 8.971469849348068237e-02 9.098931914195418358e-04 1.806630985811352730e-03 1.181501895189285278e-02
1.080000000000000000e+02 5.144032921810699488e-01 8.855353295803070068e-02 8.631899254396557808e-04 1.734763034619390965e-03 1.175488438457250595e-02
1.090000000000000000e+02 5.050079959599360624e-01 8.741836994886398315e-02 8.194184047169983387e-04 1.666142023168504238e-03 1.169529277831315994e-02
1.100000000000000000e+02 4.958677685950413361e-01 8.630846440792083740e-02 7.784624467603862286e-04 1.601215684786438942e-03 1.163625437766313553e-02
1.110000000000000000e+02 4.869734599464329294e-01 8.522281050682067871e-02 7.402158225886523724e-04 1.540151657536625862e-03 1.157771423459053040e-02
1.120000000000000000e+02 4.783163265306122347e-01 8.416081964969635010e-02 7.045865640975534916e-04 1.482937834225594997e-03 1.151971146464347839e-02
1.130000000000000000e+02 4.698880100242775470e-01 8.312183618545532227e-02 6.714562186971306801e-04 1.429389812983572483e-03 1.146221160888671875e-02
1.140000000000000000e+02 4.616805170821791093e-01 8.210495114326477051e-02 6.407323526218533516e-04 1.379196182824671268e-03 1.140522304922342300e-02
1.150000000000000000e+02 4.536862003780718355e-01 8.110962808132171631e-02 6.123188650235533714e-04 1.332000829279422760e-03 1.134870853275060654e-02
1.160000000000000000e+02 4.458977407847800056e-01 8.013521134853363037e-02 5.861091194674372673e-04 1.287417835555970669e-03 1.129270531237125397e-02
1.170000000000000000e+02 4.383081306158229107e-01 7.918107509613037109e-02 5.619952571578323841e-04 1.245010411366820335e-03 1.123716682195663452e-02
1.180000000000000000e+02 4.309106578569376622e-01 7.824657112360000610e-02 5.398867651820182800e-04 1.204432104714214802e-03 1.118211727589368820e-02
1.190000000000000000e+02 4.236988913212343943e-01 7.733122259378433228e-02 5.196935380809009075e-04 1.165344263426959515e-03 1.112752687186002731e-02
1.200000000000000000e+02 4.166666666666666852e-01 7.643435895442962646e-02 5.013002664782106876e-04 1.127465511672198772e-03 1.107340678572654724e-02
1.210000000000000000e+02 4.098080732190423903e-01 7.555561512708663940e-02 4.846184747293591499e-04 1.090577105060219765e-03 1.101974397897720337e-02
1.220000000000000000e+02 4.031174415479709672e-01 7.469431310892105103e-02 4.695358220487833023e-04 1.054532360285520554e-03 1.096652168780565262e-02
1.230000000000000000e+02 3.965893317469760260e-01 7.385008782148361206e-02 4.559455846901983023e-04 1.019209506921470165e-03 1.091375481337308884e-02
1.240000000000000000e+02 3.902185223725286312e-01 7.302237302064895630e-02 4.437763418536633253e-04 9.845471940934658051e-04 1.086141448467969894e-02
1.250000000000000000e+02 3.840000000000000080e-01 7.221077382564544678e-02 4.328968643676489592e-04 9.504889603704214096e-04 1.080949790775775909e-02
1.260000000000000000e+02 3.779289493575208048e-01 7.141477614641189575e-02 4.232175706420093775e-04 9.170428966172039509e-04 1.075801067054271698e-02
1.270000000000000000e+02 3.720007440014880262e-01 7.063405960798263550e-02 4.146475403103977442e-04 8.841943345032632351e-04 1.070694159716367722e-02
1.280000000000000000e+02 3.662109375000000000e-01 6.986813247203826904e-02 4.070699797011911869e-04 8.519599214196205139e-04 1.065629348158836365e-02
1.290000000000000000e+02 3.605552550928429745e-01 6.911660730838775635e-02 4.003799695055931807e-04 8.203454781323671341e-04 1.060604676604270935e-02
1.300000000000000000e+02 3.550295857988165493e-01 6.837911158800125122e-02 3.944993368349969387e-04 7.893751026131212711e-04 1.055620890110731125e-02
1.310000000000000000e+02 3.496299749431851511e-01 6.765530258417129517e-02 3.893284301739186049e-04 7.590629393234848976e-04 1.050676964223384857e-02
1.320000000000000000e+02 3.443526170798897890e-01 6.694480776786804199e-02 3.847875923383980989e-04 7.294511888176202774e-04 1.045772992074489594e-02
1.330000000000000000e+02 3.391938492848662889e-01 6.624729931354522705e-02 3.807950124610215425e-04 7.005372899584472179e-04 1.040906831622123718e-02
1.340000000000000000e+02 3.341501447983960538e-01 6.556233018636703491e-02 3.772862255573272705e-04 6.723446422256529331e-04 1.036079041659832001e-02
1.350000000000000000e+02 3.292181069958847739e-01 6.488975137472152710e-02 3.741904511116445065e-04 6.448742351494729519e-04 1.031289622187614441e-02
1.360000000000000000e+02 3.243944636678200433e-01 6.422913819551467896e-02 3.714667691383510828e-04 6.181322387419641018e-04 1.026537735015153885e-02
1.370000000000000000e+02 3.196760615909212122e-01 6.358027458190917969e-02 3.690627927426248789e-04 5.921599222347140312e-04 1.021821331232786179e-02
1.380000000000000000e+02 3.150598613736609876e-01 6.294275075197219849e-02 3.669281431939452887e-04 5.669371457770466805e-04 1.017143856734037399e-02
1.390000000000000000e+02 3.105429325604264768e-01 6.231639161705970764e-02 3.650276921689510345e-04 5.424799164757132530e-04 1.012500748038291931e-02
1.400000000000000000e+02 3.061224489795918435e-01 6.170088425278663635e-02 3.633240412455052137e-04 5.187832284718751907e-04 1.007892191410064697e-02
1.410000000000000000e+02 3.017956843217142193e-01 6.109592691063880920e-02 3.617888141889125109e-04 4.958538920618593693e-04 1.003320328891277313e-02
1.420000000000000000e+02 2.975600079349335347e-01 6.050134822726249695e-02 3.603913355618715286e-04 4.737026465591043234e-04 9.987827390432357788e-03
1.430000000000000000e+02 2.934128808254682363e-01 5.991674587130546570e-02 3.591013082768768072e-04 4.522890085354447365e-04 9.942782111465930939e-03
1.440000000000000000e+02 2.893518518518518601e-01 5.934211239218711853e-02 3.579023468773812056e-04 4.316478734835982323e-04 9.898091666400432587e-03
1.450000000000000000e+02 2.853745541022592036e-01 5.877704545855522156e-02 3.567620296962559223e-04 4.117434727959334850e-04 9.853722527623176575e-03
1.460000000000000000e+02 2.814787014449239844e-01 5.822132527828216553e-02 3.556596348062157631e-04 3.925513592548668385e-04 9.809687733650207520e-03
1.470000000000000000e+02 2.776620852422601593e-01 5.767479166388511658e-02 3.545931249391287565e-04 3.740859974641352892e-04 9.765980765223503113e-03
1.480000000000000000e+02 2.739225712198685159e-01 5.713720619678497314e-02 3.535216965246945620e-04 3.563265490811318159e-04 9.722598828375339508e-03
1.490000000000000000e+02 2.702580964821404419e-01 5.660838261246681213e-02 3.524253552313894033e-04 3.392554353922605515e-04 9.679528884589672089e-03
1.500000000000000000e+02 2.666666666666666630e-01 5.608810484409332275e-02 3.512742987368255854e-04 3.228640416637063026e-04 9.636783041059970856e-03
1.510000000000000000e+02 2.631463532301214769e-01 5.557615309953689575e-02 3.500629973132163286e-04 3.071292012464255095e-04 9.594348259270191193e-03
1.520000000000000000e+02 2.596952908587257802e-01 5.507236346602439880e-02 3.487584763206541538e-04 2.920565602835267782e-04 9.552225470542907715e-03
1.530000000000000000e+02 2.563116749967960795e-01 5.457656458020210266e-02 3.473511605989187956e-04 2.776322653517127037e-04 9.510398842394351959e-03
1.540000000000000000e+02 2.529937594872659901e-01 5.408857390284538269e-02 3.458080464042723179e-04 2.638278238009661436e-04 9.468869306147098541e-03
1.550000000000000000e+02 2.497398543184183028e-01 5.360819026827812195e-02 3.441130102146416903e-04 2.506556920707225800e-04 9.427639655768871307e-03
1.560000000000000000e+02 2.465483234714004046e-01 5.313533544540405273e-02 3.422565350774675608e-04 2.380828373134136200e-04 9.386712685227394104e-03
1.570000000000000000e+02 2.434175828634021765e-01 5.266969278454780579e-02 3.402061411179602146e-04 2.261073095723986626e-04 9.346072562038898468e-03
1.580000000000000000e+02 2.403460983816695928e-01 5.221123993396759033e-02 3.379736444912850857e-04 2.147306804545223713e-04 9.305720217525959015e-03
1.590000000000000000e+02 2.373323840037973309e-01 5.175977572798728943e-02 3.355176886543631554e-04 2.039155078819021583e-04 9.265656583011150360e-03
1.600000000000000000e+02 2.343750000000000000e-01 5.131510645151138306e-02 3.328686289023607969e-04 1.936504559125751257e-04 9.225869551301002502e-03
1.610000000000000000e+02 2.314725512133019580e-01 5.087719857692718506e-02 3.299892123322933912e-04 1.839164469856768847e-04 9.186357259750366211e-03
1.620000000000000000e+02 2.286236854138088692e-01 5.044581368565559387e-02 3.268971922807395458e-04 1.747022179188206792e-04 9.147128090262413025e-03
1.630000000000000000e+02 2.258270917234370956e-01 5.002082884311676025e-02 3.235873591620475054e-04 1.659953559283167124e-04 9.108171798288822174e-03
1.640000000000000000e+02 2.230814991076739973e-01 4.960211738944053650e-02 3.200581995770335197e-04 1.577742368681356311e-04 9.069480001926422119e-03
1.650000000000000000e+02 2.203856749311294827e-01 4.918958246707916260e-02 3.163181245326995850e-04 1.500312646385282278e-04 9.031069464981555939e-03
1.660000000000000000e+02 2.177384235738133167e-01 4.878308624029159546e-02 3.123782225884497166e-04 1.427195238647982478e-04 8.992902934551239014e-03
1.670000000000000000e+02 2.151385851052386167e-01 4.838242754340171814e-02 3.082476614508777857e-04 1.358258887194097042e-04 8.955012075603008270e-03
1.680000000000000000e+02 2.125850340136054284e-01 4.798756167292594910e-02 3.039294679183512926e-04 1.293394307140260935e-04 8.917373605072498322e-03
1.690000000000000000e+02 2.100766779874654322e-01 4.759838432073593140e-02 2.994279493577778339e-04 1.232443028129637241e-04 8.879983797669410706e-03
1.700000000000000000e+02 2.076124567474048332e-01 4.721473157405853271e-02 2.947766333818435669e-04 1.175014112959615886e-04 8.842856623232364655e-03
1.710000000000000000e+02 2.051913409254129406e-01 4.683654382824897766e-02 2.899760729633271694e-04 1.121308305300772190e-04 8.805976249277591705e-03
1.720000000000000000e+02 2.028123309897241766e-01 4.646364599466323853e-02 2.850303717423230410e-04 1.070781945600174367e-04 8.769337087869644165e-03
1.730000000000000000e+02 2.004744562130375274e-01 4.609603807330131531e-02 2.799663343466818333e-04 1.023549702949821949e-04 8.732950314879417419e-03
1.740000000000000000e+02 1.981767736821244685e-01 4.573344811797142029e-02 2.747986873146146536e-04 9.792781929718330503e-05 8.696812205016613007e-03
1.750000000000000000e+02 1.959183673469387654e-01 4.537595808506011963e-02 2.695369767025113106e-04 9.379151015309616923e-05 8.660908788442611694e-03
1.760000000000000000e+02 1.936983471074380236e-01 4.502335935831069946e-02 2.641980245243757963e-04 8.992418588604778051e-05 8.625243790447711945e-03
1.770000000000000000e+02 1.915158479364167388e-01 4.467559233307838440e-02 2.587880298960953951e-04 8.631708624307066202e-05 8.589797653257846832e-03
1.780000000000000000e+02 1.893700290367377748e-01 4.433255270123481750e-02 2.533328079152852297e-04 8.298336615553125739e-05 8.554601110517978668e-03
1.790000000000000000e+02 1.872600730314284700e-01 4.399418830871582031e-02 2.478263631928712130e-04 7.989265577634796500e-05 8.519643917679786682e-03
1.800000000000000000e+02 1.851851851851851749e-01 4.366037994623184204e-02 2.423026744509115815e-04 7.703709707129746675e-05 8.484899066388607025e-03
1.810000000000000000e+02 1.831445926559018278e-01 4.333100840449333191e-02 2.367546694586053491e-04 7.439210457960143685e-05 8.450387045741081238e-03
1.820000000000000000e+02 1.811375437749064010e-01 4.300602898001670837e-02 2.312089636689051986e-04 7.193862256826832891e-05 8.416106924414634705e-03
1.830000000000000000e+02 1.791633073546537724e-01 4.268530756235122681e-02 2.256620355183258653e-04 6.969983951421454549e-05 8.382034488022327423e-03
1.840000000000000000e+02 1.772211720226843090e-01 4.236886650323867798e-02 2.201363822678104043e-04 6.763560668332502246e-05 8.348192088305950165e-03
1.850000000000000000e+02 1.753104455807158457e-01 4.205657914280891418e-02 2.146415063180029392e-04 6.574718281626701355e-05 8.314550854265689850e-03
1.860000000000000000e+02 1.734304543877905058e-01 4.174830019474029541e-02 2.091641799779608846e-04 6.401541759259998798e-05 8.281142450869083405e-03
1.870000000000000000e+02 1.715805427664502947e-01 4.144405201077461243e-02 2.037469821516424417e-04 6.244544783839955926e-05 8.247936144471168518e-03
1.880000000000000000e+02 1.697600724309642484e-01 4.114372283220291138e-02 1.983631809707731009e-04 6.100735845393501222e-05 8.214938454329967499e-03
1.890000000000000000e+02 1.679684219366759101e-01 4.084723070263862610e-02 1.930497237481176853e-04 5.971512291580438614e-05 8.182166144251823425e-03
1.900000000000000000e+02 1.662049861495844827e-01 4.055454209446907043e-02 1.878044276963919401e-04 5.854085247847251594e-05 8.149577304720878601e-03
1.910000000000000000e+02 1.644691757353142769e-01 4.026555642485618591e-02 1.826315710786730051e-04 5.748583862441591918e-05 8.117206394672393799e-03
1.920000000000000000e+02 1.627604166666666574e-01 3.998020663857460022e-02 1.775469427229836583e-04 5.653937478200532496e-05 8.085045963525772095e-03
1.930000000000000000e+02 1.610781497489865433e-01 3.969843685626983643e-02 1.725520123727619648e-04 5.571124347625300288e-05 8.053080178797245026e-03
1.940000000000000000e+02 1.594218301626102730e-01 3.942018747329711914e-02 1.676581596257165074e-04 5.497075835592113435e-05 8.021320216357707977e-03
1.950000000000000000e+02 1.577909270216962534e-01 3.914541006088256836e-02 1.628652244107797742e-04 5.433044134406372905e-05 7.989739067852497101e-03
1.960000000000000000e+02 1.561849229487713431e-01 3.887398168444633484e-02 1.581811084179207683e-04 5.376947956392541528e-05 7.958373986184597015e-03
1.970000000000000000e+02 1.546033136643562012e-01 3.860592097043991089e-02 1.536086201667785645e-04 5.329270425136201084e-05 7.927184924483299255e-03
1.980000000000000000e+02 1.530456075910621438e-01 3.834114968776702881e-02 1.491717557655647397e-04 5.287557723931968212e-05 7.896210066974163055e-03
1.990000000000000000e+02 1.515113254715790003e-01 3.807956725358963013e-02 1.448399416403844953e-04 5.251383845461532474e-05 7.865408435463905334e-03
2.000000000000000000e+02 1.499999999999999944e-01 3.782117366790771484e-02 1.406531519023701549e-04 5.220545062911696732e-05 7.834800519049167633e-03
2.010000000000000000e+02 1.485111754659538263e-01 3.756589069962501526e-02 1.366040378343313932e-04 5.194569530431181192e-05 7.804379798471927643e-03
2.020000000000000000e+02 1.470444074110381361e-01 3.731362894177436829e-02 1.326833444181829691e-04 5.171069642528891563e-05 7.774135097861289978e-03
2.030000000000000000e+02 1.455992622970710415e-01 3.706441447138786316e-02 1.289080537389963865e-04 5.151248842594213784e-05 7.744082715362310410e-03
2.040000000000000000e+02 1.441753171856978155e-01 3.681816905736923218e-02 1.252731744898483157e-04 5.132391743245534599e-05 7.714207284152507782e-03
2.050000000000000000e+02 1.427721594289113605e-01 3.657481074333190918e-02 1.217758763232268393e-04 5.115925159770995378e-05 7.684526499360799789e-03
2.060000000000000000e+02 1.413893863700631526e-01 3.633430600166320801e-02 1.184332941193133593e-04 5.099664849694818258e-05 7.654996588826179504e-03
2.070000000000000000e+02 1.400266050549604513e-01 3.609659150242805481e-02 1.152221593656577170e-04 5.083981159259565175e-05 7.625668775290250778e-03
2.080000000000000000e+02 1.386834319526627224e-01 3.586166352033615112e-02 1.121642198995687068e-04 5.068155587650835514e-05 7.596506737172603607e-03
2.090000000000000000e+02 1.373594926856070153e-01 3.562947362661361694e-02 1.092445672838948667e-04 5.050711115472950041e-05 7.567523978650569916e-03
2.100000000000000000e+02 1.360544217687074953e-01 3.539989143610000610e-02 1.064589741872623563e-04 5.033140405430458486e-05 7.538706995546817780e-03
2.110000000000000000e+02 1.347678623570899015e-01 3.517299890518188477e-02 1.038133414112962782e-04 5.014557245885953307e-05 7.510066498070955276e-03
2.120000000000000000e+02 1.334994660021359969e-01 3.494865447282791138e-02 1.012934299069456756e-04 4.994530172552913427e-05 7.481588982045650482e-03
2.130000000000000000e+02 1.322488924155260093e-01 3.472688421607017517e-02 9.891443187370896339e-05 4.971992893842980266e-05 7.453279569745063782e-03
2.140000000000000000e+02 1.310158092409817454e-01 3.450760990381240845e-02 9.664559911470860243e-05 4.948670539306476712e-05 7.425142452120780945e-03
2.150000000000000000e+02 1.297998918334234697e-01 3.429077938199043274e-02 9.450746438233181834e-05 4.922767766402103007e-05 7.397167384624481201e-03
2.160000000000000000e+02 1.286008230452674872e-01 3.407641872763633728e-02 9.247318666893988848e-05 4.895398524240590632e-05 7.369360886514186859e-03
2.170000000000000000e+02 1.274182930196011698e-01 3.386440873146057129e-02 9.057014540303498507e-05 4.866315430263057351e-05 7.341712713241577148e-03
2.180000000000000000e+02 1.262519989899840156e-01 3.365473821759223938e-02 8.876329229678958654e-05 4.834108403883874416e-05 7.314215879887342453e-03
2.190000000000000000e+02 1.251016450866328789e-01 3.344739973545074463e-02 8.706407970748841763e-05 4.800385795533657074e-05 7.286893669515848160e-03
2.200000000000000000e+02 1.239669421487603340e-01 3.324234113097190857e-02 8.546852041035890579e-05 4.765832272823899984e-05 7.259732577949762344e-03
2.210000000000000000e+02 1.228476075428431014e-01 3.303950279951095581e-02 8.395270560868084431e-05 4.728935527964495122e-05 7.232709322124719620e-03
2.220000000000000000e+02 1.217433649866082324e-01 3.283886983990669250e-02 8.253446867456659675e-05 4.690660716732963920e-05 7.205865811556577682e-03
2.230000000000000000e+02 1.206539443785316357e-01 3.264039754867553711e-02 8.120082202367484570e-05 4.650487971957772970e-05 7.179149426519870758e-03
2.240000000000000000e+02 1.195790816326530587e-01 3.244408220052719116e-02 7.995963096618652344e-05 4.608783638104796410e-05 7.152602076530456543e-03
2.250000000000000000e+02 1.185185185185185230e-01 3.224986791610717773e-02 7.878240285208448768e-05 4.566554707707837224e-05 7.126206066459417343e-03
2.260000000000000000e+02 1.174720025060693868e-01 3.205773234367370605e-02 7.769029616611078382e-05 4.522300514508970082e-05 7.099956274032592773e-03
2.270000000000000000e+02 1.164392866153040051e-01 3.186760097742080688e-02 7.666347664780914783e-05 4.477765105548314750e-05 7.073860149830579758e-03
2.280000000000000000e+02 1.154201292705447773e-01 3.167952224612236023e-02 7.570179150206968188e-05 4.431391062098555267e-05 7.047906983643770218e-03
2.290000000000000000e+02 1.144142941591502899e-01 3.149336576461791992e-02 7.480342173948884010e-05 4.385199645184911788e-05 7.022102363407611847e-03
2.300000000000000000e+02 1.134215500945179589e-01 3.130922466516494751e-02 7.396707223961129785e-05 4.337400241638533771e-05 6.996445357799530029e-03
2.310000000000000000e+02 1.124416708832293305e-01 3.112695552408695221e-02 7.318885036511346698e-05 4.287008778192102909e-05 6.970928981900215149e-03
2.320000000000000000e+02 1.114744351961950014e-01 3.094660304486751556e-02 7.246470340760424733e-05 4.237024768372066319e-05 6.945557426661252975e-03
2.330000000000000000e+02 1.105196264436626163e-01 3.076807409524917603e-02 7.178264058893546462e-05 4.184286808595061302e-05 6.920328363776206970e-03
2.340000000000000000e+02 1.095770326539557277e-01 3.059144131839275360e-02 7.115954940672963858e-05 4.131239620619453490e-05 6.895238999277353287e-03
2.350000000000000000e+02 1.086464463558171056e-01 3.041657246649265289e-02 7.056523463688790798e-05 4.075328251929022372e-05 6.870282813906669617e-03
2.360000000000000000e+02 1.077276644642344156e-01 3.024351038038730621e-02 7.001974154263734818e-05 4.020195410703308880e-05 6.845483090728521347e-03
2.370000000000000000e+02 1.068204881696309394e-01 3.007218241691589355e-02 6.951045361347496510e-05 3.961101538152433932e-05 6.820803973823785782e-03
2.380000000000000000e+02 1.059247228303085986e-01 2.990259788930416107e-02 6.903041503392159939e-05 3.901583841070532799e-05 6.796263158321380615e-03
2.390000000000000000e+02 1.050401778680345177e-01 2.973470464348793030e-02 6.857608241261914372e-05 3.840023418888449669e-05 6.771858781576156616e-03
2.400000000000000000e+02 1.041666666666666713e-01 2.956850267946720123e-02 6.815320375608280301e-05 3.777489837375469506e-05 6.747595500200986862e-03
2.410000000000000000e+02 1.033040064737177355e-01 2.940395846962928772e-02 6.775086512789130211e-05 3.713242767844349146e-05 6.723455619066953659e-03
2.420000000000000000e+02 1.024520183047605976e-01 2.924103848636150360e-02 6.736734212609007955e-05 3.648543133749626577e-05 6.699452642351388931e-03
2.430000000000000000e+02 1.016105268505817227e-01 2.907971292734146118e-02 6.700272933812811971e-05 3.582721546990796924e-05 6.675577722489833832e-03
2.440000000000000000e+02 1.007793603869927418e-01 2.891997434198856354e-02 6.662819214398041368e-05 3.515296702971681952e-05 6.651846691966056824e-03
2.450000000000000000e+02 9.995835068721366234e-02 2.876183949410915375e-02 6.627757102251052856e-05 3.448437928454950452e-05 6.628224160522222519e-03
2.460000000000000000e+02 9.914733293674400649e-02 2.860522828996181488e-02 6.593538273591548204e-05 3.379869667696766555e-05 6.604734808206558228e-03
2.470000000000000000e+02 9.834614565064170311e-02 2.845009975135326385e-02 6.558538007084280252e-05 3.311380714876577258e-05 6.581381428986787796e-03
2.480000000000000000e+02 9.755463059313215779e-02 2.829649485647678375e-02 6.522888725157827139e-05 3.243282844778150320e-05 6.558149587363004684e-03
2.490000000000000000e+02 9.677263269947258828e-02 2.814438194036483765e-02 6.487181963166221976e-05 3.174951052642427385e-05 6.535035558044910431e-03
2.500000000000000000e+02 9.600000000000000200e-02 2.799371629953384399e-02 6.451079389080405235e-05 3.106382791884243488e-05 6.512067280709743500e-03
2.510000000000000000e+02 9.523658354629291334e-02 2.784447558224201202e-02 6.412418588297441602e-05 3.039134389837272465e-05 6.489195395261049271e-03
2.520000000000000000e+02 9.448223733938020119e-02 2.769664116203784943e-02 6.373431824613362551e-05 2.971895082737319171e-05 6.466463673859834671e-03
2.530000000000000000e+02 9.373681825993220029e-02 2.755025401711463928e-02 6.333050987450405955e-05 2.905542714870534837e-05 6.443845573812723160e-03
2.540000000000000000e+02 9.300018600037200656e-02 2.740519121289253235e-02 6.290130113484337926e-05 2.839942135324236006e-05 6.421346683055162430e-03
2.550000000000000000e+02 9.227220299884660026e-02 2.726152352988719940e-02 6.245540862437337637e-05 2.776697874651290476e-05 6.398973055183887482e-03
2.560000000000000000e+02 9.155273437500000000e-02 2.711916901171207428e-02 6.199054769240319729e-05 2.713057619985193014e-05 6.376721430569887161e-03
2.570000000000000000e+02 9.084164786749231169e-02 2.697816304862499237e-02 6.150215631350874901e-05 2.652177136042155325e-05 6.354578770697116852e-03
2.580000000000000000e+02 9.013881377321074362e-02 2.683846466243267059e-02 6.099416714278049767e-05 2.591526026662904769e-05 6.332556251436471939e-03
2.590000000000000000e+02 8.944410488812033766e-02 2.669999748468399048e-02 6.046237103873863816e-05 2.533347651478834450e-05 6.310652475804090500e-03
2.600000000000000000e+02 8.875739644970413733e-02 2.656286209821701050e-02 5.991043144604191184e-05 2.475793189660180360e-05 6.288854870945215225e-03
2.610000000000000000e+02 8.807856608094420670e-02 2.642694860696792603e-02 5.933543070568703115e-05 2.419707561784889549e-05 6.267175078392028809e-03
2.620000000000000000e+02 8.740749373579628778e-02 2.629226073622703552e-02 5.873723421245813370e-05 2.365627005929127336e-05 6.245613098144531250e-03
2.630000000000000000e+02 8.674406164611314640e-02 2.615881338715553284e-02 5.810784932691603899e-05 2.314003722858615220e-05 6.224157754331827164e-03
2.640000000000000000e+02 8.608815426997244724e-02 2.602655254304409027e-02 5.746399983763694763e-05 2.261963163618929684e-05 6.202814634889364243e-03
2.650000000000000000e+02 8.543965824136703913e-02 2.589549683034420013e-02 5.681082984665408731e-05 2.212272192991804332e-05 6.181587465107440948e-03
2.660000000000000000e+02 8.479846232121657224e-02 2.576562017202377319e-02 5.612599125015549362e-05 2.164439320040401071e-05 6.160471588373184204e-03
2.670000000000000000e+02 8.416445734966124248e-02 2.563688158988952637e-02 5.543408769881352782e-05 2.117370422638487071e-05 6.139451637864112854e-03
2.680000000000000000e+02 8.353753619959901344e-02 2.550927363336086273e-02 5.471490658237598836e-05 2.072362440230790526e-05 6.118556018918752670e-03
2.690000000000000000e+02 8.291759373142991441e-02 2.538281492888927460e-02 5.399138171924278140e-05 2.028584094659890980e-05 6.097752135246992111e-03
2.700000000000000000e+02 8.230452674897119347e-02 2.525745704770088196e-02 5.325228630681522191e-05 1.986223287531174719e-05 6.077068392187356949e-03
2.710000000000000000e+02 8.169823395650931130e-02 2.513322606682777405e-02 5.250609319773502648e-05 1.945106487255543470e-05 6.056481506675481796e-03
2.720000000000000000e+02 8.109861591695501082e-02 2.501003444194793701e-02 5.174754915060475469e-05 1.906026591314002872e-05 6.036009639501571655e-03
2.730000000000000000e+02 8.050557501106951619e-02 2.488794177770614624e-02 5.097744360682554543e-05 1.867671380750834942e-05 6.015631835907697678e-03
2.740000000000000000e+02 7.991901539773030305e-02 2.476690523326396942e-02 5.021197284804657102e-05 1.831069130275864154e-05 5.995360203087329865e-03
2.750000000000000000e+02 7.933884297520661655e-02 2.464689686894416809e-02 4.943499880027957261e-05 1.795496245904359967e-05 5.975191015750169754e-03
2.760000000000000000e+02 7.876496534341524691e-02 2.452794089913368225e-02 4.866025483352132142e-05 1.761490239005070180e-05 5.955127999186515808e-03
2.770000000000000000e+02 7.819729176712846008e-02 2.440997585654258728e-02 4.787932266481220722e-05 1.728463939798530191e-05 5.935157183557748795e-03
2.780000000000000000e+02 7.763573314010661919e-02 2.429301477968692780e-02 4.710540815722197294e-05 1.697787956800311804e-05 5.915300920605659485e-03
2.790000000000000000e+02 7.708020195012911524e-02 2.417706325650215149e-02 4.632111449609510601e-05 1.667143624217715114e-05 5.895535461604595184e-03
2.800000000000000000e+02 7.653061224489796088e-02 2.406207844614982605e-02 4.554981933324597776e-05 1.639639776840340346e-05 5.875873845070600510e-03
2.810000000000000000e+02 7.598687959878927534e-02 2.394805289804935455e-02 4.478785558603703976e-05 1.610960862308274955e-05 5.856308620423078537e-03
2.820000000000000000e+02 7.544892108042855483e-02 2.383500337600708008e-02 4.403183993417769670e-05 1.586102007422596216e-05 5.836839322000741959e-03
2.830000000000000000e+02 7.491665522106656649e-02 2.372289076447486877e-02 4.327898568590171635e-05 1.561288991069886833e-05 5.817470606416463852e-03
2.840000000000000000e+02 7.439000198373338368e-02 2.361171320080757141e-02 4.254028681316412985e-05 1.538060678285546601e-05 5.798197351396083832e-03
2.850000000000000000e+02 7.386888273314866360e-02 2.350143902003765106e-02 4.180552059551700950e-05 1.516669999546138570e-05 5.779019091278314590e-03
2.860000000000000000e+02 7.335322020636705909e-02 2.339207567274570465e-02 4.108612483832985163e-05 1.495685319241601974e-05 5.759940482676029205e-03
2.870000000000000000e+02 7.284293848413844752e-02 2.328362688422203064e-02 4.038725091959349811e-05 1.476762736274395138e-05 5.740951746702194214e-03
2.880000000000000000e+02 7.233796296296296502e-02 2.317605726420879364e-02 3.968872988480143249e-05 1.458909628127003089e-05 5.722053349018096924e-03
2.890000000000000000e+02 7.183822032782175016e-02 2.306935191154479980e-02 3.900282172253355384e-05 1.441652784706093371e-05 5.703252274543046951e-03
2.900000000000000000e+02 7.134363852556480090e-02 2.296353317797183990e-02 3.834072776953689754e-05 1.425718255632091314e-05 5.684548988938331604e-03
2.910000000000000000e+02 7.085414673893788984e-02 2.285854145884513855e-02 3.768817987293004990e-05 1.411363155057188123e-05 5.665931850671768188e-03
2.920000000000000000e+02 7.036967536123099609e-02 2.275442704558372498e-02 3.705995914060622454e-05 1.396473180648172274e-05 5.647412035614252090e-03
2.930000000000000000e+02 6.989015597153140635e-02 2.265112847089767456e-02 3.644175740191712976e-05 1.383833023282932118e-05 5.628976039588451385e-03
2.940000000000000000e+02 6.941552131056503983e-02 2.254866622388362885e-02 3.583638317650184035e-05 1.372556744172470644e-05 5.610630847513675690e-03
2.950000000000000000e+02 6.894570525711002373e-02 2.244702354073524475e-02 3.525206193444319069e-05 1.361363592877751216e-05 5.592375993728637695e-03
2.960000000000000000e+02 6.848064280496712897e-02 2.234615944325923920e-02 3.468410795903764665e-05 1.351531682303175330e-05 5.574209149926900864e-03
2.970000000000000000e+02 6.802027004047206393e-02 2.224610373377799988e-02 3.413353260839357972e-05 1.341633378615370020e-05 5.556135904043912888e-03
2.980000000000000000e+02 6.756452412053511047e-02 2.214684523642063141e-02 3.360723712830804288e-05 1.332730062131304294e-05 5.538139026612043381e-03
2.990000000000000000e+02 6.711334325119405753e-02 2.204836159944534302e-02 3.309175735921598971e-05 1.324892764387186617e-05 5.520241335034370422e-03
3.000000000000000000e+02 6.666666666666666574e-02 2.195063978433609009e-02 3.259526056353934109e-05 1.317280384682817385e-05 5.502426065504550934e-03
3.010000000000000000e+02 6.622443460888952083e-02 2.185367606580257416e-02 3.211631337762810290e-05 1.310224524786463007e-05 5.484694615006446838e-03
3.020000000000000000e+02 6.578658830753036924e-02 2.175745740532875061e-02 3.165545786032453179e-05 1.303452609136002138e-05 5.467042792588472366e-03
3.030000000000000000e+02 6.535306996046139072e-02 2.166197635233402252e-02 3.122011548839509487e-05 1.296408117923419923e-05 5.449494346976280212e-03
3.040000000000000000e+02 6.492382271468144506e-02 2.156726270914077759e-02 3.078775989706628025e-05 1.290332329517696053e-05 5.432017147541046143e-03
3.050000000000000000e+02 6.449879064767535808e-02 2.147324755787849426e-02 3.038266368093900383e-05 1.284591871808515862e-05 5.414623767137527466e-03
3.060000000000000000e+02 6.407791874919901987e-02 2.137994021177291870e-02 2.998863419634290040e-05 1.278873787668999285e-05 5.397317465394735336e-03
3.070000000000000000e+02 6.366115290347908184e-02 2.128737606108188629e-02 2.962144208140671253e-05 1.273534780921181664e-05 5.380089394748210907e-03
3.080000000000000000e+02 6.324843987181649752e-02 2.119548618793487549e-02 2.924820000771433115e-05 1.268262258236063644e-05 5.362947471439838409e-03
3.090000000000000000e+02 6.283972727558362337e-02 2.110429853200912476e-02 2.890761970775201917e-05 1.263214653590694070e-05 5.345881450921297073e-03
3.100000000000000000e+02 6.243496357960457571e-02 2.101378701627254486e-02 2.857505205611232668e-05 1.257559051737189293e-05 5.328903906047344208e-03
3.110000000000000000e+02 6.203409807590905961e-02 2.092394791543483734e-02 2.825140109052881598e-05 1.253181926585966721e-05 5.312003660947084427e-03
3.120000000000000000e+02 6.163708086785010115e-02 2.083480358123779297e-02 2.794668580463621765e-05 1.248060561920283362e-05 5.295176524668931961e-03
3.130000000000000000e+02 6.124386285457644741e-02 2.074628323316574097e-02 2.764925193332601339e-05 1.242068810825003311e-05 5.278432741761207581e-03
3.140000000000000000e+02 6.085439571585054414e-02 2.065845578908920288e-02 2.736204987741075456e-05 1.237565174960764125e-05 5.261774174869060516e-03
3.150000000000000000e+02 6.046863189720332737e-02 2.057126164436340332e-02 2.709054388105869293e-05 1.231645455845864490e-05 5.245191976428031921e-03
3.160000000000000000e+02 6.008652459541739821e-02 2.048468776047229767e-02 2.682634112716186792e-05 1.227067696163430810e-05 5.228679161518812180e-03
3.170000000000000000e+02 5.970802774433022625e-02 2.039877884089946747e-02 2.657404911587946117e-05 1.221125239680986851e-05 5.212257150560617447e-03
3.180000000000000000e+02 5.933309600094933273e-02 2.031348086893558502e-02 2.632586074469145387e-05 1.216395412484416738e-05 5.195903126150369644e-03
3.190000000000000000e+02 5.896168473187173714e-02 2.022881247103214264e-02 2.608802788017783314e-05 1.210459686262765899e-05 5.179628264158964157e-03
3.200000000000000000e+02 5.859375000000000000e-02 2.014473080635070801e-02 2.585633228591177613e-05 1.204530781251378357e-05 5.163426976650953293e-03
3.210000000000000000e+02 5.822924855154744395e-02 2.006128616631031036e-02 2.563480302342213690e-05 1.198114023281959817e-05 5.147310439497232437e-03
3.220000000000000000e+02 5.786813780332548951e-02 1.997842453420162201e-02 2.541465619287919253e-05 1.192686795548070222e-05 5.131252110004425049e-03
3.230000000000000000e+02 5.751037583030604861e-02 1.989615149796009064e-02 2.520188536436762661e-05 1.186100234917830676e-05 5.115277599543333054e-03
3.240000000000000000e+02 5.715592135345221730e-02 1.981448195874691010e-02 2.499709808034822345e-05 1.180729850602801889e-05 5.099382717162370682e-03
3.250000000000000000e+02 5.680473372781064817e-02 1.973337493836879730e-02 2.478928581695072353e-05 1.173271903098793700e-05 5.083539523184299469e-03
3.260000000000000000e+02 5.645677293085927390e-02 1.965284533798694611e-02 2.458899689372628927e-05 1.167634854937205091e-05 5.067796912044286728e-03
3.270000000000000000e+02 5.611199955110400539e-02 1.957287453114986420e-02 2.439628769934643060e-05 1.160316151072038338e-05 5.052106920629739761e-03
3.280000000000000000e+02 5.577037477691849932e-02 1.949349232017993927e-02 2.420507371425628662e-05 1.154150868387660012e-05 5.036494694650173187e-03
3.290000000000000000e+02 5.543186038562097212e-02 1.941463723778724670e-02 2.402518839517142624e-05 1.146770773630123585e-05 5.020961631089448929e-03
3.300000000000000000e+02 5.509641873278237068e-02 1.933634281158447266e-02 2.384203799010720104e-05 1.139425239671254531e-05 5.005488172173500061e-03
3.310000000000000000e+02 5.476401274176029982e-02 1.925860159099102020e-02 2.366740227444097400e-05 1.131129101850092411e-05 4.990097135305404663e-03
3.320000000000000000e+02 5.443460589345332917e-02 1.918140612542629242e-02 2.349078567931428552e-05 1.123881156672723591e-05 4.974771291017532349e-03
3.330000000000000000e+02 5.410816221627032241e-02 1.910471543669700623e-02 2.332225631107576191e-05 1.116038220061454922e-05 4.959517624229192734e-03
3.340000000000000000e+02 5.378464627630965417e-02 1.902856677770614624e-02 2.315474557690322399e-05 1.107748084905324504e-05 4.944322630763053894e-03
3.350000000000000000e+02 5.346402316774337415e-02 1.895293965935707092e-02 2.298617982887662947e-05 1.099865130527177826e-05 4.929204005748033524e-03
3.360000000000000000e+02 5.314625850340135710e-02 1.887783035635948181e-02 2.282480636495165527e-05 1.090646492230007425e-05 4.914157092571258545e-03
3.370000000000000000e+02 5.283131840555081032e-02 1.880323514342308044e-02 2.266466071887407452e-05 1.080961192201357335e-05 4.899177234619855881e-03
3.380000000000000000e+02 5.251916949686635805e-02 1.872912794351577759e-02 2.251548721687868237e-05 1.071994211088167503e-05 4.884263034909963608e-03
3.390000000000000000e+02 5.220977889158639335e-02 1.865554228425025940e-02 2.235222927993163466e-05 1.063276795321144164e-05 4.869415424764156342e-03
3.400000000000000000e+02 5.190311418685120831e-02 1.858244091272354126e-02 2.220224087068345398e-05 1.053830510500119999e-05 4.854633938521146774e-03
3.410000000000000000e+02 5.159914345421866277e-02 1.850983127951622009e-02 2.205703458457719535e-05 1.043899828800931573e-05 4.839929286390542984e-03
3.420000000000000000e+02 5.129783523135323514e-02 1.843769848346710205e-02 2.190958548453636467e-05 1.033557782648131251e-05 4.825280979275703430e-03
3.430000000000000000e+02 5.099915851388452104e-02 1.836606860160827637e-02 2.176312591473106295e-05 1.023455752147128806e-05 4.810698330402374268e-03
3.440000000000000000e+02 5.070308274743104415e-02 1.829488575458526611e-02 2.161722113669384271e-05 1.012585562421008945e-05 4.796191584318876266e-03
3.450000000000000000e+02 5.040957781978575719e-02 1.822420768439769745e-02 2.147563282051123679e-05 1.002266617433633655e-05 4.781730007380247116e-03
3.460000000000000000e+02 5.011861405325938185e-02 1.815396547317504883e-02 2.133009002136532217e-05 9.920133379637263715e-06 4.767344333231449127e-03
3.470000000000000000e+02 4.983016219717795181e-02 1.808418333530426025e-02 2.119464807037729770e-05 9.811063137021847069e-06 4.753017332404851913e-03
3.480000000000000000e+02 4.954419342053111713e-02 1.801488921046257019e-02 2.104920349665917456e-05 9.708548532216809690e-06 4.738756455481052399e-03
3.490000000000000000e+02 4.926067930476761558e-02 1.794601790606975555e-02 2.090882480842992663e-05 9.598218639439437538e-06 4.724559374153614044e-03
3.500000000000000000e+02 4.897959183673469136e-02 1.787760294973850250e-02 2.076498822134453803e-05 9.489770491200033575e-06 4.710431210696697235e-03
3.510000000000000000e+02 4.870090340175810273e-02 1.780963875353336334e-02 2.062150088022463024e-05 9.378193681186530739e-06 4.696356598287820816e-03
3.520000000000000000e+02 4.842458677685950591e-02 1.774209365248680115e-02 2.047489397227764130e-05 9.270724149246234447e-06 4.682353232055902481e-03
3.530000000000000000e+02 4.815061512410821060e-02 1.767499931156635284e-02 2.033038435911294073e-05 9.155668521998450160e-06 4.668408539146184921e-03
3.540000000000000000e+02 4.787896198410418469e-02 1.760833337903022766e-02 2.017394945141859353e-05 9.048663741850759834e-06 4.654521122574806213e-03
3.550000000000000000e+02 4.760960126958936611e-02 1.754209212958812714e-02 2.002608016482554376e-05 8.937772690842393786e-06 4.640693310648202896e-03
3.560000000000000000e+02 4.734250725918444369e-02 1.747627183794975281e-02 1.986560528166592121e-05 8.822627023619133979e-06 4.626937676221132278e-03
3.570000000000000000e+02 4.707765459124826218e-02 1.741087622940540314e-02 1.971670644707046449e-05 8.717368473298847675e-06 4.613232333213090897e-03
3.580000000000000000e+02 4.681501825785711751e-02 1.734588295221328735e-02 1.955405059561599046e-05 8.610011718701571226e-06 4.599590785801410675e-03
3.590000000000000000e+02 4.655457359890131236e-02 1.728130131959915161e-02 1.938409332069568336e-05 8.504527613695245236e-06 4.586000461131334305e-03
3.600000000000000000e+02 4.629629629629629373e-02 1.721711643040180206e-02 1.921945658978074789e-05 8.393949428864289075e-06 4.572479985654354095e-03
3.610000000000000000e+02 4.604016236830595077e-02 1.715334877371788025e-02 1.904482633108273149e-05 8.292197890114039183e-06 4.559008404612541199e-03
3.620000000000000000e+02 4.578614816397545695e-02 1.708998344838619232e-02 1.887600410555023700e-05 8.185441402019932866e-06 4.545603878796100616e-03
3.630000000000000000e+02 4.553423035767138055e-02 1.702699810266494751e-02 1.869307379820384085e-05 8.079119652393274009e-06 4.532261751592159271e-03
3.640000000000000000e+02 4.528438594372660025e-02 1.696441508829593658e-02 1.851166598498821259e-05 7.974868822202552110e-06 4.518972244113683701e-03
3.650000000000000000e+02 4.503659223118784000e-02 1.690221577882766724e-02 1.832379894040059298e-05 7.877501047914847732e-06 4.505730699747800827e-03
3.660000000000000000e+02 4.479082683866344311e-02 1.684038154780864716e-02 1.813676135498099029e-05 7.767802344460505992e-06 4.492555744946002960e-03
3.670000000000000000e+02 4.454706768926935262e-02 1.677896268665790558e-02 1.794590207282453775e-05 7.674736480112187564e-06 4.479436203837394714e-03
3.680000000000000000e+02 4.430529300567107726e-02 1.671789027750492096e-02 1.774154952727258205e-05 7.574878054583678022e-06 4.466374870389699936e-03
3.690000000000000000e+02 4.406548130521955459e-02 1.665719598531723022e-02 1.755299490469042212e-05 7.480516615032684058e-06 4.453365225344896317e-03
3.700000000000000000e+02 4.382761139517896143e-02 1.659687235951423645e-02 1.735343721520621330e-05 7.384915534203173593e-06 4.440416116267442703e-03
3.710000000000000000e+02 4.359166236804440375e-02 1.653691381216049194e-02 1.715273174340836704e-05 7.285805622814223170e-06 4.427528940141201019e-03
3.720000000000000000e+02 4.335761359694762646e-02 1.647731848061084747e-02 1.694684397079981863e-05 7.184306468843715265e-06 4.414685536175966263e-03
3.730000000000000000e+02 4.312544473114879318e-02 1.641808450222015381e-02 1.674591476330533624e-05 7.101764367689611390e-06 4.401896614581346512e-03
3.740000000000000000e+02 4.289513569161257367e-02 1.635919697582721710e-02 1.653351137065328658e-05 7.012333298916928470e-06 4.389169625937938690e-03
3.750000000000000000e+02 4.266666666666666524e-02 1.630067080259323120e-02 1.632810926821548492e-05 6.921066415088716894e-06 4.376484081149101257e-03
3.760000000000000000e+02 4.244001810774106209e-02 1.624249666929244995e-02 1.612350388313643634e-05 6.833373845438472927e-06 4.363865591585636139e-03
3.770000000000000000e+02 4.221517072518627539e-02 1.618466153740882874e-02 1.592369881109334528e-05 6.744554411852732301e-06 4.351295065134763718e-03
3.780000000000000000e+02 4.199210548416897754e-02 1.612715609371662140e-02 1.571530629007611424e-05 6.659964128630235791e-06 4.338777624070644379e-03
3.790000000000000000e+02 4.177080360064327341e-02 1.607000641524791718e-02 1.551533750898670405e-05 6.580243280041031539e-06 4.326311871409416199e-03
3.800000000000000000e+02 4.155124653739612067e-02 1.601318642497062683e-02 1.532439273432828486e-05 6.489138286269735545e-06 4.313902929425239563e-03
3.810000000000000000e+02 4.133341600016533085e-02 1.595670916140079498e-02 1.511661321274004877e-05 6.409763045667205006e-06 4.301547072827816010e-03
3.820000000000000000e+02 4.111729393382856923e-02 1.590054482221603394e-02 1.492231513111619279e-05 6.337884769891388714e-06 4.289241973310709000e-03
3.830000000000000000e+02 4.090286251866193101e-02 1.584471575915813446e-02 1.473150223318953067e-05 6.259696419874671847e-06 4.276987165212631226e-03
3.840000000000000000e+02 4.069010416666666435e-02 1.578922010958194733e-02 1.454734501749044284e-05 6.190633484948193654e-06 4.264777991920709610e-03
3.850000000000000000e+02 4.047900151796255536e-02 1.573402620851993561e-02 1.436342699889792129e-05 6.118338205851614475e-06 4.252631682902574539e-03
3.860000000000000000e+02 4.026953743724663581e-02 1.567916944622993469e-02 1.417440580553375185e-05 6.039766503818100318e-06 4.240535665303468704e-03
3.870000000000000000e+02 4.006169501031588837e-02 1.562463119626045227e-02 1.399734719598200172e-05 5.969102403469150886e-06 4.228482954204082489e-03
3.880000000000000000e+02 3.985545754065256824e-02 1.557039748877286911e-02 1.382240861858008429e-05 5.907234026381047443e-06 4.216485191136598587e-03
3.890000000000000000e+02 3.965080854607093419e-02 1.551646925508975983e-02 1.364961372019024566e-05 5.838600827701156959e-06 4.204530734568834305e-03
3.900000000000000000e+02 3.944773175542406335e-02 1.546284835785627365e-02 1.348451496596680954e-05 5.772609256382565945e-06 4.192636813968420029e-03
3.910000000000000000e+02 3.924621110536953561e-02 1.540954224765300751e-02 1.331301336904289201e-05 5.714251528843306005e-06 4.180781077593564987e-03
3.920000000000000000e+02 3.904623073719283577e-02 1.535652577877044678e-02 1.315602912654867396e-05 5.657193014485528693e-06 4.168983548879623413e-03
3.930000000000000000e+02 3.884777499368723824e-02 1.530381664633750916e-02 1.300284475291846320e-05 5.599161795544205233e-06 4.157235380262136459e-03
3.940000000000000000e+02 3.865082841608905029e-02 1.525140739977359772e-02 1.284980680793523788e-05 5.545763542613713071e-06 4.145534243434667587e-03
3.950000000000000000e+02 3.845537574106713818e-02 1.519928220659494400e-02 1.270239863515598699e-05 5.486105692398268729e-06 4.133874550461769104e-03
3.960000000000000000e+02 3.826140189776553596e-02 1.514745131134986877e-02 1.255427014257293195e-05 5.440765562525484711e-06 4.122268408536911011e-03
3.970000000000000000e+02 3.806889200489819991e-02 1.509592216461896896e-02 1.241586687683593482e-05 5.381441042118240148e-06 4.110710229724645615e-03
3.980000000000000000e+02 3.787783136789475008e-02 1.504465844482183456e-02 1.227871871378738433e-05 5.332811724656494334e-06 4.099203273653984070e-03
3.990000000000000000e+02 3.768820547609625510e-02 1.499369367957115173e-02 1.214736585097853094e-05 5.275990133668528870e-06 4.087735433131456375e-03
4.000000000000000000e+02 3.749999999999999861e-02 1.494299527257680893e-02 1.201680697704432532e-05 5.228597729001194239e-06 4.076321143656969070e-03
4.010000000000000000e+02 3.731320078855231148e-02 1.489260047674179077e-02 1.189970862469635904e-05 5.189989678910933435e-06 4.064951557666063309e-03
4.020000000000000000e+02 3.712779386648845659e-02 1.484246831387281418e-02 1.177057401946512982e-05 5.144585429661674425e-06 4.053626209497451782e-03
4.030000000000000000e+02 3.694376543171868504e-02 1.479261834174394608e-02 1.165226785815320909e-05 5.099097961647203192e-06 4.042353015393018723e-03
4.040000000000000000e+02 3.676110185275953401e-02 1.474303565919399261e-02 1.154160418082028627e-05 5.057017460785573348e-06 4.031123593449592590e-03
4.050000000000000000e+02 3.657978966620942241e-02 1.469371654093265533e-02 1.143363351729931310e-05 5.010442237107781693e-06 4.019941203296184540e-03
4.060000000000000000e+02 3.639981557426776038e-02 1.464467495679855347e-02 1.132036413764581084e-05 4.967528184351976961e-06 4.008794669061899185e-03
4.070000000000000000e+02 3.622116644229666366e-02 1.459587458521127701e-02 1.121457353292498738e-05 4.924203039990970865e-06 3.997707273811101913e-03
4.080000000000000000e+02 3.604382929642445388e-02 1.454736571758985519e-02 1.112070913222851232e-05 4.890005129709606990e-06 3.986660856753587723e-03
4.090000000000000000e+02 3.586779132119009145e-02 1.449910644441843033e-02 1.101581256079953164e-05 4.847125183005118743e-06 3.975651692599058151e-03
4.100000000000000000e+02 3.569303985722784012e-02 1.445111911743879318e-02 1.091931426344672218e-05 4.805985554412472993e-06 3.964697010815143585e-03
4.110000000000000000e+02 3.551956239899124734e-02 1.440337300300598145e-02 1.082000289898132905e-05 4.767018708662362769e-06 3.953782841563224792e-03
4.120000000000000000e+02 3.534734659251578814e-02 1.435588207095861435e-02 1.072407940228004009e-05 4.737122253573033959e-06 3.942910116165876389e-03
4.130000000000000000e+02 3.517638023321940227e-02 1.430864632129669189e-02 1.062514184013707563e-05 4.686145985033363104e-06 3.932088147848844528e-03
4.140000000000000000e+02 3.500665126374011282e-02 1.426166761666536331e-02 1.054383119480917230e-05 4.662114406528417021e-06 3.921299707144498825e-03
4.150000000000000000e+02 3.483814777181012956e-02 1.421492826193571091e-02 1.045493991114199162e-05 4.619156698026927188e-06 3.910562023520469666e-03
4.160000000000000000e+02 3.467085798816568060e-02 1.416844781488180161e-02 1.036509092955384403e-05 4.584901034832000732e-06 3.899866715073585510e-03
4.170000000000000000e+02 3.450477028449182998e-02 1.412220485508441925e-02 1.027598318614764139e-05 4.550938228931045160e-06 3.889207728207111359e-03
4.180000000000000000e+02 3.433987317140175383e-02 1.407619193196296692e-02 1.019133651425363496e-05 4.515749424172099680e-06 3.878605784848332405e-03
4.190000000000000000e+02 3.417615529644967010e-02 1.403043232858181000e-02 1.011119366012280807e-05 4.484860710363136604e-06 3.868038300424814224e-03
4.200000000000000000e+02 3.401360544217687382e-02 1.398490648716688156e-02 1.003180386760504916e-05 4.440308202902087942e-06 3.857503179460763931e-03
4.210000000000000000e+02 3.385221252419022553e-02 1.393961999565362930e-02 9.957889233191963285e-06 4.410949259181506932e-06 3.847020212560892105e-03
4.220000000000000000e+02 3.369196558927247537e-02 1.389456167817115784e-02 9.876463082036934793e-06 4.378378889668965712e-06 3.836571704596281052e-03
4.230000000000000000e+02 3.353285381352379829e-02 1.384975854307413101e-02 9.804763067222665995e-06 4.347936737758573145e-06 3.826181171461939812e-03
4.240000000000000000e+02 3.337486650053399923e-02 1.380515284836292267e-02 9.724151823320426047e-06 4.305719357944326475e-06 3.815822070464491844e-03
4.250000000000000000e+02 3.321799307958477748e-02 1.376079302281141281e-02 9.643744306231383234e-06 4.274842012819135562e-06 3.805500688031315804e-03
4.260000000000000000e+02 3.306222310388150232e-02 1.371665578335523605e-02 9.571589544066227973e-06 4.246302069077501073e-06 3.795223776251077652e-03
4.270000000000000000e+02 3.290754624881395835e-02 1.367275416851043701e-02 9.503160072199534625e-06 4.216567958792438731e-06 3.784978063777089119e-03
4.280000000000000000e+02 3.275395231024543635e-02 1.362906210124492645e-02 9.432540537090972066e-06 4.183404143986990675e-06 3.774793352931737900e-03
4.290000000000000000e+02 3.260143120282980173e-02 1.358560379594564438e-02 9.357941962662152946e-06 4.154084763285936788e-06 3.764637745916843414e-03
4.300000000000000000e+02 3.244997295835586743e-02 1.354235783219337463e-02 9.293984476244077086e-06 4.122803147765807807e-06 3.754518926143646240e-03
4.310000000000000000e+02 3.229956772411862742e-02 1.349933538585901260e-02 9.223116649081930518e-06 4.093470579391578212e-06 3.744439221918582916e-03
4.320000000000000000e+02 3.215020576131687180e-02 1.345653273165225983e-02 9.161132766166701913e-06 4.059598722960799932e-06 3.734405618160963058e-03
4.330000000000000000e+02 3.200187744347668395e-02 1.341393962502479553e-02 9.090143976209219545e-06 4.023462679469957948e-06 3.724403446540236473e-03
4.340000000000000000e+02 3.185457325490029246e-02 1.337156258523464203e-02 9.023642633110284805e-06 3.993842710769968107e-06 3.714452963322401047e-03
4.350000000000000000e+02 3.170828378913990997e-02 1.332937739789485931e-02 8.966195309767499566e-06 3.969153112848289311e-06 3.704527160152792931e-03
4.360000000000000000e+02 3.156299974749600390e-02 1.328742876648902893e-02 8.895680366549640894e-06 3.931911123800091445e-06 3.694648388773202896e-03
4.370000000000000000e+02 3.141871193753960345e-02 1.324568595737218857e-02 8.831538252707105130e-06 3.907789505319669843e-06 3.684807335957884789e-03
4.380000000000000000e+02 3.127541127165821971e-02 1.320413313806056976e-02 8.777397852099966258e-06 3.878037659887922928e-06 3.675010520964860916e-03
4.390000000000000000e+02 3.113308876562491737e-02 1.316278986632823944e-02 8.716735464986413717e-06 3.844101684080669656e-06 3.665245603770017624e-03
4.400000000000000000e+02 3.099173553719008350e-02 1.312167942523956299e-02 8.660959792905487120e-06 3.820107394858496264e-06 3.655524691566824913e-03
4.410000000000000000e+02 3.085134280469557441e-02 1.308073103427886963e-02 8.600920409662649035e-06 3.789155698541435413e-06 3.645825898274779320e-03
4.420000000000000000e+02 3.071190188571077534e-02 1.303999032825231552e-02 8.545753189537208527e-06 3.758510274565196596e-06 3.636177163571119308e-03
4.430000000000000000e+02 3.057340419569016740e-02 1.299946941435337067e-02 8.491982953273691237e-06 3.730254775291541591e-06 3.626568475738167763e-03
4.440000000000000000e+02 3.043584124665205809e-02 1.295913010835647583e-02 8.442189027846325189e-06 3.698957925735157914e-06 3.616987494751811028e-03
4.450000000000000000e+02 3.029920464587804521e-02 1.291899755597114563e-02 8.383893145946785808e-06 3.667292048703529872e-06 3.607448423281311989e-03
4.460000000000000000e+02 3.016348609463290892e-02 1.287904754281044006e-02 8.327109753736294806e-06 3.646942104751360603e-06 3.597947070375084877e-03
4.470000000000000000e+02 3.002867738690449470e-02 1.283929403871297836e-02 8.283848728751763701e-06 3.623323436841019429e-06 3.588480874896049500e-03
4.480000000000000000e+02 2.989477040816326467e-02 1.279973238706588745e-02 8.233760127041023225e-06 3.580173370210104622e-06 3.579046577215194702e-03
4.490000000000000000e+02 2.976175713414120141e-02 1.276037190109491348e-02 8.178398275049403310e-06 3.560641744115855545e-06 3.569657215848565102e-03
4.500000000000000000e+02 2.962962962962963076e-02 1.272117439657449722e-02 8.133243682095780969e-06 3.535302312229759991e-06 3.560296958312392235e-03
4.510000000000000000e+02 2.949838004729573443e-02 1.268217805773019791e-02 8.091908057394903153e-06 3.503389280012925155e-06 3.550977446138858795e-03
4.520000000000000000e+02 2.936800062651734669e-02 1.264338754117488861e-02 8.037790394155308604e-06 3.473582637525396422e-06 3.541694255545735359e-03
4.530000000000000000e+02 2.923848369223571927e-02 1.260475441813468933e-02 7.994934094313066453e-06 3.448164079600246623e-06 3.532445291057229042e-03
4.540000000000000000e+02 2.910982165382600129e-02 1.256632618606090546e-02 7.947758604132104665e-06 3.420657094466150738e-06 3.523228690028190613e-03
4.550000000000000000e+02 2.898200700398502472e-02 1.252805627882480621e-02 7.897161594883073121e-06 3.388072855159407482e-06 3.514052135869860649e-03
4.560000000000000000e+02 2.885503231763619433e-02 1.248998194932937622e-02 7.849521352909505367e-06 3.363132009326363914e-06 3.504913300275802612e-03
4.570000000000000000e+02 2.872889025085109335e-02 1.245207712054252625e-02 7.800883395248092711e-06 3.336812369525432587e-06 3.495797747746109962e-03
4.580000000000000000e+02 2.860357353978757247e-02 1.241435389965772629e-02 7.763365829305257648e-06 3.307423185106017627e-06 3.486724337562918663e-03
4.590000000000000000e+02 2.847907499964400999e-02 1.237681135535240173e-02 7.719593668298330158e-06 3.283561227362952195e-06 3.477684687823057175e-03
4.600000000000000000e+02 2.835538752362948972e-02 1.233944855630397797e-02 7.666916644666343927e-06 3.261502797613502480e-06 3.468681126832962036e-03
4.610000000000000000e+02 2.823250408194954986e-02 1.230225805193185806e-02 7.624672889505745843e-06 3.232093149563297629e-06 3.459710162132978439e-03
4.620000000000000000e+02 2.811041772080733261e-02 1.226522680371999741e-02 7.571455626020906493e-06 3.207323970855213702e-06 3.450768534094095230e-03
4.630000000000000000e+02 2.798912156141979482e-02 1.222837250679731369e-02 7.529957656515762210e-06 3.180311068717855960e-06 3.441864391788840294e-03
4.640000000000000000e+02 2.786860879904875035e-02 1.219169050455093384e-02 7.478508450731169432e-06 3.152434373987489380e-06 3.433000994846224785e-03
4.650000000000000000e+02 2.774887270204648079e-02 1.215518265962600708e-02 7.432770871673710644e-06 3.127940772174042650e-06 3.424156690016388893e-03
4.660000000000000000e+02 2.762990661091565409e-02 1.211884338408708572e-02 7.383063348243013024e-06 3.109696763203828596e-06 3.415359416976571083e-03
4.670000000000000000e+02 2.751170393738336037e-02 1.208266336470842361e-02 7.338052455452270806e-06 3.080175474678981118e-06 3.406586823984980583e-03
4.680000000000000000e+02 2.739425816348893192e-02 1.204666029661893845e-02 7.278525572473881766e-06 3.058526999666355550e-06 3.397851018235087395e-03
4.690000000000000000e+02 2.727756284068539455e-02 1.201080717146396637e-02 7.234861186589114368e-06 3.030596190001233481e-06 3.389150369912385941e-03
4.700000000000000000e+02 2.716161158895427641e-02 1.197512261569499969e-02 7.183366051322082058e-06 3.005553253387915902e-06 3.380478592589497566e-03
4.710000000000000000e+02 2.704639809593357286e-02 1.193960849195718765e-02 7.132565315259853378e-06 2.980263843710417859e-06 3.371827304363250732e-03
4.720000000000000000e+02 2.693191611605860389e-02 1.190423872321844101e-02 7.074343557178508490e-06 2.960056008305400610e-06 3.363229800015687943e-03
4.730000000000000000e+02 2.681815946971559395e-02 1.186904124915599823e-02 7.029299467831151560e-06 2.932526285803760402e-06 3.354653948917984962e-03
4.740000000000000000e+02 2.670512204240773485e-02 1.183399464935064316e-02 6.971668426558608189e-06 2.910329612859641202e-06 3.346102545037865639e-03
4.750000000000000000e+02 2.659279778393351668e-02 1.179912220686674118e-02 6.921941803739173338e-06 2.887926711991894990e-06 3.337602363899350166e-03
4.760000000000000000e+02 2.648118070757714965e-02 1.176438387483358383e-02 6.873313395772129297e-06 2.863019517462817021e-06 3.329115686938166618e-03
4.770000000000000000e+02 2.637026488931081339e-02 1.172981597483158112e-02 6.810445938754128292e-06 2.841848981915973127e-06 3.320665331557393074e-03
4.780000000000000000e+02 2.626004446700862943e-02 1.169539242982864380e-02 6.752145509381080046e-06 2.814357458191807382e-06 3.312251530587673187e-03
4.790000000000000000e+02 2.615051363967207249e-02 1.166112814098596573e-02 6.699523964925901964e-06 2.796543640215531923e-06 3.303870093077421188e-03
4.800000000000000000e+02 2.604166666666666782e-02 1.162701472640037537e-02 6.646510428254259750e-06 2.777208919724216685e-06 3.295512404292821884e-03
4.810000000000000000e+02 2.593349786696980130e-02 1.159305870532989502e-02 6.589446002180920914e-06 2.762688836810411885e-06 3.287184517830610275e-03
4.820000000000000000e+02 2.582600161842943387e-02 1.155923958867788315e-02 6.536847195093287155e-06 2.731971335379057564e-06 3.278897143900394440e-03
4.830000000000000000e+02 2.571917235703355051e-02 1.152557507157325745e-02 6.473240318882744759e-06 2.714473566811648197e-06 3.270631423220038414e-03
4.840000000000000000e+02 2.561300457619014939e-02 1.149206608533859253e-02 6.424971616070251912e-06 2.693162286959704943e-06 3.262396669015288353e-03
4.850000000000000000e+02 2.550749282601764284e-02 1.145869307219982147e-02 6.366361958498600870e-06 2.672837808859185316e-06 3.254201030358672142e-03
4.860000000000000000e+02 2.540263171264543068e-02 1.142547372728586197e-02 6.310843218670925125e-06 2.653560159160406329e-06 3.246028907597064972e-03
4.870000000000000000e+02 2.529841589752454892e-02 1.139239314943552017e-02 6.245286385819781572e-06 2.631240022310521454e-06 3.237890778109431267e-03
4.880000000000000000e+02 2.519484009674818545e-02 1.135945506393909454e-02 6.195869900693651289e-06 2.609257535368669778e-06 3.229770110920071602e-03
4.890000000000000000e+02 2.509189908038189989e-02 1.132667530328035355e-02 6.140994173620129004e-06 2.593307272036327049e-06 3.221693215891718864e-03
4.900000000000000000e+02 2.498958767180341559e-02 1.129402499645948410e-02 6.088081136113032699e-06 2.580148702691076323e-06 3.213637042790651321e-03
4.910000000000000000e+02 2.488790074705182070e-02 1.126152183860540390e-02 6.032593773852568120e-06 2.558208962000207976e-06 3.205621847882866859e-03
4.920000000000000000e+02 2.478683323418600162e-02 1.122915279120206833e-02 5.979136403766460717e-06 2.546449650253634900e-06 3.197621554136276245e-03
4.930000000000000000e+02 2.468638011265218007e-02 1.119692157953977585e-02 5.919795512454584241e-06 2.523117245800676756e-06 3.189659211784601212e-03
4.940000000000000000e+02 2.458653641266042578e-02 1.116484496742486954e-02 5.872947895113611594e-06 2.507725184841547161e-06 3.181722480803728104e-03
4.950000000000000000e+02 2.448729721456994329e-02 1.113288290798664093e-02 5.818626505060819909e-06 2.490196266080602072e-06 3.173811361193656921e-03
4.960000000000000000e+02 2.438865764828303945e-02 1.110107451677322388e-02 5.770381903857924044e-06 2.471387006153236143e-06 3.165936795994639397e-03
4.970000000000000000e+02 2.429061289264763598e-02 1.106939744204282761e-02 5.710605364583898336e-06 2.456084530422231182e-06 3.158092033118009567e-03
4.980000000000000000e+02 2.419315817486814707e-02 1.103785447776317596e-02 5.656392659147968516e-06 2.442091727061779238e-06 3.150274744257330894e-03
4.990000000000000000e+02 2.409628876992461755e-02 1.100644748657941818e-02 5.616705948341405019e-06 2.428341304039349779e-06 3.142482833936810493e-03
5.000000000000000000e+02 2.400000000000000050e-02 1.097516529262065887e-02 5.561495072470279410e-06 2.404891574769862927e-06 3.134717699140310287e-03
5.010000000000000000e+02 2.390428723391540416e-02 1.094402559101581573e-02 5.510560185939539224e-06 2.389613428022130392e-06 3.126985393464565277e-03
5.020000000000000000e+02 2.380914588657322833e-02 1.091300230473279953e-02 5.463089109980501235e-06 2.380124897172208875e-06 3.119274042546749115e-03
5.030000000000000000e+02 2.371457141840804111e-02 1.088212989270687103e-02 5.418307864601956680e-06 2.364755118833272718e-06 3.111586906015872955e-03
5.040000000000000000e+02 2.362055933484505030e-02 1.085137855261564255e-02 5.366449386201566085e-06 2.355825699851266108e-06 3.103934228420257568e-03
5.050000000000000000e+02 2.352710518576609997e-02 1.082075014710426331e-02 5.321790013113059103e-06 2.338705144211417064e-06 3.096312982961535454e-03
5.060000000000000000e+02 2.343420456498305007e-02 1.079024281352758408e-02 5.281120593281229958e-06 2.324722117919009179e-06 3.088718280196189880e-03
5.070000000000000000e+02 2.334185310971837943e-02 1.075987983494997025e-02 5.231435352470725775e-06 2.307667045897687785e-06 3.081150120124220848e-03
5.080000000000000000e+02 2.325004650009300164e-02 1.072964537888765335e-02 5.193053766561206430e-06 2.291237251483835280e-06 3.073600819334387779e-03
5.090000000000000000e+02 2.315878045862104773e-02 1.069953199476003647e-02 5.144161150383297354e-06 2.282016112076235004e-06 3.066085977479815483e-03
5.100000000000000000e+02 2.306805074971165007e-02 1.066953688859939575e-02 5.103563125885557383e-06 2.264546537844580598e-06 3.058597445487976074e-03
5.110000000000000000e+02 2.297785317917747094e-02 1.063967123627662659e-02 5.063481239631073549e-06 2.255042090837378055e-06 3.051134990528225899e-03
5.120000000000000000e+02 2.288818359375000000e-02 1.060991734266281128e-02 5.016250725020654500e-06 2.239380364699172787e-06 3.043697914108633995e-03
5.130000000000000000e+02 2.279903788060144015e-02 1.058028545230627060e-02 4.982009613740956411e-06 2.226731567134265788e-06 3.036289475858211517e-03
5.140000000000000000e+02 2.271041196687307792e-02 1.055079232901334763e-02 4.943019575875950977e-06 2.211941136920358986e-06 3.028912469744682312e-03
5.150000000000000000e+02 2.262230181921010344e-02 1.052140817046165466e-02 4.897196049569174647e-06 2.204308430009405129e-06 3.021548502147197723e-03
5.160000000000000000e+02 2.253470344330268590e-02 1.049214880913496017e-02 4.869537406193558127e-06 2.196495643147500232e-06 3.014219226315617561e-03
5.170000000000000000e+02 2.244761288343328706e-02 1.046300679445266724e-02 4.832851118408143520e-06 2.177242549805669114e-06 3.006919519975781441e-03
5.180000000000000000e+02 2.236102622203008441e-02 1.043398492038249969e-02 4.795991117134690285e-06 2.169524805140099488e-06 2.999633317813277245e-03
5.190000000000000000e+02 2.227493957922638962e-02 1.040507759898900986e-02 4.762548087455797940e-06 2.158037659683031961e-06 2.992382971569895744e-03
5.200000000000000000e+02 2.218934911242603433e-02 1.037629693746566772e-02 4.724764494312694296e-06 2.141783397746621631e-06 2.985153812915086746e-03
5.210000000000000000e+02 2.210425101587453617e-02 1.034762710332870483e-02 4.689331035478971899e-06 2.128254891431424767e-06 2.977953059598803520e-03
5.220000000000000000e+02 2.201964152023605167e-02 1.031906250864267349e-02 4.658323177864076570e-06 2.126967729054740630e-06 2.970771398395299911e-03
5.230000000000000000e+02 2.193551689217596717e-02 1.029062457382678986e-02 4.620505478669656441e-06 2.106584588545956649e-06 2.963624428957700729e-03
5.240000000000000000e+02 2.185187343394907195e-02 1.026230491697788239e-02 4.589410764310741797e-06 2.099195171467727050e-06 2.956498879939317703e-03
5.250000000000000000e+02 2.176870748299319577e-02 1.023409329354763031e-02 4.558463842840865254e-06 2.082320861518383026e-06 2.949396381154656410e-03
5.260000000000000000e+02 2.168601541152828660e-02 1.020598970353603363e-02 4.533028914011083543e-06 2.072078586934367195e-06 2.942324848845601082e-03
5.270000000000000000e+02 2.160379362616075480e-02 1.017800439149141312e-02 4.501448074734071270e-06 2.059251073660561815e-06 2.935275668278336525e-03
5.280000000000000000e+02 2.152203856749311181e-02 1.015012338757514954e-02 4.477771653910167515e-06 2.052969875876442529e-06 2.928245346993207932e-03
5.290000000000000000e+02 2.144074670973874358e-02 1.012235414236783981e-02 4.442884801392210647e-06 2.040375647993641905e-06 2.921246690675616264e-03
5.300000000000000000e+02 2.135991456034175978e-02 1.009469665586948395e-02 4.417127911438001320e-06 2.028040626100846566e-06 2.914266195148229599e-03
5.310000000000000000e+02 2.127953865960185986e-02 1.006714627146720886e-02 4.380984591989545152e-06 2.022977014348725788e-06 2.907315036281943321e-03
5.320000000000000000e+02 2.119961558030414306e-02 1.003971975296735764e-02 4.360947514214785770e-06 2.010818434428074397e-06 2.900390652939677238e-03
5.330000000000000000e+02 2.112014192735375134e-02 1.001238729804754257e-02 4.331952368374913931e-06 1.996001401494140737e-06 2.893483033403754234e-03
5.340000000000000000e+02 2.104111433741531062e-02 9.985162876546382904e-03 4.302077286411076784e-06 1.990823648156947456e-06 2.886602655053138733e-03
5.350000000000000000e+02 2.096252947855707996e-02 9.958040900528430939e-03 4.269385044608497992e-06 1.972689233298297040e-06 2.879744861274957657e-03
5.360000000000000000e+02 2.088438404989975336e-02 9.931040927767753601e-03 4.250950951245613396e-06 1.961691623364458792e-06 2.872910583391785622e-03
5.370000000000000000e+02 2.080667478126983078e-02 9.904136881232261658e-03 4.224783879180904478e-06 1.955461584657314233e-06 2.866101218387484550e-03
5.380000000000000000e+02 2.072939843285747860e-02 9.877341799437999725e-03 4.193565473542548716e-06 1.938321702255052514e-06 2.859322354197502136e-03
5.390000000000000000e+02 2.065255179487885534e-02 9.850651025772094727e-03 4.175170488451840356e-06 1.931672159116715193e-06 2.852561417967081070e-03
5.400000000000000000e+02 2.057613168724279837e-02 9.824052453041076660e-03 4.151174834987614304e-06 1.916463816087343730e-06 2.845814917236566544e-03
5.410000000000000000e+02 2.050013495922181628e-02 9.797565639019012451e-03 4.122203336009988561e-06 1.914787617351976223e-06 2.839101245626807213e-03
5.420000000000000000e+02 2.042455848912732783e-02 9.771187789738178253e-03 4.094224550499347970e-06 1.898137497846619226e-06 2.832405734807252884e-03
5.430000000000000000e+02 2.034939918398909198e-02 9.744893759489059448e-03 4.070795966981677338e-06 1.888153178697393741e-06 2.825733972713351250e-03
5.440000000000000000e+02 2.027465397923875270e-02 9.718717075884342194e-03 4.049444669362856075e-06 1.880766831163782626e-06 2.819087123498320580e-03
5.450000000000000000e+02 2.020031983839743958e-02 9.692638181149959564e-03 4.025027919851709157e-06 1.866758452706562821e-06 2.812469610944390297e-03
5.460000000000000000e+02 2.012639375276737905e-02 9.666652418673038483e-03 4.004395577794639394e-06 1.859449753283115570e-06 2.805861644446849823e-03
5.470000000000000000e+02 2.005287274112744003e-02 9.640768170356750488e-03 3.978854692832101136e-06 1.849164846134954132e-06 2.799292095005512238e-03
5.480000000000000000e+02 1.997975384943257576e-02 9.614990092813968658e-03 3.952664883399847895e-06 1.830693804549810011e-06 2.792725339531898499e-03
5.490000000000000000e+02 1.990703415051708544e-02 9.589307010173797607e-03 3.931948413082864136e-06 1.826085963330115192e-06 2.786199329420924187e-03
5.500000000000000000e+02 1.983471074380165414e-02 9.563724510371685028e-03 3.901705895259510726e-06 1.807422677302383818e-06 2.779687056317925453e-03
5.510000000000000000e+02 1.976278075500410153e-02 9.538223966956138611e-03 3.882245891873026267e-06 1.802371002668223809e-06 2.773197833448648453e-03
5.520000000000000000e+02 1.969124133585381173e-02 9.512839838862419128e-03 3.862299308821093291e-06 1.794075842553866096e-06 2.766727237030863762e-03
5.530000000000000000e+02 1.962008966380976438e-02 9.487534873187541962e-03 3.827160981018096209e-06 1.776450631041370798e-06 2.760289702564477921e-03
5.540000000000000000e+02 1.954932294178211502e-02 9.462339803576469421e-03 3.807238272202084772e-06 1.774627094164316077e-06 2.753866370767354965e-03
5.550000000000000000e+02 1.947893839785731773e-02 9.437237866222858429e-03 3.785368107855902053e-06 1.761228418217797298e-06 2.747467253357172012e-03
5.560000000000000000e+02 1.940893328502665480e-02 9.412212297320365906e-03 3.756197656912263483e-06 1.741954065437312238e-06 2.741087460890412331e-03
5.570000000000000000e+02 1.933930488091822886e-02 9.387309662997722626e-03 3.735003247129498050e-06 1.735235969135828782e-06 2.734727924689650536e-03
5.580000000000000000e+02 1.927005048753227881e-02 9.362477809190750122e-03 3.710564897119184025e-06 1.731844577079755254e-06 2.728395396843552589e-03
5.590000000000000000e+02 1.920116743097980208e-02 9.337747469544410706e-03 3.686844365802244283e-06 1.719283091006218456e-06 2.722079399973154068e-03
5.600000000000000000e+02 1.913265306122449022e-02 9.313113987445831299e-03 3.668490762720466591e-06 1.707039018583600409e-06 2.715785056352615356e-03
5.610000000000000000e+02 1.906450475182780782e-02 9.288566187024116516e-03 3.632891093729995191e-06 1.685574375187570695e-06 2.709511434659361839e-03
5.620000000000000000e+02 1.899671989969731883e-02 9.264115244150161743e-03 3.607982307585189119e-06 1.676405531725322362e-06 2.703262493014335632e-03
5.630000000000000000e+02 1.892929592483807641e-02 9.239746257662773132e-03 3.595343059714650735e-06 1.666111188569630031e-06 2.697035670280456543e-03
5.640000000000000000e+02 1.886223027010713871e-02 9.215472266077995300e-03 3.563519157978589647e-06 1.654312541177205276e-06 2.690826077014207840e-03
5.650000000000000000e+02 1.879552040097110313e-02 9.191290475428104401e-03 3.532128630467923358e-06 1.645074235057109036e-06 2.684635808691382408e-03
5.660000000000000000e+02 1.872916380526664162e-02 9.167188778519630432e-03 3.506851271595223807e-06 1.634426098462427035e-06 2.678467193618416786e-03
5.670000000000000000e+02 1.866315799296398847e-02 9.143188595771789551e-03 3.480396344457403757e-06 1.621112346583686303e-06 2.672312548384070396e-03
5.680000000000000000e+02 1.859750049593334592e-02 9.119273163378238678e-03 3.456531658230233006e-06 1.611439301996142603e-06 2.666197717189788818e-03
5.690000000000000000e+02 1.853218886771414858e-02 9.095438756048679352e-03 3.435477992752566934e-06 1.599829374754335731e-06 2.660094061866402626e-03
5.700000000000000000e+02 1.846722068328716590e-02 9.071696549654006958e-03 3.406809128136956133e-06 1.585370341672387440e-06 2.654002746567130089e-03
5.710000000000000000e+02 1.840259353884940788e-02 9.048045612871646881e-03 3.385455556781380437e-06 1.573698682477697730e-06 2.647946355864405632e-03
5.720000000000000000e+02 1.833830505159176477e-02 9.024463593959808350e-03 3.353573447384405881e-06 1.561081148793164175e-06 2.641901373863220215e-03
5.730000000000000000e+02 1.827435285947936333e-02 9.000985883176326752e-03 3.328403408886515535e-06 1.553166953272011597e-06 2.635873854160308838e-03
5.740000000000000000e+02 1.821073462103461188e-02 8.977586403489112854e-03 3.302665618321043439e-06 1.543509711154911201e-06 2.629870083183050156e-03
5.750000000000000000e+02 1.814744801512287176e-02 8.954278193414211273e-03 3.277597443229751661e-06 1.534453531348844990e-06 2.623889129608869553e-03
5.760000000000000000e+02 1.808449074074074125e-02 8.931051008403301239e-03 3.257356183894444257e-06 1.520728233117552008e-06 2.617928897961974144e-03
5.770000000000000000e+02 1.802186051680688614e-02 8.907903917133808136e-03 3.226105263820500113e-06 1.506376747784088366e-06 2.611977281048893929e-03
5.780000000000000000e+02 1.795955508195543754e-02 8.884839713573455811e-03 3.205258963134838268e-06 1.495380047344951890e-06 2.606059191748499870e-03
5.790000000000000000e+02 1.789757219433183930e-02 8.861860260367393494e-03 3.178295173711376265e-06 1.481070171394094359e-06 2.600154140964150429e-03
5.800000000000000000e+02 1.783590963139120023e-02 8.838975802063941956e-03 3.150581051158951595e-06 1.469805965825798921e-06 2.594261895865201950e-03
5.810000000000000000e+02 1.777456518969904725e-02 8.816148154437541962e-03 3.128280695818830281e-06 1.462645172978227492e-06 2.588394796475768089e-03
5.820000000000000000e+02 1.771353668473447246e-02 8.793425746262073517e-03 3.111037813141592778e-06 1.449487058380327653e-06 2.582554006949067116e-03
5.830000000000000000e+02 1.765282195069566712e-02 8.770782500505447388e-03 3.082411240029614419e-06 1.440368691874027718e-06 2.576729049906134605e-03
5.840000000000000000e+02 1.759241884030774902e-02 8.748210966587066650e-03 3.063076974285650067e-06 1.427681695531646255e-06 2.570918994024395943e-03
5.850000000000000000e+02 1.753232522463291782e-02 8.725724183022975922e-03 3.035410827578743920e-06 1.412462438565853518e-06 2.565131522715091705e-03
5.860000000000000000e+02 1.747253899288285159e-02 8.703312836587429047e-03 3.017697963514365256e-06 1.405763896400458179e-06 2.559355692937970161e-03
5.870000000000000000e+02 1.741305805223336903e-02 8.680980652570724487e-03 2.993378757309983484e-06 1.391059754496382084e-06 2.553603844717144966e-03
5.880000000000000000e+02 1.735388032764125996e-02 8.658738806843757629e-03 2.972913989651715383e-06 1.381023821522830985e-06 2.547871088609099388e-03
5.890000000000000000e+02 1.729500376166331899e-02 8.636562153697013855e-03 2.949376039396156557e-06 1.373883947053400334e-06 2.542155561968684196e-03
5.900000000000000000e+02 1.723642631427750593e-02 8.614466525614261627e-03 2.936793407570803538e-06 1.358611825708067045e-06 2.536464249715209007e-03
5.910000000000000000e+02 1.717814596270624342e-02 8.592459373176097870e-03 2.922195108112646267e-06 1.348993919236818328e-06 2.530785044655203819e-03
5.920000000000000000e+02 1.712016070124178224e-02 8.570522069931030273e-03 2.890500809371587820e-06 1.341643496743927244e-06 2.525127725675702095e-03
5.930000000000000000e+02 1.706246854107362765e-02 8.548659272491931915e-03 2.873330231523141265e-06 1.331112343905260786e-06 2.519492758437991142e-03
5.940000000000000000e+02 1.700506751011801598e-02 8.526879362761974335e-03 2.857211256923619658e-06 1.314590576839691494e-06 2.513873390853404999e-03
5.950000000000000000e+02 1.694795565284937591e-02 8.505180478096008301e-03 2.833857024597818963e-06 1.311363462264125701e-06 2.508273348212242126e-03
5.960000000000000000e+02 1.689113103013377762e-02 8.483543992042541504e-03 2.818775556079344824e-06 1.302112309531366918e-06 2.502689603716135025e-03
5.970000000000000000e+02 1.683459171906433183e-02 8.461989462375640869e-03 2.801293248921865597e-06 1.286645556319854222e-06 2.497122157365083694e-03
5.980000000000000000e+02 1.677833581279851438e-02 8.440504781901836395e-03 2.788494384731166065e-06 1.281249865314748604e-06 2.491574734449386597e-03
5.990000000000000000e+02 1.672236142039737819e-02 8.419099263846874237e-03 2.772507059489726089e-06 1.270877305614703801e-06 2.486040582880377769e-03
6.000000000000000000e+02 1.666666666666666644e-02 8.397777564823627472e-03 2.758559276117011905e-06 1.264939896827854682e-06 2.480529481545090675e-03
6.010000000000000000e+02 1.661124969199974377e-02 8.376519195735454559e-03 2.746026211752905510e-06 1.250844661626615562e-06 2.475045621395111084e-03
6.020000000000000000e+02 1.655610865222238021e-02 8.355335332453250885e-03 2.728675781327183358e-06 1.248476905857387464e-06 2.469559665769338608e-03
6.030000000000000000e+02 1.650124171843931134e-02 8.334219455718994141e-03 2.712984951358521357e-06 1.234459318766312208e-06 2.464108169078826904e-03
6.040000000000000000e+02 1.644664707688259231e-02 8.313198573887348175e-03 2.700141067180084065e-06 1.229873305419459939e-06 2.458669012412428856e-03
6.050000000000000000e+02 1.639232292876169686e-02 8.292223326861858368e-03 2.684759465410024859e-06 1.219561681864433922e-06 2.453237539157271385e-03
6.060000000000000000e+02 1.633826749011534768e-02 8.271335624158382416e-03 2.674819143066997640e-06 1.218553165927005466e-06 2.447839826345443726e-03
6.070000000000000000e+02 1.628447899166506063e-02 8.250517770648002625e-03 2.658584890014026314e-06 1.200619749397446867e-06 2.442443976178765297e-03
6.080000000000000000e+02 1.623095567867036126e-02 8.229764178395271301e-03 2.646680968609871343e-06 1.190143734675075393e-06 2.437078626826405525e-03
6.090000000000000000e+02 1.617769581078567012e-02 8.209090679883956909e-03 2.634841621329542249e-06 1.182384380626899656e-06 2.431720728054642677e-03
6.100000000000000000e+02 1.612469766191883952e-02 8.188483305275440216e-03 2.619712631712900475e-06 1.178596221507177688e-06 2.426388906314969063e-03
6.110000000000000000e+02 1.607195952009128972e-02 8.167948573827743530e-03 2.606784391900873743e-06 1.172391876025358215e-06 2.421067096292972565e-03
6.120000000000000000e+02 1.601947968729975497e-02 8.147475309669971466e-03 2.593205181256053038e-06 1.163604792964179069e-06 2.415767638012766838e-03
6.130000000000000000e+02 1.596725647937961845e-02 8.127080276608467102e-03 2.583947207313030958e-06 1.157660335593391210e-06 2.410477492958307266e-03
6.140000000000000000e+02 1.591528822586977046e-02 8.106757886707782745e-03 2.570946207924862392e-06 1.146778117799840402e-06 2.405205974355340004e-03
6.150000000000000000e+02 1.586357326987904159e-02 8.086499758064746857e-03 2.560312395871733315e-06 1.146211957347986754e-06 2.399958204478025436e-03
6.160000000000000000e+02 1.581210996795412438e-02 8.066305890679359436e-03 2.550354338382021524e-06 1.138046968662820291e-06 2.394727431237697601e-03
6.170000000000000000e+02 1.576089668994901452e-02 8.046174421906471252e-03 2.536716237955261022e-06 1.129733846028102562e-06 2.389511093497276306e-03
6.180000000000000000e+02 1.570993181889590584e-02 8.026133291423320770e-03 2.531458221710636280e-06 1.120590354730666149e-06 2.384306397289037704e-03
6.190000000000000000e+02 1.565921375087757014e-02 8.006144315004348755e-03 2.517323764550383203e-06 1.113212078962533269e-06 2.379124518483877182e-03
6.200000000000000000e+02 1.560874089490114393e-02 7.986227981746196747e-03 2.507290219000424258e-06 1.107726461668789852e-06 2.373956143856048584e-03
6.210000000000000000e+02 1.555851167277338271e-02 7.966371253132820129e-03 2.489220150891924277e-06 1.101662974178907461e-06 2.368795918300747871e-03
6.220000000000000000e+02 1.550852451897726490e-02 7.946588099002838135e-03 2.475541805324610323e-06 1.093356445380777586e-06 2.363666193559765816e-03
6.230000000000000000e+02 1.545877788055002346e-02 7.926871068775653839e-03 2.461372559992014430e-06 1.097057406695967074e-06 2.358536934480071068e-03
6.240000000000000000e+02 1.540927021696252529e-02 7.907225750386714935e-03 2.455500862197368406e-06 1.083620190911460668e-06 2.353441901504993439e-03
6.250000000000000000e+02 1.536000000000000039e-02 7.887633517384529114e-03 2.447846100039896555e-06 1.076187686521734577e-06 2.348353154957294464e-03
6.260000000000000000e+02 1.531096571364411185e-02 7.868101820349693298e-03 2.436458089505322278e-06 1.073420094144239556e-06 2.343278378248214722e-03
6.270000000000000000e+02 1.526216585395633561e-02 7.848653011023998260e-03 2.420740429442957975e-06 1.074224542207957711e-06 2.338224323466420174e-03
6.280000000000000000e+02 1.521359892896263603e-02 7.829262875020503998e-03 2.404057340754661709e-06 1.063588911165425088e-06 2.333181444555521011e-03
6.290000000000000000e+02 1.516526345853943386e-02 7.809934671968221664e-03 2.390818281128304079e-06 1.050720470630039927e-06 2.328163245692849159e-03
6.300000000000000000e+02 1.511715797430083184e-02 7.790664676576852798e-03 2.375128133280668408e-06 1.051437038768199272e-06 2.323149936273694038e-03
6.310000000000000000e+02 1.506928101948709110e-02 7.771461270749568939e-03 2.367020215388038196e-06 1.041624386743933428e-06 2.318167127668857574e-03
6.320000000000000000e+02 1.502163114885434955e-02 7.752330508083105087e-03 2.346536348341032863e-06 1.041638256538135465e-06 2.313182223588228226e-03
6.330000000000000000e+02 1.497420692856554596e-02 7.733258418738842010e-03 2.335273165954276919e-06 1.032086402119603008e-06 2.308221766725182533e-03
6.340000000000000000e+02 1.492700693608255656e-02 7.714236620813608170e-03 2.321130523341707885e-06 1.031256829264748376e-06 2.303279936313629150e-03
6.350000000000000000e+02 1.488002976005952001e-02 7.695292122662067413e-03 2.306265741935931146e-06 1.029021404974628240e-06 2.298345789313316345e-03
6.360000000000000000e+02 1.483327400023733318e-02 7.676408626139163971e-03 2.288442374265287071e-06 1.020168269860732835e-06 2.293435391038656235e-03
6.370000000000000000e+02 1.478673826733929893e-02 7.657584268599748611e-03 2.276322220495785587e-06 1.014296799439762253e-06 2.288532909005880356e-03
6.380000000000000000e+02 1.474042118296793429e-02 7.638816256076097488e-03 2.260102974105393514e-06 1.015323050523875281e-06 2.283654175698757172e-03
6.390000000000000000e+02 1.469432137950289069e-02 7.620120421051979065e-03 2.251525984320323914e-06 1.007013793241640087e-06 2.278786851093173027e-03
6.400000000000000000e+02 1.464843750000000000e-02 7.601473480463027954e-03 2.232178530903183855e-06 1.008288450066174846e-06 2.273929771035909653e-03
6.410000000000000000e+02 1.460276819809141861e-02 7.582887075841426849e-03 2.216438815594301559e-06 9.968989616027101874e-07 2.269087824970483780e-03
6.420000000000000000e+02 1.455731213788686099e-02 7.564385421574115753e-03 2.202216364821651950e-06 9.974404520107782446e-07 2.264260314404964447e-03
6.430000000000000000e+02 1.451206799387590694e-02 7.545916829258203506e-03 2.185927542086574249e-06 9.947855232894653454e-07 2.259456319734454155e-03
6.440000000000000000e+02 1.446703445083137238e-02 7.527520414441823959e-03 2.172525682908599265e-06 9.901031035042251460e-07 2.254664665088057518e-03
6.450000000000000000e+02 1.442221020371371905e-02 7.509180810302495956e-03 2.158595179935218766e-06 9.808807135414099321e-07 2.249885583296418190e-03
6.460000000000000000e+02 1.437759395757651215e-02 7.490899879485368729e-03 2.142039420505170710e-06 9.719688023324124515e-07 2.245123498141765594e-03
6.470000000000000000e+02 1.433318442747289270e-02 7.472680881619453430e-03 2.126131448676460423e-06 9.796843869480653666e-07 2.240377478301525116e-03
6.480000000000000000e+02 1.428898033836305433e-02 7.454517297446727753e-03 2.108263743139104918e-06 9.691382274468196556e-07 2.235642168670892715e-03
6.490000000000000000e+02 1.424498042502273312e-02 7.436406332999467850e-03 2.094035153277218342e-06 9.643669045544811524e-07 2.230925252661108971e-03
6.500000000000000000e+02 1.420118343195266204e-02 7.418365683406591415e-03 2.080963668049662374e-06 9.556152917866711505e-07 2.226212294772267342e-03
6.510000000000000000e+02 1.415758811328901925e-02 7.400378119200468063e-03 2.066014303636620753e-06 9.571709824740537442e-07 2.221525413915514946e-03
6.520000000000000000e+02 1.411419323271481847e-02 7.382446900010108948e-03 2.051524688795325346e-06 9.490389629718265496e-07 2.216845285147428513e-03
6.530000000000000000e+02 1.407099756337225512e-02 7.364575285464525223e-03 2.034288854702026583e-06 9.459345733375812415e-07 2.212179359048604965e-03
6.540000000000000000e+02 1.402799988777600135e-02 7.346750702708959579e-03 2.014649908232968301e-06 9.461144827582756989e-07 2.207539509981870651e-03
6.550000000000000000e+02 1.398519899772740493e-02 7.328999228775501251e-03 2.003164581765304320e-06 9.429707006347598508e-07 2.202903153374791145e-03
6.560000000000000000e+02 1.394259369422962483e-02 7.311294786632061005e-03 1.987039013329194859e-06 9.340159863313601818e-07 2.198277274146676064e-03
6.570000000000000000e+02 1.390018278740365494e-02 7.293657865375280380e-03 1.973001872102031484e-06 9.340623137177317403e-07 2.193678636103868484e-03
6.580000000000000000e+02 1.385796509640524303e-02 7.276065647602081299e-03 1.959375595106394030e-06 9.283612598665058613e-07 2.189083257690072060e-03
6.590000000000000000e+02 1.381593944934270644e-02 7.258523721247911453e-03 1.947583086803206243e-06 9.302918329012754839e-07 2.184515818953514099e-03
6.600000000000000000e+02 1.377410468319559267e-02 7.241054438054561615e-03 1.934826286742463708e-06 9.245330261364870239e-07 2.179953036829829216e-03
6.610000000000000000e+02 1.373245964373422112e-02 7.223625667393207550e-03 1.924822981891338713e-06 9.124878488364629447e-07 2.175400033593177795e-03
6.620000000000000000e+02 1.369100318544007495e-02 7.206257898360490799e-03 1.911392018882906996e-06 9.110222549679747317e-07 2.170868916437029839e-03
6.630000000000000000e+02 1.364973417142701165e-02 7.188952062278985977e-03 1.895428567877388559e-06 9.062651429303514306e-07 2.166347345337271690e-03
6.640000000000000000e+02 1.360865147336333229e-02 7.171689998358488083e-03 1.883901632027118467e-06 9.042652777679904830e-07 2.161839045584201813e-03
6.650000000000000000e+02 1.356775397139465232e-02 7.154486607760190964e-03 1.866244588200061116e-06 9.002604315355711151e-07 2.157350536435842514e-03
6.660000000000000000e+02 1.352704055406758060e-02 7.137347478419542313e-03 1.850147555160219781e-06 8.948073286774160806e-07 2.152865985408425331e-03
6.670000000000000000e+02 1.348651011825421561e-02 7.120244204998016357e-03 1.842616825342702214e-06 8.857239208737155423e-07 2.148399595171213150e-03
6.680000000000000000e+02 1.344616156907741354e-02 7.103200536221265793e-03 1.833414330576488283e-06 8.851845336721453350e-07 2.143948106095194817e-03
6.690000000000000000e+02 1.340599381983684918e-02 7.086210884153842926e-03 1.813379071791132446e-06 8.821057804198062513e-07 2.139506163075566292e-03
6.700000000000000000e+02 1.336600579193584354e-02 7.069280371069908142e-03 1.802404540285351686e-06 8.756884994909341913e-07 2.135083312168717384e-03
6.710000000000000000e+02 1.332619641480895824e-02 7.052397821098566055e-03 1.794463400983659085e-06 8.764767471802770160e-07 2.130668843165040016e-03
6.720000000000000000e+02 1.328656462585033927e-02 7.035573944449424744e-03 1.779235617505037226e-06 8.686408250468957704e-07 2.126271137967705727e-03
6.730000000000000000e+02 1.324710937034281368e-02 7.018785458058118820e-03 1.771635538716509473e-06 8.688291472935816273e-07 2.121882978826761246e-03
6.740000000000000000e+02 1.320782960138770258e-02 7.002067752182483673e-03 1.755628090904792771e-06 8.591771347710164264e-07 2.117518568411469460e-03
6.750000000000000000e+02 1.316872427983539068e-02 6.985387764871120453e-03 1.741810592648107558e-06 8.577189305469801184e-07 2.113157417625188828e-03
6.760000000000000000e+02 1.312979237421658951e-02 6.968764122575521469e-03 1.732162786538538057e-06 8.449562187706760596e-07 2.108804415911436081e-03
6.770000000000000000e+02 1.309103286067431898e-02 6.952196359634399414e-03 1.718091994007409085e-06 8.431450169155141339e-07 2.104473067447543144e-03
6.780000000000000000e+02 1.305244472289659834e-02 6.935677956789731979e-03 1.712358880467945710e-06 8.389058621105505154e-07 2.100149635225534439e-03
6.790000000000000000e+02 1.301402695204981717e-02 6.919207517057657242e-03 1.695723085504141636e-06 8.386931540371733718e-07 2.095845527946949005e-03
6.800000000000000000e+02 1.297577854671280208e-02 6.902797147631645203e-03 1.692934574748505838e-06 8.251179792750917841e-07 2.091552363708615303e-03
6.810000000000000000e+02 1.293769851281155632e-02 6.886437069624662399e-03 1.676369606684602331e-06 8.245058893407986034e-07 2.087268978357315063e-03
6.820000000000000000e+02 1.289978586355466569e-02 6.870110984891653061e-03 1.666993625804025214e-06 8.262816209025913849e-07 2.082997234538197517e-03
6.830000000000000000e+02 1.286203961936937396e-02 6.853844504803419113e-03 1.664751948737830389e-06 8.134232984957634471e-07 2.078744350001215935e-03
6.840000000000000000e+02 1.282445880783830879e-02 6.837633904069662094e-03 1.645991005716496147e-06 8.117949619190767407e-07 2.074503339827060699e-03
6.850000000000000000e+02 1.278704246363684786e-02 6.821471266448497772e-03 1.634731916055898182e-06 8.094064014585455880e-07 2.070264890789985657e-03
6.860000000000000000e+02 1.274978962847113026e-02 6.805344950407743454e-03 1.629317694096243940e-06 8.012008834157313686e-07 2.066049491986632347e-03
6.870000000000000000e+02 1.271269935101669753e-02 6.789287552237510681e-03 1.618800183678104077e-06 7.930519245746836532e-07 2.061851089820265770e-03
6.880000000000000000e+02 1.267577068685776104e-02 6.773269269615411758e-03 1.613845483916520607e-06 8.000416755749029107e-07 2.057652920484542847e-03
6.890000000000000000e+02 1.263900269842707647e-02 6.757295224815607071e-03 1.594296804796613287e-06 7.845000595807505306e-07 2.053475240245461464e-03
6.900000000000000000e+02 1.260239445494643930e-02 6.741379387676715851e-03 1.587180463502591010e-06 7.847341407796193380e-07 2.049307338893413544e-03
6.910000000000000000e+02 1.256594503236778057e-02 6.725503597408533096e-03 1.581154492669156753e-06 7.783181104059622157e-07 2.045149914920330048e-03
6.920000000000000000e+02 1.252965351331484546e-02 6.709687411785125732e-03 1.574653765601397026e-06 7.701863182774104644e-07 2.041011583060026169e-03
6.930000000000000000e+02 1.249351898702548078e-02 6.693908479064702988e-03 1.564421722832776140e-06 7.679315672248776536e-07 2.036876510828733444e-03
6.940000000000000000e+02 1.245754054929448795e-02 6.678181234747171402e-03 1.553033598611364141e-06 7.584838499496981967e-07 2.032754244282841682e-03
6.950000000000000000e+02 1.242171730241705893e-02 6.662505213171243668e-03 1.541725737297383603e-06 7.625924922649574000e-07 2.028650371357798576e-03
6.960000000000000000e+02 1.238604835513277928e-02 6.646866444498300552e-03 1.540184484838391654e-06 7.511546868954610545e-07 2.024561166763305664e-03
6.970000000000000000e+02 1.235053282257018645e-02 6.631279364228248596e-03 1.530696863483171910e-06 7.480103931811754592e-07 2.020476385951042175e-03
6.980000000000000000e+02 1.231516982619190390e-02 6.615745835006237030e-03 1.530563167762011290e-06 7.470027298950299155e-07 2.016403013840317726e-03
6.990000000000000000e+02 1.227995849374029051e-02 6.600249093025922775e-03 1.516213501417951193e-06 7.382624858109920751e-07 2.012344775721430779e-03
7.000000000000000000e+02 1.224489795918367284e-02 6.584798917174339294e-03 1.508672312411363237e-06 7.335403324759681709e-07 2.008305396884679794e-03
7.010000000000000000e+02 1.220998736266308039e-02 6.569406948983669281e-03 1.501278120485949330e-06 7.307203304662834853e-07 2.004264388233423233e-03
7.020000000000000000e+02 1.217522585043952568e-02 6.554061081260442734e-03 1.491529246777645312e-06 7.257444281094649341e-07 2.000240376219153404e-03
7.030000000000000000e+02 1.214061257484181852e-02 6.538754329085350037e-03 1.485209395468700677e-06 7.123624641280912329e-07 1.996236853301525116e-03
7.040000000000000000e+02 1.210614669421487648e-02 6.523490883409976959e-03 1.484010454078088515e-06 7.190284350144793279e-07 1.992234028875827789e-03
7.050000000000000000e+02 1.207182737286856787e-02 6.508271675556898117e-03 1.476417310186661780e-06 7.105273311935889069e-07 1.988244242966175079e-03
7.060000000000000000e+02 1.203765378102705265e-02 6.493106950074434280e-03 1.467531774324015714e-06 7.048786869745526928e-07 1.984273549169301987e-03
7.070000000000000000e+02 1.200362509477862286e-02 6.477983202785253525e-03 1.457500957258162089e-06 6.994275167926389258e-07 1.980308908969163895e-03
7.080000000000000000e+02 1.196974049602604617e-02 6.462905090302228928e-03 1.448803914172458462e-06 6.988197469581791665e-07 1.976351719349622726e-03
7.090000000000000000e+02 1.193599917243738998e-02 6.447867490351200104e-03 1.449533783670631237e-06 6.937767693671048619e-07 1.972408033907413483e-03
7.100000000000000000e+02 1.190240031739734153e-02 6.432882044464349747e-03 1.440814571651571896e-06 6.854077128082280979e-07 1.968482276424765587e-03
7.110000000000000000e+02 1.186894312995899307e-02 6.417931523174047470e-03 1.434967998648062348e-06 6.853730951661418658e-07 1.964564435184001923e-03
7.120000000000000000e+02 1.183562681479611092e-02 6.403034087270498276e-03 1.430052293471817393e-06 6.784406991755531635e-07 1.960658701136708260e-03
7.130000000000000000e+02 1.180245058215587464e-02 6.388178095221519470e-03 1.426700009687920101e-06 6.763571605006291065e-07 1.956759719178080559e-03
7.140000000000000000e+02 1.176941364781206555e-02 6.373369134962558746e-03 1.421693809788848739e-06 6.740878575328679290e-07 1.952872495166957378e-03
7.150000000000000000e+02 1.173651523301872876e-02 6.358592770993709564e-03 1.415377141711360309e-06 6.683168294330243953e-07 1.949003199115395546e-03
7.160000000000000000e+02 1.170375456446427938e-02 6.343873683363199234e-03 1.403944565936399158e-06 6.618774932576343417e-07 1.945139607414603233e-03
7.170000000000000000e+02 1.167113087422605791e-02 6.329192779958248138e-03 1.393893626300268807e-06 6.570346613443689421e-07 1.941291382536292076e-03
7.180000000000000000e+02 1.163864339972532809e-02 6.314553786069154739e-03 1.393531761095800903e-06 6.540399795085249934e-07 1.937454449944198132e-03
7.190000000000000000e+02 1.160629138368271529e-02 6.299961358308792114e-03 1.390966190228937194e-06 6.511744459203328006e-07 1.933622406795620918e-03
7.200000000000000000e+02 1.157407407407407343e-02 6.285401061177253723e-03 1.385093696626427118e-06 6.470987159445940051e-07 1.929803984239697456e-03
7.210000000000000000e+02 1.154199072408678729e-02 6.270906887948513031e-03 1.376136083308665548e-06 6.400608754120185040e-07 1.926001277752220631e-03
7.220000000000000000e+02 1.151004059207648769e-02 6.256433203816413879e-03 1.369996084576996509e-06 6.345232463900174480e-07 1.922202063724398613e-03
7.230000000000000000e+02 1.147822294152419341e-02 6.242010276764631271e-03 1.365343791803752538e-06 6.330636210805096198e-07 1.918418682180345058e-03
7.240000000000000000e+02 1.144653704099386424e-02 6.227620411664247513e-03 1.366907099509262480e-06 6.235637783902348019e-07 1.914651482366025448e-03
7.250000000000000000e+02 1.141498216409036863e-02 6.213278975337743759e-03 1.357201767859805841e-06 6.263110208237776533e-07 1.910886494442820549e-03
7.260000000000000000e+02 1.138355758941784514e-02 6.198991090059280396e-03 1.349570311504066922e-06 6.161260444059735164e-07 1.907131751067936420e-03
7.270000000000000000e+02 1.135226260053847497e-02 6.184732541441917419e-03 1.341381789643492084e-06 6.146083819658088032e-07 1.903383876197040081e-03
7.280000000000000000e+02 1.132109648593165006e-02 6.170518230646848679e-03 1.337802586931502447e-06 6.086610824240779039e-07 1.899661729112267494e-03
7.290000000000000000e+02 1.129005853895352456e-02 6.156345829367637634e-03 1.332795591224567033e-06 6.049028229426767211e-07 1.895946566946804523e-03
7.300000000000000000e+02 1.125914805779696000e-02 6.142211612313985825e-03 1.326040887761337217e-06 6.029792416484269779e-07 1.892235130071640015e-03
7.310000000000000000e+02 1.122836434545185745e-02 6.128120236098766327e-03 1.320449996455863584e-06 6.031078214618901256e-07 1.888537546619772911e-03
7.320000000000000000e+02 1.119770670966586078e-02 6.114064715802669525e-03 1.312084464188956190e-06 5.936799425398930907e-07 1.884846366010606289e-03
7.330000000000000000e+02 1.116717446290543814e-02 6.100056692957878113e-03 1.306067247242026497e-06 5.937072842243651394e-07 1.881171483546495438e-03
7.340000000000000000e+02 1.113676692231733815e-02 6.086089648306369781e-03 1.301521251662052236e-06 5.904018962610280141e-07 1.877505681477487087e-03
7.350000000000000000e+02 1.110648340969040693e-02 6.072157993912696838e-03 1.293583181904978119e-06 5.870870722901599947e-07 1.873852801509201527e-03
7.360000000000000000e+02 1.107632325141776931e-02 6.058269180357456207e-03 1.279004095522395801e-06 5.838599577145942021e-07 1.870203879661858082e-03
7.370000000000000000e+02 1.104628577845937452e-02 6.044421344995498657e-03 1.277157593904121313e-06 5.793874038317881059e-07 1.866572769358754158e-03
7.380000000000000000e+02 1.101637032630488865e-02 6.030613556504249573e-03 1.272241320293687750e-06 5.773237603534653317e-07 1.862940378487110138e-03
7.390000000000000000e+02 1.098657623493694627e-02 6.016845349222421646e-03 1.262421505998645443e-06 5.773147790932853241e-07 1.859321491792798042e-03
7.400000000000000000e+02 1.095690284879474036e-02 6.003120914101600647e-03 1.259932446373568382e-06 5.726741960643266793e-07 1.855714712291955948e-03
7.410000000000000000e+02 1.092734951673796778e-02 5.989431869238615036e-03 1.248370722350955475e-06 5.627559289678174537e-07 1.852128305472433567e-03
7.420000000000000000e+02 1.089791559201110094e-02 5.975776351988315582e-03 1.243022097696666606e-06 5.597801759904541541e-07 1.848538056947290897e-03
7.430000000000000000e+02 1.086860043220800980e-02 5.962167400866746902e-03 1.236757157130341511e-06 5.606166268989909440e-07 1.844973652623593807e-03
7.440000000000000000e+02 1.083940339923690661e-02 5.948591511696577072e-03 1.229893086929223500e-06 5.562258138525066897e-07 1.841397606767714024e-03
7.450000000000000000e+02 1.081032385928561851e-02 5.935054272413253784e-03 1.218147531290014740e-06 5.598964207820245065e-07 1.837848336435854435e-03
7.460000000000000000e+02 1.078136118278719829e-02 5.921564996242523193e-03 1.215911197505192831e-06 5.562072260545392055e-07 1.834301394410431385e-03
7.470000000000000000e+02 1.075251474438584411e-02 5.908106919378042221e-03 1.205345597554696724e-06 5.543982979361317120e-07 1.830770983360707760e-03
7.480000000000000000e+02 1.072378392290314342e-02 5.894693545997142792e-03 1.198474024022289086e-06 5.458562668536615092e-07 1.827244181185960770e-03
7.490000000000000000e+02 1.069516810130463277e-02 5.881309974938631058e-03 1.191508772535598837e-06 5.415232635641586967e-07 1.823733211494982243e-03
7.500000000000000000e+02 1.066666666666666631e-02 5.867969710379838943e-03 1.177761191684112418e-06 5.405747174336283933e-07 1.820220961235463619e-03
7.510000000000000000e+02 1.063827901014359825e-02 5.854665301740169525e-03 1.170142923001549207e-06 5.438965899884351529e-07 1.816732226870954037e-03
7.520000000000000000e+02 1.061000452693526552e-02 5.841396283358335495e-03 1.161894147116981912e-06 5.318514126884110738e-07 1.813251874409615993e-03
7.530000000000000000e+02 1.058184261625476873e-02 5.828172434121370316e-03 1.157648739535943605e-06 5.252795745036564767e-07 1.809770590625703335e-03
7.540000000000000000e+02 1.055379268129656885e-02 5.814983043819665909e-03 1.153591142610821407e-06 5.340527877706335858e-07 1.806301414035260677e-03
7.550000000000000000e+02 1.052585412920485977e-02 5.801819264888763428e-03 1.138516836363123730e-06 5.207572826293471735e-07 1.802850631065666676e-03
7.560000000000000000e+02 1.049802637104224438e-02 5.788710433989763260e-03 1.135206616709183436e-06 5.244521616987185553e-07 1.799399498850107193e-03
7.570000000000000000e+02 1.047030882175869863e-02 5.775629542768001556e-03 1.119507487601367757e-06 5.217726197770389263e-07 1.795969787053763866e-03
7.580000000000000000e+02 1.044270090016081835e-02 5.762586370110511780e-03 1.113529833673965186e-06 5.222640311330906115e-07 1.792536699213087559e-03
7.590000000000000000e+02 1.041520202888135578e-02 5.749583709985017776e-03 1.105283786273503210e-06 5.207273261476075277e-07 1.789125264622271061e-03
7.600000000000000000e+02 1.038781163434903017e-02 5.736609455198049545e-03 1.097803419725096319e-06 5.137878247296612244e-07 1.785718253813683987e-03
7.610000000000000000e+02 1.036052914675862288e-02 5.723682232201099396e-03 1.085480448637099471e-06 5.104980118630919605e-07 1.782315550372004509e-03
7.620000000000000000e+02 1.033335400004133271e-02 5.710778757929801941e-03 1.081217078535701148e-06 5.153097504262404982e-07 1.778919948264956474e-03
7.630000000000000000e+02 1.030628563183542956e-02 5.697921849787235260e-03 1.070486973731021862e-06 5.111875793772924226e-07 1.775548327714204788e-03
7.640000000000000000e+02 1.027932348345714231e-02 5.685099400579929352e-03 1.072267423296580091e-06 5.062805712441331707e-07 1.772177754901349545e-03
7.650000000000000000e+02 1.025246699987184332e-02 5.672309082001447678e-03 1.055946654560102616e-06 5.029046974414086435e-07 1.768816611729562283e-03
7.660000000000000000e+02 1.022571562966548275e-02 5.659566260874271393e-03 1.047895011652144603e-06 5.030539114159182645e-07 1.765468623489141464e-03
7.670000000000000000e+02 1.019906882501627615e-02 5.646841134876012802e-03 1.039489575305196922e-06 4.982633186045859475e-07 1.762124360539019108e-03
7.680000000000000000e+02 1.017252604166666609e-02 5.634165368974208832e-03 1.030273438118456397e-06 4.981801566827925853e-07 1.758792437613010406e-03
7.690000000000000000e+02 1.014608673889553017e-02 5.621519405394792557e-03 1.026655468194803689e-06 4.994479354536451865e-07 1.755463541485369205e-03
7.700000000000000000e+02 1.011975037949063884e-02 5.608904175460338593e-03 1.016010628518415615e-06 4.978885499440366402e-07 1.752149546518921852e-03
7.710000000000000000e+02 1.009351642972136816e-02 5.596330855041742325e-03 1.013779410641291179e-06 4.898025736110867001e-07 1.748850918374955654e-03
7.720000000000000000e+02 1.006738435931165895e-02 5.583794321864843369e-03 1.005849298962857574e-06 4.945243290421785787e-07 1.745550078339874744e-03
7.730000000000000000e+02 1.004135364141322054e-02 5.571285262703895569e-03 1.003730517368239816e-06 4.883478936790197622e-07 1.742256688885390759e-03
7.740000000000000000e+02 1.001542375257897209e-02 5.558811128139495850e-03 9.907588491842034273e-07 4.802380431101482827e-07 1.738986931741237640e-03
7.750000000000000000e+02 9.989594172736732114e-03 5.546382628381252289e-03 9.839451422521960922e-07 4.868319365414208733e-07 1.735710771754384041e-03
7.760000000000000000e+02 9.963864385163142059e-03 5.533972289413213730e-03 9.808948107092874125e-07 4.822799155590473674e-07 1.732460106723010540e-03
7.770000000000000000e+02 9.938233876457815488e-03 5.521610379219055176e-03 9.687066722108284011e-07 4.762089247378753498e-07 1.729203388094902039e-03
7.780000000000000000e+02 9.912702136517733548e-03 5.509279668331146240e-03 9.651654409026377834e-07 4.820368530999985524e-07 1.725959475152194500e-03
7.790000000000000000e+02 9.887268658511867703e-03 5.496980156749486923e-03 9.560488933857413940e-07 4.694863662280113203e-07 1.722729299217462540e-03
7.800000000000000000e+02 9.861932938856015837e-03 5.484718363732099533e-03 9.556811164657119662e-07 4.743591830447257962e-07 1.719499239698052406e-03
7.810000000000000000e+02 9.836694477187886421e-03 5.472485441714525223e-03 9.499784709987579845e-07 4.692151662766264053e-07 1.716286060400307178e-03
7.820000000000000000e+02 9.811552776342383902e-03 5.460288375616073608e-03 9.436803338758181781e-07 4.647193065920873778e-07 1.713079051114618778e-03
7.830000000000000000e+02 9.786507342327133499e-03 5.448118317872285843e-03 9.358278703075484373e-07 4.689933348345221020e-07 1.709886593744158745e-03
7.840000000000000000e+02 9.761557684298208942e-03 5.435994360595941544e-03 9.339998996438225731e-07 4.641877353606105316e-07 1.706693903543055058e-03
7.850000000000000000e+02 9.736703314536087478e-03 5.423893220722675323e-03 9.332669606010313146e-07 4.592147604398633121e-07 1.703516696579754353e-03
7.860000000000000000e+02 9.711943748421809561e-03 5.411830265074968338e-03 9.253342909687489737e-07 4.560872071124322247e-07 1.700341235846281052e-03
7.870000000000000000e+02 9.687278504413362329e-03 5.399798508733510971e-03 9.199007422466820572e-07 4.525333849869639380e-07 1.697176252491772175e-03
7.880000000000000000e+02 9.662707104022262572e-03 5.387795623391866684e-03 9.156045734926010482e-07 4.507401456521620275e-07 1.694017671979963779e-03
7.890000000000000000e+02 9.638229071790349600e-03 5.375831387937068939e-03 9.136269909504335374e-07 4.454561235434084665e-07 1.690872362814843655e-03
7.900000000000000000e+02 9.613843935266784546e-03 5.363896023482084274e-03 9.041090152095421217e-07 4.445786601081636036e-07 1.687732408754527569e-03
7.910000000000000000e+02 9.589551224985256098e-03 5.352001171559095383e-03 9.038272423822490964e-07 4.379902520668110810e-07 1.684603164903819561e-03
7.920000000000000000e+02 9.565350474441383991e-03 5.340132396668195724e-03 9.006551522361405659e-07 4.387873389077867614e-07 1.681489869952201843e-03
7.930000000000000000e+02 9.541241220070318524e-03 5.328299477696418762e-03 8.897818020159320440e-07 4.406795994782441994e-07 1.678373781032860279e-03
7.940000000000000000e+02 9.517223001224549978e-03 5.316501483321189880e-03 8.886918863026949111e-07 4.389244168123695999e-07 1.675269566476345062e-03
7.950000000000000000e+02 9.493295360151893236e-03 5.304730497300624847e-03 8.897280281416897196e-07 4.333535059686255408e-07 1.672171871177852154e-03
7.960000000000000000e+02 9.469457841973687520e-03 5.292981397360563278e-03 8.847659387356543448e-07 4.270582962817570660e-07 1.669083605520427227e-03
7.970000000000000000e+02 9.445709994663173056e-03 5.281284451484680176e-03 8.814149055069719907e-07 4.272725959708623122e-07 1.666009542532265186e-03
7.980000000000000000e+02 9.422051369024063774e-03 5.269604735076427460e-03 8.770409749558893964e-07 4.228892294122488238e-07 1.662937575019896030e-03
7.990000000000000000e+02 9.398481518669300414e-03 5.257961805909872055e-03 8.732583296477969270e-07 4.221737697207572637e-07 1.659876434132456779e-03
8.000000000000000000e+02 9.374999999999999653e-03 5.246349610388278961e-03 8.717942137081990950e-07 4.145951777445588959e-07 1.656820997595787048e-03
8.010000000000000000e+02 9.351606372184581920e-03 5.234769079834222794e-03 8.688610364515625406e-07 4.147763092987588607e-07 1.653777784667909145e-03
8.020000000000000000e+02 9.328300197138077871e-03 5.223221611231565475e-03 8.599294574196392205e-07 4.148345738030911889e-07 1.650739344768226147e-03
8.030000000000000000e+02 9.305081039501620493e-03 5.211709532886743546e-03 8.600882210885174572e-07 4.072990122949704528e-07 1.647704979404807091e-03
8.040000000000000000e+02 9.281948466622114147e-03 5.200223065912723541e-03 8.589106528233969584e-07 4.097967121197143570e-07 1.644684001803398132e-03
8.050000000000000000e+02 9.258902048532078807e-03 5.188761278986930847e-03 8.529704587090236600e-07 4.020658650460973149e-07 1.641674898564815521e-03
8.060000000000000000e+02 9.235941357929671261e-03 5.177337676286697388e-03 8.468537657790875528e-07 4.007259803984197788e-07 1.638668472878634930e-03
8.070000000000000000e+02 9.213065970158879764e-03 5.165947135537862778e-03 8.458294473712157924e-07 4.036261884721170645e-07 1.635665423236787319e-03
8.080000000000000000e+02 9.190275463189883504e-03 5.154579412192106247e-03 8.499227419633825775e-07 3.988875789673329564e-07 1.632681465707719326e-03
8.090000000000000000e+02 9.167569417599594206e-03 5.143244285136461258e-03 8.428343107880209573e-07 3.979180291935335845e-07 1.629691221751272678e-03
8.100000000000000000e+02 9.144947416552355601e-03 5.131940823048353195e-03 8.421789061685558408e-07 3.912494719315873226e-07 1.626720884814858437e-03
8.110000000000000000e+02 9.122409045780809425e-03 5.120668560266494751e-03 8.421020538662560284e-07 3.933024572688736953e-07 1.623748801648616791e-03
8.120000000000000000e+02 9.099953893566940094e-03 5.109433084726333618e-03 8.280796919279964641e-07 3.926243721252831165e-07 1.620801165699958801e-03
8.130000000000000000e+02 9.077581550723256426e-03 5.098226014524698257e-03 8.377227800338005181e-07 3.824885936865030089e-07 1.617841306142508984e-03
8.140000000000000000e+02 9.055291610574165914e-03 5.087041761726140976e-03 8.278406085082679056e-07 3.818224172391637694e-07 1.614903216250240803e-03
8.150000000000000000e+02 9.033083668937484309e-03 5.075885914266109467e-03 8.250040650636947248e-07 3.814057265572046163e-07 1.611974788829684258e-03
8.160000000000000000e+02 9.010957324106113470e-03 5.064759869128465652e-03 8.234247275140660349e-07 3.801851562457159162e-07 1.609044615179300308e-03
8.170000000000000000e+02 8.988912176829880543e-03 5.053677130490541458e-03 8.210982969103497453e-07 3.779185817620600574e-07 1.606124453246593475e-03
8.180000000000000000e+02 8.966947830297522862e-03 5.042612086981534958e-03 8.227154353335208725e-07 3.774025287839322118e-07 1.603212906047701836e-03
8.190000000000000000e+02 8.945063890118835903e-03 5.031583830714225769e-03 8.179296173693728633e-07 3.695172949846892152e-07 1.600310904905200005e-03
8.200000000000000000e+02 8.923259964306960029e-03 5.020575132220983505e-03 8.077446977949875873e-07 3.663453469471278368e-07 1.597409835085272789e-03
8.210000000000000000e+02 8.901535663260840697e-03 5.009602289646863937e-03 8.125315957840939518e-07 3.714012848377024056e-07 1.594527508132159710e-03
8.220000000000000000e+02 8.879890599747811836e-03 4.998651798814535141e-03 8.104416338028386235e-07 3.640667500803829171e-07 1.591647043824195862e-03
8.230000000000000000e+02 8.858324388886345754e-03 4.987741354852914810e-03 8.028642923818551935e-07 3.637750864982081112e-07 1.588776009157299995e-03
8.240000000000000000e+02 8.836836648128947036e-03 4.976852796971797943e-03 7.990076937858248129e-07 3.613126864365767688e-07 1.585911144502460957e-03
8.250000000000000000e+02 8.815426997245178267e-03 4.965997301042079926e-03 7.980039526955806650e-07 3.596847477638220880e-07 1.583054545335471630e-03
8.260000000000000000e+02 8.794095058304850568e-03 4.955164622515439987e-03 7.974160780577221885e-07 3.534944426064612344e-07 1.580206211656332016e-03
8.270000000000000000e+02 8.772840455661333817e-03 4.944370593875646591e-03 7.890035362834169064e-07 3.523386169490549946e-07 1.577356713823974133e-03
8.280000000000000000e+02 8.751662815935028206e-03 4.933595191687345505e-03 7.942211937006504741e-07 3.485439776795828948e-07 1.574516179971396923e-03
8.290000000000000000e+02 8.730561767996962430e-03 4.922848660498857498e-03 7.873718459450174123e-07 3.548759366367448820e-07 1.571701373904943466e-03
8.300000000000000000e+02 8.709536942952532390e-03 4.912135191261768341e-03 7.825776719982968643e-07 3.501676246742135845e-07 1.568873412907123566e-03
8.310000000000000000e+02 8.688587974125385610e-03 4.901452455669641495e-03 7.722152304268092848e-07 3.447685514856857480e-07 1.566060935147106647e-03
8.320000000000000000e+02 8.667714497041420149e-03 4.890792537480592728e-03 7.758814035696559586e-07 3.427119850130111445e-07 1.563252299092710018e-03
8.330000000000000000e+02 8.646916149412946576e-03 4.880159161984920502e-03 7.694857799833698664e-07 3.405604616091295611e-07 1.560457749292254448e-03
8.340000000000000000e+02 8.626192571122957495e-03 4.869551397860050201e-03 7.617178994223650079e-07 3.375089931978436653e-07 1.557658775709569454e-03
8.350000000000000000e+02 8.605543404209544528e-03 4.858979023993015289e-03 7.599584819217852782e-07 3.352050157445773948e-07 1.554877730086445808e-03
8.360000000000000000e+02 8.584968292850438457e-03 4.848431330174207687e-03 7.558613219771359582e-07 3.342063905620307196e-07 1.552102738060057163e-03
8.370000000000000000e+02 8.564466883347679471e-03 4.837920889258384705e-03 7.468635203622397967e-07 3.315395531444664812e-07 1.549327862448990345e-03
8.380000000000000000e+02 8.544038824112417524e-03 4.827430006116628647e-03 7.460733399966557045e-07 3.263913583850808209e-07 1.546566025353968143e-03
8.390000000000000000e+02 8.523683765649839317e-03 4.816960077732801437e-03 7.441038292199664284e-07 3.259463028371101245e-07 1.543814549222588539e-03
8.400000000000000000e+02 8.503401360544218454e-03 4.806520417332649231e-03 7.379695716736023314e-07 3.250749784911022289e-07 1.541066798381507397e-03
8.410000000000000000e+02 8.483191263444090496e-03 4.796109627932310104e-03 7.315860557355335914e-07 3.207372287761245389e-07 1.538320560939610004e-03
8.420000000000000000e+02 8.463053131047556382e-03 4.785731900483369827e-03 7.298669970623450354e-07 3.233024017390562221e-07 1.535585382953286171e-03
8.430000000000000000e+02 8.442986622087696874e-03 4.775374196469783783e-03 7.222450335575558711e-07 3.223060502932639793e-07 1.532860798761248589e-03
8.440000000000000000e+02 8.422991397318118842e-03 4.765048157423734665e-03 7.238962780320434831e-07 3.233813004044350237e-07 1.530141453258693218e-03
8.450000000000000000e+02 8.403067119498617774e-03 4.754749126732349396e-03 7.155689445426105522e-07 3.151209000407106942e-07 1.527432468719780445e-03
8.460000000000000000e+02 8.383213453380949573e-03 4.744471050798892975e-03 7.116792062333843205e-07 3.073847949508490274e-07 1.524722902104258537e-03
8.470000000000000000e+02 8.363430065694742871e-03 4.734223242849111557e-03 7.060431244099163450e-07 3.121794236449204618e-07 1.522027188912034035e-03
8.480000000000000000e+02 8.343716625133499806e-03 4.724003840237855911e-03 7.020399834800628014e-07 3.105871257957915077e-07 1.519330893643200397e-03
8.490000000000000000e+02 8.324072802340728647e-03 4.713808186352252960e-03 6.936094223419786431e-07 3.039167779661511304e-07 1.516649266704916954e-03
8.500000000000000000e+02 8.304498269896194371e-03 4.703636746853590012e-03 6.899326194798049983e-07 3.055298236631642794e-07 1.513970899395644665e-03
8.510000000000000000e+02 8.284992702302261189e-03 4.693499300628900528e-03 6.796684033361088950e-07 2.976163955281663220e-07 1.511302660219371319e-03
8.520000000000000000e+02 8.265555775970375579e-03 4.683386068791151047e-03 6.718110512338171247e-07 2.974553581225336529e-07 1.508638146333396435e-03
8.530000000000000000e+02 8.246187169207637793e-03 4.673289135098457336e-03 6.737082003382965922e-07 3.005185646998143056e-07 1.505971071310341358e-03
8.540000000000000000e+02 8.226886562203489586e-03 4.663235042244195938e-03 6.643444407927745488e-07 3.010169109529670095e-07 1.503324718214571476e-03
8.550000000000000000e+02 8.207653637016518178e-03 4.653197247534990311e-03 6.683915785288263578e-07 2.984833997743407963e-07 1.500682788901031017e-03
8.560000000000000000e+02 8.188488077561359088e-03 4.643180407583713531e-03 6.607669433833507355e-07 2.949187205558700953e-07 1.498045166954398155e-03
8.570000000000000000e+02 8.169389569595709999e-03 4.633195698261260986e-03 6.559525900229346007e-07 2.952750151052896399e-07 1.495411270298063755e-03
8.580000000000000000e+02 8.150357800707450431e-03 4.623241256922483444e-03 6.477153533523960505e-07 2.905502753947075689e-07 1.492788316681981087e-03
8.590000000000000000e+02 8.131392460301863773e-03 4.613303579390048981e-03 6.460466579483181704e-07 2.946034953765774844e-07 1.490175025537610054e-03
8.600000000000000000e+02 8.112493239588966856e-03 4.603398032486438751e-03 6.445617941608361434e-07 2.917822428116778610e-07 1.487563480623066425e-03
8.610000000000000000e+02 8.093659831570938420e-03 4.593516234308481216e-03 6.394985234692285303e-07 2.869034290142735699e-07 1.484960899688303471e-03
8.620000000000000000e+02 8.074891931029656855e-03 4.583653528243303299e-03 6.350285843836900312e-07 2.875709981253748992e-07 1.482363906688988209e-03
8.630000000000000000e+02 8.056189234514326419e-03 4.573821090161800385e-03 6.297863137660897337e-07 2.872802724596112967e-07 1.479778322391211987e-03
8.640000000000000000e+02 8.037551440329217950e-03 4.564022645354270935e-03 6.237769412109628320e-07 2.885898311433265917e-07 1.477189594879746437e-03
8.650000000000000000e+02 8.018978248521501512e-03 4.554243292659521103e-03 6.213946335265063681e-07 2.824230307396646822e-07 1.474608317948877811e-03
8.660000000000000000e+02 8.000469360869170987e-03 4.544488154351711273e-03 6.127548886070144363e-07 2.784551895729237003e-07 1.472039264626801014e-03
8.670000000000000000e+02 7.982024480869083158e-03 4.534755367785692215e-03 6.125502522991155274e-07 2.854196736734593287e-07 1.469477545469999313e-03
8.680000000000000000e+02 7.963643313725073114e-03 4.525053780525922775e-03 6.065009756639483385e-07 2.805745396017300664e-07 1.466922229155898094e-03
8.690000000000000000e+02 7.945325566336185891e-03 4.515374545007944107e-03 6.057073846932325978e-07 2.797644640395446913e-07 1.464369473978877068e-03
8.700000000000000000e+02 7.927070947284977492e-03 4.505715798586606979e-03 6.009548769725370221e-07 2.783238812753552338e-07 1.461824635043740273e-03
8.710000000000000000e+02 7.908879166825942553e-03 4.496079869568347931e-03 5.983040978208009619e-07 2.718869325235573342e-07 1.459289342164993286e-03
8.720000000000000000e+02 7.890749936874000975e-03 4.486464429646730423e-03 5.900039354855834972e-07 2.710045805542904418e-07 1.456755213439464569e-03
8.730000000000000000e+02 7.872682970993099064e-03 4.476886242628097534e-03 5.871040116289805155e-07 2.709763009534071898e-07 1.454228302463889122e-03
8.740000000000000000e+02 7.854677984384900863e-03 4.467329941689968109e-03 5.846503654538537376e-07 2.689039035885798512e-07 1.451707910746335983e-03
8.750000000000000000e+02 7.836734693877550617e-03 4.457804374396800995e-03 5.783789447377785109e-07 2.689741336325823795e-07 1.449197996407747269e-03
8.760000000000000000e+02 7.818852817914554929e-03 4.448290914297103882e-03 5.764104571426287293e-07 2.634055249473021831e-07 1.446694368496537209e-03
8.770000000000000000e+02 7.801032076543726497e-03 4.438810050487518311e-03 5.733048737965873443e-07 2.609791920349380234e-07 1.444184221327304840e-03
8.780000000000000000e+02 7.783272191406229341e-03 4.429353401064872742e-03 5.704522436644765548e-07 2.604065514333342435e-07 1.441695028916001320e-03
8.790000000000000000e+02 7.765572885725712492e-03 4.419912118464708328e-03 5.659533712787379045e-07 2.626154014251369517e-07 1.439208863303065300e-03
8.800000000000000000e+02 7.747933884297520876e-03 4.410496912896633148e-03 5.721617526432964951e-07 2.628733852816367289e-07 1.436727819964289665e-03
8.810000000000000000e+02 7.730354913478002486e-03 4.401111509650945663e-03 5.657428232552774716e-07 2.568421848536672769e-07 1.434253877960145473e-03
8.820000000000000000e+02 7.712835701173893603e-03 4.391745664179325104e-03 5.663566184921364766e-07 2.558579978995112469e-07 1.431781565770506859e-03
8.830000000000000000e+02 7.695375976831788159e-03 4.382404033094644547e-03 5.609939535133889876e-07 2.567080628068652004e-07 1.429319265298545361e-03
8.840000000000000000e+02 7.677975471427693835e-03 4.373085219413042068e-03 5.563584295487089548e-07 2.559242204824840883e-07 1.426855335012078285e-03
8.850000000000000000e+02 7.660633917456669689e-03 4.363789688795804977e-03 5.460703391690913122e-07 2.566877697063318919e-07 1.424412475898861885e-03
8.860000000000000000e+02 7.643351048922541850e-03 4.354521632194519043e-03 5.496268045135366265e-07 2.560066718615416903e-07 1.421964494511485100e-03
8.870000000000000000e+02 7.626126601327708546e-03 4.345280118286609650e-03 5.456637950373988133e-07 2.466113642185518984e-07 1.419529085978865623e-03
8.880000000000000000e+02 7.608960311663014522e-03 4.336049314588308334e-03 5.458861664919822942e-07 2.496996387435501674e-07 1.417101128026843071e-03
8.890000000000000000e+02 7.591851918397713936e-03 4.326851107180118561e-03 5.399705287345568649e-07 2.529087339553370839e-07 1.414671423844993114e-03
8.900000000000000000e+02 7.574801161469511303e-03 4.317673854529857635e-03 5.408330139289319050e-07 2.518886788038798841e-07 1.412255689501762390e-03
8.910000000000000000e+02 7.557807782274673578e-03 4.308518487960100174e-03 5.359311785468889866e-07 2.472070548265037360e-07 1.409836462698876858e-03
8.920000000000000000e+02 7.540871523658227230e-03 4.299385473132133484e-03 5.379690151130489539e-07 2.453279819292220054e-07 1.407429575920104980e-03
8.930000000000000000e+02 7.523992129904232516e-03 4.290283657610416412e-03 5.342869826563401148e-07 2.500301548025163356e-07 1.405029674060642719e-03
8.940000000000000000e+02 7.507169346726123675e-03 4.281190223991870880e-03 5.320696345734177157e-07 2.386167068380018463e-07 1.402630819939076900e-03
8.950000000000000000e+02 7.490402921257139322e-03 4.272132646292448044e-03 5.281517019284365233e-07 2.382683987889322452e-07 1.400241046212613583e-03
8.960000000000000000e+02 7.473692602040816167e-03 4.263096489012241364e-03 5.301494070408807602e-07 2.421467684143863153e-07 1.397855579853057861e-03
8.970000000000000000e+02 7.457038139021561658e-03 4.254083149135112762e-03 5.260292255115928128e-07 2.433132237911195261e-07 1.395478611811995506e-03
8.980000000000000000e+02 7.440439283535300354e-03 4.245078656822443008e-03 5.199604515837563667e-07 2.397941045728657627e-07 1.393105718307197094e-03
8.990000000000000000e+02 7.423895788300187946e-03 4.236110020428895950e-03 5.254742632132547442e-07 2.376629026912269183e-07 1.390736899338662624e-03
9.000000000000000000e+02 7.407407407407407690e-03 4.227163735777139664e-03 5.163222454029892106e-07 2.321912830893779756e-07 1.388374483212828636e-03
9.010000000000000000e+02 7.390973896312027537e-03 4.218240734189748764e-03 5.143010639585554600e-07 2.351584953430574387e-07 1.386025454849004745e-03
9.020000000000000000e+02 7.374595011823933607e-03 4.209335427731275558e-03 5.166627943253843114e-07 2.340396463296201546e-07 1.383671420626342297e-03
9.030000000000000000e+02 7.358270512098836515e-03 4.200445953756570816e-03 5.157797318133816589e-07 2.363565272389678285e-07 1.381337060593068600e-03
9.040000000000000000e+02 7.342000156629336673e-03 4.191584419459104538e-03 5.133238687449193094e-07 2.336237940880891983e-07 1.378993852995336056e-03
9.050000000000000000e+02 7.325783706236073736e-03 4.182754084467887878e-03 5.046704814049007837e-07 2.318917324828362325e-07 1.376659725792706013e-03
9.060000000000000000e+02 7.309620923058929819e-03 4.173934925347566605e-03 5.063433832219743636e-07 2.215164016661219648e-07 1.374334678985178471e-03
9.070000000000000000e+02 7.293511570548314241e-03 4.165149293839931488e-03 5.076971660855633672e-07 2.206400893101090332e-07 1.372016384266316891e-03
9.080000000000000000e+02 7.277455413456500322e-03 4.156370181590318680e-03 5.017285502617596649e-07 2.246856638521421701e-07 1.369697274640202522e-03
9.090000000000000000e+02 7.261452217829043702e-03 4.147626459598541260e-03 5.023273388360394165e-07 2.252965600746392738e-07 1.367391669191420078e-03
9.100000000000000000e+02 7.245501750996256179e-03 4.138896241784095764e-03 4.969671181243029423e-07 2.230917175438662525e-07 1.365094794891774654e-03
9.110000000000000000e+02 7.229603781564751530e-03 4.130195360630750656e-03 5.022791356168454513e-07 2.195847343955392716e-07 1.362792216241359711e-03
9.120000000000000000e+02 7.213758079409048583e-03 4.121504258364439011e-03 4.997294809072627686e-07 2.221583770278812153e-07 1.360494759865105152e-03
9.130000000000000000e+02 7.197964415663250619e-03 4.112840164452791214e-03 4.934586854687950108e-07 2.120151378903756267e-07 1.358213718049228191e-03
9.140000000000000000e+02 7.182222562712773338e-03 4.104201681911945343e-03 4.944894271829980426e-07 2.157912462052991032e-07 1.355930231511592865e-03
9.150000000000000000e+02 7.166532294186150898e-03 4.095573443919420242e-03 4.895766778645338491e-07 2.133797778469670448e-07 1.353648724034428596e-03
9.160000000000000000e+02 7.150893384946893118e-03 4.086984321475028992e-03 4.876075649917765986e-07 2.170801991496773553e-07 1.351381768472492695e-03
9.170000000000000000e+02 7.135305611085411212e-03 4.078403115272521973e-03 4.854458666159189306e-07 2.146574189509919961e-07 1.349118887446820736e-03
9.180000000000000000e+02 7.119768749911002496e-03 4.069851245731115341e-03 4.839171197090763599e-07 2.069279219085728982e-07 1.346860663034021854e-03
9.190000000000000000e+02 7.104282579943900153e-03 4.061318002641201019e-03 4.845072680836892687e-07 2.034255714988830732e-07 1.344604650512337685e-03
9.200000000000000000e+02 7.088846880907372430e-03 4.052791278809309006e-03 4.837137339563923888e-07 2.022808871515735518e-07 1.342364703305065632e-03
9.210000000000000000e+02 7.073461433719898175e-03 4.044301342219114304e-03 4.825344035452872049e-07 2.044168354586872738e-07 1.340123009867966175e-03
9.220000000000000000e+02 7.058126020487387464e-03 4.035832826048135757e-03 4.805345952263451181e-07 1.975671750642504776e-07 1.337888883426785469e-03
9.230000000000000000e+02 7.042840424495468155e-03 4.027375485748052597e-03 4.740668941849435214e-07 2.006671593335340731e-07 1.335653592832386494e-03
9.240000000000000000e+02 7.027604430201833154e-03 4.018945153802633286e-03 4.699333544522232842e-07 1.988853455259231851e-07 1.333429827354848385e-03
9.250000000000000000e+02 7.012417823228633655e-03 4.010547883808612823e-03 4.721202060409268597e-07 2.045321565447011380e-07 1.331204082816839218e-03
9.260000000000000000e+02 6.997280390354948705e-03 4.002155270427465439e-03 4.706955394340184284e-07 2.008257524721557274e-07 1.328993705101311207e-03
9.270000000000000000e+02 6.982191919509291196e-03 3.993785474449396133e-03 4.687823889071296435e-07 2.005002244231945951e-07 1.326781115494668484e-03
9.280000000000000000e+02 6.967152199762187588e-03 3.985434304922819138e-03 4.652697214169165818e-07 2.001537069418191095e-07 1.324571785517036915e-03
9.290000000000000000e+02 6.952161021318801863e-03 3.977114334702491760e-03 4.662439039293531096e-07 1.981457700139799272e-07 1.322367927059531212e-03
9.300000000000000000e+02 6.937218175511620198e-03 3.968805540353059769e-03 4.672441207276278874e-07 1.940252616350335302e-07 1.320176175795495510e-03
9.310000000000000000e+02 6.922323454793189411e-03 3.960518632084131241e-03 4.693002040312421741e-07 1.903032256223013974e-07 1.317987800575792789e-03
9.320000000000000000e+02 6.907476652728913522e-03 3.952253144234418869e-03 4.599468468313716585e-07 1.914695531013421714e-07 1.315804664045572281e-03
9.330000000000000000e+02 6.892677563989895416e-03 3.944008145481348038e-03 4.592675395542755723e-07 1.835642251535318792e-07 1.313621876761317253e-03
9.340000000000000000e+02 6.877925984345840092e-03 3.935786429792642593e-03 4.573131775487127015e-07 1.844791199800965842e-07 1.311456202529370785e-03
9.350000000000000000e+02 6.863221710658011683e-03 3.927584737539291382e-03 4.521650680544553325e-07 1.828796456493364531e-07 1.309285173192620277e-03
9.360000000000000000e+02 6.848564540872232979e-03 3.919391427189111710e-03 4.499779322486574529e-07 1.784187304565421073e-07 1.307124854065477848e-03
9.370000000000000000e+02 6.833954274011952608e-03 3.911232110112905502e-03 4.466119776225241367e-07 1.833601857015310088e-07 1.304968143813312054e-03
9.380000000000000000e+02 6.819390710171348638e-03 3.903083503246307373e-03 4.430366402630170342e-07 1.782254770432700752e-07 1.302815158851444721e-03
9.390000000000000000e+02 6.804873650508493771e-03 3.894955851137638092e-03 4.437051472905295668e-07 1.747209239510993939e-07 1.300666364841163158e-03
9.400000000000000000e+02 6.790402897238569102e-03 3.886853577569127083e-03 4.414532384089397965e-07 1.728257501554253395e-07 1.298527000471949577e-03
9.410000000000000000e+02 6.775978253627124720e-03 3.878766670823097229e-03 4.414738157265674090e-07 1.757578473871035385e-07 1.296387403272092342e-03
9.420000000000000000e+02 6.761599523983393215e-03 3.870705608278512955e-03 4.385554461805440951e-07 1.771230841995929950e-07 1.294255373068153858e-03
9.430000000000000000e+02 6.747266513653656095e-03 3.862657584249973297e-03 4.297965858768293401e-07 1.805940712529263692e-07 1.292129163630306721e-03
9.440000000000000000e+02 6.732979029014650972e-03 3.854624694213271141e-03 4.316633805956371361e-07 1.740200161748362007e-07 1.290009939111769199e-03
9.450000000000000000e+02 6.718736877467035989e-03 3.846624866127967834e-03 4.257948376107378863e-07 1.755175702555789030e-07 1.287893508560955524e-03
9.460000000000000000e+02 6.704539867428898486e-03 3.838632022961974144e-03 4.214626301290991250e-07 1.820098844973472296e-07 1.285781734623014927e-03
9.470000000000000000e+02 6.690387808329309634e-03 3.830663859844207764e-03 4.219534446292527718e-07 1.698874712019460276e-07 1.283674384467303753e-03
9.480000000000000000e+02 6.676280510601933713e-03 3.822717117145657539e-03 4.183344515240605688e-07 1.727910046156466706e-07 1.281574019230902195e-03
9.490000000000000000e+02 6.662217785678674689e-03 3.814788069576025009e-03 4.148724599417619174e-07 1.772276618794421665e-07 1.279476564377546310e-03
9.500000000000000000e+02 6.648199445983379169e-03 3.806882305070757866e-03 4.128673367631563451e-07 1.686198345396405784e-07 1.277381437830626965e-03
9.510000000000000000e+02 6.634225304925580984e-03 3.798991441726684570e-03 4.131552486796863377e-07 1.685148447450046660e-07 1.275294227525591850e-03
9.520000000000000000e+02 6.620295176894287412e-03 3.791118506342172623e-03 4.116548097954364493e-07 1.637665292264500749e-07 1.273214234970510006e-03
9.530000000000000000e+02 6.606408877251821778e-03 3.783267689868807793e-03 4.097012151760281995e-07 1.723623910265814629e-07 1.271139481104910374e-03
9.540000000000000000e+02 6.592566222327703347e-03 3.775431541725993156e-03 4.067166798904509051e-07 1.618840457240366959e-07 1.269067055545747280e-03
9.550000000000000000e+02 6.578767029412570591e-03 3.767620539292693138e-03 4.030115405839751475e-07 1.628852430712868227e-07 1.267001032829284668e-03
9.560000000000000000e+02 6.565011116752157358e-03 3.759828163310885429e-03 4.059663467614882393e-07 1.644604168404839584e-07 1.264935708604753017e-03
9.570000000000000000e+02 6.551298303541304609e-03 3.752048593014478683e-03 3.992656729678856209e-07 1.600154746483894996e-07 1.262876903638243675e-03
9.580000000000000000e+02 6.537628409918018121e-03 3.744294168427586555e-03 3.902176501924259355e-07 1.610911652960567153e-07 1.260831137187778950e-03
9.590000000000000000e+02 6.524001256957575635e-03 3.736556274816393852e-03 3.910792827355180634e-07 1.583684934303164482e-07 1.258779200725257397e-03
9.600000000000000000e+02 6.510416666666666956e-03 3.728830022737383842e-03 3.923045710507722106e-07 1.557460933554466465e-07 1.256745075806975365e-03
9.610000000000000000e+02 6.496874461977583497e-03 3.721122629940509796e-03 3.879071073242812417e-07 1.568816401231742930e-07 1.254704780876636505e-03
9.620000000000000000e+02 6.483374466742450326e-03 3.713440615683794022e-03 3.836252062683342956e-07 1.592286906770823407e-07 1.252670073881745338e-03
9.630000000000000000e+02 6.469916505727493772e-03 3.705769078806042671e-03 3.774415233692707261e-07 1.617630545069914660e-07 1.250640023499727249e-03
9.640000000000000000e+02 6.456500404607358468e-03 3.698132233694195747e-03 3.807355710705451202e-07 1.588979756661501597e-07 1.248618820682168007e-03
9.650000000000000000e+02 6.443125989959461695e-03 3.690503304824233055e-03 3.827694001756754005e-07 1.614332063581969123e-07 1.246592844836413860e-03
9.660000000000000000e+02 6.429793089258387627e-03 3.682896262034773827e-03 3.739851877071487252e-07 1.561241020908710198e-07 1.244577579200267792e-03
9.670000000000000000e+02 6.416501530870323197e-03 3.675292478874325752e-03 3.716345418069977313e-07 1.565897775890334742e-07 1.242565689608454704e-03
9.680000000000000000e+02 6.403251144047537348e-03 3.667725948616862297e-03 3.661645564534410369e-07 1.566846066225480172e-07 1.240564859472215176e-03
9.690000000000000000e+02 6.390041758922894964e-03 3.660174086689949036e-03 3.686855052364990115e-07 1.557752540293222410e-07 1.238560536876320839e-03
9.700000000000000000e+02 6.376873206504410710e-03 3.652631537988781929e-03 3.624815576586115640e-07 1.522779200513468822e-07 1.236564945429563522e-03
9.710000000000000000e+02 6.363745318669849702e-03 3.645111573860049248e-03 3.619653909936459968e-07 1.500081339145253878e-07 1.234575174748897552e-03
9.720000000000000000e+02 6.350657928161357671e-03 3.637613030150532722e-03 3.607021028528833995e-07 1.461237530975267873e-07 1.232587383128702641e-03
9.730000000000000000e+02 6.337610868580131895e-03 3.630134277045726776e-03 3.539628323778742924e-07 1.463343721752607962e-07 1.230608322657644749e-03
9.740000000000000000e+02 6.324603974381137229e-03 3.622670890763401985e-03 3.598688351758028148e-07 1.449709259304654552e-07 1.228632638230919838e-03
9.750000000000000000e+02 6.311637080867849893e-03 3.615218214690685272e-03 3.541838964338239748e-07 1.427833211664619739e-07 1.226660679094493389e-03
9.760000000000000000e+02 6.298710024187046362e-03 3.607787657529115677e-03 3.512923285597935319e-07 1.438753116644875263e-07 1.224688370712101460e-03
9.770000000000000000e+02 6.285822641323626954e-03 3.600382478907704353e-03 3.497053455703280633e-07 1.404521725589802372e-07 1.222724211402237415e-03
9.780000000000000000e+02 6.272974770095474974e-03 3.592984518036246300e-03 3.438189537519065198e-07 1.444703201514130342e-07 1.220766687765717506e-03
9.790000000000000000e+02 6.260166249148356628e-03 3.585607279092073441e-03 3.481123656001727795e-07 1.464253784888569498e-07 1.218815566971898079e-03
9.800000000000000000e+02 6.247396917950853897e-03 3.578253788873553276e-03 3.418532514842809178e-07 1.400271685270126909e-07 1.216861768625676632e-03
9.810000000000000000e+02 6.234666616789333836e-03 3.570913802832365036e-03 3.475562948551669251e-07 1.432737093409741647e-07 1.214919378980994225e-03
9.820000000000000000e+02 6.221975186762955176e-03 3.563581965863704681e-03 3.330270317292161053e-07 1.428935973990519415e-07 1.212975825183093548e-03
9.830000000000000000e+02 6.209322469778710482e-03 3.556280164048075676e-03 3.371338266333623324e-07 1.441333381535514491e-07 1.211045193485915661e-03
9.840000000000000000e+02 6.196708308546500406e-03 3.548996523022651672e-03 3.334836264912155457e-07 1.370784588061724207e-07 1.209107809700071812e-03
9.850000000000000000e+02 6.184132546574247838e-03 3.541718237102031708e-03 3.347967378886096412e-07 1.444729775812447770e-07 1.207182649523019791e-03
9.860000000000000000e+02 6.171595028163045019e-03 3.534462768584489822e-03 3.333390168336336501e-07 1.403937233135366114e-07 1.205253764055669308e-03
9.870000000000000000e+02 6.159095598402331007e-03 3.527229186147451401e-03 3.303994162706658244e-07 1.358841643650521291e-07 1.203340128995478153e-03
9.880000000000000000e+02 6.146634103165106444e-03 3.520003519952297211e-03 3.310084650820499519e-07 1.365076514048269019e-07 1.201426610350608826e-03
9.890000000000000000e+02 6.134210389103189089e-03 3.512802766636013985e-03 3.307579277134209406e-07 1.400838840481810621e-07 1.199520775116980076e-03
9.900000000000000000e+02 6.121824303642485823e-03 3.505619475618004799e-03 3.234139001051516971e-07 1.393267154981003841e-07 1.197614474222064018e-03
9.910000000000000000e+02 6.109475694978316711e-03 3.498454112559556961e-03 3.294740906767401611e-07 1.320469635857079993e-07 1.195711316540837288e-03
9.920000000000000000e+02 6.097164412070759862e-03 3.491295035928487778e-03 3.231834853067994118e-07 1.385698737976781558e-07 1.193815725855529308e-03
9.930000000000000000e+02 6.084890304640032735e-03 3.484170418232679367e-03 3.231824337035504868e-07 1.330772363417054294e-07 1.191925141029059887e-03
9.940000000000000000e+02 6.072653223161908996e-03 3.477054182440042496e-03 3.192365340964897769e-07 1.340846864650302450e-07 1.190031995065510273e-03
9.950000000000000000e+02 6.060453018863159666e-03 3.469948656857013702e-03 3.240641888169193408e-07 1.297674288025518763e-07 1.188149326480925083e-03
9.960000000000000000e+02 6.048289543717036768e-03 3.462866879999637604e-03 3.167464797115826514e-07 1.380509218051884091e-07 1.186271547339856625e-03
9.970000000000000000e+02 6.036162650438778657e-03 3.455800702795386314e-03 3.156672221393819200e-07 1.289135838078436791e-07 1.184393302537500858e-03
9.980000000000000000e+02 6.024072192481154386e-03 3.448749426752328873e-03 3.105335508735151961e-07 1.234098334634836647e-07 1.182522042654454708e-03
9.990000000000000000e+02 6.012018024030035823e-03 3.441716777160763741e-03 3.059018069961894071e-07 1.259289064137192327e-07 1.180658582597970963e-03
1.000000000000000000e+03 6.000000000000000125e-03 3.434702754020690918e-03 3.063856865992420353e-07 1.277471142202557530e-07 1.178793143481016159e-03
1.001000000000000000e+03 5.988017976029964308e-03 3.427697578445076942e-03 3.093269924647756852e-07 1.198062875573668862e-07 1.176938414573669434e-03
