1.000000000000000000e+00 6.000000000000000000e+03 7.193381347656250000e+02 7.193381347656250000e+02 7.193381347656250000e+02 7.193381347656250000e+02 7.193381347656250000e+02 7.193381347656250000e+02 7.193381347656250000e+02
2.000000000000000000e+00 1.500000000000000000e+03 6.130058288574218750e+01 6.130058670043945312e+01 8.482232093811035156e+00 6.770488739013671875e+00 9.778189659118652344e+00 8.549812316894531250e+00 9.636509895324707031e+00
3.000000000000000000e+00 6.666666666666666288e+02 2.751275062561035156e+01 2.751274871826171875e+01 1.897735476493835449e+00 1.869064092636108398e+00 2.475408554077148438e+00 2.565761566162109375e+00 2.651659488677978516e+00
4.000000000000000000e+00 3.750000000000000000e+02 1.809429550170898438e+01 1.597881698608398438e+01 8.136337995529174805e-01 8.566806316375732422e-01 1.111337661743164062e+00 1.187945485115051270e+00 1.157072067260742188e+00
5.000000000000000000e+00 2.400000000000000000e+02 1.260236835479736328e+01 8.992395401000976562e+00 4.251193702220916748e-01 4.195184409618377686e-01 4.893282353878021240e-01 5.823752880096435547e-01 6.482517123222351074e-01
6.000000000000000000e+00 1.666666666666666572e+02 9.112482070922851562e+00 5.041270732879638672e+00 2.192944139242172241e-01 2.051957547664642334e-01 2.493775337934494019e-01 2.913510799407958984e-01 3.599028587341308594e-01
7.000000000000000000e+00 1.224489795918367321e+02 6.823735713958740234e+00 3.010597467422485352e+00 1.491278260946273804e-01 1.403089165687561035e-01 1.713744103908538818e-01 1.841372847557067871e-01 2.155450433492660522e-01
8.000000000000000000e+00 9.375000000000000000e+01 5.279049873352050781e+00 2.000269651412963867e+00 1.177359968423843384e-01 1.108419895172119141e-01 1.442556083202362061e-01 1.317700594663619995e-01 1.557471752166748047e-01
9.000000000000000000e+00 7.407407407407407618e+01 4.206309318542480469e+00 1.457538127899169922e+00 8.968700468540191650e-02 9.157703816890716553e-02 9.821916371583938599e-02 1.073857247829437256e-01 1.236808821558952332e-01
1.000000000000000000e+01 6.000000000000000000e+01 3.439881801605224609e+00 1.110847353935241699e+00 7.618127763271331787e-02 7.265562564134597778e-02 8.205541968345642090e-02 8.562189340591430664e-02 1.032373234629631042e-01
1.100000000000000000e+01 4.958677685950413405e+01 2.876910448074340820e+00 8.570836186408996582e-01 6.798786669969558716e-02 6.312760710716247559e-02 7.032110542058944702e-02 7.569337636232376099e-02 9.020866453647613525e-02
1.200000000000000000e+01 4.166666666666666430e+01 2.452294349670410156e+00 6.667465567588806152e-01 6.437218934297561646e-02 5.810896679759025574e-02 6.294205784797668457e-02 6.566872447729110718e-02 8.095864206552505493e-02
1.300000000000000000e+01 3.550295857988165693e+01 2.124032258987426758e+00 5.290225744247436523e-01 5.897459015250205994e-02 5.367033183574676514e-02 5.733622238039970398e-02 6.064085662364959717e-02 7.357557117938995361e-02
1.400000000000000000e+01 3.061224489795918302e+01 1.864506125450134277e+00 4.318467676639556885e-01 5.582188814878463745e-02 5.040692165493965149e-02 5.400567501783370972e-02 5.623445287346839905e-02 6.777609139680862427e-02
1.500000000000000000e+01 2.666666666666666785e+01 1.655174255371093750e+00 3.613919913768768311e-01 5.318951234221458435e-02 4.795529320836067200e-02 4.955929890275001526e-02 5.314641073346138000e-02 6.339210271835327148e-02
1.600000000000000000e+01 2.343750000000000000e+01 1.483337402343750000e+00 3.066616654396057129e-01 5.135307088494300842e-02 4.639175534248352051e-02 4.804842174053192139e-02 5.061537399888038635e-02 6.013982743024826050e-02
1.700000000000000000e+01 2.076124567474048277e+01 1.340109348297119141e+00 2.616873085498809814e-01 4.976989701390266418e-02 4.566561058163642883e-02 4.651051014661788940e-02 4.871266707777976990e-02 5.796666443347930908e-02
1.800000000000000000e+01 1.851851851851851904e+01 1.219139218330383301e+00 2.243527621030807495e-01 4.843334108591079712e-02 4.548619687557220459e-02 4.593238979578018188e-02 4.750716313719749451e-02 5.691699683666229248e-02
1.900000000000000000e+01 1.662049861495844993e+01 1.115792274475097656e+00 1.939870268106460571e-01 4.725527018308639526e-02 4.559662565588951111e-02 4.576202109456062317e-02 4.676192626357078552e-02 5.695052817463874817e-02
2.000000000000000000e+01 1.500000000000000000e+01 1.026619315147399902e+00 1.697283983230590820e-01 4.624503105878829956e-02 4.583496600389480591e-02 4.578615352511405945e-02 4.636205360293388367e-02 5.800828710198402405e-02
2.100000000000000000e+01 1.360544217687074742e+01 9.490059018135070801e-01 1.502065658569335938e-01 4.523935914039611816e-02 4.608316719532012939e-02 4.609770700335502625e-02 4.621072113513946533e-02 5.993735417723655701e-02
2.200000000000000000e+01 1.239669421487603351e+01 8.809346556663513184e-01 1.339832246303558350e-01 4.428363591432571411e-02 4.620135948061943054e-02 4.660389199852943420e-02 4.614585265517234802e-02 6.232411786913871765e-02
2.300000000000000000e+01 1.134215500945179578e+01 8.208251595497131348e-01 1.200103759765625000e-01 4.344159364700317383e-02 4.615442082285881042e-02 4.712229222059249878e-02 4.615442082285881042e-02 6.471595168113708496e-02
2.400000000000000000e+01 1.041666666666666607e+01 7.674222588539123535e-01 1.077473536133766174e-01 4.262278974056243896e-02 4.594657942652702332e-02 4.764023423194885254e-02 4.618349671363830566e-02 6.676090508699417114e-02
2.500000000000000000e+01 9.599999999999999645e+00 7.197155952453613281e-01 9.699314087629318237e-02 4.184095188975334167e-02 4.554606229066848755e-02 4.805205389857292175e-02 4.614784196019172668e-02 6.821593642234802246e-02
2.600000000000000000e+01 8.875739644970414233e+00 6.768851876258850098e-01 8.765190839767456055e-02 4.112773761153221130e-02 4.500784352421760559e-02 4.818483814597129822e-02 4.613588377833366394e-02 6.896959245204925537e-02
2.700000000000000000e+01 8.230452674897119181e+00 6.382569074630737305e-01 7.959187030792236328e-02 4.038364812731742859e-02 4.438628256320953369e-02 4.808938503265380859e-02 4.612287506461143494e-02 6.902869045734405518e-02
2.800000000000000000e+01 7.653061224489795755e+00 6.032724976539611816e-01 7.262298464775085449e-02 3.960273042321205139e-02 4.367181286215782166e-02 4.775072261691093445e-02 4.600509628653526306e-02 6.848355382680892944e-02
2.900000000000000000e+01 7.134363852556480090e+00 5.714654326438903809e-01 6.653925776481628418e-02 3.882036730647087097e-02 4.290730506181716919e-02 4.706971719861030579e-02 4.579200968146324158e-02 6.745643168687820435e-02
3.000000000000000000e+01 6.666666666666666963e+00 5.424438118934631348e-01 6.116294488310813904e-02 3.799219429492950439e-02 4.212253168225288391e-02 4.609564691781997681e-02 4.538514465093612671e-02 6.606152653694152832e-02
3.100000000000000000e+01 6.243496357960458099e+00 5.158758759498596191e-01 5.636265873908996582e-02 3.714362904429435730e-02 4.127236828207969666e-02 4.491524398326873779e-02 4.471689835190773010e-02 6.439456343650817871e-02
3.200000000000000000e+01 5.859375000000000000e+00 4.914788007736206055e-01 5.204800143837928772e-02 3.632858768105506897e-02 4.036321863532066345e-02 4.357280582189559937e-02 4.384828358888626099e-02 6.253471225500106812e-02
3.300000000000000000e+01 5.509641873278236623e+00 4.690107107162475586e-01 4.815544188022613525e-02 3.553427755832672119e-02 3.941186144948005676e-02 4.214371740818023682e-02 4.282391443848609924e-02 6.054086610674858093e-02
3.400000000000000000e+01 5.190311418685120692e+00 4.482634663581848145e-01 4.463734105229377747e-02 3.478039056062698364e-02 3.840316459536552429e-02 4.071210324764251709e-02 4.170190915465354919e-02 5.845459923148155212e-02
3.500000000000000000e+01 4.897959183673469497e+00 4.290559291839599609e-01 4.145567491650581360e-02 3.409437090158462524e-02 3.736602887511253357e-02 3.932149335741996765e-02 4.055158421397209167e-02 5.631474778056144714e-02
3.600000000000000000e+01 4.629629629629629761e+00 4.112325310707092285e-01 3.857921063899993896e-02 3.345140442252159119e-02 3.633270412683486938e-02 3.799587860703468323e-02 3.940334543585777283e-02 5.414707586169242859e-02
3.700000000000000000e+01 4.382761139517896254e+00 3.946562111377716064e-01 3.598134219646453857e-02 3.284731134772300720e-02 3.531552851200103760e-02 3.673633188009262085e-02 3.828332573175430298e-02 5.196741968393325806e-02
3.800000000000000000e+01 4.155124653739612484e+00 3.792072832584381104e-01 3.363792970776557922e-02 3.228299692273139954e-02 3.433145210146903992e-02 3.553934767842292786e-02 3.720554336905479431e-02 4.979563131928443909e-02
3.900000000000000000e+01 3.944773175542406474e+00 3.647803366184234619e-01 3.152576088905334473e-02 3.172886744141578674e-02 3.338360786437988281e-02 3.440359979867935181e-02 3.615679219365119934e-02 4.764314368367195129e-02
4.000000000000000000e+01 3.750000000000000000e+00 3.512823283672332764e-01 2.962206676602363586e-02 3.117427974939346313e-02 3.247073292732238770e-02 3.331029415130615234e-02 3.513777628540992737e-02 4.551421850919723511e-02
4.100000000000000000e+01 3.569303985722783956e+00 3.386313915252685547e-01 2.790502645075321198e-02 3.061586618423461914e-02 3.159336745738983154e-02 3.224603459239006042e-02 3.414424881339073181e-02 4.341908171772956848e-02
4.200000000000000000e+01 3.401360544217686854e+00 3.267540335655212402e-01 2.635389752686023712e-02 3.003238886594772339e-02 3.073977492749691010e-02 3.121257573366165161e-02 3.315568715333938599e-02 4.136530309915542603e-02
4.300000000000000000e+01 3.244997295835586826e+00 3.155850470066070557e-01 2.494904585182666779e-02 2.941916696727275848e-02 2.990281209349632263e-02 3.020044788718223572e-02 3.217319399118423462e-02 3.935471177101135254e-02
4.400000000000000000e+01 3.099173553719008378e+00 3.050663769245147705e-01 2.367171272635459900e-02 2.877672389149665833e-02 2.908203378319740295e-02 2.919716387987136841e-02 3.119539655745029449e-02 3.739302605390548706e-02
4.500000000000000000e+01 2.962962962962962798e+00 2.951454818248748779e-01 2.250390499830245972e-02 2.809427306056022644e-02 2.826618216931819916e-02 2.820936962962150574e-02 3.020736575126647949e-02 3.548611328005790710e-02
4.600000000000000000e+01 2.835538752362948944e+00 2.857754826545715332e-01 2.142858318984508514e-02 2.737485617399215698e-02 2.744849212467670441e-02 2.723696082830429077e-02 2.921433188021183014e-02 3.363609313964843750e-02
4.700000000000000000e+01 2.716161158895427974e+00 2.769141495227813721e-01 2.043005637824535370e-02 2.662243135273456573e-02 2.663202770054340363e-02 2.626931667327880859e-02 2.821937203407287598e-02 3.184734284877777100e-02
4.800000000000000000e+01 2.604166666666666519e+00 2.685230970382690430e-01 1.949469000101089478e-02 2.583395503461360931e-02 2.580990083515644073e-02 2.531245537102222443e-02 2.721354551613330841e-02 3.012366406619548798e-02
4.900000000000000000e+01 2.498958767180341489e+00 2.605679333209991455e-01 1.861143857240676880e-02 2.501752041280269623e-02 2.497767470777034760e-02 2.437105216085910797e-02 2.620341442525386810e-02 2.846731059253215790e-02
5.000000000000000000e+01 2.399999999999999911e+00 2.530169486999511719e-01 1.777193322777748108e-02 2.417916804552078247e-02 2.414098009467124939e-02 2.343707159161567688e-02 2.519510313868522644e-02 2.688158303499221802e-02
5.100000000000000000e+01 2.306805074971165048e+00 2.458419799804687500e-01 1.697031594812870026e-02 2.331924438476562500e-02 2.329763025045394897e-02 2.251342870295047760e-02 2.418441697955131531e-02 2.536796964704990387e-02
5.200000000000000000e+01 2.218934911242603558e+00 2.390169054269790649e-01 1.620271801948547363e-02 2.244804054498672485e-02 2.244639024138450623e-02 2.160691097378730774e-02 2.317788824439048767e-02 2.392753772437572479e-02
5.300000000000000000e+01 2.135991456034175950e+00 2.325179129838943481e-01 1.546672545373439789e-02 2.157138846814632416e-02 2.159347385168075562e-02 2.071258798241615295e-02 2.218273840844631195e-02 2.256184257566928864e-02
5.400000000000000000e+01 2.057613168724279795e+00 2.263233959674835205e-01 1.476088259369134903e-02 2.069030888378620148e-02 2.074049040675163269e-02 1.983130909502506256e-02 2.119818702340126038e-02 2.126995660364627838e-02
5.500000000000000000e+01 1.983471074380165344e+00 2.204134315252304077e-01 1.408420223742723465e-02 1.981478370726108551e-02 1.988840289413928986e-02 1.896949671208858490e-02 2.022959850728511810e-02 2.005125395953655243e-02
5.600000000000000000e+01 1.913265306122448939e+00 2.147698998451232910e-01 1.343608275055885315e-02 1.894903741776943207e-02 1.904259994626045227e-02 1.812567934393882751e-02 1.928269118070602417e-02 1.890508458018302917e-02
5.700000000000000000e+01 1.846722068328716437e+00 2.093759328126907349e-01 1.281603798270225525e-02 1.809334941208362579e-02 1.820668019354343414e-02 1.729983091354370117e-02 1.835869066417217255e-02 1.782889291644096375e-02
5.800000000000000000e+01 1.783590963139120023e+00 2.042162418365478516e-01 1.222366653382778168e-02 1.725604757666587830e-02 1.738219335675239563e-02 1.649622246623039246e-02 1.746045053005218506e-02 1.682041026651859283e-02
5.900000000000000000e+01 1.723642631427750649e+00 1.992765963077545166e-01 1.165856048464775085e-02 1.643951050937175751e-02 1.657338626682758331e-02 1.571573503315448761e-02 1.659153774380683899e-02 1.587724126875400543e-02
6.000000000000000000e+01 1.666666666666666741e+00 1.945438832044601440e-01 1.112015452235937119e-02 1.564334332942962646e-02 1.578370667994022369e-02 1.495830994099378586e-02 1.575332134962081909e-02 1.499606762081384659e-02
6.100000000000000000e+01 1.612469766191883869e+00 1.900058388710021973e-01 1.060773618519306183e-02 1.487309858202934265e-02 1.501472666859626770e-02 1.422623172402381897e-02 1.494666468352079391e-02 1.417359989136457443e-02
6.200000000000000000e+01 1.560874089490114525e+00 1.856514066457748413e-01 1.012044306844472885e-02 1.412984449416399002e-02 1.426905579864978790e-02 1.352079771459102631e-02 1.417326927185058594e-02 1.340657379478216171e-02
6.300000000000000000e+01 1.511715797430083219e+00 1.814701855182647705e-01 9.657085873186588287e-03 1.341282203793525696e-02 1.354881003499031067e-02 1.284222491085529327e-02 1.343391276895999908e-02 1.269141957163810730e-02
6.400000000000000000e+01 1.464843750000000000e+00 1.774524152278900146e-01 9.216293692588806152e-03 1.272481866180896759e-02 1.285511441528797150e-02 1.219104230403900146e-02 1.272813882678747177e-02 1.202457770705223083e-02
6.500000000000000000e+01 1.420118343195266197e+00 1.735892146825790405e-01 8.796571753919124603e-03 1.206619944423437119e-02 1.218890771269798279e-02 1.156809646636247635e-02 1.205631345510482788e-02 1.140259951353073120e-02
6.600000000000000000e+01 1.377410468319559156e+00 1.698722541332244873e-01 8.396363817155361176e-03 1.143605820834636688e-02 1.155115664005279541e-02 1.097347959876060486e-02 1.141835004091262817e-02 1.082208752632141113e-02
6.700000000000000000e+01 1.336600579193584215e+00 1.662936061620712280e-01 8.014066144824028015e-03 1.083520613610744476e-02 1.094224955886602402e-02 1.040665432810783386e-02 1.081285160034894943e-02 1.027964800596237183e-02
6.800000000000000000e+01 1.297577854671280173e+00 1.628462076187133789e-01 7.648150436580181122e-03 1.026325300335884094e-02 1.036195177584886551e-02 9.867736138403415680e-03 1.023951545357704163e-02 9.772044606506824493e-03
6.900000000000000000e+01 1.260239445494643951e+00 1.595231890678405762e-01 7.297214586287736893e-03 9.719515219330787659e-03 9.810186922550201416e-03 9.356328286230564117e-03 9.697605855762958527e-03 9.296170435845851898e-03
7.000000000000000000e+01 1.224489795918367374e+00 1.563183218240737915e-01 6.959971971809864044e-03 9.203473106026649475e-03 9.286702610552310944e-03 8.871077559888362885e-03 9.185235947370529175e-03 8.849107660353183746e-03
7.100000000000000000e+01 1.190240031739734139e+00 1.532256305217742920e-01 6.635306868702173233e-03 8.714376948773860931e-03 8.790389634668827057e-03 8.411463350057601929e-03 8.701490238308906555e-03 8.428060449659824371e-03
7.200000000000000000e+01 1.157407407407407440e+00 1.502396166324615479e-01 6.322281900793313980e-03 8.251556195318698883e-03 8.320698514580726624e-03 7.976826280355453491e-03 8.245327509939670563e-03 8.030520752072334290e-03
7.300000000000000000e+01 1.125914805779695937e+00 1.473550498485565186e-01 6.020180415362119675e-03 7.813631556928157806e-03 7.876874879002571106e-03 7.565453182905912399e-03 7.814709097146987915e-03 7.654190994799137115e-03
7.400000000000000000e+01 1.095690284879474063e+00 1.445672810077667236e-01 5.728450138121843338e-03 7.399673108011484146e-03 7.457399740815162659e-03 7.176316343247890472e-03 7.408321369439363480e-03 7.296999916434288025e-03
7.500000000000000000e+01 1.066666666666666652e+00 1.418713927268981934e-01 5.446735769510269165e-03 7.008871529251337051e-03 7.061401847749948502e-03 6.808683276176452637e-03 7.024979684501886368e-03 6.957094650715589523e-03
7.600000000000000000e+01 1.038781163434903121e+00 1.392633020877838135e-01 5.174827296286821365e-03 6.639672908931970596e-03 6.687940564006567001e-03 6.460709031671285629e-03 6.662863306701183319e-03 6.632929667830467224e-03
7.700000000000000000e+01 1.011975037949063960e+00 1.367389857769012451e-01 4.912594798952341080e-03 6.291115656495094299e-03 6.335502956062555313e-03 6.131146103143692017e-03 6.320529617369174957e-03 6.323105655610561371e-03
7.800000000000000000e+01 9.861932938856016184e-01 1.342946588993072510e-01 4.660008475184440613e-03 5.962242837995290756e-03 6.002910435199737549e-03 5.819190293550491333e-03 5.996881052851676941e-03 6.026467774063348770e-03
7.900000000000000000e+01 9.613843935266783713e-01 1.319265514612197876e-01 4.417079966515302658e-03 5.651501473039388657e-03 5.689243786036968231e-03 5.523434840142726898e-03 5.690421909093856812e-03 5.742101930081844330e-03
8.000000000000000000e+01 9.375000000000000000e-01 1.296315640211105347e-01 4.183816257864236832e-03 5.358063615858554840e-03 5.393109284341335297e-03 5.242681130766868591e-03 5.399899557232856750e-03 5.469228606671094894e-03
8.100000000000000000e+01 9.144947416552354769e-01 1.274063885211944580e-01 3.960270900279283524e-03 5.080894567072391510e-03 5.113319493830204010e-03 4.976181313395500183e-03 5.124344490468502045e-03 5.207194481045007706e-03
8.200000000000000000e+01 8.923259964306959890e-01 1.252479702234268188e-01 3.746467642486095428e-03 4.818581044673919678e-03 4.849069751799106598e-03 4.722876474261283875e-03 4.862657282501459122e-03 4.955524113029241562e-03
8.300000000000000000e+01 8.709536942952532668e-01 1.231535300612449646e-01 3.542407415807247162e-03 4.570491611957550049e-03 4.599122330546379089e-03 4.481703974306583405e-03 4.613782744854688644e-03 4.713784903287887573e-03
8.400000000000000000e+01 8.503401360544217136e-01 1.211203560233116150e-01 3.347993828356266022e-03 4.335624165832996368e-03 4.362339619547128677e-03 4.252049606293439865e-03 4.377039615064859390e-03 4.481679759919643402e-03
8.500000000000000000e+01 8.304498269896193330e-01 1.191460117697715759e-01 3.163117915391921997e-03 4.112855996936559677e-03 4.138164687901735306e-03 4.033310338854789734e-03 4.151689819991588593e-03 4.258887842297554016e-03
8.600000000000000000e+01 8.112493239588967064e-01 1.172279864549636841e-01 2.987606450915336609e-03 3.901676042005419731e-03 3.925567027181386948e-03 3.824730636551976204e-03 3.936898428946733475e-03 4.045145586133003235e-03
8.700000000000000000e+01 7.927070947284978741e-01 1.153639778494834900e-01 2.821253379806876183e-03 3.701311768963932991e-03 3.723640926182270050e-03 3.625714685767889023e-03 3.732226090505719185e-03 3.840249497443437576e-03
8.800000000000000000e+01 7.747933884297520946e-01 1.135518625378608704e-01 2.663754858076572418e-03 3.510841866955161095e-03 3.531849011778831482e-03 3.435824997723102570e-03 3.537140553817152977e-03 3.643933916464447975e-03
8.900000000000000000e+01 7.574801161469510991e-01 1.117897257208824158e-01 2.514826832339167595e-03 3.329844679683446884e-03 3.349512349814176559e-03 3.254629438742995262e-03 3.351040417328476906e-03 3.455986268818378448e-03
9.000000000000000000e+01 7.407407407407406996e-01 1.100754365324974060e-01 2.374141709879040718e-03 3.157809376716613770e-03 3.175912890583276749e-03 3.081691451370716095e-03 3.173579229041934013e-03 3.276162082329392433e-03
9.100000000000000000e+01 7.245501750996256041e-01 1.084071919322013855e-01 2.241340931504964828e-03 2.993968548253178596e-03 3.010681597515940666e-03 2.916774945333600044e-03 3.004461759701371193e-03 3.104196628555655479e-03
9.200000000000000000e+01 7.088846880907372361e-01 1.067833229899406433e-01 2.116070594638586044e-03 2.838087733834981918e-03 2.853320213034749031e-03 2.759522991254925728e-03 2.843238413333892822e-03 2.939844736829400063e-03
9.300000000000000000e+01 6.937218175511620233e-01 1.052020788192749023e-01 1.997939310967922211e-03 2.689765300601720810e-03 2.703318838030099869e-03 2.609548857435584068e-03 2.689620014280080795e-03 2.782854717224836349e-03
9.400000000000000000e+01 6.790402897238569935e-01 1.036618724465370178e-01 1.886611338704824448e-03 2.548455726355314255e-03 2.560392254963517189e-03 2.466656034812331200e-03 2.543418202549219131e-03 2.632939023897051811e-03
9.500000000000000000e+01 6.648199445983379308e-01 1.021612137556076050e-01 1.781734405085444450e-03 2.413903130218386650e-03 2.424238016828894615e-03 2.330651739612221718e-03 2.404265105724334717e-03 2.489869948476552963e-03
9.600000000000000000e+01 6.510416666666666297e-01 1.006986647844314575e-01 1.682957517914474010e-03 2.285891678184270859e-03 2.294481033459305763e-03 2.201199531555175781e-03 2.271888311952352524e-03 2.353363903239369392e-03
9.700000000000000000e+01 6.376873206504410918e-01 9.927283972501754761e-02 1.589972060173749924e-03 2.164012053981423378e-03 2.170887310057878494e-03 2.078111981973052025e-03 2.146103885024785995e-03 2.223212970420718193e-03
9.800000000000000000e+01 6.247396917950853723e-01 9.788245707750320435e-02 1.502439961768686771e-03 2.047989284619688988e-03 2.053271979093551636e-03 1.961249392479658127e-03 2.026580506935715675e-03 2.099146833643317223e-03
9.900000000000000000e+01 6.121824303642485754e-01 9.652619808912277222e-02 1.420029788278043270e-03 1.937748515047132969e-03 1.941346679814159870e-03 1.850242028012871742e-03 1.913111074827611446e-03 1.980986911803483963e-03
1.000000000000000000e+02 5.999999999999999778e-01 9.520293027162551880e-02 1.342450850643217564e-03 1.832962036132812500e-03 1.834907918237149715e-03 1.744913752190768719e-03 1.805502572096884251e-03 1.868572901003062725e-03
1.010000000000000000e+02 5.881776296441525442e-01 9.391152113676071167e-02 1.269426429644227028e-03 1.733358600176870823e-03 1.733840908855199814e-03 1.645140000618994236e-03 1.703475601971149445e-03 1.761687570251524448e-03
1.020000000000000000e+02 5.767012687427912621e-01 9.265074878931045532e-02 1.200705766677856445e-03 1.638847519643604755e-03 1.637917244806885719e-03 1.550676999613642693e-03 1.606809557415544987e-03 1.660198089666664600e-03
1.030000000000000000e+02 5.655575454802526103e-01 9.141986072063446045e-02 1.136013772338628769e-03 1.549232285469770432e-03 1.546914922073483467e-03 1.461277599446475506e-03 1.515312585979700089e-03 1.563976984471082687e-03
1.040000000000000000e+02 5.547337278106508895e-01 9.021759033203125000e-02 1.075137988664209843e-03 1.464246422983705997e-03 1.460739062167704105e-03 1.376831089146435261e-03 1.428758841939270496e-03 1.472892006859183311e-03
1.050000000000000000e+02 5.442176870748299811e-01 8.904311060905456543e-02 1.017880043946206570e-03 1.383815892040729523e-03 1.379233552142977715e-03 1.297108596190810204e-03 1.346924342215061188e-03 1.386849093250930309e-03
1.060000000000000000e+02 5.339978640085439876e-01 8.789550513029098511e-02 9.640544303692877293e-04 1.307682483457028866e-03 1.302217831835150719e-03 1.221887534484267235e-03 1.269650529138743877e-03 1.305684098042547703e-03
1.070000000000000000e+02 5.240632369639269816e-01 8.677391707897186279e-02 9.135173168033361435e-04 1.235735020600259304e-03 1.229576999321579933e-03 1.151060918346047401e-03 1.196782453916966915e-03 1.229322981089353561e-03
1.080000000000000000e+02 5.144032921810699488e-01 8.567740023136138916e-02 8.660795283503830433e-04 1.167843933217227459e-03 1.161124906502664089e-03 1.084448769688606262e-03 1.128084957599639893e-03 1.157627324573695660e-03
1.090000000000000000e+02 5.050079959599360624e-01 8.460526913404464722e-02 8.216723217628896236e-04 1.103848102502524853e-03 1.096731284633278847e-03 1.021828968077898026e-03 1.063481438905000687e-03 1.090471050702035427e-03
1.100000000000000000e+02 4.958677685950413361e-01 8.355665951967239380e-02 7.801408064551651478e-04 1.043591997586190701e-03 1.036250730976462364e-03 9.631235734559595585e-04 1.002800534479320049e-03 1.027732621878385544e-03
1.110000000000000000e+02 4.869734599464329294e-01 8.253094553947448730e-02 7.413779967464506626e-04 9.869688656181097031e-04 9.795550722628831863e-04 9.081236203201115131e-04 9.458804270252585411e-04 9.692754829302430153e-04
1.120000000000000000e+02 4.783163265306122347e-01 8.152736723423004150e-02 7.052764995023608208e-04 9.338610107079148293e-04 9.264927939511835575e-04 8.566991309635341167e-04 8.926337468437850475e-04 9.149271063506603241e-04
1.130000000000000000e+02 4.698880100242775470e-01 8.054525405168533325e-02 6.717477808706462383e-04 8.841180242598056793e-04 8.769264095462858677e-04 8.087226306088268757e-04 8.428904693573713303e-04 8.645292837172746658e-04
1.140000000000000000e+02 4.616805170821791093e-01 7.958395034074783325e-02 6.406918400898575783e-04 8.376344339922070503e-04 8.307348471134901047e-04 7.640308467671275139e-04 7.964993710629642010e-04 8.179061114788055420e-04
1.150000000000000000e+02 4.536862003780718355e-01 7.864277809858322144e-02 6.119930185377597809e-04 7.943143718875944614e-04 7.877342868596315384e-04 7.225291337817907333e-04 7.533553871326148510e-04 7.748528732918202877e-04
1.160000000000000000e+02 4.458977407847800056e-01 7.772123813629150391e-02 5.855674389749765396e-04 7.539997459389269352e-04 7.477962062694132328e-04 6.840288406237959862e-04 7.133362814784049988e-04 7.352036191150546074e-04
1.170000000000000000e+02 4.383081306158229107e-01 7.681868970394134521e-02 5.613057292066514492e-04 7.165935821831226349e-04 7.108156569302082062e-04 6.484409677796065807e-04 6.762972916476428509e-04 6.987400120124220848e-04
1.180000000000000000e+02 4.309106578569376622e-01 7.593454420566558838e-02 5.390924634411931038e-04 6.819763802923262119e-04 6.766241858713328838e-04 6.155982264317572117e-04 6.421108846552670002e-04 6.652827723883092403e-04
1.190000000000000000e+02 4.236988913212343943e-01 7.506833225488662720e-02 5.188217619433999062e-04 6.499972660094499588e-04 6.450595683418214321e-04 5.853896727785468102e-04 6.106533110141754150e-04 6.346058798953890800e-04
1.200000000000000000e+02 4.166666666666666852e-01 7.421953976154327393e-02 5.003909463994204998e-04 6.205643876455724239e-04 6.160547491163015366e-04 5.576824187301099300e-04 5.817575729452073574e-04 6.065387278795242310e-04
1.210000000000000000e+02 4.098080732190423903e-01 7.338762283325195312e-02 4.837295564357191324e-04 5.935774534009397030e-04 5.894253263249993324e-04 5.323248915374279022e-04 5.553368246182799339e-04 5.808856221847236156e-04
1.220000000000000000e+02 4.031174415479709672e-01 7.257211208343505859e-02 4.686936445068567991e-04 5.688529345206916332e-04 5.650523235090076923e-04 5.092078354209661484e-04 5.312306457199156284e-04 5.574618699029088020e-04
1.230000000000000000e+02 3.965893317469760260e-01 7.177259773015975952e-02 4.551802994683384895e-04 5.462976987473666668e-04 5.428101285360753536e-04 4.881951608695089817e-04 5.092906649224460125e-04 5.360801005735993385e-04
1.240000000000000000e+02 3.902185223725286312e-01 7.098861038684844971e-02 4.431079432833939791e-04 5.258149467408657074e-04 5.225885543040931225e-04 4.691748763434588909e-04 4.893900477327406406e-04 5.165867041796445847e-04
1.250000000000000000e+02 3.840000000000000080e-01 7.021966576576232910e-02 4.323529719840735197e-04 5.072216736152768135e-04 5.041881813667714596e-04 4.519939539022743702e-04 4.714099050033837557e-04 4.988136934116482735e-04
1.260000000000000000e+02 3.779289493575208048e-01 6.946544349193572998e-02 4.228110483381897211e-04 4.903972148895263672e-04 4.875481827184557915e-04 4.365064960438758135e-04 4.551826859824359417e-04 4.826177901122719049e-04
1.270000000000000000e+02 3.720007440014880262e-01 6.872546672821044922e-02 4.143789701629430056e-04 4.752748645842075348e-04 4.725336330011487007e-04 4.226258024573326111e-04 4.405951476655900478e-04 4.678698896896094084e-04
1.280000000000000000e+02 3.662109375000000000e-01 6.799942255020141602e-02 4.069457645528018475e-04 4.616710357367992401e-04 4.590176395140588284e-04 4.102344973944127560e-04 4.275091923773288727e-04 4.544359690044075251e-04
1.290000000000000000e+02 3.605552550928429745e-01 6.728689372539520264e-02 4.004129150416702032e-04 4.494845052249729633e-04 4.468924016691744328e-04 3.991813573520630598e-04 4.158257506787776947e-04 4.422120400704443455e-04
1.300000000000000000e+02 3.550295857988165493e-01 6.658755987882614136e-02 3.946851065848022699e-04 4.386079090181738138e-04 4.360696184448897839e-04 3.893932444043457508e-04 4.053825687151402235e-04 4.310980730224400759e-04
1.310000000000000000e+02 3.496299749431851511e-01 6.590103358030319214e-02 3.896648995578289032e-04 4.289345524739474058e-04 4.263921582605689764e-04 3.807713801506906748e-04 3.961257170885801315e-04 4.210112383589148521e-04
1.320000000000000000e+02 3.443526170798897890e-01 6.522697210311889648e-02 3.852791851386427879e-04 4.203182179480791092e-04 4.178093222435563803e-04 3.731741744559258223e-04 3.879183495882898569e-04 4.118793876841664314e-04
1.330000000000000000e+02 3.391938492848662889e-01 6.456513702869415283e-02 3.814532246906310320e-04 4.126935382373631001e-04 4.101990489289164543e-04 3.665249096229672432e-04 3.806583117693662643e-04 4.036242316942662001e-04
1.340000000000000000e+02 3.341501447983960538e-01 6.391511112451553345e-02 3.781044215429574251e-04 4.059796046931296587e-04 4.034498124383389950e-04 3.607419785112142563e-04 3.742622211575508118e-04 3.961831389460712671e-04
1.350000000000000000e+02 3.292181069958847739e-01 6.327668577432632446e-02 3.751866461243480444e-04 4.000092740170657635e-04 3.975191502831876278e-04 3.557232557795941830e-04 3.686525451485067606e-04 3.895198460668325424e-04
1.360000000000000000e+02 3.243944636678200433e-01 6.264948844909667969e-02 3.726387803908437490e-04 3.947992227040231228e-04 3.922804608009755611e-04 3.513985429890453815e-04 3.637388290371745825e-04 3.835705574601888657e-04
1.370000000000000000e+02 3.196760615909212122e-01 6.203332915902137756e-02 3.704059054143726826e-04 3.902085882145911455e-04 3.876957925967872143e-04 3.476908605080097914e-04 3.594474983401596546e-04 3.782747080549597740e-04
1.380000000000000000e+02 3.150598613736609876e-01 6.142784655094146729e-02 3.684586845338344574e-04 3.861695004161447287e-04 3.836516407318413258e-04 3.445323382038623095e-04 3.557213931344449520e-04 3.735873033292591572e-04
1.390000000000000000e+02 3.105429325604264768e-01 6.083284318447113037e-02 3.667426935862749815e-04 3.826625761575996876e-04 3.801250713877379894e-04 3.418549604248255491e-04 3.525167994666844606e-04 3.695012710522860289e-04
1.400000000000000000e+02 3.061224489795918435e-01 6.024802103638648987e-02 3.652294690255075693e-04 3.795888915192335844e-04 3.770491457544267178e-04 3.395974636077880859e-04 3.497539146337658167e-04 3.659361100289970636e-04
1.410000000000000000e+02 3.017956843217142193e-01 5.967311188578605652e-02 3.638723283074796200e-04 3.769086615648120642e-04 3.743481647688895464e-04 3.377341490704566240e-04 3.473708056844770908e-04 3.628643462434411049e-04
1.420000000000000000e+02 2.975600079349335347e-01 5.910791084170341492e-02 3.626463294494897127e-04 3.745651047211140394e-04 3.719759988598525524e-04 3.361818089615553617e-04 3.453600220382213593e-04 3.602510842029005289e-04
1.430000000000000000e+02 2.934128808254682363e-01 5.855224281549453735e-02 3.615361056290566921e-04 3.725181159097701311e-04 3.698797081597149372e-04 3.349147154949605465e-04 3.436441475059837103e-04 3.580615157261490822e-04
1.440000000000000000e+02 2.893518518518518601e-01 5.800577998161315918e-02 3.605049278121441603e-04 3.707229334395378828e-04 3.680225927382707596e-04 3.338682872708886862e-04 3.422024019528180361e-04 3.562442434486001730e-04
1.450000000000000000e+02 2.853745541022592036e-01 5.746833607554435730e-02 3.595230227801948786e-04 3.691560414154082537e-04 3.663570969365537167e-04 3.330423787701874971e-04 3.409906930755823851e-04 3.547550004441291094e-04
1.460000000000000000e+02 2.814787014449239844e-01 5.693975463509559631e-02 3.585712693165987730e-04 3.677789354696869850e-04 3.648523997981101274e-04 3.323673445265740156e-04 3.399671695660799742e-04 3.535464638844132423e-04
1.470000000000000000e+02 2.776620852422601593e-01 5.641978979110717773e-02 3.576467279344797134e-04 3.665149561129510403e-04 3.634905733633786440e-04 3.318326489534229040e-04 3.391364298295229673e-04 3.525823995005339384e-04
1.480000000000000000e+02 2.739225712198685159e-01 5.590821057558059692e-02 3.567051317077130079e-04 3.653833700809627771e-04 3.621997602749615908e-04 3.313818888273090124e-04 3.384288866072893143e-04 3.518027369864284992e-04
1.490000000000000000e+02 2.702580964821404419e-01 5.540488660335540771e-02 3.557422605808824301e-04 3.643308591563254595e-04 3.609952400438487530e-04 3.310017636977136135e-04 3.378079854883253574e-04 3.511831164360046387e-04
1.500000000000000000e+02 2.666666666666666630e-01 5.490957200527191162e-02 3.547313390299677849e-04 3.633325977716594934e-04 3.598360053729265928e-04 3.306741709820926189e-04 3.372806822881102562e-04 3.506530192680656910e-04
1.510000000000000000e+02 2.631463532301214769e-01 5.442214384675025940e-02 3.536537114996463060e-04 3.623620723374187946e-04 3.586849779821932316e-04 3.303609264548867941e-04 3.368011675775051117e-04 3.502117469906806946e-04
1.520000000000000000e+02 2.596952908587257802e-01 5.394235998392105103e-02 3.524587664287537336e-04 3.614001616369932890e-04 3.575427981559187174e-04 3.300557145848870277e-04 3.363479918334633112e-04 3.497863654047250748e-04
1.530000000000000000e+02 2.563116749967960795e-01 5.347007513046264648e-02 3.511508693918585777e-04 3.604419762268662453e-04 3.563734062481671572e-04 3.297027433291077614e-04 3.358838730491697788e-04 3.493638359941542149e-04
1.540000000000000000e+02 2.529937594872659901e-01 5.300520360469818115e-02 3.497046418488025665e-04 3.594200825318694115e-04 3.551589034032076597e-04 3.293189511168748140e-04 3.354152722749859095e-04 3.488915972411632538e-04
1.550000000000000000e+02 2.497398543184183028e-01 5.254747346043586731e-02 3.481198800727725029e-04 3.583572979550808668e-04 3.538906457833945751e-04 3.288613515906035900e-04 3.348934114910662174e-04 3.483590262476354837e-04
1.560000000000000000e+02 2.465483234714004046e-01 5.209673196077346802e-02 3.463441680651158094e-04 3.572264395188540220e-04 3.525553620420396328e-04 3.283136466052383184e-04 3.342871495988219976e-04 3.477519494481384754e-04
1.570000000000000000e+02 2.434175828634021765e-01 5.165292695164680481e-02 3.443888854235410690e-04 3.559844917617738247e-04 3.511403629090636969e-04 3.276623319834470749e-04 3.336048102937638760e-04 3.470002266112715006e-04
1.580000000000000000e+02 2.403460983816695928e-01 5.121580138802528381e-02 3.422349691390991211e-04 3.546474908944219351e-04 3.496266435831785202e-04 3.269200969953089952e-04 3.328129532746970654e-04 3.461343294475227594e-04
1.590000000000000000e+02 2.373323840037973309e-01 5.078526958823204041e-02 3.398769476916640997e-04 3.531929105520248413e-04 3.479950537439435720e-04 3.260154044255614281e-04 3.318999661132693291e-04 3.451028896961361170e-04
1.600000000000000000e+02 2.343750000000000000e-01 5.036120116710662842e-02 3.372773644514381886e-04 3.515902790240943432e-04 3.462377353571355343e-04 3.249924920964986086e-04 3.308418381493538618e-04 3.439022402744740248e-04
1.610000000000000000e+02 2.314725512133019580e-01 4.994340986013412476e-02 3.344688448123633862e-04 3.498395381029695272e-04 3.443471796344965696e-04 3.237940836697816849e-04 3.296345530543476343e-04 3.425346803851425648e-04
1.620000000000000000e+02 2.286236854138088692e-01 4.953178390860557556e-02 3.314373898319900036e-04 3.479482547845691442e-04 3.423057787586003542e-04 3.224313259124755859e-04 3.282588440924882889e-04 3.409701748751103878e-04
1.630000000000000000e+02 2.258270917234370956e-01 4.912620037794113159e-02 3.281593089923262596e-04 3.458854625932872295e-04 3.401408612262457609e-04 3.209181886631995440e-04 3.267115680500864983e-04 3.392227517906576395e-04
1.640000000000000000e+02 2.230814991076739973e-01 4.872656986117362976e-02 3.246722917538136244e-04 3.436504048295319080e-04 3.378003602847456932e-04 3.192019357811659575e-04 3.249811707064509392e-04 3.372719511389732361e-04
1.650000000000000000e+02 2.203856749311294827e-01 4.833268746733665466e-02 3.209584101568907499e-04 3.412478836253285408e-04 3.352995845489203930e-04 3.173286968376487494e-04 3.230630827601999044e-04 3.351157356519252062e-04
1.660000000000000000e+02 2.177384235738133167e-01 4.794452711939811707e-02 3.170269483234733343e-04 3.386628523003309965e-04 3.326518344692885876e-04 3.152544377371668816e-04 3.209423448424786329e-04 3.327792510390281677e-04
1.670000000000000000e+02 2.151385851052386167e-01 4.756187647581100464e-02 3.129015967715531588e-04 3.359015972819179296e-04 3.298353694844990969e-04 3.130024415440857410e-04 3.186411049682646990e-04 3.302414261270314455e-04
1.680000000000000000e+02 2.125850340136054284e-01 4.718472436070442200e-02 3.085820935666561127e-04 3.329538740217685699e-04 3.268616273999214172e-04 3.105590585619211197e-04 3.161368949804455042e-04 3.275132912676781416e-04
1.690000000000000000e+02 2.100766779874654322e-01 4.681286215782165527e-02 3.040726296603679657e-04 3.298007068224251270e-04 3.237019700463861227e-04 3.079255402553826571e-04 3.134490980301052332e-04 3.246076521463692188e-04
1.700000000000000000e+02 2.076124567474048332e-01 4.644626751542091370e-02 2.993962552864104509e-04 3.264981205575168133e-04 3.203782252967357635e-04 3.051011590287089348e-04 3.105514915660023689e-04 3.215043398085981607e-04
1.710000000000000000e+02 2.051913409254129406e-01 4.608477279543876648e-02 2.945691230706870556e-04 3.230175061617046595e-04 3.169096307829022408e-04 3.020995936822146177e-04 3.074815904255956411e-04 3.182297514285892248e-04
1.720000000000000000e+02 2.028123309897241766e-01 4.572833329439163208e-02 2.896033693104982376e-04 3.193579323124140501e-04 3.132773272227495909e-04 2.989015192724764347e-04 3.042158787138760090e-04 3.147794050164520741e-04
1.730000000000000000e+02 2.004744562130375274e-01 4.537678509950637817e-02 2.844991686288267374e-04 3.155287995468825102e-04 3.094776766374707222e-04 2.955483796540647745e-04 3.007760678883641958e-04 3.111553378403186798e-04
1.740000000000000000e+02 1.981767736821244685e-01 4.503011330962181091e-02 2.792815794236958027e-04 3.115690487902611494e-04 3.055302950087934732e-04 2.920186670962721109e-04 2.971637586597353220e-04 3.073607513215392828e-04
1.750000000000000000e+02 1.959183673469387654e-01 4.468816891312599182e-02 2.739672490861266851e-04 3.074182895943522453e-04 3.014377725776284933e-04 2.883075794670730829e-04 2.933849173132330179e-04 3.034062974620610476e-04
1.760000000000000000e+02 1.936983471074380236e-01 4.435084015130996704e-02 2.685672370716929436e-04 3.031254163943231106e-04 2.972135553136467934e-04 2.844630798790603876e-04 2.894503413699567318e-04 2.992860390804708004e-04
1.770000000000000000e+02 1.915158479364167388e-01 4.401808977127075195e-02 2.630922826938331127e-04 2.987047482747584581e-04 2.928490284830331802e-04 2.804423857014626265e-04 2.853568003047257662e-04 2.950274210888892412e-04
1.780000000000000000e+02 1.893700290367377748e-01 4.368979483842849731e-02 2.575615944806486368e-04 2.941476413980126381e-04 2.883732668124139309e-04 2.762963995337486267e-04 2.811233571264892817e-04 2.906229055952280760e-04
1.790000000000000000e+02 1.872600730314284700e-01 4.336586967110633850e-02 2.519893751014024019e-04 2.894567151088267565e-04 2.837725915014743805e-04 2.720057382248342037e-04 2.767469850368797779e-04 2.860791282728314400e-04
1.800000000000000000e+02 1.851851851851851749e-01 4.304628819227218628e-02 2.463988203089684248e-04 2.846650895662605762e-04 2.790670841932296753e-04 2.676014555618166924e-04 2.722487552091479301e-04 2.814005711115896702e-04
1.810000000000000000e+02 1.831445926559018278e-01 4.273087158799171448e-02 2.407779538771137595e-04 2.797606575768440962e-04 2.742551150731742382e-04 2.630717062857002020e-04 2.676372823771089315e-04 2.765879034996032715e-04
1.820000000000000000e+02 1.811375437749064010e-01 4.241962358355522156e-02 2.351445873500779271e-04 2.747522376012057066e-04 2.693751303013414145e-04 2.584327303338795900e-04 2.629259543027728796e-04 2.716830640565603971e-04
1.830000000000000000e+02 1.791633073546537724e-01 4.211245849728584290e-02 2.295228186994791031e-04 2.696722513064742088e-04 2.643972402438521385e-04 2.537147665861994028e-04 2.581044682301580906e-04 2.666666114237159491e-04
1.840000000000000000e+02 1.772211720226843090e-01 4.180923476815223694e-02 2.239056339021772146e-04 2.644973283167928457e-04 2.593637036625295877e-04 2.488912723492830992e-04 2.532028302084654570e-04 2.615448611322790384e-04
1.850000000000000000e+02 1.753104455807158457e-01 4.150996357202529907e-02 2.183133765356615186e-04 2.592615783214569092e-04 2.542523434385657310e-04 2.440063108224421740e-04 2.482109703123569489e-04 2.563407470006495714e-04
1.860000000000000000e+02 1.734304543877905058e-01 4.121449962258338928e-02 2.127655025105923414e-04 2.539554843679070473e-04 2.490949118509888649e-04 2.390477311564609408e-04 2.431557077215984464e-04 2.510551130399107933e-04
1.870000000000000000e+02 1.715805427664502947e-01 4.092285409569740295e-02 2.072616189252585173e-04 2.486254961695522070e-04 2.439002273604273796e-04 2.340328064747154713e-04 2.380497171543538570e-04 2.457118825986981392e-04
1.880000000000000000e+02 1.697600724309642484e-01 4.063485935330390930e-02 2.018037048401311040e-04 2.432422770652920008e-04 2.386810811003670096e-04 2.289826225023716688e-04 2.328899281565099955e-04 2.403204853180795908e-04
1.890000000000000000e+02 1.679684219366759101e-01 4.035054519772529602e-02 1.964023540494963527e-04 2.378376520937308669e-04 2.334345044801011682e-04 2.238880406366661191e-04 2.276983286719769239e-04 2.348844427615404129e-04
1.900000000000000000e+02 1.662049861495844827e-01 4.006978124380111694e-02 1.910752907861024141e-04 2.324058878002688289e-04 2.281693305121734738e-04 2.187764912378042936e-04 2.224782074335962534e-04 2.294169244123622775e-04
1.910000000000000000e+02 1.644691757353142769e-01 3.979254886507987976e-02 1.858250907389447093e-04 2.269903197884559631e-04 2.229111414635553956e-04 2.136498951585963368e-04 2.172418171539902687e-04 2.239310560980811715e-04
1.920000000000000000e+02 1.627604166666666574e-01 3.951872885227203369e-02 1.806589425541460514e-04 2.215679123764857650e-04 2.176462148781865835e-04 2.085148444166406989e-04 2.119982964359223843e-04 2.184465411119163036e-04
1.930000000000000000e+02 1.610781497489865433e-01 3.924831748008728027e-02 1.755832490744069219e-04 2.161522861570119858e-04 2.124161255778744817e-04 2.033897180808708072e-04 2.067676105070859194e-04 2.129721251549199224e-04
1.940000000000000000e+02 1.594218301626102730e-01 3.898121416568756104e-02 1.706014299998059869e-04 2.107674954459071159e-04 2.072235511150211096e-04 1.982975372811779380e-04 2.015461213886737823e-04 2.075402881018817425e-04
1.950000000000000000e+02 1.577909270216962534e-01 3.871741145849227905e-02 1.657399552641436458e-04 2.054211072390899062e-04 2.020488318521529436e-04 1.932193263201043010e-04 1.963538379641249776e-04 2.021275722654536366e-04
1.960000000000000000e+02 1.561849229487713431e-01 3.845677152276039124e-02 1.609815953997895122e-04 2.001272805500775576e-04 1.969370205188170075e-04 1.881851640064269304e-04 1.912190346047282219e-04 1.967567368410527706e-04
1.970000000000000000e+02 1.546033136643562012e-01 3.819931298494338989e-02 1.563338155392557383e-04 1.948797143995761871e-04 1.918815105454996228e-04 1.831868430599570274e-04 1.861206837929785252e-04 1.914513413794338703e-04
1.980000000000000000e+02 1.530456075910621438e-01 3.794496133923530579e-02 1.518166245659813285e-04 1.896931935334578156e-04 1.868822582764551044e-04 1.782618783181533217e-04 1.810791291063651443e-04 1.862160424934700131e-04
1.990000000000000000e+02 1.515113254715790003e-01 3.769365698099136353e-02 1.474290038459002972e-04 1.845937076723203063e-04 1.819563476601615548e-04 1.734050019877031446e-04 1.761061139404773712e-04 1.810649409890174866e-04
2.000000000000000000e+02 1.499999999999999944e-01 3.744530677795410156e-02 1.431672426406294107e-04 1.795679272618144751e-04 1.771270326571539044e-04 1.686034374870359898e-04 1.712178054731339216e-04 1.759960432536900043e-04
2.010000000000000000e+02 1.485111754659538263e-01 3.719995915889739990e-02 1.390448014717549086e-04 1.746284688124433160e-04 1.723848545225337148e-04 1.638992107473313808e-04 1.664234441705048084e-04 1.710152719169855118e-04
2.020000000000000000e+02 1.470444074110381361e-01 3.695745021104812622e-02 1.350534876110032201e-04 1.698043779470026493e-04 1.677281106822192669e-04 1.592875923961400986e-04 1.617085363250225782e-04 1.661560090724378824e-04
2.030000000000000000e+02 1.455992622970710415e-01 3.671782463788986206e-02 1.311926607741042972e-04 1.650785416131839156e-04 1.631770574022084475e-04 1.547604479128494859e-04 1.571061438880860806e-04 1.614093489479273558e-04
2.040000000000000000e+02 1.441753171856978155e-01 3.648098185658454895e-02 1.275001122849062085e-04 1.604675053386017680e-04 1.587438455317169428e-04 1.503473758930340409e-04 1.526135893072932959e-04 1.567720319144427776e-04
2.050000000000000000e+02 1.427721594289113605e-01 3.624688833951950073e-02 1.239381235791370273e-04 1.559773227199912071e-04 1.544172555441036820e-04 1.460304047213867307e-04 1.482394145568832755e-04 1.522638631286099553e-04
2.060000000000000000e+02 1.413893863700631526e-01 3.601549938321113586e-02 1.205177686642855406e-04 1.516156771685928106e-04 1.502151862950995564e-04 1.418477622792124748e-04 1.439820771338418126e-04 1.478712802054360509e-04
2.070000000000000000e+02 1.400266050549604513e-01 3.578677773475646973e-02 1.172450211015529931e-04 1.473715383326634765e-04 1.461200445191934705e-04 1.377727749058976769e-04 1.398553722538053989e-04 1.436316670151427388e-04
2.080000000000000000e+02 1.386834319526627224e-01 3.556066751480102539e-02 1.141132233897224069e-04 1.432637363905087113e-04 1.421717024641111493e-04 1.338316506007686257e-04 1.358685549348592758e-04 1.395155413774773479e-04
2.090000000000000000e+02 1.373594926856070153e-01 3.533714637160301208e-02 1.111093151848763227e-04 1.393051643390208483e-04 1.383274648105725646e-04 1.300101575907319784e-04 1.320028823101893067e-04 1.355286221951246262e-04
2.100000000000000000e+02 1.360544217687074953e-01 3.511613607406616211e-02 1.082631933968514204e-04 1.354782289126887918e-04 1.346236676909029484e-04 1.263314625248312950e-04 1.282814482692629099e-04 1.316838315688073635e-04
2.110000000000000000e+02 1.347678623570899015e-01 3.489761427044868469e-02 1.055575266946107149e-04 1.317775604547932744e-04 1.310549414483830333e-04 1.227662869496271014e-04 1.246903411811217666e-04 1.279851276194676757e-04
2.120000000000000000e+02 1.334994660021359969e-01 3.468155488371849060e-02 1.029789709718897939e-04 1.282477460335940123e-04 1.276314287679269910e-04 1.193504140246659517e-04 1.212516581290401518e-04 1.244224258698523045e-04
2.130000000000000000e+02 1.322488924155260093e-01 3.446790575981140137e-02 1.005391241051256657e-04 1.248386397492140532e-04 1.243203441845253110e-04 1.160597530542872846e-04 1.179442842840217054e-04 1.210020127473399043e-04
2.140000000000000000e+02 1.310158092409817454e-01 3.425662592053413391e-02 9.821694402489811182e-05 1.215794618474319577e-04 1.211428680107928813e-04 1.129156153183430433e-04 1.147930015577003360e-04 1.177188751171343029e-04
2.150000000000000000e+02 1.297998918334234697e-01 3.404768556356430054e-02 9.602944919606670737e-05 1.184718421427533031e-04 1.181023108074441552e-04 1.099045985029079020e-04 1.117694337153807282e-04 1.145744754467159510e-04
2.160000000000000000e+02 1.286008230452674872e-01 3.384104743599891663e-02 9.394269000040367246e-05 1.154821002273820341e-04 1.152020195149816573e-04 1.070335420081391931e-04 1.088817734853364527e-04 1.115679187932983041e-04
2.170000000000000000e+02 1.274182930196011698e-01 3.363668546080589294e-02 9.199464693665504456e-05 1.126482893596403301e-04 1.124230911955237389e-04 1.042899530148133636e-04 1.061407892848365009e-04 1.086976117221638560e-04
2.180000000000000000e+02 1.262519989899840156e-01 3.343451768159866333e-02 9.015782416099682450e-05 1.099469373002648354e-04 1.097767162718810141e-04 1.016839960357174277e-04 1.035290842992253602e-04 1.059568021446466446e-04
2.190000000000000000e+02 1.251016450866328789e-01 3.323456272482872009e-02 8.841438102535903454e-05 1.073804742190986872e-04 1.072560480679385364e-04 9.920980664901435375e-05 1.010482737910933793e-04 1.033509543049149215e-04
2.200000000000000000e+02 1.239669421487603340e-01 3.303675726056098938e-02 8.677256118971854448e-05 1.049485144903883338e-04 1.048540143528953195e-04 9.685874101705849171e-05 9.870237408904358745e-05 1.008695980999618769e-04
2.210000000000000000e+02 1.228476075428431014e-01 3.284107521176338196e-02 8.523096039425581694e-05 1.026456884574145079e-04 1.025871024467051029e-04 9.464056347496807575e-05 9.648432751419022679e-05 9.852190123638138175e-05
2.220000000000000000e+02 1.217433649866082324e-01 3.264746814966201782e-02 8.378112397622317076e-05 1.004600708256475627e-04 1.004144069156609476e-04 9.254078759113326669e-05 9.438100823899731040e-05 9.629757551010698080e-05
2.230000000000000000e+02 1.206539443785316357e-01 3.245594725012779236e-02 8.242634794441983104e-05 9.839830454438924789e-05 9.837832476478070021e-05 9.056267299456521869e-05 9.239382052328437567e-05 9.417335968464612961e-05
2.240000000000000000e+02 1.195790816326530587e-01 3.226643428206443787e-02 8.116537355817854404e-05 9.646675607655197382e-05 9.643586963647976518e-05 8.868810255080461502e-05 9.053704707184806466e-05 9.217928163707256317e-05
2.250000000000000000e+02 1.185185185185185230e-01 3.207890689373016357e-02 7.997267675818875432e-05 9.462686284678056836e-05 9.460739238420501351e-05 8.694818097865208983e-05 8.877775690052658319e-05 9.030877117766067386e-05
2.260000000000000000e+02 1.174720025060693868e-01 3.189336508512496948e-02 7.884664955781772733e-05 9.290564048569649458e-05 9.288433648180216551e-05 8.529882325092330575e-05 8.714297291589900851e-05 8.853579493006691337e-05
2.270000000000000000e+02 1.164392866153040051e-01 3.170976787805557251e-02 7.780739542795345187e-05 9.128684177994728088e-05 9.126002987613901496e-05 8.376406185561791062e-05 8.559179696021601558e-05 8.687434456078335643e-05
2.280000000000000000e+02 1.154201292705447773e-01 3.152805566787719727e-02 7.683737931074574590e-05 8.976436220109462738e-05 8.972088107839226723e-05 8.232155960286036134e-05 8.415999764110893011e-05 8.531143976142629981e-05
2.290000000000000000e+02 1.144142941591502899e-01 3.134823217988014221e-02 7.593660120619460940e-05 8.834885375108569860e-05 8.828729187371209264e-05 8.098451507976278663e-05 8.280377369374036789e-05 8.384593093069270253e-05
2.300000000000000000e+02 1.134215500945179589e-01 3.117024712264537811e-02 7.509616989409551024e-05 8.701879414729773998e-05 8.693519339431077242e-05 7.971601007739081979e-05 8.153582894010469317e-05 8.246916695497930050e-05
2.310000000000000000e+02 1.124416708832293305e-01 3.099410980939865112e-02 7.430724508594721556e-05 8.577549306210130453e-05 8.567053009755909443e-05 7.855830335756763816e-05 8.035070641199126840e-05 8.119115955196321011e-05
2.320000000000000000e+02 1.114744351961950014e-01 3.081973828375339508e-02 7.356946298386901617e-05 8.460289245704188943e-05 8.448478183709084988e-05 7.746644405415281653e-05 7.925835234345868230e-05 7.999302761163562536e-05
2.330000000000000000e+02 1.105196264436626163e-01 3.064715489745140076e-02 7.289396307896822691e-05 8.352372969966381788e-05 8.335278835147619247e-05 7.644682045793160796e-05 7.823621126590296626e-05 7.888308027759194374e-05
2.340000000000000000e+02 1.095770326539557277e-01 3.047629445791244507e-02 7.226084562717005610e-05 8.249733946286141872e-05 8.232318941736593843e-05 7.550840382464230061e-05 7.729142816970124841e-05 7.782390457578003407e-05
2.350000000000000000e+02 1.086464463558171056e-01 3.030717000365257263e-02 7.166849536588415504e-05 8.154392708092927933e-05 8.134502422763034701e-05 7.463357906090095639e-05 7.640421245014294982e-05 7.686687604291364551e-05
2.360000000000000000e+02 1.077276644642344156e-01 3.013975359499454498e-02 7.112276944098994136e-05 8.065729343798011541e-05 8.042615081649273634e-05 7.382522744592279196e-05 7.557705248473212123e-05 7.595995703013613820e-05
2.370000000000000000e+02 1.068204881696309394e-01 2.997396513819694519e-02 7.059880590531975031e-05 7.981893577380105853e-05 7.957393972901627421e-05 7.308593922061845660e-05 7.481050124624744058e-05 7.512429874623194337e-05
2.380000000000000000e+02 1.059247228303085986e-01 2.980984374880790710e-02 7.012341666268184781e-05 7.903856749180704355e-05 7.877815369283780456e-05 7.239194383146241307e-05 7.410092803183943033e-05 7.433383143506944180e-05
2.390000000000000000e+02 1.050401778680345177e-01 2.964735403656959534e-02 6.966823275433853269e-05 7.832446863176301122e-05 7.802258187439292669e-05 7.174064376158639789e-05 7.343279139604419470e-05 7.359922892646864057e-05
2.400000000000000000e+02 1.041666666666666713e-01 2.948642894625663757e-02 6.924132321728393435e-05 7.764290785416960716e-05 7.730304059805348516e-05 7.114346954040229321e-05 7.281087891897186637e-05 7.292389636859297752e-05
2.410000000000000000e+02 1.033040064737177355e-01 2.932708896696567535e-02 6.882473826408386230e-05 7.700403511989861727e-05 7.664903387194499373e-05 7.057525363052263856e-05 7.223742431960999966e-05 7.229089533211663365e-05
2.420000000000000000e+02 1.024520183047605976e-01 2.916930615901947021e-02 6.844744348200038075e-05 7.640451804036274552e-05 7.601878314744681120e-05 7.005113729974254966e-05 7.169135642470791936e-05 7.168942101998254657e-05
2.430000000000000000e+02 1.016105268505817227e-01 2.901304513216018677e-02 6.806368764955550432e-05 7.582757825730368495e-05 7.543059473391622305e-05 6.955520802875980735e-05 7.116935012163594365e-05 7.112531602615490556e-05
2.440000000000000000e+02 1.007793603869927418e-01 2.885829657316207886e-02 6.769636092940345407e-05 7.528897549491375685e-05 7.486935646738857031e-05 6.909276999067515135e-05 7.068074773997068405e-05 7.059181371005252004e-05
2.450000000000000000e+02 9.995835068721366234e-02 2.870503626763820648e-02 6.733098416589200497e-05 7.477643521269783378e-05 7.434077269863337278e-05 6.866484181955456734e-05 7.022887439234182239e-05 7.007791282376274467e-05
2.460000000000000000e+02 9.914733293674400649e-02 2.855323255062103271e-02 6.696882337564602494e-05 7.428784010699018836e-05 7.382180046988651156e-05 6.824202864663675427e-05 6.978714372962713242e-05 6.959617894608527422e-05
2.470000000000000000e+02 9.834614565064170311e-02 2.840288914740085602e-02 6.662026135018095374e-05 7.381226896541193128e-05 7.332642417168244720e-05 6.785413279430940747e-05 6.936738645890727639e-05 6.913704419275745749e-05
2.480000000000000000e+02 9.755463059313215779e-02 2.825396135449409485e-02 6.625477544730529189e-05 7.335068221436813474e-05 7.286626350833103061e-05 6.746900908183306456e-05 6.895446131238713861e-05 6.869129720143973827e-05
2.490000000000000000e+02 9.677263269947258828e-02 2.810643613338470459e-02 6.589210534002631903e-05 7.291570364031940699e-05 7.239766273414716125e-05 6.709931039949879050e-05 6.854932144051417708e-05 6.826029857620596886e-05
2.500000000000000000e+02 9.600000000000000200e-02 2.796029858291149139e-02 6.551956903422251344e-05 7.247484609251841903e-05 7.194879435701295733e-05 6.673939060419797897e-05 6.816560198785737157e-05 6.783390563214197755e-05
2.510000000000000000e+02 9.523658354629291334e-02 2.781553938984870911e-02 6.512896652566269040e-05 7.204175199149176478e-05 7.150800956878811121e-05 6.638177728746086359e-05 6.778424722142517567e-05 6.741964170942083001e-05
2.520000000000000000e+02 9.448223733938020119e-02 2.767210826277732849e-02 6.472988752648234367e-05 7.163076952565461397e-05 7.105869735823944211e-05 6.602254870813339949e-05 6.740434037055820227e-05 6.702655809931457043e-05
2.530000000000000000e+02 9.373681825993220029e-02 2.753003314137458801e-02 6.431135989259928465e-05 7.121562521206215024e-05 7.062732765916734934e-05 6.568107346538454294e-05 6.701509846607223153e-05 6.661742372671142220e-05
2.540000000000000000e+02 9.300018600037200656e-02 2.738925628364086151e-02 6.388883775798603892e-05 7.076933979988098145e-05 7.019549229880794883e-05 6.533377018058672547e-05 6.663585372734814882e-05 6.621440115850418806e-05
2.550000000000000000e+02 9.227220299884660026e-02 2.724975161254405975e-02 6.342808046611025929e-05 7.036667375359684229e-05 6.975528231123462319e-05 6.498076254501938820e-05 6.625262903980910778e-05 6.582582136616110802e-05
2.560000000000000000e+02 9.155273437500000000e-02 2.711155079305171967e-02 6.295873026829212904e-05 6.992819544393569231e-05 6.932171527296304703e-05 6.462154124164953828e-05 6.585281516890972853e-05 6.541350740008056164e-05
2.570000000000000000e+02 9.084164786749231169e-02 2.697459422051906586e-02 6.245873373700305820e-05 6.949622911633923650e-05 6.886433402542024851e-05 6.424809544114395976e-05 6.545446376549080014e-05 6.500424933619797230e-05
2.580000000000000000e+02 9.013881377321074362e-02 2.683890238404273987e-02 6.194557499838992953e-05 6.906052294652909040e-05 6.840583955636247993e-05 6.387096800608560443e-05 6.504659540951251984e-05 6.459038559114560485e-05
2.590000000000000000e+02 8.944410488812033766e-02 2.670440636575222015e-02 6.140589539427310228e-05 6.860015128040686250e-05 6.795086665078997612e-05 6.349028990371152759e-05 6.462391320383176208e-05 6.417470285668969154e-05
2.600000000000000000e+02 8.875739644970413733e-02 2.657114714384078979e-02 6.083422704250551760e-05 6.812911306042224169e-05 6.747579755028709769e-05 6.308232696028426290e-05 6.418053817469626665e-05 6.374681106535717845e-05
2.610000000000000000e+02 8.807856608094420670e-02 2.643905393779277802e-02 6.026153278071433306e-05 6.767259037587791681e-05 6.698778452118858695e-05 6.267840944929048419e-05 6.372622010530903935e-05 6.331286567728966475e-05
2.620000000000000000e+02 8.740749373579628778e-02 2.630815282464027405e-02 5.965505624772049487e-05 6.718288932461291552e-05 6.647623376920819283e-05 6.224944809218868613e-05 6.326583388727158308e-05 6.286498683039098978e-05
2.630000000000000000e+02 8.674406164611314640e-02 2.617842517793178558e-02 5.902634438825771213e-05 6.667227717116475105e-05 6.597195897484198213e-05 6.181441131047904491e-05 6.277922511799260974e-05 6.241419760044664145e-05
2.640000000000000000e+02 8.608815426997244724e-02 2.604982070624828339e-02 5.838820288772694767e-05 6.616345490328967571e-05 6.542910705320537090e-05 6.135007424745708704e-05 6.228333222679793835e-05 6.194189336383715272e-05
2.650000000000000000e+02 8.543965824136703913e-02 2.592235431075096130e-02 5.771801806986331940e-05 6.562986527569591999e-05 6.487831706181168556e-05 6.087711881264112890e-05 6.177535397000610828e-05 6.144698272692039609e-05
2.660000000000000000e+02 8.479846232121657224e-02 2.579601481556892395e-02 5.702798080164939165e-05 6.508679507533088326e-05 6.432669761124998331e-05 6.039818981662392616e-05 6.125179061200469732e-05 6.095275603001937270e-05
2.670000000000000000e+02 8.416445734966124248e-02 2.567077241837978363e-02 5.633026012219488621e-05 6.453713285736739635e-05 6.375743396347388625e-05 5.989282726659439504e-05 6.069692608434706926e-05 6.044201654731296003e-05
2.680000000000000000e+02 8.353753619959901344e-02 2.554661594331264496e-02 5.561788566410541534e-05 6.395977834472432733e-05 6.315617065411061049e-05 5.937516471021808684e-05 6.014442260493524373e-05 5.990999852656386793e-05
2.690000000000000000e+02 8.291759373142991441e-02 2.542355842888355255e-02 5.488698661793023348e-05 6.337580998660996556e-05 6.254675099626183510e-05 5.884245183551684022e-05 5.955896267550997436e-05 5.936998786637559533e-05
2.700000000000000000e+02 8.230452674897119347e-02 2.530152350664138794e-02 5.414916813606396317e-05 6.276997737586498260e-05 6.192713772179558873e-05 5.829441215610131621e-05 5.897290611756034195e-05 5.881317338207736611e-05
2.710000000000000000e+02 8.169823395650931130e-02 2.518054656684398651e-02 5.339782364899292588e-05 6.214329187059774995e-05 6.128042150521650910e-05 5.771990254288539290e-05 5.835166302858851850e-05 5.822914317832328379e-05
2.720000000000000000e+02 8.109861591695501082e-02 2.506063133478164673e-02 5.263588900561444461e-05 6.150257831905037165e-05 6.063181717763654888e-05 5.713363134418614209e-05 5.772484655608423054e-05 5.762833825428970158e-05
2.730000000000000000e+02 8.050557501106951619e-02 2.494171261787414551e-02 5.186709677218459547e-05 6.086595385568216443e-05 5.996135951136238873e-05 5.653496191371232271e-05 5.708527896786108613e-05 5.702024282072670758e-05
2.740000000000000000e+02 7.991901539773030305e-02 2.482380904257297516e-02 5.108867117087356746e-05 6.019044303684495389e-05 5.928232349106110632e-05 5.592557135969400406e-05 5.642585892928764224e-05 5.639509254251606762e-05
2.750000000000000000e+02 7.933884297520661655e-02 2.470689453184604645e-02 5.030845932196825743e-05 5.950553168077021837e-05 5.858586155227385461e-05 5.528882684302516282e-05 5.574519673245958984e-05 5.575186150963418186e-05
2.760000000000000000e+02 7.876496534341524691e-02 2.459096349775791168e-02 4.953184907208196819e-05 5.882204641238786280e-05 5.787166810478083789e-05 5.463968773256056011e-05 5.505336957867257297e-05 5.509008406079374254e-05
2.770000000000000000e+02 7.819729176712846008e-02 2.447600476443767548e-02 4.874370279139839113e-05 5.810827497043646872e-05 5.714932922273874283e-05 5.398754001362249255e-05 5.434518607216887176e-05 5.441353641799651086e-05
2.780000000000000000e+02 7.763573314010661919e-02 2.436200715601444244e-02 4.796299617737531662e-05 5.738433173974044621e-05 5.641783718601800501e-05 5.330359999788925052e-05 5.364264507079496980e-05 5.372741361497901380e-05
2.790000000000000000e+02 7.708020195012911524e-02 2.424894645810127258e-02 4.718251511803828180e-05 5.665949356625787914e-05 5.566764957620762289e-05 5.262123158900067210e-05 5.290836998028680682e-05 5.303317084326408803e-05
2.800000000000000000e+02 7.653061224489796088e-02 2.413683943450450897e-02 4.639667895389720798e-05 5.591336230281740427e-05 5.492234049597755075e-05 5.191197124077007174e-05 5.215730925556272268e-05 5.231410250416956842e-05
2.810000000000000000e+02 7.598687959878927534e-02 2.402563020586967468e-02 4.562980029731988907e-05 5.515445081982761621e-05 5.416534258984029293e-05 5.120915375300683081e-05 5.140456778462976217e-05 5.159229112905450165e-05
2.820000000000000000e+02 7.544892108042855483e-02 2.391535043716430664e-02 4.486022226046770811e-05 5.440207314677536488e-05 5.339012932381592691e-05 5.049396713729947805e-05 5.064801007392816246e-05 5.086150486022233963e-05
2.830000000000000000e+02 7.491665522106656649e-02 2.380597218871116638e-02 4.409490065881982446e-05 5.364108801586553454e-05 5.260975376586429775e-05 4.977330536348745227e-05 4.988148066331632435e-05 5.010867243981920183e-05
2.840000000000000000e+02 7.439000198373338368e-02 2.369747497141361237e-02 4.335360063123516738e-05 5.285791485221125185e-05 5.182877794140949845e-05 4.903402805211953819e-05 4.910281859338283539e-05 4.935971082886680961e-05
2.850000000000000000e+02 7.386888273314866360e-02 2.358985133469104767e-02 4.259874549461528659e-05 5.207749927649274468e-05 5.105015588924288750e-05 4.828437886317260563e-05 4.831643673242069781e-05 4.861101479036733508e-05
2.860000000000000000e+02 7.335322020636705909e-02 2.348312363028526306e-02 4.188064485788345337e-05 5.128892735228873789e-05 5.026346480008214712e-05 4.754600740852765739e-05 4.752416862174868584e-05 4.783836266142316163e-05
2.870000000000000000e+02 7.284293848413844752e-02 2.337722480297088623e-02 4.116835043532773852e-05 5.050194522482343018e-05 4.947537672705948353e-05 4.679779522120952606e-05 4.674302181228995323e-05 4.707940752268768847e-05
2.880000000000000000e+02 7.233796296296296502e-02 2.327218465507030487e-02 4.044689558213576674e-05 4.971513772034086287e-05 4.868409814662300050e-05 4.605119465850293636e-05 4.594532947521656752e-05 4.631198316928930581e-05
2.890000000000000000e+02 7.183822032782175016e-02 2.316796407103538513e-02 3.975946310674771667e-05 4.892438664683140814e-05 4.789176455233246088e-05 4.529746001935563982e-05 4.515709224506281316e-05 4.554968472803011537e-05
2.900000000000000000e+02 7.134363852556480090e-02 2.306460216641426086e-02 3.908147482434287667e-05 4.813217674382030964e-05 4.710814391728490591e-05 4.455222369870170951e-05 4.436592280399054289e-05 4.478849950828589499e-05
2.910000000000000000e+02 7.085414673893788984e-02 2.296203933656215668e-02 3.841674697468988597e-05 4.734461981570348144e-05 4.634287324734032154e-05 4.379674646770581603e-05 4.357532088761217892e-05 4.403557613841257989e-05
2.920000000000000000e+02 7.036967536123099609e-02 2.286027744412422180e-02 3.777653182623907924e-05 4.657759563997387886e-05 4.555447958409786224e-05 4.305098627810366452e-05 4.280064968043006957e-05 4.328411523601971567e-05
2.930000000000000000e+02 6.989015597153140635e-02 2.275934070348739624e-02 3.713069236255250871e-05 4.580191307468339801e-05 4.478685514186508954e-05 4.230836930219084024e-05 4.201981209916993976e-05 4.252550206729210913e-05
2.940000000000000000e+02 6.941552131056503983e-02 2.265916019678115845e-02 3.652282612165436149e-05 4.503093077801167965e-05 4.404062929097563028e-05 4.158771844231523573e-05 4.125291889067739248e-05 4.180092219030484557e-05
2.950000000000000000e+02 6.894570525711002373e-02 2.255976758897304535e-02 3.592638677218928933e-05 4.425926454132422805e-05 4.328731665736995637e-05 4.084016836713999510e-05 4.049495692015625536e-05 4.107345375814475119e-05
2.960000000000000000e+02 6.848064280496712897e-02 2.246114425361156464e-02 3.534928691806271672e-05 4.351454117568209767e-05 4.254546365700662136e-05 4.013090074295178056e-05 3.974649735027924180e-05 4.034993980894796550e-05
2.970000000000000000e+02 6.802027004047206393e-02 2.236330322921276093e-02 3.479788938420824707e-05 4.278161213733255863e-05 4.180915857432410121e-05 3.942006878787651658e-05 3.900432056980207562e-05 3.964945062762126327e-05
2.980000000000000000e+02 6.756452412053511047e-02 2.226620353758335114e-02 3.424092210480012000e-05 4.204514698358252645e-05 4.110948793822899461e-05 3.872621527989394963e-05 3.826633110293187201e-05 3.896476482623256743e-05
2.990000000000000000e+02 6.711334325119405753e-02 2.216984331607818604e-02 3.372141145518980920e-05 4.133191760047338903e-05 4.040254134451970458e-05 3.803600702667608857e-05 3.756481964956037700e-05 3.827176988124847412e-05
3.000000000000000000e+02 6.666666666666666574e-02 2.207421883940696716e-02 3.321052281535230577e-05 4.062459629494696856e-05 3.971147452830336988e-05 3.735836071427911520e-05 3.686832496896386147e-05 3.762273263419046998e-05
3.010000000000000000e+02 6.622443460888952083e-02 2.197933383285999298e-02 3.271736204624176025e-05 3.995151200797408819e-05 3.903945253114216030e-05 3.669623038149438798e-05 3.617645415943115950e-05 3.697334614116698503e-05
3.020000000000000000e+02 6.578658830753036924e-02 2.188516035676002502e-02 3.224020110792480409e-05 3.927777288481593132e-05 3.839266719296574593e-05 3.606002428568899632e-05 3.551601912477053702e-05 3.635332541307434440e-05
3.030000000000000000e+02 6.535306996046139072e-02 2.179169282317161560e-02 3.179411578457802534e-05 3.862049197778105736e-05 3.774967990466393530e-05 3.542799458955414593e-05 3.486928835627622902e-05 3.573333378881216049e-05
3.040000000000000000e+02 6.492382271468144506e-02 2.169891633093357086e-02 3.135482620564289391e-05 3.799436308327130973e-05 3.712600664584897459e-05 3.481773819657973945e-05 3.423651287448592484e-05 3.515082789817824960e-05
3.050000000000000000e+02 6.449879064767535808e-02 2.160684764385223389e-02 3.093569830525666475e-05 3.737420411198399961e-05 3.652953091659583151e-05 3.421890869503840804e-05 3.362735515111126006e-05 3.456211925367824733e-05
3.060000000000000000e+02 6.407791874919901987e-02 2.151546254754066467e-02 3.052630563615821302e-05 3.678126449813134968e-05 3.594158624764531851e-05 3.363786890986375511e-05 3.303280391264706850e-05 3.402251968509517610e-05
3.070000000000000000e+02 6.366115290347908184e-02 2.142474427819252014e-02 3.014036337845027447e-05 3.619722701841965318e-05 3.539647150319069624e-05 3.307584483991377056e-05 3.246397682232782245e-05 3.347918391227722168e-05
3.080000000000000000e+02 6.324843987181649752e-02 2.133473008871078491e-02 2.976998621306847781e-05 3.564005601219832897e-05 3.484635453787632287e-05 3.253572504036128521e-05 3.191491850884631276e-05 3.296123395557515323e-05
3.090000000000000000e+02 6.283972727558362337e-02 2.124534547328948975e-02 2.940976082754787058e-05 3.510025271680206060e-05 3.433223537285812199e-05 3.201379877282306552e-05 3.138894680887460709e-05 3.247071435907855630e-05
3.100000000000000000e+02 6.243496357960457571e-02 2.115662954747676849e-02 2.907046473410446197e-05 3.460471998550929129e-05 3.382468639756552875e-05 3.151384225930087268e-05 3.088049925281666219e-05 3.200158243998885155e-05
3.110000000000000000e+02 6.203409807590905961e-02 2.106856368482112885e-02 2.874122583307325840e-05 3.410767749301157892e-05 3.333739732624962926e-05 3.102737900917418301e-05 3.039349394384771585e-05 3.152976205456070602e-05
3.120000000000000000e+02 6.163708086785010115e-02 2.098114043474197388e-02 2.843299444066360593e-05 3.363330688443966210e-05 3.287339495727792382e-05 3.055311753996647894e-05 2.991553083120379597e-05 3.108469900325872004e-05
3.130000000000000000e+02 6.124386285457644741e-02 2.089435420930385590e-02 2.811498052324168384e-05 3.319192546769045293e-05 3.242672755732201040e-05 3.010892942256759852e-05 2.947182656498625875e-05 3.065616328967735171e-05
3.140000000000000000e+02 6.085439571585054414e-02 2.080818451941013336e-02 2.782126102829352021e-05 3.274974369560368359e-05 3.200540595571510494e-05 2.968329135910607874e-05 2.905446490331087261e-05 3.026173180842306465e-05
3.150000000000000000e+02 6.046863189720332737e-02 2.072264999151229858e-02 2.754650631686672568e-05 3.232705421396531165e-05 3.159164407406933606e-05 2.927202331193257123e-05 2.864254201995208859e-05 2.986890831380151212e-05
3.160000000000000000e+02 6.008652459541739821e-02 2.063772454857826233e-02 2.727160790527705103e-05 3.195280805812217295e-05 3.120903056696988642e-05 2.887452683353330940e-05 2.825896626745816320e-05 2.951182977994903922e-05
3.170000000000000000e+02 5.970802774433022625e-02 2.055340632796287537e-02 2.700932964216917753e-05 3.156535967718809843e-05 3.084322088398039341e-05 2.849957490980159491e-05 2.789924656099174172e-05 2.914626020356081426e-05
3.180000000000000000e+02 5.933309600094933273e-02 2.046967670321464539e-02 2.675829455256462097e-05 3.121645568171516061e-05 3.048343569389544427e-05 2.815050356730353087e-05 2.754756133072078228e-05 2.881411455746274441e-05
3.190000000000000000e+02 5.896168473187173714e-02 2.038655430078506470e-02 2.650924034242052585e-05 3.088091398240067065e-05 3.015408947248943150e-05 2.781086368486285210e-05 2.721678538364358246e-05 2.848830081347841769e-05
3.200000000000000000e+02 5.859375000000000000e-02 2.030401304364204407e-02 2.627141293487511575e-05 3.056179775740019977e-05 2.982758633152116090e-05 2.748590122791938484e-05 2.690380279091186821e-05 2.817860877257771790e-05
3.210000000000000000e+02 5.822924855154744395e-02 2.022204734385013580e-02 2.603417124191764742e-05 3.026699414476752281e-05 2.953331932076252997e-05 2.717853567446582019e-05 2.661238977452740073e-05 2.788588244584389031e-05
3.220000000000000000e+02 5.786813780332548951e-02 2.014065906405448914e-02 2.580582440714351833e-05 2.997748924826737493e-05 2.923756255768239498e-05 2.689531174837611616e-05 2.634060365380719304e-05 2.761913492577150464e-05
3.230000000000000000e+02 5.751037583030604861e-02 2.005985379219055176e-02 2.559345011832192540e-05 2.970713467220775783e-05 2.896774458349682391e-05 2.660816244315356016e-05 2.608192517072893679e-05 2.734826921368949115e-05
3.240000000000000000e+02 5.715592135345221730e-02 1.997959427535533905e-02 2.538269109209068120e-05 2.944714105979073793e-05 2.870341450034175068e-05 2.635119926708284765e-05 2.582984598120674491e-05 2.709978616621810943e-05
3.250000000000000000e+02 5.680473372781064817e-02 1.989991031587123871e-02 2.517171742510981858e-05 2.921338818850927055e-05 2.847379801096394658e-05 2.610148840176407248e-05 2.560110442573204637e-05 2.684815626707859337e-05
3.260000000000000000e+02 5.645677293085927390e-02 1.982076093554496765e-02 2.496157685527577996e-05 2.897756712627597153e-05 2.822685928549617529e-05 2.586608025012537837e-05 2.537979889893904328e-05 2.663248415046837181e-05
3.270000000000000000e+02 5.611199955110400539e-02 1.974216289818286896e-02 2.476836016285233200e-05 2.875228165066801012e-05 2.800445690809283406e-05 2.563337329775094986e-05 2.517188841011375189e-05 2.640445200086105615e-05
3.280000000000000000e+02 5.577037477691849932e-02 1.966411620378494263e-02 2.456812035234179348e-05 2.855804086721036583e-05 2.778990346996579319e-05 2.542107904446311295e-05 2.497454261174425483e-05 2.618073813209775835e-05
3.290000000000000000e+02 5.543186038562097212e-02 1.958657987415790558e-02 2.437927651044446975e-05 2.835025952663272619e-05 2.757721813395619392e-05 2.521330679883249104e-05 2.479471913829911500e-05 2.598353603389114141e-05
3.300000000000000000e+02 5.509641873278237068e-02 1.950959675014019012e-02 2.419117481622379273e-05 2.816684354911558330e-05 2.738327748375013471e-05 2.501865674275904894e-05 2.462181873852387071e-05 2.578326530056074262e-05
3.310000000000000000e+02 5.476401274176029982e-02 1.943311281502246857e-02 2.401929486950393766e-05 2.800296169880311936e-05 2.719410804274957627e-05 2.482329546182882041e-05 2.444208985252771527e-05 2.559482527431100607e-05
3.320000000000000000e+02 5.443460589345332917e-02 1.935715787112712860e-02 2.384186700510326773e-05 2.782188857963774353e-05 2.700632285268511623e-05 2.464426324877422303e-05 2.428596235404256731e-05 2.540843524911906570e-05
3.330000000000000000e+02 5.410816221627032241e-02 1.928172074258327484e-02 2.366026092204265296e-05 2.764608871075324714e-05 2.682511330931447446e-05 2.447361111990176141e-05 2.413695801806170493e-05 2.522658360248897225e-05
3.340000000000000000e+02 5.378464627630965417e-02 1.920677162706851959e-02 2.348580528632737696e-05 2.747359394561499357e-05 2.665886313479859382e-05 2.430147105769719929e-05 2.398526339675299823e-05 2.504912481526844203e-05
3.350000000000000000e+02 5.346402316774337415e-02 1.913233473896980286e-02 2.332394797122105956e-05 2.733131987042725086e-05 2.648791269166395068e-05 2.414296068309340626e-05 2.385178413533139974e-05 2.488376958353910595e-05
3.360000000000000000e+02 5.314625850340135710e-02 1.905840635299682617e-02 2.315810343134216964e-05 2.716755625442601740e-05 2.631497955007944256e-05 2.398547258053440601e-05 2.370896618231199682e-05 2.471088919264730066e-05
3.370000000000000000e+02 5.283131840555081032e-02 1.898495666682720184e-02 2.299469269928522408e-05 2.701420453377068043e-05 2.615050470922142267e-05 2.382933053013402969e-05 2.358157144044525921e-05 2.454758578096516430e-05
3.380000000000000000e+02 5.251916949686635805e-02 1.891200058162212372e-02 2.282494642713572830e-05 2.686921470740344375e-05 2.599275103420950472e-05 2.367588058405090123e-05 2.344689892197493464e-05 2.437454895698465407e-05
3.390000000000000000e+02 5.220977889158639335e-02 1.883950643241405487e-02 2.268155003548599780e-05 2.672210030141286552e-05 2.583624700491782278e-05 2.352366209379397333e-05 2.331711402803193778e-05 2.422533907520119101e-05
3.400000000000000000e+02 5.190311418685120831e-02 1.876750588417053223e-02 2.252416197734419256e-05 2.656992364791221917e-05 2.567553201515693218e-05 2.338354352104943246e-05 2.319576742593199015e-05 2.405543455097358674e-05
3.410000000000000000e+02 5.159914345421866277e-02 1.869597099721431732e-02 2.236854379589203745e-05 2.642135768837761134e-05 2.551495344960130751e-05 2.323718035768251866e-05 2.306363421666901559e-05 2.389477776887360960e-05
3.420000000000000000e+02 5.129783523135323514e-02 1.862491108477115631e-02 2.221206341346260160e-05 2.627236972330138087e-05 2.536324791435617954e-05 2.308816874574404210e-05 2.293004945386201143e-05 2.373837196500971913e-05
3.430000000000000000e+02 5.099915851388452104e-02 1.855430938303470612e-02 2.206830504292156547e-05 2.611801755847409368e-05 2.519860754546243697e-05 2.294797741342335939e-05 2.282372406625654548e-05 2.358111487410496920e-05
3.440000000000000000e+02 5.070308274743104415e-02 1.848416589200496674e-02 2.192198189732152969e-05 2.596496960904914886e-05 2.503966788935940713e-05 2.280393346154596657e-05 2.269850301672704518e-05 2.341832259844522923e-05
3.450000000000000000e+02 5.040957781978575719e-02 1.841447129845619202e-02 2.177260284952353686e-05 2.581120497779920697e-05 2.487057463440578431e-05 2.265995499328710139e-05 2.257241249026264995e-05 2.325385139556601644e-05
3.460000000000000000e+02 5.011861405325938185e-02 1.834522560238838196e-02 2.162578493880573660e-05 2.564716851338744164e-05 2.472254527674522251e-05 2.250523721158970147e-05 2.243991366412956268e-05 2.309697629243601114e-05
3.470000000000000000e+02 4.983016219717795181e-02 1.827642321586608887e-02 2.148185558326076716e-05 2.549588134570512921e-05 2.455435787851456553e-05 2.236490399809554219e-05 2.230705467809457332e-05 2.293570469191763550e-05
3.480000000000000000e+02 4.954419342053111713e-02 1.820806227624416351e-02 2.133434827555902302e-05 2.533211772970389575e-05 2.438155388517770916e-05 2.221650720457546413e-05 2.217669316451065242e-05 2.276763007102999836e-05
3.490000000000000000e+02 4.926067930476761558e-02 1.814013347029685974e-02 2.119434611813630909e-05 2.517163738957606256e-05 2.420782584522385150e-05 2.207012585131451488e-05 2.203397525590844452e-05 2.259529901493806392e-05
3.500000000000000000e+02 4.897959183673469136e-02 1.807264611124992371e-02 2.105188832501880825e-05 2.499428774171974510e-05 2.404562656010966748e-05 2.192101237596943974e-05 2.190304985560942441e-05 2.243210656160954386e-05
3.510000000000000000e+02 4.870090340175810273e-02 1.800557784736156464e-02 2.090007546939887106e-05 2.482171476003713906e-05 2.386661617492791265e-05 2.176648740714881569e-05 2.176049201807472855e-05 2.226918877568095922e-05
3.520000000000000000e+02 4.842458677685950591e-02 1.793892309069633484e-02 2.075937663903459907e-05 2.463853161316365004e-05 2.368227796978317201e-05 2.160840267606545240e-05 2.161704105674289167e-05 2.209643753303680569e-05
3.530000000000000000e+02 4.815061512410821060e-02 1.787270419299602509e-02 2.059638973150867969e-05 2.447027691232506186e-05 2.350746035517659038e-05 2.145945836673490703e-05 2.147731174773070961e-05 2.192981446569319814e-05
3.540000000000000000e+02 4.787896198410418469e-02 1.780688762664794922e-02 2.045578730758279562e-05 2.428862717351876199e-05 2.332550684513989836e-05 2.130456778104417026e-05 2.133835550921503454e-05 2.175609370169695467e-05
3.550000000000000000e+02 4.760960126958936611e-02 1.774150133132934570e-02 2.030044925049878657e-05 2.409682929283007979e-05 2.313833465450443327e-05 2.114428207278251648e-05 2.118386692018248141e-05 2.159124051104299724e-05
3.560000000000000000e+02 4.734250725918444369e-02 1.767650805413722992e-02 2.014659003179986030e-05 2.391373163845855743e-05 2.295110061822924763e-05 2.098096410918515176e-05 2.102638063661288470e-05 2.141523327736649662e-05
3.570000000000000000e+02 4.707765459124826218e-02 1.761190406978130341e-02 1.998922016355209053e-05 2.372256858507171273e-05 2.276013583468738943e-05 2.082280298054683954e-05 2.087795837724115700e-05 2.124717684637289494e-05
3.580000000000000000e+02 4.681501825785711751e-02 1.754772663116455078e-02 1.983131733140908182e-05 2.351901275687851012e-05 2.256225161545444280e-05 2.064878754026722163e-05 2.071499693556688726e-05 2.106408828694839031e-05
3.590000000000000000e+02 4.655457359890131236e-02 1.748391985893249512e-02 1.966367017303127795e-05 2.332440089958254248e-05 2.238174602098297328e-05 2.048960232059471309e-05 2.055360346275847405e-05 2.090082125505432487e-05
3.600000000000000000e+02 4.629629629629629373e-02 1.742052100598812103e-02 1.948591489053796977e-05 2.312611286470200866e-05 2.219251473434269428e-05 2.032634256465826184e-05 2.039709397649858147e-05 2.072846291412133723e-05
3.610000000000000000e+02 4.604016236830595077e-02 1.735749840736389160e-02 1.931088627316057682e-05 2.291890996275469661e-05 2.197518733737524599e-05 2.016396683757193387e-05 2.021954242081847042e-05 2.056102493952494115e-05
3.620000000000000000e+02 4.578614816397545695e-02 1.729486510157585144e-02 1.913597770908381790e-05 2.272300480399280787e-05 2.178708928113337606e-05 1.999100277316756546e-05 2.006679460464511067e-05 2.037113154074177146e-05
3.630000000000000000e+02 4.553423035767138055e-02 1.723262667655944824e-02 1.896760659292340279e-05 2.252618469356093556e-05 2.158166171284392476e-05 1.981683817575685680e-05 1.989892371057067066e-05 2.020933970925398171e-05
3.640000000000000000e+02 4.528438594372660025e-02 1.717072725296020508e-02 1.878004331956617534e-05 2.232118094980251044e-05 2.138272066076751798e-05 1.964186230907216668e-05 1.971148594748228788e-05 2.003910230996552855e-05
3.650000000000000000e+02 4.503659223118784000e-02 1.710924319922924042e-02 1.858994983194861561e-05 2.210090133303310722e-05 2.117672920576296747e-05 1.947183773154392838e-05 1.956308187800459564e-05 1.986266033782158047e-05
3.660000000000000000e+02 4.479082683866344311e-02 1.704807765781879425e-02 1.840292316046543419e-05 2.190184568462427706e-05 2.097833930747583508e-05 1.929832615132909268e-05 1.938688001246191561e-05 1.968511969607789069e-05
3.670000000000000000e+02 4.454706768926935262e-02 1.698732376098632812e-02 1.821123078116215765e-05 2.168680839531589299e-05 2.077166027447674423e-05 1.913257256092038006e-05 1.921172952279448509e-05 1.951377089426387101e-05
3.680000000000000000e+02 4.430529300567107726e-02 1.692691072821617126e-02 1.801380494725890458e-05 2.148747262253891677e-05 2.056238736258819699e-05 1.895735113066621125e-05 1.904240343719720840e-05 1.933753628691192716e-05
3.690000000000000000e+02 4.406548130521955459e-02 1.686688326299190521e-02 1.782468279998283833e-05 2.127675725205335766e-05 2.035771649389062077e-05 1.877698014141060412e-05 1.886983409349340945e-05 1.917926056194119155e-05
3.700000000000000000e+02 4.382761139517896143e-02 1.680718734860420227e-02 1.761728344717994332e-05 2.106648753397166729e-05 2.016204780375119299e-05 1.861545024439692497e-05 1.869733750936575234e-05 1.899931521620601416e-05
3.710000000000000000e+02 4.359166236804440375e-02 1.674784906208515167e-02 1.741347659844905138e-05 2.086084350594319403e-05 1.995719321712385863e-05 1.843002428358886391e-05 1.851978049671743065e-05 1.882809192466083914e-05
3.720000000000000000e+02 4.335761359694762646e-02 1.668886654078960419e-02 1.722092383715789765e-05 2.065629632852505893e-05 1.975366831175051630e-05 1.825826984713785350e-05 1.834955764934420586e-05 1.864736077550332993e-05
3.730000000000000000e+02 4.312544473114879318e-02 1.663021929562091827e-02 1.700567918305750936e-05 2.044923712674062699e-05 1.954728213604539633e-05 1.807213811844121665e-05 1.817389238567557186e-05 1.847373459895607084e-05
3.740000000000000000e+02 4.289513569161257367e-02 1.657192781567573547e-02 1.680481000221334398e-05 2.023956221819389611e-05 1.934625106514431536e-05 1.790195346984546632e-05 1.799136953195556998e-05 1.829135726438835263e-05
3.750000000000000000e+02 4.266666666666666524e-02 1.651396416127681732e-02 1.660486123000737280e-05 2.003182089538313448e-05 1.913463347591459751e-05 1.773589065123815089e-05 1.781398532330058515e-05 1.811703259591013193e-05
3.760000000000000000e+02 4.244001810774106209e-02 1.645635440945625305e-02 1.639070433157030493e-05 1.983025867957621813e-05 1.893221087811980397e-05 1.755482298904098570e-05 1.762710053299088031e-05 1.794341369532048702e-05
3.770000000000000000e+02 4.221517072518627539e-02 1.639906875789165497e-02 1.619288195797707886e-05 1.962406713573727757e-05 1.873245673778001219e-05 1.738351784297265112e-05 1.746218003972899169e-05 1.776049430191051215e-05
3.780000000000000000e+02 4.199210548416897754e-02 1.634211465716362000e-02 1.598699236637912691e-05 1.941238042491022497e-05 1.852497189247515053e-05 1.720577711239457130e-05 1.728439929138403386e-05 1.757978134264703840e-05
3.790000000000000000e+02 4.177080360064327341e-02 1.628547534346580505e-02 1.578081173647660762e-05 1.920884642458986491e-05 1.832301677495706826e-05 1.702153531368821859e-05 1.710517062747385353e-05 1.740152038109954447e-05
3.800000000000000000e+02 4.155124653739612067e-02 1.622918620705604553e-02 1.557800169393885881e-05 1.901181167340837419e-05 1.811479705793317407e-05 1.685762435954529792e-05 1.693233571131713688e-05 1.721955777611583471e-05
3.810000000000000000e+02 4.133341600016533085e-02 1.617319881916046143e-02 1.537986645416822284e-05 1.880204945337027311e-05 1.791636532288976014e-05 1.668021650402806699e-05 1.675124804023653269e-05 1.703069574432447553e-05
3.820000000000000000e+02 4.111729393382856923e-02 1.611753925681114197e-02 1.518615954410051927e-05 1.859369149315170944e-05 1.772086216078605503e-05 1.650596277613658458e-05 1.657022767176385969e-05 1.684796734480187297e-05
3.830000000000000000e+02 4.090286251866193101e-02 1.606220006942749023e-02 1.499878362665185705e-05 1.839536707848310471e-05 1.751707350194919854e-05 1.633736246731132269e-05 1.639578294998500496e-05 1.666579191805794835e-05
3.840000000000000000e+02 4.069010416666666435e-02 1.600717194378376007e-02 1.480602986703161150e-05 1.818123564589768648e-05 1.732301097945310175e-05 1.615895962459035218e-05 1.621077535673975945e-05 1.647109093028120697e-05
3.850000000000000000e+02 4.047900151796255536e-02 1.595245487987995148e-02 1.461005922465119511e-05 1.798240191419608891e-05 1.712701487122103572e-05 1.597646951267961413e-05 1.603089913260191679e-05 1.628349491511471570e-05
3.860000000000000000e+02 4.026953743724663581e-02 1.589804515242576599e-02 1.442989014321938157e-05 1.779164631443563849e-05 1.692091063887346536e-05 1.581211472512222826e-05 1.585162681294605136e-05 1.610397339391056448e-05
3.870000000000000000e+02 4.006169501031588837e-02 1.584394089877605438e-02 1.424649872205918655e-05 1.758035068633034825e-05 1.672321377554908395e-05 1.563176374475006014e-05 1.566914761497173458e-05 1.590240390214603394e-05
3.880000000000000000e+02 3.985545754065256824e-02 1.579014211893081665e-02 1.406968203809810802e-05 1.737965067150071263e-05 1.653323306527454406e-05 1.546542443975340575e-05 1.549031185277272016e-05 1.571061329741496593e-05
3.890000000000000000e+02 3.965080854607093419e-02 1.573663949966430664e-02 1.389323460898594931e-05 1.718152270768769085e-05 1.633318424865137786e-05 1.528448774479329586e-05 1.531021007394883782e-05 1.551568857394158840e-05
3.900000000000000000e+02 3.944773175542406335e-02 1.568342372775077820e-02 1.371884809486800805e-05 1.698285450402181596e-05 1.614816392248030752e-05 1.512378639745293185e-05 1.513252391305286437e-05 1.532779606350231916e-05
3.910000000000000000e+02 3.924621110536953561e-02 1.563052833080291748e-02 1.355215135845355690e-05 1.678704393270891160e-05 1.594228706380818039e-05 1.495547894592164084e-05 1.494676416768925264e-05 1.514448649686528370e-05
3.920000000000000000e+02 3.904623073719283577e-02 1.557791605591773987e-02 1.339111804554704577e-05 1.658393011894077063e-05 1.575599526404403150e-05 1.477780642744619399e-05 1.476596389693440869e-05 1.494754542363807559e-05
3.930000000000000000e+02 3.884777499368723824e-02 1.552557665854692459e-02 1.322957905358634889e-05 1.640349728404544294e-05 1.557196810608729720e-05 1.460267412767279893e-05 1.459728355257539079e-05 1.475830686104018241e-05
3.940000000000000000e+02 3.865082841608905029e-02 1.547355391085147858e-02 1.307989350607385859e-05 1.620242073840927333e-05 1.538818651170004159e-05 1.444475583411986008e-05 1.440766573068685830e-05 1.456824884371599182e-05
3.950000000000000000e+02 3.845537574106713818e-02 1.542179472744464874e-02 1.292068918701261282e-05 1.600442737981211394e-05 1.519697525509400293e-05 1.427205188520019874e-05 1.423671164957340807e-05 1.438331310055218637e-05
3.960000000000000000e+02 3.826140189776553596e-02 1.537032146006822586e-02 1.278172021557111293e-05 1.580960815772414207e-05 1.501883616583654657e-05 1.410941786161856726e-05 1.406071714882273227e-05 1.419375530531397089e-05
3.970000000000000000e+02 3.806889200489819991e-02 1.531913038343191147e-02 1.264422189706237987e-05 1.562270335853099823e-05 1.483742835262091830e-05 1.395036633766721934e-05 1.388015698466915637e-05 1.402330417477060109e-05
3.980000000000000000e+02 3.787783136789475008e-02 1.526822056621313095e-02 1.249709657713538036e-05 1.543170037621166557e-05 1.465276818635175005e-05 1.377592980134068057e-05 1.370338577544316649e-05 1.383984817948658019e-05
3.990000000000000000e+02 3.768820547609625510e-02 1.521759293973445892e-02 1.235976196767296642e-05 1.524936124042142183e-05 1.447185513825388625e-05 1.362252896797144786e-05 1.352993240288924426e-05 1.365548450849018991e-05
4.000000000000000000e+02 3.749999999999999861e-02 1.516722608357667923e-02 1.222988339577568695e-05 1.505740056018112227e-05 1.430802694812882692e-05 1.346919907518895343e-05 1.336104560323292390e-05 1.348069963569287211e-05
4.010000000000000000e+02 3.731320078855231148e-02 1.511713024228811264e-02 1.209535275847883895e-05 1.487361441832035780e-05 1.413340942235663533e-05 1.330988652625819668e-05 1.319182410952635109e-05 1.330808299826458097e-05
4.020000000000000000e+02 3.712779386648845659e-02 1.506729330867528915e-02 1.197538131236797199e-05 1.469684866606257856e-05 1.395774143020389602e-05 1.315646477451082319e-05 1.302422242588363588e-05 1.314791006734594703e-05
4.030000000000000000e+02 3.694376543171868504e-02 1.501773297786712646e-02 1.184958273370284587e-05 1.451903608540305868e-05 1.379938930767821148e-05 1.300186431762995198e-05 1.287274244532454759e-05 1.298549886996624991e-05
4.040000000000000000e+02 3.676110185275953401e-02 1.496845297515392303e-02 1.172639258584240451e-05 1.434765272279037163e-05 1.364646868751151487e-05 1.285904454562114552e-05 1.270935626962454990e-05 1.281753611692693084e-05
4.050000000000000000e+02 3.657978966620942241e-02 1.491941139101982117e-02 1.161069940280867741e-05 1.417285511706722900e-05 1.348094883724115789e-05 1.271054316021036357e-05 1.254836661246372387e-05 1.265877654077485204e-05
4.060000000000000000e+02 3.639981557426776038e-02 1.487063243985176086e-02 1.150065872934646904e-05 1.400844939780654386e-05 1.333001273451372981e-05 1.256772065971745178e-05 1.239665107277687639e-05 1.251230423804372549e-05
4.070000000000000000e+02 3.622116644229666366e-02 1.482212077826261520e-02 1.138283278123708442e-05 1.385341602144762874e-05 1.318192698818165809e-05 1.242836060555418953e-05 1.223999061039648950e-05 1.236091611644951627e-05
4.080000000000000000e+02 3.604382929642445388e-02 1.477386709302663803e-02 1.128381427406566218e-05 1.368489847664022818e-05 1.303713634115410969e-05 1.229280042025493458e-05 1.209217134601203725e-05 1.222477385454112664e-05
4.090000000000000000e+02 3.586779132119009145e-02 1.472586300224065781e-02 1.118692762247519568e-05 1.354230516881216317e-05 1.288804833166068420e-05 1.214440089825075120e-05 1.195127060782397166e-05 1.208578123623738065e-05
4.100000000000000000e+02 3.569303985722784012e-02 1.467810478061437607e-02 1.106740546674700454e-05 1.337444882665295154e-05 1.275216163776349276e-05 1.202133171318564564e-05 1.181315019493922591e-05 1.194607284560333937e-05
4.110000000000000000e+02 3.551956239899124734e-02 1.463059615343809128e-02 1.097580116038443521e-05 1.323311607848154381e-05 1.261526358575792983e-05 1.190196144307265058e-05 1.167746086139231920e-05 1.182548749056877568e-05
4.120000000000000000e+02 3.534734659251578814e-02 1.458334177732467651e-02 1.087405962607590482e-05 1.308771607000380754e-05 1.247866384801454842e-05 1.177841750177321956e-05 1.154489382315659896e-05 1.169328425021376461e-05
4.130000000000000000e+02 3.517638023321940227e-02 1.453632488846778870e-02 1.077728211384965107e-05 1.295029233006061986e-05 1.235805029864422977e-05 1.165887988463509828e-05 1.142620931204874068e-05 1.157174028776353225e-05
4.140000000000000000e+02 3.500665126374011282e-02 1.448956225067377090e-02 1.068242090696003288e-05 1.281931508856359869e-05 1.223366962221916765e-05 1.154894653154769912e-05 1.129972770286258310e-05 1.146599697676720098e-05
4.150000000000000000e+02 3.483814777181012956e-02 1.444301940500736237e-02 1.058286852639866993e-05 1.269253789359936491e-05 1.212383085658075288e-05 1.143857662100344896e-05 1.117692136176628992e-05 1.134691592596936971e-05
4.160000000000000000e+02 3.467085798816568060e-02 1.439672708511352539e-02 1.049385173246264458e-05 1.256186533282743767e-05 1.199769758386537433e-05 1.132485976995667443e-05 1.106219770008465275e-05 1.124811751651577652e-05
4.170000000000000000e+02 3.450477028449182998e-02 1.435068156570196152e-02 1.040730512613663450e-05 1.245071598532376811e-05 1.189813337987288833e-05 1.122666890296386555e-05 1.095442985388217494e-05 1.113789312512381002e-05
4.180000000000000000e+02 3.433987317140175383e-02 1.430486701428890228e-02 1.031719602906377986e-05 1.232958402397343889e-05 1.178882121166680008e-05 1.112568588723661378e-05 1.085264739231206477e-05 1.103308477468090132e-05
4.190000000000000000e+02 3.417615529644967010e-02 1.425928995013237000e-02 1.023503773467382416e-05 1.222134687850484625e-05 1.168297239928506315e-05 1.101886937249219045e-05 1.074258398148231208e-05 1.093616901925997809e-05
4.200000000000000000e+02 3.401360544217687382e-02 1.421392709016799927e-02 1.015051293506985530e-05 1.211677954415790737e-05 1.159055773314321414e-05 1.092481033992953598e-05 1.064603293343679979e-05 1.084129598893923685e-05
4.210000000000000000e+02 3.385221252419022553e-02 1.416881009936332703e-02 1.006399270409019664e-05 1.201069244416430593e-05 1.148979117715498433e-05 1.083409006241708994e-05 1.055563734553288668e-05 1.074867668648948893e-05
4.220000000000000000e+02 3.369196558927247537e-02 1.412391476333141327e-02 9.977574336517136544e-06 1.192071704281261191e-05 1.140537369792582467e-05 1.075268119166139513e-05 1.046043598762480542e-05 1.065926426235819235e-05
4.230000000000000000e+02 3.353285381352379829e-02 1.407925318926572800e-02 9.900831173581536859e-06 1.182025880552828312e-05 1.131215049099409953e-05 1.065493415808305144e-05 1.036942649079719558e-05 1.057160079653840512e-05
4.240000000000000000e+02 3.337486650053399923e-02 1.403481140732765198e-02 9.825940651353448629e-06 1.172621614387026057e-05 1.122860612667864189e-05 1.057640747603727505e-05 1.029158465826185420e-05 1.048722879204433411e-05
4.250000000000000000e+02 3.321799307958477748e-02 1.399060245603322983e-02 9.743082955537829548e-06 1.162558601208729669e-05 1.114626047638012096e-05 1.049822731147287413e-05 1.020222589431796223e-05 1.041031009663129225e-05
4.260000000000000000e+02 3.306222310388150232e-02 1.394659839570522308e-02 9.662037882662843913e-06 1.154184792540036142e-05 1.107534262700937688e-05 1.042136955220485106e-05 1.013020937534747645e-05 1.032459658745210618e-05
4.270000000000000000e+02 3.290754624881395835e-02 1.390281040221452713e-02 9.591964044375345111e-06 1.147306466009467840e-05 1.098585653380723670e-05 1.033894477586727589e-05 1.005892045213840902e-05 1.024748962663579732e-05
4.280000000000000000e+02 3.275395231024543635e-02 1.385924778878688812e-02 9.516320460534188896e-06 1.138631614594487473e-05 1.091195917979348451e-05 1.025687470246339217e-05 9.974804925150237978e-06 1.017531303659779951e-05
4.290000000000000000e+02 3.260143120282980173e-02 1.381590403616428375e-02 9.440687790629453957e-06 1.131203589466167614e-05 1.084283212549053133e-05 1.019995852402644232e-05 9.899455108097754419e-06 1.009682273434009403e-05
4.300000000000000000e+02 3.244997295835586743e-02 1.377277076244354248e-02 9.365760888613294810e-06 1.123062520491657779e-05 1.076579155778745189e-05 1.012822394841350615e-05 9.834046068135648966e-06 1.002085082291159779e-05
4.310000000000000000e+02 3.229956772411862742e-02 1.372985634952783585e-02 9.302562830271199346e-06 1.115487157221650705e-05 1.070044709194917232e-05 1.006515049084555358e-05 9.764552487467881292e-06 9.955006134987343103e-06
4.320000000000000000e+02 3.215020576131687180e-02 1.368714682757854462e-02 9.230481737176887691e-06 1.108388823922723532e-05 1.062685805663932115e-05 9.993943422159645706e-06 9.701190720079466701e-06 9.885747203952632844e-06
4.330000000000000000e+02 3.200187744347668395e-02 1.364464592188596725e-02 9.164760740532074124e-06 1.102232545235892758e-05 1.055697521223919466e-05 9.930304258887190372e-06 9.643171324569266289e-06 9.812167263589799404e-06
4.340000000000000000e+02 3.185457325490029246e-02 1.360236108303070068e-02 9.101373507292009890e-06 1.095145398721797392e-05 1.049175079970154911e-05 9.869751920632552356e-06 9.573949682817328721e-06 9.743549526319839060e-06
4.350000000000000000e+02 3.170828378913990997e-02 1.356026995927095413e-02 9.036247320182155818e-06 1.089238412532722577e-05 1.043262727762339637e-05 9.806039997783955187e-06 9.515642886981368065e-06 9.677027264842763543e-06
4.360000000000000000e+02 3.156299974749600390e-02 1.351839210838079453e-02 8.962738320406060666e-06 1.081881964637432247e-05 1.037074343912536278e-05 9.739731467561796308e-06 9.461977242608554661e-06 9.600096745998598635e-06
4.370000000000000000e+02 3.141871193753960345e-02 1.347671914845705032e-02 8.895861355995293707e-06 1.075547152140643448e-05 1.031245119520463049e-05 9.679980394139420241e-06 9.397424037160817534e-06 9.535475328448228538e-06
4.380000000000000000e+02 3.127541127165821971e-02 1.343523710966110229e-02 8.837538189254701138e-06 1.068816982296993956e-05 1.025469555315794423e-05 9.615212547942064703e-06 9.334954484074842185e-06 9.483674148214049637e-06
4.390000000000000000e+02 3.113308876562491737e-02 1.339396648108959198e-02 8.782939403317868710e-06 1.063046602212125435e-05 1.019683077174704522e-05 9.566167136654257774e-06 9.280072845285758376e-06 9.416405191586818546e-06
4.400000000000000000e+02 3.099173553719008350e-02 1.335289329290390015e-02 8.723544851818587631e-06 1.055485245160525665e-05 1.014701319945743307e-05 9.498906365479342639e-06 9.220631909556686878e-06 9.349266292701940984e-06
4.410000000000000000e+02 3.085134280469557441e-02 1.331200636923313141e-02 8.662612344778608531e-06 1.050355695042526349e-05 1.007478476822143421e-05 9.435574611416086555e-06 9.162584319710731506e-06 9.280771337216719985e-06
4.420000000000000000e+02 3.071190188571077534e-02 1.327132899314165115e-02 8.603377864346839488e-06 1.043501652020495385e-05 1.001348755380604416e-05 9.384263648826163262e-06 9.115606189880054444e-06 9.223798770108260214e-06
4.430000000000000000e+02 3.057340419569016740e-02 1.323083601891994476e-02 8.548620826331898570e-06 1.036967478285077959e-05 9.954612323781475425e-06 9.326411600341089070e-06 9.054821930476464331e-06 9.163230060948990285e-06
4.440000000000000000e+02 3.043584124665205809e-02 1.319053862243890762e-02 8.489378160447813570e-06 1.031114607030758634e-05 9.884706742013804615e-06 9.262731509807053953e-06 8.997191798698622733e-06 9.086997124541085213e-06
4.450000000000000000e+02 3.029920464587804521e-02 1.315043959766626358e-02 8.427959983237087727e-06 1.025590427161660045e-05 9.839271115197334439e-06 9.203846275340765715e-06 8.934955076256301254e-06 9.028673957800492644e-06
4.460000000000000000e+02 3.016348609463290892e-02 1.311052031815052032e-02 8.378990060009527951e-06 1.018122020468581468e-05 9.768217751116026193e-06 9.147488526650704443e-06 8.881988833309151232e-06 8.967095709522254765e-06
4.470000000000000000e+02 3.002867738690449470e-02 1.307078171521425247e-02 8.333968253282364458e-06 1.013154906104318798e-05 9.712463906907942146e-06 9.080261406779754907e-06 8.825810255075339228e-06 8.907973096938803792e-06
4.480000000000000000e+02 2.989477040816326467e-02 1.303124614059925079e-02 8.277145752799697220e-06 1.006313505058642477e-05 9.651145774114411324e-06 9.029112334246747196e-06 8.772822184255346656e-06 8.843991054163780063e-06
4.490000000000000000e+02 2.976175713414120141e-02 1.299188937991857529e-02 8.225983037846162915e-06 9.997519555327016860e-06 9.604001206753309816e-06 8.974862794275395572e-06 8.727525710128247738e-06 8.780973985267337412e-06
4.500000000000000000e+02 2.962962962962963076e-02 1.295271702110767365e-02 8.176790288416668773e-06 9.933588444255292416e-06 9.538376616546884179e-06 8.919696483644656837e-06 8.661289029987528920e-06 8.717872333363629878e-06
4.510000000000000000e+02 2.949838004729573443e-02 1.291371975094079971e-02 8.124868145387154073e-06 9.870116628007963300e-06 9.490480806562118232e-06 8.863529728841967881e-06 8.607126801507547498e-06 8.663486369187012315e-06
4.520000000000000000e+02 2.936800062651734669e-02 1.287491898983716965e-02 8.076258382061496377e-06 9.805236913962289691e-06 9.422566108696628362e-06 8.801404874247964472e-06 8.542891919205430895e-06 8.604404683865141124e-06
4.530000000000000000e+02 2.923848369223571927e-02 1.283630076795816422e-02 8.033396625251043588e-06 9.740219866216648370e-06 9.363722710986621678e-06 8.749091648496687412e-06 8.485546459269244224e-06 8.545980563212651759e-06
4.540000000000000000e+02 2.910982165382600129e-02 1.279784366488456726e-02 7.985649062902666628e-06 9.685840268502943218e-06 9.301625141233671457e-06 8.679779057274572551e-06 8.433717994194012135e-06 8.490459549648221582e-06
4.550000000000000000e+02 2.898200700398502472e-02 1.275956351310014725e-02 7.935966095828916878e-06 9.612025678507052362e-06 9.237321137334220111e-06 8.621631423011422157e-06 8.375280231120996177e-06 8.422607606917154044e-06
4.560000000000000000e+02 2.885503231763619433e-02 1.272147893905639648e-02 7.887759238656144589e-06 9.561005754221696407e-06 9.179002518067136407e-06 8.568444172851741314e-06 8.330592208949383348e-06 8.359651474165730178e-06
4.570000000000000000e+02 2.872889025085109335e-02 1.268357597291469574e-02 7.845986147003713995e-06 9.481269444222562015e-06 9.114929525821935385e-06 8.516077286913059652e-06 8.271793376479763538e-06 8.305974006361793727e-06
4.580000000000000000e+02 2.860357353978757247e-02 1.264582015573978424e-02 7.789617484377231449e-06 9.429417332285083830e-06 9.060495358426123857e-06 8.451223948213737458e-06 8.224004886869806796e-06 8.266839358839206398e-06
4.590000000000000000e+02 2.847907499964400999e-02 1.260824315249919891e-02 7.744796675979159772e-06 9.364749530504923314e-06 8.991640243039000779e-06 8.392135896428953856e-06 8.162348422047216445e-06 8.198138857551384717e-06
4.600000000000000000e+02 2.835538752362948972e-02 1.257083285599946976e-02 7.705711141170468181e-06 9.300038982473779470e-06 8.934192919696215540e-06 8.341720786120276898e-06 8.110657290671952069e-06 8.143187187670264393e-06
4.610000000000000000e+02 2.823250408194954986e-02 1.253360509872436523e-02 7.659576112928334624e-06 9.238047823600936681e-06 8.877322215994354337e-06 8.275112122646532953e-06 8.050120413827244192e-06 8.090181836450938135e-06
4.620000000000000000e+02 2.811041772080733261e-02 1.249654684215784073e-02 7.607046427438035607e-06 9.172014870273414999e-06 8.814075954433064908e-06 8.231355423049535602e-06 7.996549356903415173e-06 8.037796760618221015e-06
4.630000000000000000e+02 2.798912156141979482e-02 1.245965529233217239e-02 7.564648967672837898e-06 9.105082426685839891e-06 8.758737749303691089e-06 8.167711712303571403e-06 7.942798220028635114e-06 7.985750926309265196e-06
4.640000000000000000e+02 2.786860879904875035e-02 1.242292765527963638e-02 7.517717676819302142e-06 9.042431884154211730e-06 8.699921636434737593e-06 8.101543244265485555e-06 7.882434147177264094e-06 7.928386366984341294e-06
4.650000000000000000e+02 2.774887270204648079e-02 1.238636393100023270e-02 7.456544153683353215e-06 8.977523975772783160e-06 8.637421160528901964e-06 8.050791620917152613e-06 7.824281055945903063e-06 7.882259524194523692e-06
4.660000000000000000e+02 2.762990661091565409e-02 1.234996411949396133e-02 7.428438038914464414e-06 8.915182661439757794e-06 8.573266313760541379e-06 7.997951797733549029e-06 7.779113730066455901e-06 7.822393854439724237e-06
4.670000000000000000e+02 2.751170393738336037e-02 1.231372728943824768e-02 7.367812941083684564e-06 8.852421160554513335e-06 8.524527402187231928e-06 7.946337063913233578e-06 7.715243555139750242e-06 7.769692274450790137e-06
4.680000000000000000e+02 2.739425816348893192e-02 1.227765344083309174e-02 7.325586466322420165e-06 8.788937520876061171e-06 8.449026609014254063e-06 7.886515049904119223e-06 7.670837476325687021e-06 7.735640792816411704e-06
4.690000000000000000e+02 2.727756284068539455e-02 1.224174909293651581e-02 7.269505204021697864e-06 8.725581210455857217e-06 8.393976713705342263e-06 7.826255568943452090e-06 7.610145530634326860e-06 7.674405424040742218e-06
4.700000000000000000e+02 2.716161158895427641e-02 1.220598816871643066e-02 7.219599410746013746e-06 8.659439117764122784e-06 8.340963177033700049e-06 7.774105142743792385e-06 7.562172413599910215e-06 7.613733941980171949e-06
4.710000000000000000e+02 2.704639809593357286e-02 1.217039488255977631e-02 7.160040695453062654e-06 8.601949957665055990e-06 8.275857908301986754e-06 7.714972525718621910e-06 7.513795026170555502e-06 7.571918104076758027e-06
4.720000000000000000e+02 2.693191611605860389e-02 1.213496178388595581e-02 7.120675491023575887e-06 8.543979674868751317e-06 8.207100108847953379e-06 7.658699360035825521e-06 7.457507763319881633e-06 7.525868568336591125e-06
4.730000000000000000e+02 2.681815946971559395e-02 1.209970004856586456e-02 7.060047664708690718e-06 8.473070010950323194e-06 8.159866411006078124e-06 7.600799563078908250e-06 7.407229077216470614e-06 7.472121069440618157e-06
4.740000000000000000e+02 2.670512204240773485e-02 1.206456311047077179e-02 7.009711680439068004e-06 8.430233719991520047e-06 8.099143087747506797e-06 7.549882866442203522e-06 7.346488018811214715e-06 7.423639544867910445e-06
4.750000000000000000e+02 2.659279778393351668e-02 1.202958449721336365e-02 6.952666353754466400e-06 8.369308488909155130e-06 8.040766260819509625e-06 7.488304618163965642e-06 7.297686352103482932e-06 7.378085228992858902e-06
4.760000000000000000e+02 2.648118070757714965e-02 1.199477165937423706e-02 6.901551387272775173e-06 8.312325007864274085e-06 7.983465366123709828e-06 7.437547537847422063e-06 7.248650945257395506e-06 7.332246241276152432e-06
4.770000000000000000e+02 2.637026488931081339e-02 1.196011528372764587e-02 6.852775186416693032e-06 8.256852197519037873e-06 7.925663339847233146e-06 7.378196187346475199e-06 7.205591828096657991e-06 7.275310963450465351e-06
4.780000000000000000e+02 2.626004446700862943e-02 1.192559115588665009e-02 6.798133654228877276e-06 8.189100299205165356e-06 7.874857146816793829e-06 7.327993444050662220e-06 7.149320026655914262e-06 7.231571089505450800e-06
4.790000000000000000e+02 2.615051363967207249e-02 1.189123652875423431e-02 6.736978775734314695e-06 8.139284545904956758e-06 7.808768714312463999e-06 7.278156317624961957e-06 7.100089533196296543e-06 7.186788025137502700e-06
4.800000000000000000e+02 2.604166666666666782e-02 1.185702253133058548e-02 6.681294053123565391e-06 8.069427167356479913e-06 7.739055035926867276e-06 7.211087449832120910e-06 7.045755410217680037e-06 7.133444796636467800e-06
4.810000000000000000e+02 2.593349786696980130e-02 1.182295102626085281e-02 6.620337444473989308e-06 8.009280463738832623e-06 7.688365258218254894e-06 7.161644589359639212e-06 7.002543043199693784e-06 7.091346560628153384e-06
4.820000000000000000e+02 2.582600161842943387e-02 1.178903039544820786e-02 6.568176559085259214e-06 7.965616532601416111e-06 7.625092621310614049e-06 7.113845185813261196e-06 6.949679573153844103e-06 7.037307568680262193e-06
4.830000000000000000e+02 2.571917235703355051e-02 1.175525411963462830e-02 6.509368176921270788e-06 7.899863703642040491e-06 7.568561159132514149e-06 7.061393262119963765e-06 6.891230441397055984e-06 6.985862455621827394e-06
4.840000000000000000e+02 2.561300457619014939e-02 1.172162871807813644e-02 6.450844011851586401e-06 7.839656063879374415e-06 7.507833288400433958e-06 7.004331109783379361e-06 6.844904874014900997e-06 6.934699285920942202e-06
4.850000000000000000e+02 2.550749282601764284e-02 1.168814674019813538e-02 6.393754119926597923e-06 7.781926797179039568e-06 7.451548299286514521e-06 6.955920525797409937e-06 6.795301487727556378e-06 6.877005944261327386e-06
4.860000000000000000e+02 2.540263171264543068e-02 1.165481563657522202e-02 6.346007012325571850e-06 7.729614480922464281e-06 7.394113254122203216e-06 6.898165338498074561e-06 6.746206963725853711e-06 6.837742148491088301e-06
4.870000000000000000e+02 2.529841589752454892e-02 1.162161305546760559e-02 6.286423285928322002e-06 7.666595593036618084e-06 7.329757409024750814e-06 6.846516043879091740e-06 6.695038337056757882e-06 6.782217496947851032e-06
4.880000000000000000e+02 2.519484009674818545e-02 1.158854924142360687e-02 6.228430265764473006e-06 7.618115432705963030e-06 7.278854809555923566e-06 6.780026524211280048e-06 6.648862836300395429e-06 6.732646852469770238e-06
4.890000000000000000e+02 2.509189908038189989e-02 1.155564468353986740e-02 6.183769983181264251e-06 7.551117050752509385e-06 7.216552603495074436e-06 6.730624136253027245e-06 6.597371339012170210e-06 6.675389158772304654e-06
4.900000000000000000e+02 2.498958767180341559e-02 1.152287051081657410e-02 6.128469067334663123e-06 7.488385108445072547e-06 7.151983481890056282e-06 6.675634722341783345e-06 6.537727585964603350e-06 6.625939477089559659e-06
4.910000000000000000e+02 2.488790074705182070e-02 1.149022672325372696e-02 6.062912689230870456e-06 7.426726369885727763e-06 7.098603873600950465e-06 6.615735401283018291e-06 6.486977781605673954e-06 6.571215635631233454e-06
4.920000000000000000e+02 2.478683323418600162e-02 1.145772170275449753e-02 6.008114269206998870e-06 7.369537797785596922e-06 7.023491889412980527e-06 6.552383638336323202e-06 6.436718649638351053e-06 6.522048352053388953e-06
4.930000000000000000e+02 2.468638011265218007e-02 1.142535544931888580e-02 5.959248483122792095e-06 7.317388281080638990e-06 6.973295967327430844e-06 6.510427283501485363e-06 6.380642844305839390e-06 6.470444532169494778e-06
4.940000000000000000e+02 2.458653641266042578e-02 1.139314379543066025e-02 5.898175913898739964e-06 7.262088274728739634e-06 6.901155302330153063e-06 6.455927632487146184e-06 6.323541583697078750e-06 6.404979103535879403e-06
4.950000000000000000e+02 2.448729721456994329e-02 1.136105135083198547e-02 5.842071914230473340e-06 7.197660124802496284e-06 6.847721579106291756e-06 6.409100933524314314e-06 6.267058324738172814e-06 6.353996468533296138e-06
4.960000000000000000e+02 2.438865764828303945e-02 1.132908742874860764e-02 5.796628556709038094e-06 7.133350209187483415e-06 6.787657184759154916e-06 6.341816970234503970e-06 6.221382591320434585e-06 6.296815627138130367e-06
4.970000000000000000e+02 2.429061289264763598e-02 1.129726041108369827e-02 5.734729256801074371e-06 7.074419045238755643e-06 6.724686954839853570e-06 6.290320015978068113e-06 6.169393600430339575e-06 6.244634278118610382e-06
4.980000000000000000e+02 2.419315817486814707e-02 1.126557122915983200e-02 5.684863026544917375e-06 7.013032245595240965e-06 6.670997663604794070e-06 6.235098226170521230e-06 6.120833859313279390e-06 6.193201443238649517e-06
4.990000000000000000e+02 2.409628876992461755e-02 1.123400405049324036e-02 5.634917670249706134e-06 6.964757631067186594e-06 6.611783646803814918e-06 6.173682322696549818e-06 6.062837201170623302e-06 6.138540356914745644e-06
5.000000000000000000e+02 2.400000000000000050e-02 1.120258774608373642e-02 5.581098321272293106e-06 6.897387265780707821e-06 6.554794254043372348e-06 6.119575118646025658e-06 6.003321686876006424e-06 6.078969818190671504e-06
5.010000000000000000e+02 2.390428723391540416e-02 1.117127761244773865e-02 5.535875970963388681e-06 6.835636213509133086e-06 6.495618890767218545e-06 6.060448868083767593e-06 5.960057933407370001e-06 6.027203198755159974e-06
5.020000000000000000e+02 2.380914588657322833e-02 1.114010997116565704e-02 5.486961072165286168e-06 6.783790468034567311e-06 6.430355824704747647e-06 6.012325684423558414e-06 5.898654762859223410e-06 5.967577635601628572e-06
5.030000000000000000e+02 2.371457141840804111e-02 1.110907178372144699e-02 5.442801921162754297e-06 6.722073521814309061e-06 6.364553883031476289e-06 5.950336344540119171e-06 5.851212335983291268e-06 5.924076049268478528e-06
5.040000000000000000e+02 2.362055933484505030e-02 1.107815373688936234e-02 5.390056685428135097e-06 6.651424882875289768e-06 6.307427156571066007e-06 5.892608896829187870e-06 5.801893621537601575e-06 5.865096227353205904e-06
5.050000000000000000e+02 2.352710518576609997e-02 1.104736048728227615e-02 5.343481007002992555e-06 6.602813755307579413e-06 6.243712505238363519e-06 5.852924005012027919e-06 5.750573564000660554e-06 5.820164005854167044e-06
5.060000000000000000e+02 2.343420456498305007e-02 1.101669296622276306e-02 5.303912530507659540e-06 6.537325134559068829e-06 6.193139597598928958e-06 5.792261617898475379e-06 5.696917924069566652e-06 5.763717126683332026e-06
5.070000000000000000e+02 2.334185310971837943e-02 1.098616048693656921e-02 5.253929430182324722e-06 6.475928330473834649e-06 6.124675564933568239e-06 5.741507266066037118e-06 5.643446911562932655e-06 5.701571353711187840e-06
5.080000000000000000e+02 2.325004650009300164e-02 1.095573976635932922e-02 5.203266482567414641e-06 6.413322807929944247e-06 6.073444637877400964e-06 5.681237325916299596e-06 5.597338713414501399e-06 5.650505045196041465e-06
5.090000000000000000e+02 2.315878045862104773e-02 1.092545408755540848e-02 5.158761268830858171e-06 6.352218861138680950e-06 6.015457529429113492e-06 5.627418886433588341e-06 5.541864084079861641e-06 5.603588761005084962e-06
5.100000000000000000e+02 2.306805074971165007e-02 1.089529227465391159e-02 5.120319656271021813e-06 6.294243576121516526e-06 5.959932423138525337e-06 5.578047421295195818e-06 5.490890544024296105e-06 5.552281436393968761e-06
5.110000000000000000e+02 2.297785317917747094e-02 1.086524128913879395e-02 5.071578470960957929e-06 6.238406967895571142e-06 5.898878953303210437e-06 5.519741080206586048e-06 5.439892447611782700e-06 5.494668585015460849e-06
5.120000000000000000e+02 2.288818359375000000e-02 1.083532627671957016e-02 5.037461505708051845e-06 6.186933205754030496e-06 5.849935860169352964e-06 5.472021257446613163e-06 5.388539648265577853e-06 5.451132437883643433e-06
5.130000000000000000e+02 2.279903788060144015e-02 1.080551557242870331e-02 4.989279659639578313e-06 6.116316399129573256e-06 5.788831458630738780e-06 5.424966275313636288e-06 5.339539711712859571e-06 5.396566848503425717e-06
5.140000000000000000e+02 2.271041196687307792e-02 1.077582221478223801e-02 4.937460289511363953e-06 6.076584668335271999e-06 5.737441824749112129e-06 5.382136805565096438e-06 5.289155069476692006e-06 5.351600975700421259e-06
5.150000000000000000e+02 2.262230181921010344e-02 1.074627321213483810e-02 4.913070824841270223e-06 6.014069640514208004e-06 5.683333711203886196e-06 5.323500772647093982e-06 5.237802270130487159e-06 5.309188964019995183e-06
5.160000000000000000e+02 2.253470344330268590e-02 1.071681734174489975e-02 4.868768883170560002e-06 5.952484571025706828e-06 5.629392035189084709e-06 5.265023901301901788e-06 5.195411631575552747e-06 5.262481863610446453e-06
5.170000000000000000e+02 2.244761288343328706e-02 1.068749651312828064e-02 4.834624178329249844e-06 5.908209004701348022e-06 5.580814558925339952e-06 5.225625955063151196e-06 5.154249265615362674e-06 5.218737896939273924e-06
5.180000000000000000e+02 2.236102622203008441e-02 1.065827626734972000e-02 4.789033937413478270e-06 5.846595286129740998e-06 5.536292064789449796e-06 5.173319550522137433e-06 5.104782758280634880e-06 5.171529664949048311e-06
5.190000000000000000e+02 2.227493957922638962e-02 1.062917895615100861e-02 4.758365776069695130e-06 5.795795914309564978e-06 5.477973445522366092e-06 5.128907559992512688e-06 5.055051587987691164e-06 5.120791684021241963e-06
5.200000000000000000e+02 2.218934911242603433e-02 1.060019433498382568e-02 4.720097422250546515e-06 5.746831448050215840e-06 5.432717898656846955e-06 5.092580067866947502e-06 5.014288035454228520e-06 5.078920821688370779e-06
5.210000000000000000e+02 2.210425101587453617e-02 1.057134289294481277e-02 4.685249223257414997e-06 5.700078418158227578e-06 5.385242275224300101e-06 5.035446974943624809e-06 4.978031483915401623e-06 5.038592007622355595e-06
5.220000000000000000e+02 2.201964152023605167e-02 1.054258365184068680e-02 4.658299531001830474e-06 5.653654625348281115e-06 5.338257778930710629e-06 4.996655661670956761e-06 4.932303454552311450e-06 4.998627900931751356e-06
5.230000000000000000e+02 2.193551689217596717e-02 1.051393989473581314e-02 4.618025286617921665e-06 5.603652425634209067e-06 5.287535259412834421e-06 4.953848019795259461e-06 4.891259322903351858e-06 4.962306775269098580e-06
5.240000000000000000e+02 2.185187343394907195e-02 1.048541255295276642e-02 4.593265657604206353e-06 5.551098638534313068e-06 5.244894964562263340e-06 4.907286438537994400e-06 4.855999577557668090e-06 4.913930297334445640e-06
5.250000000000000000e+02 2.176870748299319577e-02 1.045700348913669586e-02 4.551445272227283567e-06 5.510845312528545037e-06 5.211004463490098715e-06 4.864230959356063977e-06 4.812892257177736610e-06 4.879947027802700177e-06
5.260000000000000000e+02 2.168601541152828660e-02 1.042868196964263916e-02 4.518511104834033176e-06 5.462531134980963543e-06 5.163544756214832887e-06 4.825970336241880432e-06 4.774917215399909765e-06 4.834297669731313363e-06
5.270000000000000000e+02 2.160379362616075480e-02 1.040049456059932709e-02 4.495780103752622381e-06 5.424045866675442085e-06 5.118722128827357665e-06 4.792706931766588241e-06 4.734530648420332000e-06 4.804209766007261351e-06
5.280000000000000000e+02 2.152203856749311181e-02 1.037242356687784195e-02 4.466281552595319226e-06 5.376371063903206959e-06 5.077206878922879696e-06 4.748801984533201903e-06 4.702176738646812737e-06 4.775356501340866089e-06
5.290000000000000000e+02 2.144074670973874358e-02 1.034442614763975143e-02 4.434074526216136292e-06 5.333936314855236560e-06 5.031883119954727590e-06 4.712536338047357276e-06 4.666504537453874946e-06 4.740250005852431059e-06
5.300000000000000000e+02 2.135991456034175978e-02 1.031657774001359940e-02 4.404422270454233512e-06 5.299912118061911315e-06 5.000705641577951610e-06 4.679201083490625024e-06 4.634284323401516303e-06 4.707359039457514882e-06
5.310000000000000000e+02 2.127953865960185986e-02 1.028881687670946121e-02 4.370052010926883668e-06 5.248957677395083010e-06 4.956571956427069381e-06 4.635665391106158495e-06 4.602481112669920549e-06 4.671633178077172488e-06
5.320000000000000000e+02 2.119961558030414306e-02 1.026116497814655304e-02 4.340487521403701976e-06 5.220183084020391107e-06 4.919184448226587847e-06 4.597184215526795015e-06 4.561827154248021543e-06 4.637601250578882173e-06
5.330000000000000000e+02 2.112014192735375134e-02 1.023361925035715103e-02 4.315522801334736869e-06 5.179549589229281992e-06 4.888630883215228096e-06 4.571575573208974674e-06 4.536447249847697094e-06 4.603936758940108120e-06
5.340000000000000000e+02 2.104111433741531062e-02 1.020618993788957596e-02 4.286826424504397437e-06 5.142902409716043621e-06 4.857275598624255508e-06 4.543414888757979497e-06 4.500214345171116292e-06 4.564062237477628514e-06
5.350000000000000000e+02 2.096252947855707996e-02 1.017885375767946243e-02 4.256932243151823059e-06 5.109099674882600084e-06 4.810236532648559660e-06 4.504273420025128871e-06 4.469614850677317008e-06 4.537644599622581154e-06
5.360000000000000000e+02 2.088438404989975336e-02 1.015162840485572815e-02 4.225602424412500113e-06 5.068426617071963847e-06 4.784994416695553809e-06 4.475860805541742593e-06 4.439901658770395443e-06 4.509473910729866475e-06
5.370000000000000000e+02 2.080667478126983078e-02 1.012450642883777618e-02 4.199421709927264601e-06 5.037002665631007403e-06 4.745375008496921510e-06 4.444621481525246054e-06 4.404500032251235098e-06 4.476743470149813220e-06
5.380000000000000000e+02 2.072939843285747860e-02 1.009748876094818115e-02 4.174956302449572831e-06 5.002649686502991244e-06 4.718810487247537822e-06 4.408944278111448511e-06 4.374113359517650679e-06 4.453614565136376768e-06
5.390000000000000000e+02 2.065255179487885534e-02 1.007057167589664459e-02 4.146530955040361732e-06 4.968941084371181205e-06 4.680942765844520181e-06 4.375833213998703286e-06 4.349612026999238878e-06 4.414010163600323722e-06
5.400000000000000000e+02 2.057613168724279837e-02 1.004375983029603958e-02 4.125653958908515051e-06 4.942593932355521247e-06 4.650820756069151685e-06 4.354462362243793905e-06 4.320998414186760783e-06 4.385924057714873925e-06
5.410000000000000000e+02 2.050013495922181628e-02 1.001704111695289612e-02 4.101905233255820349e-06 4.905324658466270193e-06 4.623538188752718270e-06 4.328317118051927537e-06 4.289172011340269819e-06 4.361020273790927604e-06
5.420000000000000000e+02 2.042455848912732783e-02 9.990429505705833435e-03 4.065558186994167045e-06 4.875120339420391247e-06 4.590960088535211980e-06 4.291799996281042695e-06 4.261844424036098644e-06 4.331810487201437354e-06
5.430000000000000000e+02 2.034939918398909198e-02 9.963924065232276917e-03 4.045480636705178767e-06 4.840574547415599227e-06 4.560322395263938233e-06 4.267586064088391140e-06 4.230256763548823074e-06 4.298633939470164478e-06
5.440000000000000000e+02 2.027465397923875270e-02 9.937510825693607330e-03 4.016909315396333113e-06 4.812628048966871575e-06 4.530898877419531345e-06 4.242333488946314901e-06 4.203536263958085328e-06 4.276757408661069348e-06
5.450000000000000000e+02 2.020031983839743958e-02 9.911209344863891602e-03 3.995657152700005099e-06 4.783592885360121727e-06 4.496861492953030393e-06 4.213965439703315496e-06 4.177049959253054112e-06 4.250086021784227341e-06
5.460000000000000000e+02 2.012639375276737905e-02 9.884983301162719727e-03 3.974018000008072704e-06 4.745611477119382471e-06 4.467130565899424255e-06 4.180209543847013265e-06 4.158748652116628364e-06 4.221407380100572482e-06
5.470000000000000000e+02 2.005287274112744003e-02 9.858877398073673248e-03 3.948246103391284123e-06 4.722588982986053452e-06 4.443656052899314091e-06 4.159527634328696877e-06 4.130964498472167179e-06 4.189049832348246127e-06
5.480000000000000000e+02 1.997975384943257576e-02 9.832861833274364471e-03 3.922902124031679705e-06 4.694631570600904524e-06 4.411713234730996192e-06 4.134948540013283491e-06 4.114128387300297618e-06 4.166463895671768114e-06
5.490000000000000000e+02 1.990703415051708544e-02 9.806942194700241089e-03 3.888651008310262114e-06 4.654072199627989903e-06 4.379890015115961432e-06 4.104851996089564636e-06 4.081143742951098830e-06 4.130718480155337602e-06
5.500000000000000000e+02 1.983471074380165414e-02 9.781125001609325409e-03 3.869427018798887730e-06 4.626772806659573689e-06 4.351695679361000657e-06 4.083059593540383503e-06 4.054597866343101487e-06 4.103797891730209813e-06
5.510000000000000000e+02 1.976278075500410153e-02 9.755403734743595123e-03 3.851382643915712833e-06 4.598527993948664516e-06 4.321006144891725853e-06 4.060863830090966076e-06 4.033047844131942838e-06 4.086011358594987541e-06
5.520000000000000000e+02 1.969124133585381173e-02 9.729771874845027924e-03 3.821990048891166225e-06 4.566110874293372035e-06 4.305814400140661746e-06 4.021295353595633060e-06 3.998289685114286840e-06 4.057320893480209634e-06
5.530000000000000000e+02 1.962008966380976438e-02 9.704231284558773041e-03 3.794825261138612404e-06 4.539358997135423124e-06 4.277569132682401687e-06 4.003870799351716414e-06 3.975685103796422482e-06 4.037193320982623845e-06
5.540000000000000000e+02 1.954932294178211502e-02 9.678784757852554321e-03 3.775610139200580306e-06 4.516607532423222438e-06 4.244703177391784266e-06 3.976256266469135880e-06 3.949262463720515370e-06 4.006889412266900763e-06
5.550000000000000000e+02 1.947893839785731773e-02 9.653458371758460999e-03 3.742261469596996903e-06 4.488243575906381011e-06 4.217828518449096009e-06 3.953646682930411771e-06 3.924155407730722800e-06 3.980888322985265404e-06
5.560000000000000000e+02 1.940893328502665480e-02 9.628202766180038452e-03 3.725340548044187017e-06 4.465742676984518766e-06 4.199390332360053435e-06 3.927191301045240834e-06 3.899463536072289571e-06 3.952663519157795236e-06
5.570000000000000000e+02 1.933930488091822886e-02 9.603035636246204376e-03 3.686283207571250387e-06 4.437865754880476743e-06 4.162748155067674816e-06 3.899580406141467392e-06 3.882531927956733853e-06 3.936744633392663673e-06
5.580000000000000000e+02 1.927005048753227881e-02 9.577974677085876465e-03 3.662373728730017319e-06 4.390341473481385037e-06 4.142855686950497329e-06 3.881765223923139274e-06 3.853143425658345222e-06 3.907957761839497834e-06
5.590000000000000000e+02 1.920116743097980208e-02 9.552993811666965485e-03 3.645073547886568122e-06 4.373026058601681143e-06 4.115693172934697941e-06 3.849973381875315681e-06 3.834416475001489744e-06 3.879782980220625177e-06
5.600000000000000000e+02 1.913265306122449022e-02 9.528105147182941437e-03 3.611901547628804110e-06 4.344684384705033153e-06 4.083954081579577178e-06 3.822434791800333187e-06 3.802438186539802700e-06 3.857754109048983082e-06
5.610000000000000000e+02 1.906450475182780782e-02 9.503301233053207397e-03 3.591157110349740833e-06 4.319457730161957443e-06 4.052471467730356380e-06 3.809712552538258024e-06 3.785500666708685458e-06 3.830645709967939183e-06
5.620000000000000000e+02 1.899671989969731883e-02 9.478618390858173370e-03 3.564504822861636057e-06 4.278386768419295549e-06 4.023137989861425012e-06 3.767180714930873364e-06 3.754510544240474701e-06 3.806380618698312901e-06
5.630000000000000000e+02 1.892929592483807641e-02 9.454002603888511658e-03 3.540496209097909741e-06 4.262984020897420123e-06 4.002492914878530428e-06 3.756546448130393401e-06 3.729701802512863651e-06 3.781834038818487898e-06
5.640000000000000000e+02 1.886223027010713871e-02 9.429478086531162262e-03 3.518818175507476553e-06 4.232880655763437971e-06 3.970505531469825655e-06 3.725868054971215315e-06 3.704215714606107213e-06 3.754094223040738143e-06
5.650000000000000000e+02 1.879552040097110313e-02 9.405030868947505951e-03 3.486530431473511271e-06 4.195736437395680696e-06 3.943591764254961163e-06 3.708508984345826320e-06 3.676183268908062018e-06 3.723745294337277301e-06
5.660000000000000000e+02 1.872916380526664162e-02 9.380697272717952728e-03 3.463956772975507192e-06 4.169979092694120482e-06 3.930887032765895128e-06 3.675363359434413724e-06 3.653323801700025797e-06 3.694342467497335747e-06
5.670000000000000000e+02 1.866315799296398847e-02 9.356433525681495667e-03 3.441692570049781352e-06 4.141806584812002257e-06 3.890415882779052481e-06 3.646033292170614004e-06 3.629618277045665309e-06 3.670391151899821125e-06
5.680000000000000000e+02 1.859750049593334592e-02 9.332265704870223999e-03 3.406269115657778457e-06 4.112297574465628713e-06 3.866354745696298778e-06 3.633759206422837451e-06 3.598817784222774208e-06 3.651792667369591072e-06
5.690000000000000000e+02 1.853218886771414858e-02 9.308177046477794647e-03 3.383785724508925341e-06 4.075493507116334513e-06 3.837174062937265262e-06 3.609167151807923801e-06 3.577369625418214127e-06 3.625964382081292570e-06
5.700000000000000000e+02 1.846722068328716590e-02 9.284185245633125305e-03 3.359305992489680648e-06 4.047367838211357594e-06 3.814845968008739874e-06 3.590025016819708981e-06 3.545156687323469669e-06 3.598729335863026790e-06
5.710000000000000000e+02 1.840259353884940788e-02 9.260280057787895203e-03 3.328446382511174306e-06 4.023646397399716079e-06 3.784552291108411737e-06 3.564649659892893396e-06 3.535062205628491938e-06 3.577818688427214511e-06
5.720000000000000000e+02 1.833830505159176477e-02 9.236444719135761261e-03 3.304103756818221882e-06 4.002380592282861471e-06 3.763596168937510811e-06 3.529683226588531397e-06 3.512858029353083111e-06 3.555347802830510773e-06
5.730000000000000000e+02 1.827435285947936333e-02 9.212712757289409637e-03 3.280264536442700773e-06 3.972283138864440843e-06 3.734876372618600726e-06 3.500788352539530024e-06 3.479950009932508692e-06 3.522692622937029228e-06
5.740000000000000000e+02 1.821073462103461188e-02 9.189047850668430328e-03 3.255910996813327074e-06 3.943564934161258861e-06 3.699519311339827254e-06 3.483141199467354454e-06 3.458631454122951254e-06 3.502957497403258458e-06
5.750000000000000000e+02 1.814744801512287176e-02 9.165474213659763336e-03 3.222981376893585548e-06 3.923209078493528068e-06 3.672809043564484455e-06 3.460098923824261874e-06 3.428212949074804783e-06 3.468964678177144378e-06
5.760000000000000000e+02 1.808449074074074125e-02 9.141995571553707123e-03 3.196098759872256778e-06 3.889098934450885281e-06 3.644536036517820321e-06 3.430423021200112998e-06 3.410457338759442791e-06 3.450692929618526250e-06
5.770000000000000000e+02 1.802186051680688614e-02 9.118596091866493225e-03 3.172183824062813073e-06 3.859976459352765232e-06 3.625569206633372232e-06 3.404553808650234714e-06 3.377130042281351052e-06 3.422355575821711682e-06
5.780000000000000000e+02 1.795955508195543754e-02 9.095264598727226257e-03 3.148375753880827688e-06 3.831323738268110901e-06 3.595745965867536142e-06 3.370854983586468734e-06 3.354788077558623627e-06 3.400982677703723311e-06
5.790000000000000000e+02 1.789757219433183930e-02 9.072031825780868530e-03 3.132237907266244292e-06 3.798855459535843693e-06 3.576324161258526146e-06 3.353476813572342508e-06 3.328293360027601011e-06 3.370076683495426551e-06
5.800000000000000000e+02 1.783590963139120023e-02 9.048881009221076965e-03 3.108276587227010168e-06 3.783001830015564337e-06 3.546734433257370256e-06 3.332806954858824611e-06 3.299392801636713557e-06 3.350555516590247862e-06
5.810000000000000000e+02 1.777456518969904725e-02 9.025799110531806946e-03 3.074987262152717449e-06 3.745597723536775447e-06 3.528281013132072985e-06 3.308923851363942958e-06 3.277394398537580855e-06 3.319257075418136083e-06
5.820000000000000000e+02 1.771353668473447246e-02 9.002811275422573090e-03 3.052431793548748828e-06 3.715885668498231098e-06 3.494033308015787043e-06 3.282320903963409364e-06 3.255907586208195426e-06 3.287899289716733620e-06
5.830000000000000000e+02 1.765282195069566712e-02 8.979897014796733856e-03 3.026159447472309694e-06 3.691577603603946045e-06 3.473388005659217015e-06 3.268815589763107710e-06 3.228452897019451484e-06 3.273029051342746243e-06
5.840000000000000000e+02 1.759241884030774902e-02 8.957060985267162323e-03 3.010638920386554673e-06 3.662130666270968504e-06 3.448681582085555419e-06 3.230530637665651739e-06 3.207836698493338190e-06 3.254308921896154061e-06
5.850000000000000000e+02 1.753232522463291782e-02 8.934312500059604645e-03 2.980346380354603752e-06 3.637944018919370137e-06 3.423588395889964886e-06 3.214954176655737683e-06 3.185687546647386625e-06 3.223089606763096526e-06
5.860000000000000000e+02 1.747253899288285159e-02 8.911635726690292358e-03 2.959010544145712629e-06 3.605553501984104514e-06 3.398285343791940250e-06 3.179030272804084234e-06 3.167300747008994222e-06 3.197163550794357434e-06
5.870000000000000000e+02 1.741305805223336903e-02 8.889044634997844696e-03 2.940293143183225766e-06 3.584494379538227804e-06 3.371455932210665196e-06 3.164341705996776000e-06 3.141241677440120839e-06 3.171917114741518162e-06
5.880000000000000000e+02 1.735388032764125996e-02 8.866532705724239349e-03 2.922758767454070039e-06 3.552736870915396139e-06 3.347161282363231294e-06 3.134735834464663640e-06 3.112440253971726634e-06 3.150628344883443788e-06
5.890000000000000000e+02 1.729500376166331899e-02 8.844092488288879395e-03 2.894983481382951140e-06 3.527960188876022585e-06 3.326509158796397969e-06 3.117336746072396636e-06 3.091903181484667584e-06 3.128064008706132881e-06
5.900000000000000000e+02 1.723642631427750593e-02 8.821738883852958679e-03 2.873782250389922410e-06 3.505959966787486337e-06 3.295988335594302043e-06 3.093888153671287000e-06 3.064782958972500637e-06 3.109447789029218256e-06
5.910000000000000000e+02 1.717814596270624342e-02 8.799453265964984894e-03 2.860442236851667985e-06 3.486438572508632205e-06 3.274223217886174098e-06 3.070892034884309396e-06 3.046081019419943914e-06 3.071131914111902006e-06
5.920000000000000000e+02 1.712016070124178224e-02 8.777245879173278809e-03 2.844268237822689116e-06 3.456748117969254963e-06 3.250257122999755666e-06 3.053514319617534056e-06 3.024430270670563914e-06 3.060161816392792389e-06
5.930000000000000000e+02 1.706246854107362765e-02 8.755126036703586578e-03 2.828365495588514023e-06 3.437877239775843918e-06 3.229377625757479109e-06 3.022027385668479837e-06 3.007149871336878277e-06 3.034293740711291321e-06
5.940000000000000000e+02 1.700506751011801598e-02 8.733066730201244354e-03 2.798931518555036746e-06 3.398235548957018182e-06 3.203933601980679668e-06 3.006030055985320359e-06 2.977819121952052228e-06 3.012600018337252550e-06
5.950000000000000000e+02 1.694795565284937591e-02 8.711087517440319061e-03 2.791869519569445401e-06 3.380361476956750266e-06 3.182921318511944264e-06 2.982828391395742074e-06 2.959948460556915961e-06 2.987969082823838107e-06
5.960000000000000000e+02 1.689113103013377762e-02 8.689185604453086853e-03 2.767811338344472460e-06 3.362137931617326103e-06 3.158198296659975313e-06 2.959340008601429872e-06 2.933428049800568260e-06 2.964745590361417271e-06
5.970000000000000000e+02 1.683459171906433183e-02 8.667362853884696960e-03 2.745764277278794907e-06 3.334011353217647411e-06 3.133227664875448681e-06 2.938363877547089942e-06 2.916298626587376930e-06 2.943067102023633197e-06
5.980000000000000000e+02 1.677833581279851438e-02 8.645606227219104767e-03 2.732998837018385530e-06 3.311146201667725109e-06 3.119220991720794700e-06 2.916527591878548265e-06 2.895191983043332584e-06 2.927651621575932950e-06
5.990000000000000000e+02 1.672236142039737819e-02 8.623935282230377197e-03 2.716622248044586740e-06 3.289647565907216631e-06 3.083689989580307156e-06 2.897369313359376974e-06 2.874180836442974396e-06 2.907181624323129654e-06
6.000000000000000000e+02 1.666666666666666644e-02 8.602332323789596558e-03 2.705708993744337931e-06 3.274896016591810621e-06 3.078460395045112818e-06 2.873214953069691546e-06 2.850018745448323898e-06 2.884963350879843347e-06
6.010000000000000000e+02 1.661124969199974377e-02 8.580807596445083618e-03 2.685884510356117971e-06 3.240916385038872249e-06 3.049685346923070028e-06 2.858933839888777584e-06 2.831316351148416288e-06 2.863261897800839506e-06
6.020000000000000000e+02 1.655610865222238021e-02 8.559347130358219147e-03 2.673728658919571899e-06 3.224610281904460862e-06 3.037139777006814256e-06 2.833932512658066116e-06 2.815529569488717243e-06 2.849221345968544483e-06
6.030000000000000000e+02 1.650124171843931134e-02 8.537968620657920837e-03 2.661833605088759214e-06 3.204561835445929319e-06 3.010344698850531131e-06 2.806834118018741719e-06 2.797923571051796898e-06 2.826105628628283739e-06
6.040000000000000000e+02 1.644664707688259231e-02 8.516660891473293304e-03 2.634930297062965110e-06 3.188833261447143741e-06 2.994282340296194889e-06 2.797764636852662079e-06 2.775393795673153363e-06 2.813085757225053385e-06
6.050000000000000000e+02 1.639232292876169686e-02 8.495415560901165009e-03 2.625909928610781208e-06 3.160258756906841882e-06 2.972509719256777316e-06 2.775904249574523419e-06 2.751739430095767602e-06 2.799736421366105787e-06
6.060000000000000000e+02 1.633826749011534768e-02 8.474248461425304413e-03 2.614023287605959922e-06 3.144831907775369473e-06 2.949298050225479528e-06 2.756478806986706331e-06 2.747194685071008280e-06 2.774989752651890740e-06
6.070000000000000000e+02 1.628447899166506063e-02 8.453161455690860748e-03 2.600137577246641740e-06 3.121769623248837888e-06 2.940004605989088304e-06 2.740524905675556511e-06 2.726239017647458240e-06 2.752358341240324080e-06
6.080000000000000000e+02 1.623095567867036126e-02 8.432131260633468628e-03 2.589520818219170906e-06 3.092368160650948994e-06 2.919146936619654298e-06 2.735318958002608269e-06 2.705330643948400393e-06 2.735721182034467347e-06
6.090000000000000000e+02 1.617769581078567012e-02 8.411178365349769592e-03 2.579954525572247803e-06 3.087375944232917391e-06 2.894974159062257968e-06 2.713500862228102051e-06 2.686592324607772753e-06 2.719785925364703871e-06
6.100000000000000000e+02 1.612469766191883952e-02 8.390295319259166718e-03 2.559013182690250687e-06 3.068824980800854973e-06 2.886382844735635445e-06 2.694430122573976405e-06 2.666580712684663013e-06 2.701701760088326409e-06
6.110000000000000000e+02 1.607195952009128972e-02 8.369479328393936157e-03 2.549729060774552636e-06 3.041947138626710512e-06 2.857878598661045544e-06 2.678262944755260833e-06 2.658508719832752831e-06 2.690652991077513434e-06
6.120000000000000000e+02 1.601947968729975497e-02 8.348746225237846375e-03 2.536119836804573424e-06 3.024571924470365047e-06 2.846526058419840410e-06 2.666304226295324042e-06 2.640430466271936893e-06 2.678647206266759895e-06
6.130000000000000000e+02 1.596725647937961845e-02 8.328076452016830444e-03 2.524909405110520311e-06 3.008213070643250830e-06 2.830098992490093224e-06 2.648311465236474760e-06 2.624210537760518491e-06 2.656346168805612251e-06
6.140000000000000000e+02 1.591528822586977046e-02 8.307469077408313751e-03 2.516707581889932044e-06 2.987318794112070464e-06 2.802716608130140230e-06 2.645035237947013229e-06 2.607142505439696833e-06 2.636056024130084552e-06
6.150000000000000000e+02 1.586357326987904159e-02 8.286929689347743988e-03 2.496563638487714343e-06 2.976613131977501325e-06 2.803723191391327418e-06 2.626040441100485623e-06 2.596380682007293217e-06 2.626022023832774721e-06
6.160000000000000000e+02 1.581210996795412438e-02 8.266461081802845001e-03 2.498321919119916856e-06 2.961698783110477962e-06 2.783804802675149404e-06 2.606212547107134014e-06 2.571197228462551720e-06 2.619113047330756672e-06
6.170000000000000000e+02 1.576089668994901452e-02 8.246055804193019867e-03 2.478062924637924880e-06 2.946952690763282590e-06 2.767782916635042056e-06 2.590963504189858213e-06 2.564492433521081693e-06 2.598831088107544929e-06
6.180000000000000000e+02 1.570993181889590584e-02 8.225730620324611664e-03 2.462371185174561106e-06 2.927024979726411402e-06 2.747304506556247361e-06 2.575847247499041259e-06 2.547711574152344838e-06 2.584537242000806145e-06
6.190000000000000000e+02 1.565921375087757014e-02 8.205465041100978851e-03 2.451890850352356210e-06 2.908455144279287197e-06 2.740919626376125962e-06 2.558362439231132157e-06 2.531324980736826546e-06 2.572644007159397006e-06
6.200000000000000000e+02 1.560874089490114393e-02 8.185262791812419891e-03 2.438532419546390884e-06 2.897361810028087348e-06 2.721305236264015548e-06 2.546099722167127766e-06 2.522933073123567738e-06 2.564292344686691649e-06
6.210000000000000000e+02 1.555851167277338271e-02 8.165129460394382477e-03 2.427151457595755346e-06 2.888352128138649277e-06 2.707633711906964891e-06 2.542166839702986181e-06 2.503950554455514066e-06 2.550454155425541103e-06
6.220000000000000000e+02 1.550852451897726490e-02 8.145073428750038147e-03 2.410655497442348860e-06 2.872418235710938461e-06 2.695396688068285584e-06 2.524158844607882202e-06 2.496296929166419432e-06 2.540470177336828783e-06
6.230000000000000000e+02 1.545877788055002346e-02 8.125062100589275360e-03 2.395304136371123604e-06 2.858180323528358713e-06 2.678030796232633293e-06 2.503652012819657102e-06 2.477027237546280958e-06 2.532232656449195929e-06
6.240000000000000000e+02 1.540927021696252529e-02 8.105142973363399506e-03 2.389420387771679088e-06 2.845436029019765556e-06 2.664776729943696409e-06 2.500114305803435855e-06 2.470988420100184157e-06 2.511763796064769849e-06
6.250000000000000000e+02 1.536000000000000039e-02 8.085259236395359039e-03 2.377106511630699970e-06 2.827031039487337694e-06 2.653478304637246765e-06 2.488695599822676741e-06 2.455028152326121926e-06 2.507863428036216646e-06
6.260000000000000000e+02 1.531096571364411185e-02 8.065463043749332428e-03 2.360959570069098845e-06 2.813653281918959692e-06 2.642666913743596524e-06 2.474268740115803666e-06 2.441758397253579460e-06 2.483241814843495376e-06
6.270000000000000000e+02 1.526216585395633561e-02 8.045722730457782745e-03 2.352295268792659044e-06 2.801159098453354090e-06 2.633780923133599572e-06 2.465951411068090238e-06 2.424747435725294054e-06 2.469750825184746645e-06
6.280000000000000000e+02 1.521359892896263603e-02 8.026048541069030762e-03 2.333003976673353463e-06 2.792816758301341906e-06 2.612289563330705278e-06 2.450254896757542156e-06 2.417737960058730096e-06 2.456540187267819420e-06
6.290000000000000000e+02 1.516526345853943386e-02 8.006439544260501862e-03 2.328137497897841968e-06 2.770615310510038398e-06 2.600121206342009827e-06 2.430602535241632722e-06 2.404027554803178646e-06 2.447050064802169800e-06
6.300000000000000000e+02 1.511715797430083184e-02 7.986896671354770660e-03 2.301009772054385394e-06 2.754856950559769757e-06 2.587929202491068281e-06 2.424318154226057231e-06 2.393726390437223017e-06 2.430716904200380668e-06
6.310000000000000000e+02 1.506928101948709110e-02 7.967418991029262543e-03 2.295854756084736437e-06 2.736142050707712770e-06 2.578526618890464306e-06 2.412309868304873817e-06 2.374664063609088771e-06 2.421961653453763574e-06
6.320000000000000000e+02 1.502163114885434955e-02 7.947995327413082123e-03 2.285727305206819437e-06 2.732487473622313701e-06 2.564651822467567399e-06 2.401656956863007508e-06 2.366381522733718157e-06 2.406373369012726471e-06
6.330000000000000000e+02 1.497420692856554596e-02 7.928645238280296326e-03 2.279485670442227274e-06 2.714935817493824288e-06 2.546897576394258067e-06 2.392602709733182564e-06 2.358267238378175534e-06 2.396029685769462958e-06
6.340000000000000000e+02 1.492700693608255656e-02 7.909342646598815918e-03 2.247259999421657994e-06 2.705463884922210127e-06 2.534528675823821686e-06 2.386818778177257627e-06 2.344533413634053431e-06 2.385747848165920004e-06
6.350000000000000000e+02 1.488002976005952001e-02 7.890112698078155518e-03 2.240101366624003276e-06 2.693766418815357611e-06 2.520596126487362199e-06 2.361739916523220018e-06 2.333736119908280671e-06 2.372827793806209229e-06
6.360000000000000000e+02 1.483327400023733318e-02 7.870954461395740509e-03 2.222193415946094319e-06 2.689117536647245288e-06 2.520114321669097990e-06 2.349185024286271073e-06 2.323922672076150775e-06 2.360279722779523581e-06
6.370000000000000000e+02 1.478673826733929893e-02 7.851847447454929352e-03 2.199326900154119357e-06 2.664922703843330964e-06 2.493436795703019015e-06 2.346488372495514341e-06 2.308597686351276934e-06 2.347862164242542349e-06
6.380000000000000000e+02 1.474042118296793429e-02 7.832796312868595123e-03 2.197085677835275419e-06 2.656885726537439041e-06 2.488533482392085716e-06 2.336021680093836039e-06 2.294632167831878178e-06 2.335215185667038895e-06
6.390000000000000000e+02 1.469432137950289069e-02 7.813815958797931671e-03 2.173616394429700449e-06 2.635965302033582702e-06 2.473052973073208705e-06 2.316335439900285564e-06 2.287217739649349824e-06 2.324182105439831503e-06
6.400000000000000000e+02 1.464843750000000000e-02 7.794898469001054764e-03 2.162260443583363667e-06 2.617294512674561702e-06 2.457720938764396124e-06 2.301522044945158996e-06 2.276814257129444741e-06 2.304153213117388077e-06
6.410000000000000000e+02 1.460276819809141861e-02 7.776036392897367477e-03 2.144702193618286401e-06 2.610810042824596167e-06 2.441999640723224729e-06 2.292848648721701466e-06 2.268772504976368509e-06 2.295621698067407124e-06
6.420000000000000000e+02 1.455731213788686099e-02 7.757234387099742889e-03 2.121065790561260656e-06 2.590314579720143229e-06 2.426155333523638546e-06 2.277506837344844826e-06 2.255163963127415627e-06 2.284316224177018739e-06
6.430000000000000000e+02 1.451206799387590694e-02 7.738474756479263306e-03 2.110839204760850407e-06 2.581010448921006173e-06 2.419515340079669841e-06 2.260485871374839917e-06 2.230856352980481461e-06 2.266228648295509629e-06
6.440000000000000000e+02 1.446703445083137238e-02 7.719801738858222961e-03 2.093337570840958506e-06 2.566251168900635093e-06 2.402268137302598916e-06 2.247428255941485986e-06 2.228279981864034198e-06 2.248048303954419680e-06
6.450000000000000000e+02 1.442221020371371905e-02 7.701178081333637238e-03 2.079938212773413397e-06 2.551688567109522410e-06 2.390264626228599809e-06 2.244555389552260749e-06 2.217834889961523004e-06 2.233553232144913636e-06
6.460000000000000000e+02 1.437759395757651215e-02 7.682620547711849213e-03 2.066432671199436300e-06 2.544526751080411486e-06 2.380721298322896473e-06 2.221992417617002502e-06 2.198801212216494605e-06 2.229706069556414150e-06
6.470000000000000000e+02 1.433318442747289270e-02 7.664104923605918884e-03 2.050695684374659322e-06 2.518364226489211433e-06 2.356373897782759741e-06 2.211340188296162523e-06 2.182665184591314755e-06 2.211311539213056676e-06
6.480000000000000000e+02 1.428898033836305433e-02 7.645658683031797409e-03 2.027867822107509710e-06 2.510272679501213133e-06 2.339574621146311983e-06 2.197240064560901374e-06 2.165169689760659821e-06 2.192833107983460650e-06
6.490000000000000000e+02 1.424498042502273312e-02 7.627271115779876709e-03 2.015023483181721531e-06 2.486643552401801571e-06 2.334424607397522777e-06 2.185275661759078503e-06 2.158818688258179463e-06 2.179157718273927458e-06
6.500000000000000000e+02 1.420118343195266204e-02 7.608938962221145630e-03 2.000838549065520056e-06 2.466666728651034646e-06 2.311837988600018434e-06 2.166266085623647086e-06 2.141639242836390622e-06 2.169311301258858293e-06
6.510000000000000000e+02 1.415758811328901925e-02 7.590678520500659943e-03 1.978992713702609763e-06 2.455371031828690320e-06 2.303903784195426852e-06 2.156096343242097646e-06 2.133147972926963121e-06 2.162000555472332053e-06
6.520000000000000000e+02 1.411419323271481847e-02 7.572471164166927338e-03 1.969525328604504466e-06 2.435362603137036785e-06 2.283235062350286171e-06 2.138088120773318224e-06 2.111869207510608248e-06 2.136174543920787983e-06
6.530000000000000000e+02 1.407099756337225512e-02 7.554304786026477814e-03 1.960261215572245419e-06 2.435266878819675185e-06 2.267711124659399502e-06 2.113106347678694874e-06 2.093122930091340095e-06 2.128136429746518843e-06
6.540000000000000000e+02 1.402799988777600135e-02 7.536200340837240219e-03 1.945847998285898939e-06 2.402168775006430224e-06 2.246726353405392729e-06 2.103529368469025940e-06 2.083209665215690620e-06 2.104520262946607545e-06
6.550000000000000000e+02 1.398519899772740493e-02 7.518158759921789169e-03 1.927901848830515519e-06 2.401599431323120371e-06 2.238290107925422490e-06 2.093688408422167413e-06 2.071268227155087516e-06 2.091826445393962786e-06
6.560000000000000000e+02 1.394259369422962483e-02 7.500178646296262741e-03 1.909857473947340623e-06 2.374878704358707182e-06 2.218746885773725808e-06 2.072955112453200854e-06 2.050364628303213976e-06 2.076949840557062998e-06
6.570000000000000000e+02 1.390018278740365494e-02 7.482242770493030548e-03 1.901040263874165248e-06 2.363372914260253310e-06 2.196416062361095101e-06 2.064853106276132166e-06 2.041891775661497377e-06 2.057219717244151980e-06
6.580000000000000000e+02 1.385796509640524303e-02 7.464380934834480286e-03 1.881998514363658614e-06 2.339902721359976567e-06 2.184776576541480608e-06 2.048355327133322135e-06 2.025312824116554111e-06 2.051944875347544439e-06
6.590000000000000000e+02 1.381593944934270644e-02 7.446547504514455795e-03 1.866137381512089632e-06 2.320222165508312173e-06 2.171155301766702905e-06 2.039660103037022054e-06 2.006044724112143740e-06 2.027585424002609216e-06
6.600000000000000000e+02 1.377410468319559267e-02 7.428788580000400543e-03 1.856848371062369552e-06 2.311957587153301574e-06 2.159016275982139632e-06 2.018310169660253450e-06 1.994821559492265806e-06 2.014210167544661090e-06
6.610000000000000000e+02 1.373245964373422112e-02 7.411089725792407990e-03 1.844722646637819707e-06 2.278945885336725041e-06 2.142096718671382405e-06 1.998626657950808294e-06 1.974972292373422533e-06 2.002261908273794688e-06
6.620000000000000000e+02 1.369100318544007495e-02 7.393434178084135056e-03 1.818812734200037085e-06 2.269139486088533886e-06 2.122544856320018880e-06 1.984633854590356350e-06 1.957970653165830299e-06 1.980663000722415745e-06
6.630000000000000000e+02 1.364973417142701165e-02 7.375837303698062897e-03 1.813664539440651424e-06 2.251163778055342846e-06 2.103379074469557963e-06 1.980313527383259498e-06 1.943433744600042701e-06 1.961702309927204624e-06
6.640000000000000000e+02 1.360865147336333229e-02 7.358298171311616898e-03 1.796570018086640630e-06 2.236409500255831517e-06 2.087452912746812217e-06 1.957411996045266278e-06 1.931084398165694438e-06 1.951610556716332212e-06
6.650000000000000000e+02 1.356775397139465232e-02 7.340805605053901672e-03 1.788991312423604541e-06 2.221387603640323505e-06 2.071913513645995408e-06 1.944126324815442786e-06 1.918017915158998221e-06 1.933714202095870860e-06
6.660000000000000000e+02 1.352704055406758060e-02 7.323372177779674530e-03 1.771246843418339267e-06 2.211993432865710929e-06 2.056460289168171585e-06 1.928698793562944047e-06 1.904931423268863000e-06 1.915280108732986264e-06
6.670000000000000000e+02 1.348651011825421561e-02 7.305993698537349701e-03 1.761822659318568185e-06 2.187824520660797134e-06 2.044435632342356257e-06 1.905638100652140565e-06 1.894828415061056148e-06 1.907395471789641306e-06
6.680000000000000000e+02 1.344616156907741354e-02 7.288667839020490646e-03 1.748289832903537899e-06 2.169059371226467192e-06 2.012361846936983056e-06 1.893256467155879363e-06 1.869288212219544221e-06 1.886820655272458680e-06
6.690000000000000000e+02 1.340599381983684918e-02 7.271401118487119675e-03 1.734199713609996252e-06 2.155534502890077420e-06 2.010219532166956924e-06 1.880546051324927248e-06 1.852953914749377873e-06 1.880319132396834902e-06
6.700000000000000000e+02 1.336600579193584354e-02 7.254180032759904861e-03 1.713983124318474438e-06 2.133277348548290320e-06 1.989974862226517871e-06 1.862989392975578085e-06 1.843452196226280648e-06 1.849267960096767638e-06
6.710000000000000000e+02 1.332619641480895824e-02 7.237008307129144669e-03 1.708419745227729436e-06 2.113500841005588882e-06 1.975462964765029028e-06 1.842979600041871890e-06 1.828300014494743664e-06 1.839921537793998141e-06
6.720000000000000000e+02 1.328656462585033927e-02 7.219895720481872559e-03 1.693701392468938138e-06 2.097861624861252494e-06 1.954858589670038782e-06 1.835784360082470812e-06 1.805853685254987795e-06 1.828493509492545854e-06
6.730000000000000000e+02 1.324710937034281368e-02 7.202825974673032761e-03 1.676767283242952544e-06 2.092209115289733745e-06 1.938579771376680583e-06 1.811083620850695297e-06 1.795722027964075096e-06 1.806814566407410894e-06
6.740000000000000000e+02 1.320782960138770258e-02 7.185824215412139893e-03 1.676537181083403993e-06 2.073042423944571055e-06 1.922966475831344724e-06 1.811260631257027853e-06 1.784441906238498632e-06 1.801539724510803353e-06
6.750000000000000000e+02 1.316872427983539068e-02 7.168869953602552414e-03 1.653639287724217866e-06 2.049949898719205521e-06 1.902518420138221700e-06 1.788201529961952474e-06 1.768898414411523845e-06 1.786853658813924994e-06
6.760000000000000000e+02 1.312979237421658951e-02 7.151965051889419556e-03 1.639830770727712661e-06 2.030867790381307714e-06 1.884324206002929714e-06 1.778809746610932052e-06 1.751500235513958614e-06 1.771008328432799317e-06
6.770000000000000000e+02 1.309103286067431898e-02 7.135116029530763626e-03 1.633305259929329623e-06 2.018654186031199060e-06 1.880139620880072471e-06 1.753115043356956448e-06 1.738879859658482019e-06 1.757613404151925351e-06
6.780000000000000000e+02 1.305244472289659834e-02 7.118314970284700394e-03 1.619035629119025543e-06 2.003232566494261846e-06 1.855659547800314613e-06 1.749345642565458547e-06 1.719851525194826536e-06 1.745673444020212628e-06
6.790000000000000000e+02 1.301402695204981717e-02 7.101553957909345627e-03 1.618117494217585772e-06 1.995437742152716964e-06 1.843107042986957822e-06 1.734368424877175130e-06 1.710283640932175331e-06 1.726645905364421196e-06
6.800000000000000000e+02 1.297577854671280208e-02 7.084858138114213943e-03 1.600101427357003558e-06 1.970858875210979022e-06 1.831349436542950571e-06 1.719555370982561726e-06 1.697680886536545586e-06 1.719941110422951169e-06
6.810000000000000000e+02 1.293769851281155632e-02 7.068201899528503418e-03 1.590294232300948352e-06 1.961903080882620998e-06 1.811852143873693421e-06 1.714648647066496778e-06 1.689441546659509186e-06 1.704050873740925454e-06
6.820000000000000000e+02 1.289978586355466569e-02 7.051620166748762131e-03 1.579617787683673669e-06 1.949990519278799184e-06 1.801803932721668389e-06 1.694361685622425284e-06 1.669776565904612653e-06 1.695720584393711761e-06
6.830000000000000000e+02 1.286203961936937396e-02 7.035054732114076614e-03 1.574076350152608939e-06 1.930695134433335625e-06 1.793105525393912103e-06 1.678673356764193159e-06 1.663880084379343316e-06 1.684158405623747967e-06
6.840000000000000000e+02 1.282445880783830879e-02 7.018565200269222260e-03 1.551995069348777179e-06 1.917540430440567434e-06 1.778498926796601154e-06 1.669213133936864324e-06 1.653296521908487193e-06 1.666494881646940485e-06
6.850000000000000000e+02 1.278704246363684786e-02 7.002113852649927139e-03 1.552713797536853235e-06 1.906237685034284368e-06 1.770440462678379845e-06 1.660223119870352093e-06 1.631687609915388748e-06 1.648063744141836651e-06
6.860000000000000000e+02 1.274978962847113026e-02 6.985723040997982025e-03 1.534174543849076144e-06 1.897079414447944146e-06 1.754027721290185582e-06 1.645829570406931452e-06 1.615265205145988148e-06 1.639399101804883685e-06
6.870000000000000000e+02 1.271269935101669753e-02 6.969374604523181915e-03 1.534040961814753246e-06 1.872974394245829899e-06 1.738698301778640598e-06 1.634772615943802521e-06 1.615638780094741378e-06 1.624182118575845379e-06
6.880000000000000000e+02 1.267577068685776104e-02 6.953062023967504501e-03 1.523476726106309798e-06 1.860459178715245798e-06 1.725963102217065170e-06 1.623103571546380408e-06 1.596467427589232102e-06 1.622243416932178661e-06
6.890000000000000000e+02 1.263900269842707647e-02 6.936816498637199402e-03 1.510505398982786573e-06 1.848330612119752914e-06 1.722922661429038271e-06 1.611722723282582592e-06 1.591165641912084538e-06 1.605043394192762207e-06
6.900000000000000000e+02 1.260239445494643930e-02 6.920619867742061615e-03 1.495237142989935819e-06 1.842913206928642467e-06 1.702947201920324005e-06 1.595535195519914851e-06 1.575333385517296847e-06 1.596499373590631876e-06
6.910000000000000000e+02 1.256594503236778057e-02 6.904450245201587677e-03 1.492103933742328081e-06 1.826163043006090447e-06 1.692654223006684333e-06 1.581853894094820134e-06 1.567292088111571502e-06 1.594104219293512870e-06
6.920000000000000000e+02 1.252965351331484546e-02 6.888350006192922592e-03 1.478617946304439101e-06 1.822366471060377080e-06 1.671945256020990200e-06 1.574743805576872546e-06 1.564828380651306361e-06 1.581693481966794934e-06
6.930000000000000000e+02 1.249351898702548078e-02 6.872294470667839050e-03 1.477794512538821436e-06 1.799167762328579556e-06 1.674605982771026902e-06 1.565693310112692416e-06 1.550269075778487604e-06 1.572954715811647475e-06
6.940000000000000000e+02 1.245754054929448795e-02 6.856293417513370514e-03 1.472190319873334374e-06 1.789615112102183048e-06 1.660158545746526215e-06 1.561825115459214430e-06 1.540847847536497284e-06 1.560059899929910898e-06
6.950000000000000000e+02 1.242171730241705893e-02 6.840322166681289673e-03 1.458032556911348365e-06 1.788204713193408679e-06 1.647227236389881000e-06 1.540577045489044394e-06 1.531124894427193794e-06 1.553696847622632049e-06
6.960000000000000000e+02 1.238604835513277928e-02 6.824419368058443069e-03 1.450447484785399865e-06 1.767766889315680601e-06 1.636503384361276403e-06 1.541247911518439651e-06 1.531495627205003984e-06 1.540886501061322633e-06
6.970000000000000000e+02 1.235053282257018645e-02 6.808549165725708008e-03 1.445943098588031717e-06 1.766500872690812685e-06 1.637024411138554569e-06 1.527422909930464812e-06 1.512593030383868609e-06 1.537078333058161661e-06
6.980000000000000000e+02 1.231516982619190390e-02 6.792728323489427567e-03 1.434859541404875927e-06 1.747659553075209260e-06 1.621040041754895356e-06 1.528241114101547282e-06 1.500129314990772400e-06 1.539893446533824317e-06
6.990000000000000000e+02 1.227995849374029051e-02 6.776962894946336746e-03 1.425263121745956596e-06 1.738140554152778350e-06 1.612145752005744725e-06 1.510789616077090614e-06 1.493301851951400749e-06 1.514224777565686963e-06
7.000000000000000000e+02 1.224489795918367284e-02 6.761237047612667084e-03 1.416548911947757006e-06 1.735109776745957788e-06 1.593940396560356021e-06 1.509051003267813940e-06 1.485824554947612341e-06 1.511323830527544487e-06
7.010000000000000000e+02 1.220998736266308039e-02 6.745549384504556656e-03 1.413883865097886883e-06 1.723481886983790901e-06 1.586658527230611071e-06 1.489925921305257361e-06 1.478401486565417144e-06 1.503825387771939859e-06
7.020000000000000000e+02 1.217522585043952568e-02 6.729920860379934311e-03 1.404070189892081544e-06 1.710484070827078540e-06 1.583545213179604616e-06 1.488314978814742062e-06 1.468420805394998752e-06 1.494097205068101175e-06
7.030000000000000000e+02 1.214061257484181852e-02 6.714337505400180817e-03 1.392383751408488024e-06 1.701892301753105130e-06 1.569600385664671194e-06 1.485174834670033306e-06 1.469373955842456780e-06 1.479376464885717724e-06
7.040000000000000000e+02 1.210614669421487648e-02 6.698788143694400787e-03 1.384129291182034649e-06 1.698101527836115565e-06 1.563853970765194390e-06 1.477669570704165380e-06 1.453424829378491268e-06 1.477328396504162811e-06
7.050000000000000000e+02 1.207182737286856787e-02 6.683294661343097687e-03 1.383678409183630720e-06 1.691310558271652553e-06 1.546367684568394907e-06 1.458515725971665233e-06 1.439240008949127514e-06 1.470466372666123789e-06
7.060000000000000000e+02 1.203765378102705265e-02 6.667852867394685745e-03 1.375398483105527703e-06 1.678681314842833672e-06 1.541412302685785107e-06 1.448898046874091960e-06 1.436436832591425627e-06 1.458156134503951762e-06
7.070000000000000000e+02 1.200362509477862286e-02 6.652448792010545731e-03 1.364021954941563308e-06 1.670731194280961063e-06 1.539421646157279611e-06 1.444597387489920948e-06 1.439807192582520656e-06 1.457666257920209318e-06
7.080000000000000000e+02 1.196974049602604617e-02 6.637089885771274567e-03 1.361958425150078256e-06 1.651563593441096600e-06 1.532558940198214259e-06 1.440244318473560270e-06 1.420057628820359241e-06 1.448438297302345745e-06
7.090000000000000000e+02 1.193599917243738998e-02 6.621775683015584946e-03 1.354695541522232816e-06 1.651127831792109646e-06 1.525302764093794394e-06 1.424592255716561340e-06 1.420437115484673996e-06 1.438228309780242853e-06
7.100000000000000000e+02 1.190240031739734153e-02 6.606508977711200714e-03 1.352576191493426450e-06 1.641555400055949576e-06 1.521038825558207463e-06 1.422784976057300810e-06 1.409325818713114131e-06 1.430749080100213178e-06
7.110000000000000000e+02 1.186894312995899307e-02 6.591288372874259949e-03 1.346245085187547375e-06 1.643038217480352614e-06 1.510414676886284724e-06 1.410846039107127581e-06 1.400279415975091979e-06 1.420937564944324549e-06
7.120000000000000000e+02 1.183562681479611092e-02 6.576112005859613419e-03 1.339639652542246040e-06 1.633207034501538146e-06 1.500220832895138301e-06 1.405947386956540868e-06 1.401066697326314170e-06 1.419506816091598012e-06
7.130000000000000000e+02 1.180245058215587464e-02 6.560969166457653046e-03 1.331576754637353588e-06 1.625357526791049168e-06 1.495758624514564872e-06 1.404992303832841571e-06 1.389253156958147883e-06 1.404185468345531262e-06
7.140000000000000000e+02 1.176941364781206555e-02 6.545884069055318832e-03 1.312102767769829370e-06 1.619179784029256552e-06 1.489116471020679455e-06 1.397993969476374332e-06 1.384744564347784035e-06 1.406173169016255997e-06
7.150000000000000000e+02 1.173651523301872876e-02 6.530829239636659622e-03 1.320428964390885085e-06 1.615652649888943415e-06 1.485970074099896010e-06 1.390558509228867479e-06 1.371833832308766432e-06 1.397454752805060707e-06
7.160000000000000000e+02 1.170375456446427938e-02 6.515833549201488495e-03 1.318629983870778233e-06 1.585705490469990764e-06 1.464474735257681459e-06 1.386394615110475570e-06 1.366741230413026642e-06 1.391732439515180886e-06
7.170000000000000000e+02 1.167113087422605791e-02 6.500880699604749680e-03 1.300226927014591638e-06 1.597564846633758862e-06 1.469842686674383003e-06 1.378599449708417524e-06 1.364829813610413112e-06 1.375900296807230916e-06
7.180000000000000000e+02 1.163864339972532809e-02 6.485957186669111252e-03 1.299579821534280200e-06 1.579219883751648013e-06 1.449749788662302308e-06 1.377652893097547349e-06 1.351096557300479617e-06 1.378853539790725335e-06
7.190000000000000000e+02 1.160629138368271529e-02 6.471085827797651291e-03 1.291595822294766549e-06 1.580023536007502116e-06 1.446786654923926108e-06 1.365195203106850386e-06 1.349974581899004988e-06 1.357657879452744965e-06
7.200000000000000000e+02 1.157407407407407343e-02 6.456255447119474411e-03 1.286582005377567839e-06 1.571719167259288952e-06 1.428953964932588860e-06 1.357242240374034736e-06 1.336081709268910345e-06 1.353530478809261695e-06
7.210000000000000000e+02 1.154199072408678729e-02 6.441485136747360229e-03 1.284397285417071544e-06 1.569106643728446215e-06 1.430344013897411060e-06 1.349339072476141155e-06 1.328133521383279003e-06 1.349669560113397893e-06
7.220000000000000000e+02 1.151004059207648769e-02 6.426744628697633743e-03 1.272263375540205743e-06 1.561328645038884133e-06 1.431802957085892558e-06 1.342794121228507720e-06 1.328563826064055320e-06 1.347252009509247728e-06
7.230000000000000000e+02 1.147822294152419341e-02 6.412039510905742645e-03 1.269155632144247647e-06 1.551595573801023420e-06 1.416866552972351201e-06 1.335557044512825087e-06 1.327486870650318451e-06 1.337718344984750729e-06
7.240000000000000000e+02 1.144653704099386424e-02 6.397376768290996552e-03 1.267442712560296059e-06 1.547396664136613254e-06 1.420990543010702822e-06 1.336325112788472325e-06 1.316292241426708642e-06 1.333523414359660819e-06
7.250000000000000000e+02 1.141498216409036863e-02 6.382755003869533539e-03 1.260326939700462390e-06 1.538348328722349834e-06 1.408219986842595972e-06 1.324937670688086655e-06 1.309276740357745439e-06 1.318161139352014288e-06
7.260000000000000000e+02 1.138355758941784514e-02 6.368184927850961685e-03 1.247834461537422612e-06 1.532384544589149300e-06 1.404228669343865477e-06 1.318768568125960883e-06 1.307695015384524595e-06 1.313449615736317355e-06
7.270000000000000000e+02 1.135226260053847497e-02 6.353656761348247528e-03 1.235999661730602384e-06 1.524553226772695780e-06 1.392354761264869012e-06 1.305316345678875223e-06 1.300107669521821663e-06 1.323495780525263399e-06
7.280000000000000000e+02 1.132109648593165006e-02 6.339170038700103760e-03 1.225257392434286885e-06 1.516968836767773610e-06 1.386757276122807525e-06 1.313412667514057830e-06 1.290145291932276450e-06 1.309626213696901686e-06
7.290000000000000000e+02 1.129005853895352456e-02 6.324714981019496918e-03 1.232258910022210330e-06 1.503289468018920161e-06 1.379189257022517268e-06 1.302641067013610154e-06 1.278176455343782436e-06 1.304111833633214701e-06
7.300000000000000000e+02 1.125914805779696000e-02 6.310306489467620850e-03 1.223208982992218807e-06 1.494769549026386812e-06 1.370056679661502130e-06 1.295276433666003868e-06 1.279111643270880450e-06 1.302834107264061458e-06
7.310000000000000000e+02 1.122836434545185745e-02 6.295936647802591324e-03 1.216825353367312346e-06 1.491899297434429172e-06 1.364447825835668482e-06 1.288019461753719952e-06 1.286782548959308770e-06 1.287265035898599308e-06
7.320000000000000000e+02 1.119770670966586078e-02 6.281620822846889496e-03 1.210678192364866845e-06 1.478542344557354227e-06 1.353270135950879194e-06 1.280721107832505368e-06 1.273674911317357328e-06 1.279298089684743900e-06
7.330000000000000000e+02 1.116717446290543814e-02 6.267324555665254593e-03 1.210088612424442545e-06 1.472169969929382205e-06 1.347782927041407675e-06 1.273718567063042428e-06 1.260233830180368386e-06 1.272369786420313176e-06
7.340000000000000000e+02 1.113676692231733815e-02 6.253084633499383926e-03 1.202554813062306494e-06 1.463531702938780654e-06 1.331679641225491650e-06 1.269396079806028865e-06 1.259603891412552912e-06 1.269806716663879342e-06
7.350000000000000000e+02 1.110648340969040693e-02 6.238881964236497879e-03 1.194691208183940034e-06 1.454261678190960083e-06 1.334905050498491619e-06 1.259830469280132093e-06 1.246904503204859793e-06 1.259011241927510127e-06
7.360000000000000000e+02 1.107632325141776931e-02 6.224734243005514145e-03 1.187996872431540396e-06 1.451276830266579054e-06 1.329123847426672000e-06 1.257175540558819193e-06 1.240047708961355966e-06 1.258096972378552891e-06
7.370000000000000000e+02 1.104628577845937452e-02 6.210609804838895798e-03 1.177874878521834034e-06 1.445075440642540343e-06 1.322041612183966208e-06 1.249588194696116261e-06 1.235455215464753564e-06 1.252228116754849907e-06
7.380000000000000000e+02 1.101637032630488865e-02 6.196531467139720917e-03 1.162610487881465815e-06 1.438208528270479292e-06 1.305693217545922380e-06 1.236408138538536150e-06 1.223431354446802288e-06 1.247261820935818832e-06
7.390000000000000000e+02 1.098657623493694627e-02 6.182492710649967194e-03 1.162077637673064601e-06 1.429111421202833299e-06 1.305693331232760102e-06 1.237520791619317606e-06 1.218268948832701426e-06 1.233695456903660670e-06
7.400000000000000000e+02 1.095690284879474036e-02 6.168483756482601166e-03 1.156499024546064902e-06 1.414674443367403001e-06 1.290519890062569175e-06 1.222831997438333929e-06 1.203336751132155769e-06 1.231627834386017639e-06
7.410000000000000000e+02 1.092734951673796778e-02 6.154529750347137451e-03 1.152941877080593258e-06 1.411315679433755577e-06 1.282791117773740552e-06 1.219141495312214829e-06 1.198900122290069703e-06 1.227312623086618260e-06
7.420000000000000000e+02 1.089791559201110094e-02 6.140596233308315277e-03 1.136129981205158401e-06 1.406185106134216767e-06 1.284323388972552493e-06 1.211933181366475765e-06 1.191319370263954625e-06 1.217261342389974743e-06
7.430000000000000000e+02 1.086860043220800980e-02 6.126716267317533493e-03 1.140229869633913040e-06 1.389950512020732276e-06 1.275397153222002089e-06 1.208473804581444710e-06 1.195073764392873272e-06 1.211011294799391180e-06
7.440000000000000000e+02 1.083940339923690661e-02 6.112879142165184021e-03 1.120123329201305751e-06 1.383342123517650180e-06 1.262152977687946986e-06 1.205701323669927660e-06 1.184363782158470713e-06 1.212440224662714172e-06
7.450000000000000000e+02 1.081032385928561851e-02 6.099074613302946091e-03 1.121153900385252200e-06 1.377113562739396002e-06 1.257992835235199891e-06 1.190406578643887769e-06 1.174042608909076080e-06 1.202112798637244850e-06
7.460000000000000000e+02 1.078136118278719829e-02 6.085307337343692780e-03 1.118741693062474951e-06 1.369283495478157420e-06 1.246473857463570312e-06 1.182434971269685775e-06 1.167070195151609369e-06 1.187391490020672791e-06
7.470000000000000000e+02 1.075251474438584411e-02 6.071572192013263702e-03 1.104952389141544700e-06 1.368679477309342474e-06 1.245549469786055852e-06 1.174277940663159825e-06 1.164775198958523106e-06 1.179769810732977930e-06
7.480000000000000000e+02 1.072378392290314342e-02 6.057890132069587708e-03 1.093018568099068943e-06 1.357952669422957115e-06 1.240464712282118853e-06 1.164054879154718947e-06 1.161723844234074932e-06 1.180289700641878881e-06
7.490000000000000000e+02 1.069516810130463277e-02 6.044240668416023254e-03 1.090827481675660238e-06 1.348030195913452189e-06 1.223713638864865061e-06 1.161683599093521480e-06 1.147065518125600647e-06 1.159899966296507046e-06
7.500000000000000000e+02 1.066666666666666631e-02 6.030634045600891113e-03 1.080090555660717655e-06 1.335089677922951523e-06 1.217192675539990887e-06 1.152888671640539542e-06 1.147002990364853758e-06 1.157213091573794372e-06
7.510000000000000000e+02 1.063827901014359825e-02 6.017055362462997437e-03 1.070526195690035820e-06 1.326319193140079733e-06 1.213381892739562318e-06 1.142300902756687719e-06 1.134318040385551285e-06 1.159169414677307941e-06
7.520000000000000000e+02 1.061000452693526552e-02 6.003513932228088379e-03 1.060543013409187552e-06 1.321220906902453862e-06 1.207415607495931908e-06 1.138899847319407854e-06 1.128763983615499455e-06 1.149180093307222705e-06
7.530000000000000000e+02 1.058184261625476873e-02 5.990021396428346634e-03 1.045938347488117870e-06 1.310555376221600454e-06 1.191168848890811205e-06 1.138600964623037726e-06 1.119067860599898268e-06 1.140209519689960871e-06
7.540000000000000000e+02 1.055379268129656885e-02 5.976564250886440277e-03 1.038193772728845943e-06 1.295828838010493200e-06 1.180809931611292996e-06 1.128147573581372853e-06 1.115478426072513685e-06 1.134211856879119296e-06
7.550000000000000000e+02 1.052585412920485977e-02 5.963137838989496231e-03 1.041434302351262886e-06 1.285683197238540743e-06 1.174453132080088835e-06 1.116379621635132935e-06 1.103894192056031898e-06 1.119977241614833474e-06
7.560000000000000000e+02 1.049802637104224438e-02 5.949759855866432190e-03 1.020216586766764522e-06 1.281391064367198851e-06 1.171105509456538130e-06 1.112692189053632319e-06 1.100284407584695145e-06 1.114890551434655208e-06
7.570000000000000000e+02 1.047030882175869863e-02 5.936418194323778152e-03 1.016204123516217805e-06 1.272562826670764480e-06 1.164316586255154107e-06 1.109566142076801043e-06 1.093099626814364456e-06 1.103592921936069615e-06
7.580000000000000000e+02 1.044270090016081835e-02 5.923101678490638733e-03 1.011978724818618502e-06 1.273029624826449435e-06 1.152235086010477971e-06 1.092554271053813864e-06 1.080675815501308534e-06 1.099132191484386567e-06
7.590000000000000000e+02 1.041520202888135578e-02 5.909817758947610855e-03 9.974752401831210591e-07 1.252759716408036184e-06 1.143483473242667969e-06 1.086749421119748149e-06 1.074896204045217019e-06 1.087782152353611309e-06
7.600000000000000000e+02 1.038781163434903017e-02 5.896593909710645676e-03 9.884453220365685411e-07 1.251375692845613230e-06 1.134448780248931143e-06 1.088446538233256433e-06 1.074099941433814820e-06 1.090986302187957335e-06
7.610000000000000000e+02 1.036052914675862288e-02 5.883398000150918961e-03 9.723271432449109852e-07 1.244322902493877336e-06 1.130988266595522873e-06 1.062826640918501653e-06 1.060690351550874766e-06 1.074055830940778833e-06
7.620000000000000000e+02 1.033335400004133271e-02 5.870236083865165710e-03 9.687535111879697070e-07 1.232725935551570728e-06 1.123204242503561545e-06 1.065830360857944470e-06 1.052557990988134407e-06 1.060072008840506896e-06
7.630000000000000000e+02 1.030628563183542956e-02 5.857099778950214386e-03 9.655828989707515575e-07 1.223059484800614882e-06 1.113507323680096306e-06 1.054541144185350277e-06 1.043017505253374111e-06 1.056197675097791944e-06
7.640000000000000000e+02 1.027932348345714231e-02 5.844010505825281143e-03 9.606350204194313847e-07 1.216393343383970205e-06 1.098652319342363626e-06 1.044150053530756850e-06 1.033702233144140337e-06 1.052479319696431048e-06
7.650000000000000000e+02 1.025246699987184332e-02 5.830964539200067520e-03 9.518577144262962975e-07 1.205053308694914449e-06 1.093230707738257479e-06 1.037886704580159858e-06 1.030516273203829769e-06 1.048769263434223831e-06
7.660000000000000000e+02 1.022571562966548275e-02 5.817944649606943130e-03 9.459195666750019882e-07 1.191104274766985327e-06 1.082785615835746285e-06 1.031530814543657470e-06 1.026070549414725974e-06 1.043278643919620663e-06
7.670000000000000000e+02 1.019906882501627615e-02 5.804961547255516052e-03 9.323343874712008983e-07 1.183984181807318237e-06 1.072571762961160857e-06 1.022054675559047610e-06 1.021401203615823761e-06 1.025523033604258671e-06
7.680000000000000000e+02 1.017252604166666609e-02 5.792015232145786285e-03 9.282355222239857540e-07 1.179237642645603046e-06 1.073992507372167893e-06 1.014490976558590773e-06 1.005510625873284880e-06 1.026172867568675429e-06
7.690000000000000000e+02 1.014608673889553017e-02 5.779105238616466522e-03 9.113326200349547435e-07 1.169744905382685829e-06 1.058681050380982924e-06 1.005605327009106986e-06 1.001732130134769250e-06 1.002457224785757717e-06
7.700000000000000000e+02 1.011975037949063884e-02 5.766230635344982147e-03 9.100303941522724926e-07 1.162122202913451474e-06 1.043985321302898228e-06 9.867818562270258553e-07 9.857494660536758602e-07 9.951332913260557689e-07
7.710000000000000000e+02 1.009351642972136816e-02 5.753400735557079315e-03 9.021775895234895870e-07 1.156066446128534153e-06 1.033555690810317174e-06 9.825364486459875479e-07 9.746934210852487013e-07 9.996696235248236917e-07
7.720000000000000000e+02 1.006738435931165895e-02 5.740589927881956100e-03 8.893694030120968819e-07 1.136853370553581044e-06 1.027827693178551272e-06 9.746120213094400242e-07 9.718957016957574524e-07 9.834175216383300722e-07
7.730000000000000000e+02 1.004135364141322054e-02 5.727822426706552505e-03 8.870820238371379673e-07 1.125508788391016424e-06 1.016447640722617507e-06 9.696027518657501787e-07 9.729253633850021288e-07 9.823514801610144787e-07
7.740000000000000000e+02 1.001542375257897209e-02 5.715084262192249298e-03 8.769364967520232312e-07 1.131298745349340606e-06 1.009988181976950727e-06 9.571425607646233402e-07 9.598604719940340146e-07 9.690255637906375341e-07
7.750000000000000000e+02 9.989594172736732114e-03 5.702402908354997635e-03 8.681075769345625304e-07 1.119963030760118272e-06 1.000268298412265722e-06 9.582588518242118880e-07 9.494963819633994717e-07 9.641444194130599499e-07
7.760000000000000000e+02 9.963864385163142059e-03 5.689735524356365204e-03 8.678510994286625646e-07 1.099070232157828286e-06 9.910187372952350415e-07 9.494265214016195387e-07 9.498870667812298052e-07 9.558303872836404480e-07
7.770000000000000000e+02 9.938233876457815488e-03 5.677099339663982391e-03 8.553656130061426666e-07 1.091162175725912675e-06 9.945098327079904266e-07 9.419093771612097044e-07 9.278132324652688112e-07 9.488164209869864862e-07
7.780000000000000000e+02 9.912702136517733548e-03 5.664501339197158813e-03 8.552491976843157317e-07 1.089419015443127137e-06 9.803898137761279941e-07 9.368843052470765542e-07 9.214887768393964507e-07 9.370244811179873068e-07
7.790000000000000000e+02 9.887268658511867703e-03 5.651937797665596008e-03 8.488237881465465762e-07 1.077180854736070614e-06 9.770365068106912076e-07 9.170087764687195886e-07 9.101323712457087822e-07 9.250105676983366720e-07
7.800000000000000000e+02 9.861932938856015837e-03 5.639422219246625900e-03 8.374878461836487986e-07 1.070059283847513143e-06 9.626468226997531019e-07 9.219623393619258422e-07 9.097347515307774302e-07 9.344670957034395542e-07
7.810000000000000000e+02 9.836694477187886421e-03 5.626935046166181564e-03 8.389327490476716775e-07 1.051823460329615045e-06 9.505443472335173283e-07 9.031929835146002006e-07 8.949364200816489756e-07 9.234951789949263912e-07
7.820000000000000000e+02 9.811552776342383902e-03 5.614465102553367615e-03 8.376428013434633613e-07 1.049658067131531425e-06 9.484202792009455152e-07 9.015003570311819203e-07 8.937647066886711400e-07 9.087593753065448254e-07
7.830000000000000000e+02 9.786507342327133499e-03 5.602058488875627518e-03 8.260864206022233702e-07 1.040419078890408855e-06 9.419475759386841673e-07 9.016591775434790179e-07 8.900631200958741829e-07 9.046279956237412989e-07
7.840000000000000000e+02 9.761557684298208942e-03 5.589655134826898575e-03 8.249857614828215446e-07 1.036495973494311329e-06 9.372192266710044350e-07 8.881475537236838136e-07 8.823025723359023686e-07 8.898235250853758771e-07
7.850000000000000000e+02 9.736703314536087478e-03 5.577309522777795792e-03 8.195124223675520625e-07 1.022593551169848070e-06 9.292800768889719620e-07 8.837675977702019736e-07 8.739904160393052734e-07 8.902228501028730534e-07
7.860000000000000000e+02 9.711943748421809561e-03 5.564979743212461472e-03 8.178170105566096026e-07 1.018074726744089276e-06 9.190734999720007181e-07 8.664088682053261437e-07 8.675611979924724437e-07 8.897370662452885881e-07
7.870000000000000000e+02 9.687278504413362329e-03 5.552695132791996002e-03 8.187723778974032030e-07 1.015187194752797950e-06 9.150487585429800674e-07 8.721063409211637918e-07 8.556471016163413879e-07 8.721912081455229782e-07
7.880000000000000000e+02 9.662707104022262572e-03 5.540436133742332458e-03 8.035232212932896800e-07 1.005755734695412684e-06 9.074177000911731739e-07 8.572300771447771695e-07 8.582886721342219971e-07 8.751684958951955196e-07
7.890000000000000000e+02 9.638229071790349600e-03 5.528212990611791611e-03 8.029156788325053640e-07 1.005435706247226335e-06 9.029363923218625132e-07 8.569609235564712435e-07 8.498912507093336899e-07 8.528886610292829573e-07
7.900000000000000000e+02 9.613843935266784546e-03 5.516017321497201920e-03 7.991916959326772485e-07 9.929425459631602280e-07 8.941565283748786896e-07 8.549390599910111632e-07 8.463071594633220229e-07 8.594820997132046614e-07
7.910000000000000000e+02 9.589551224985256098e-03 5.503864027559757233e-03 7.877747520979028195e-07 9.860912086878670380e-07 8.951021186476282310e-07 8.462445748591562733e-07 8.338564043697260786e-07 8.550772463422617875e-07
7.920000000000000000e+02 9.565350474441383991e-03 5.491750314831733704e-03 7.957175967021612450e-07 9.830297358348616399e-07 8.885546662895649206e-07 8.458683282697165851e-07 8.402125217799039092e-07 8.417272852057067212e-07
7.930000000000000000e+02 9.541241220070318524e-03 5.479649174958467484e-03 7.915379569567448925e-07 9.721990181787987240e-07 8.750566848902963102e-07 8.312413228850346059e-07 8.229023933381540701e-07 8.356295211342512630e-07
7.940000000000000000e+02 9.517223001224549978e-03 5.467590410262346268e-03 7.735205826975288801e-07 9.782636425370583311e-07 8.809340670268284157e-07 8.248507583630271256e-07 8.139473379742412362e-07 8.324637406076362822e-07
7.950000000000000000e+02 9.493295360151893236e-03 5.455565173178911209e-03 7.781603699186234735e-07 9.612928124624886550e-07 8.731296929909149185e-07 8.213258979594684206e-07 8.124885084725974593e-07 8.286139632218691986e-07
7.960000000000000000e+02 9.469457841973687520e-03 5.443571135401725769e-03 7.754284183647541795e-07 9.543750820739660412e-07 8.638875215183361433e-07 8.196338399102387484e-07 8.077923325799929444e-07 8.244990112871164456e-07
7.970000000000000000e+02 9.445709994663173056e-03 5.431618075817823410e-03 7.666794772376306355e-07 9.504225317868986167e-07 8.522994789927906822e-07 8.107376174848468509e-07 8.081594842224149033e-07 8.203725201383349486e-07
7.980000000000000000e+02 9.422051369024063774e-03 5.419685505330562592e-03 7.627652962582942564e-07 9.485785312790540047e-07 8.507172992722189520e-07 8.088637173386814538e-07 8.066124337346991524e-07 8.082388376351445913e-07
7.990000000000000000e+02 9.398481518669300414e-03 5.407785531133413315e-03 7.581312502225046046e-07 9.398941642757563386e-07 8.503287176608864684e-07 8.013884666979720350e-07 7.944905746626318432e-07 8.039111207835958339e-07
8.000000000000000000e+02 9.374999999999999653e-03 5.395914427936077118e-03 7.614592618665483315e-07 9.335111599284573458e-07 8.428388014181109611e-07 7.972374191922426689e-07 7.981659564393339679e-07 8.014442300918744877e-07
8.010000000000000000e+02 9.351606372184581920e-03 5.384074058383703232e-03 7.619206030540226493e-07 9.328223882221209351e-07 8.321168252223287709e-07 8.007421570255246479e-07 7.864312578931276221e-07 7.888131676736520603e-07
8.020000000000000000e+02 9.328300197138077871e-03 5.372276995331048965e-03 7.487670927730505355e-07 9.242285727850685362e-07 8.332636980412644334e-07 7.919053359728422947e-07 7.873293839111283887e-07 7.897093610154115595e-07
8.030000000000000000e+02 9.305081039501620493e-03 5.360506940633058548e-03 7.486233357667515520e-07 9.162124001704796683e-07 8.265528776973951608e-07 7.830244612705428153e-07 7.774079904265818186e-07 7.801677952556929085e-07
8.040000000000000000e+02 9.281948466622114147e-03 5.348770413547754288e-03 7.454787009919527918e-07 9.159396086033666506e-07 8.221334724112239201e-07 7.819464258318475913e-07 7.744712888779758941e-07 7.803967037034453824e-07
8.050000000000000000e+02 9.258902048532078807e-03 5.337068811058998108e-03 7.487660127480921801e-07 9.156082114714081399e-07 8.092592906905338168e-07 7.793705663061700761e-07 7.710648901593231130e-07 7.872338869674422313e-07
8.060000000000000000e+02 9.235941357929671261e-03 5.325386300683021545e-03 7.430707569255901035e-07 8.988268973553203978e-07 8.170662226802960504e-07 7.863562245802313555e-07 7.586086780975165311e-07 7.851255645618948620e-07
8.070000000000000000e+02 9.213065970158879764e-03 5.313743837177753448e-03 7.385585831798380241e-07 9.042828423844184726e-07 8.158406785696570296e-07 7.687852985327481292e-07 7.694492296650423668e-07 7.731526920906617306e-07
8.080000000000000000e+02 9.190275463189883504e-03 5.302127916365861893e-03 7.435720021931047086e-07 9.009980885821278207e-07 8.053221449699776713e-07 7.629566880495985970e-07 7.558132892881985754e-07 7.756837021588580683e-07
8.090000000000000000e+02 9.167569417599594206e-03 5.290540866553783417e-03 7.339398848671407904e-07 8.878748189999896567e-07 8.008944973880716134e-07 7.628810294590948615e-07 7.657832838958711363e-07 7.711646503594238311e-07
8.100000000000000000e+02 9.144947416552355601e-03 5.278986878693103790e-03 7.215426762741117273e-07 8.939523468143306673e-07 8.035858058974554297e-07 7.579666316814837046e-07 7.608988425999996252e-07 7.639162618033878971e-07
8.110000000000000000e+02 9.122409045780809425e-03 5.267470143735408783e-03 7.205325118775363080e-07 8.821703545436321292e-07 7.934857535474293400e-07 7.591679604956880212e-07 7.487702760045067407e-07 7.599007290082226973e-07
8.120000000000000000e+02 9.099953893566940094e-03 5.255979485809803009e-03 7.336181511163886171e-07 8.814913030619209167e-07 7.933468282317335252e-07 7.523665317421546206e-07 7.384142577393504325e-07 7.577426686111721210e-07
8.130000000000000000e+02 9.077581550723256426e-03 5.244504660367965698e-03 7.226581146824173629e-07 8.748405662117875181e-07 7.965461463754763827e-07 7.469859042430471163e-07 7.430399477925675455e-07 7.569458944090001751e-07
8.140000000000000000e+02 9.055291610574165914e-03 5.233087576925754547e-03 7.162168458307860419e-07 8.684140766490600072e-07 7.915937771940662060e-07 7.558026027254527435e-07 7.482764772248629015e-07 7.563905910501489416e-07
8.150000000000000000e+02 9.033083668937484309e-03 5.221675615757703781e-03 7.165334068304218818e-07 8.735355550015810877e-07 7.798056458341307007e-07 7.438809461746132001e-07 7.420712790917605162e-07 7.483084800696815364e-07
8.160000000000000000e+02 9.010957324106113470e-03 5.210306029766798019e-03 7.167989224399207160e-07 8.675480103192967363e-07 7.752138913019734900e-07 7.425183525811007712e-07 7.425733201671391726e-07 7.485291462216991931e-07
8.170000000000000000e+02 8.988912176829880543e-03 5.198972765356302261e-03 7.154657168939593248e-07 8.732135370337346103e-07 7.696078796470828820e-07 7.328647484428074677e-07 7.304229256988037378e-07 7.462154485438077245e-07
8.180000000000000000e+02 8.966947830297522862e-03 5.187661387026309967e-03 7.103626558091491461e-07 8.634817163510888349e-07 7.637171393071184866e-07 7.331553320000239182e-07 7.277467943822557572e-07 7.383679871963977348e-07
8.190000000000000000e+02 8.945063890118835903e-03 5.176374688744544983e-03 7.068620675454440061e-07 8.621783536000293680e-07 7.625807825206720736e-07 7.364561724898521788e-07 7.254831757563806605e-07 7.324227340177458245e-07
8.200000000000000000e+02 8.923259964306960029e-03 5.165121518075466156e-03 6.995168178036692552e-07 8.572988008381798863e-07 7.677015787521668244e-07 7.235775569824909326e-07 7.189118491623958107e-07 7.325921274059510324e-07
8.210000000000000000e+02 8.901535663260840697e-03 5.153905134648084641e-03 6.994320074227289297e-07 8.553084285267686937e-07 7.647504389751702547e-07 7.272276434377999976e-07 7.232812890833884012e-07 7.297161914721073117e-07
8.220000000000000000e+02 8.879890599747811836e-03 5.142714828252792358e-03 7.022547947599377949e-07 8.547942229597538244e-07 7.585890671180095524e-07 7.288559231710678432e-07 7.149800467232125811e-07 7.289365839824313298e-07
8.230000000000000000e+02 8.858324388886345754e-03 5.131548270583152771e-03 6.940376806596759707e-07 8.407097880080982577e-07 7.586145898130780552e-07 7.220513680294970982e-07 7.149330940592335537e-07 7.160019777074921876e-07
8.240000000000000000e+02 8.836836648128947036e-03 5.120412912219762802e-03 6.895282922414480709e-07 8.339777650689939037e-07 7.639836780981568154e-07 7.229388074847520329e-07 7.119631959540129174e-07 7.200607115009916015e-07
8.250000000000000000e+02 8.815426997245178267e-03 5.109312478452920914e-03 6.823880767115042545e-07 8.450273298876709305e-07 7.475306347259902395e-07 7.200052323241834529e-07 7.156975243560736999e-07 7.212317427729431074e-07
8.260000000000000000e+02 8.794095058304850568e-03 5.098242778331041336e-03 6.853651370875013527e-07 8.417277967964764684e-07 7.487620337087719236e-07 7.190610062934865709e-07 7.106485782060190104e-07 7.194533395704638679e-07
8.270000000000000000e+02 8.772840455661333817e-03 5.087194032967090607e-03 6.730272730237629730e-07 8.411452654399909079e-07 7.393271062028361484e-07 7.104770816113159526e-07 7.069460252751014195e-07 7.223498528219352011e-07
8.280000000000000000e+02 8.751662815935028206e-03 5.076176486909389496e-03 6.763119131392159034e-07 8.347611242243146989e-07 7.452219392689585220e-07 7.066900593599712010e-07 7.024597152849310078e-07 7.149483280954882503e-07
8.290000000000000000e+02 8.730561767996962430e-03 5.065188277512788773e-03 6.708206115035864059e-07 8.277966685454885010e-07 7.365562169070472009e-07 7.079864872139296494e-07 6.997530590524547733e-07 7.180188958955113776e-07
8.300000000000000000e+02 8.709536942952532390e-03 5.054228007793426514e-03 6.607904765587591100e-07 8.241930800068075769e-07 7.331473739213834051e-07 6.991146506152290385e-07 7.041663252493890468e-07 7.115759217413142323e-07
8.310000000000000000e+02 8.688587974125385610e-03 5.043299403041601181e-03 6.656346727140771691e-07 8.106341056191013195e-07 7.409375939460005611e-07 7.021998271738993935e-07 6.928879656697972678e-07 7.066434477565053385e-07
8.320000000000000000e+02 8.667714497041420149e-03 5.032395478338003159e-03 6.493283990494091995e-07 8.236184498855436686e-07 7.331601068472082261e-07 6.992019052631803788e-07 6.844267090855282731e-07 7.020612997621356044e-07
8.330000000000000000e+02 8.646916149412946576e-03 5.021519493311643600e-03 6.579971341125201434e-07 8.108432325570902321e-07 7.228354661492630839e-07 6.936544423297164030e-07 6.917069299561262596e-07 7.026147272881644312e-07
8.340000000000000000e+02 8.626192571122957495e-03 5.010680295526981354e-03 6.444305995501053985e-07 8.106956101983087137e-07 7.183008392530609854e-07 6.927477897988865152e-07 6.865803925393265672e-07 6.970669232941872906e-07
8.350000000000000000e+02 8.605543404209544528e-03 4.999869037419557571e-03 6.419073770302929915e-07 8.073874369074474089e-07 7.225912668218370527e-07 6.843138748990895692e-07 6.779931709388620220e-07 6.957695291021082085e-07
8.360000000000000000e+02 8.584968292850438457e-03 4.989082925021648407e-03 6.474305678239034023e-07 8.048675113059289288e-07 7.171058200583502185e-07 6.848533757874974981e-07 6.804286272199533414e-07 6.882602860969200265e-07
8.370000000000000000e+02 8.564466883347679471e-03 4.978309385478496552e-03 6.314231768556055613e-07 7.912521482467127498e-07 7.066554417178849690e-07 6.778446390853787307e-07 6.717518772347830236e-07 6.777648877687170170e-07
8.380000000000000000e+02 8.544038824112417524e-03 4.967588931322097778e-03 6.311699962679995224e-07 7.953517524583730847e-07 7.095881642271706369e-07 6.744962774973828346e-07 6.642215453211974818e-07 6.756206971658684779e-07
8.390000000000000000e+02 8.523683765649839317e-03 4.956868011504411697e-03 6.305632496150792576e-07 7.899086540419375524e-07 7.026857247183215804e-07 6.788524160583619960e-07 6.596604293918062467e-07 6.717862106597749516e-07
8.400000000000000000e+02 8.503401360544218454e-03 4.946192260831594467e-03 6.258858320506988093e-07 7.813388265276444145e-07 7.020712473604362458e-07 6.701655479446344543e-07 6.540557819789682981e-07 6.717401674904976971e-07
8.410000000000000000e+02 8.483191263444090496e-03 4.935553763061761856e-03 6.208395006979117170e-07 7.809064754837891087e-07 6.893457680234860163e-07 6.693584850836487021e-07 6.579201681233826093e-07 6.591243959519488271e-07
8.420000000000000000e+02 8.463053131047556382e-03 4.924927372485399246e-03 6.180603691063879523e-07 7.723553494543011766e-07 6.915141739227692597e-07 6.603466431442939211e-07 6.486108645731292199e-07 6.610454192923498340e-07
8.430000000000000000e+02 8.442986622087696874e-03 4.914325661957263947e-03 6.162512136143050157e-07 7.672961146454326808e-07 6.917861128385993652e-07 6.530837026730296202e-07 6.457830181716417428e-07 6.608379976569267455e-07
8.440000000000000000e+02 8.422991397318118842e-03 4.903765860944986343e-03 6.007560955367807765e-07 7.707710665272315964e-07 6.870409379189368337e-07 6.520819511024456006e-07 6.444030873353767674e-07 6.534456815643352456e-07
8.450000000000000000e+02 8.403067119498617774e-03 4.893226549029350281e-03 5.993296099404687993e-07 7.649550184396503028e-07 6.836341412963520270e-07 6.432140935430652462e-07 6.460746817538165487e-07 6.475166856034775265e-07
8.460000000000000000e+02 8.383213453380949573e-03 4.882714711129665375e-03 5.930423867539502680e-07 7.547254767814592924e-07 6.750273087163805030e-07 6.433638759517634753e-07 6.460438726207939908e-07 6.403700467672024388e-07
8.470000000000000000e+02 8.363430065694742871e-03 4.872223827987909317e-03 5.925066943746060133e-07 7.552580996161850635e-07 6.709104809488053434e-07 6.440416768782597501e-07 6.360965585372468922e-07 6.401201062544714659e-07
8.480000000000000000e+02 8.343716625133499806e-03 4.861767869442701340e-03 5.807383445244340692e-07 7.493246130252373405e-07 6.686115057163988240e-07 6.380890340551559348e-07 6.265193519539025147e-07 6.504528755613137037e-07
8.490000000000000000e+02 8.324072802340728647e-03 4.851336125284433365e-03 5.807759748677199241e-07 7.423193437716690823e-07 6.615866823267424479e-07 6.321403702713723760e-07 6.217762802407378331e-07 6.403922157005581539e-07
8.500000000000000000e+02 8.304498269896194371e-03 4.840931855142116547e-03 5.813060965920158196e-07 7.315845778066432104e-07 6.482680987573985476e-07 6.282397180257248692e-07 6.221722514965222217e-07 6.300613790699571837e-07
8.510000000000000000e+02 8.284992702302261189e-03 4.830557387322187424e-03 5.698910285900637973e-07 7.299471462829387747e-07 6.514383699141035322e-07 6.289828888839110732e-07 6.142133202047261875e-07 6.265853471631999128e-07
8.520000000000000000e+02 8.265555775970375579e-03 4.820209462195634842e-03 5.594433218902850058e-07 7.277257623172772583e-07 6.406598345165548380e-07 6.140635946394468192e-07 6.210549940988130402e-07 6.289899943112686742e-07
8.530000000000000000e+02 8.246187169207637793e-03 4.809885285794734955e-03 5.565725587075576186e-07 7.237081831590330694e-07 6.354287052090512589e-07 6.121806563896825537e-07 6.122058948676567525e-07 6.164656269902479835e-07
8.540000000000000000e+02 8.226886562203489586e-03 4.799577873200178146e-03 5.502463409357005730e-07 7.173614449129672721e-07 6.369895686475501861e-07 6.036673880771559197e-07 6.095299909247842152e-07 6.104760927883035038e-07
8.550000000000000000e+02 8.207653637016518178e-03 4.789303056895732880e-03 5.549566139961825684e-07 7.065466434141853824e-07 6.284878395490522962e-07 6.179510023684997577e-07 5.942041525486274622e-07 6.073358918001758866e-07
8.560000000000000000e+02 8.188488077561359088e-03 4.779050592333078384e-03 5.408580250332306605e-07 6.975581641199823935e-07 6.303021677922515664e-07 5.983970368106383830e-07 5.930341444582154509e-07 6.077784746594261378e-07
8.570000000000000000e+02 8.169389569595709999e-03 4.768842365592718124e-03 5.364816502151370514e-07 6.993773808972036932e-07 6.239366143745428417e-07 5.976425541120988782e-07 5.980596711196994875e-07 6.004360670885944273e-07
8.580000000000000000e+02 8.150357800707450431e-03 4.758647643029689789e-03 5.359350438993715215e-07 7.010571039245405700e-07 6.229792006706702523e-07 5.878581532670068555e-07 5.829996894135547336e-07 5.915380825172178447e-07
8.590000000000000000e+02 8.131392460301863773e-03 4.748481791466474533e-03 5.271418217489554081e-07 6.934751013432105538e-07 6.147585054350201972e-07 5.885547693651460577e-07 5.769917379438993521e-07 5.858675535819202196e-07
8.600000000000000000e+02 8.112493239588966856e-03 4.738344345241785049e-03 5.256412123344489373e-07 6.775279643989051692e-07 6.060988084755081218e-07 5.886357712370227091e-07 5.745783937527448870e-07 5.856703637618920766e-07
8.610000000000000000e+02 8.093659831570938420e-03 4.728225525468587875e-03 5.236730089563934598e-07 6.759194093319820240e-07 6.070774247746157926e-07 5.783979872830968816e-07 5.710206778530846350e-07 5.685820383405371103e-07
8.620000000000000000e+02 8.074891931029656855e-03 4.718142561614513397e-03 5.133521767675119918e-07 6.716099960613064468e-07 5.942309826423297636e-07 5.645020451083837543e-07 5.682276764673588332e-07 5.650295520354120526e-07
8.630000000000000000e+02 8.056189234514326419e-03 4.708079155534505844e-03 5.148518198438978288e-07 6.610185891986475326e-07 5.913676091040542815e-07 5.653027983498759568e-07 5.558947577810613438e-07 5.711337962566176429e-07
8.640000000000000000e+02 8.037551440329217950e-03 4.698045551776885986e-03 5.089364094601478428e-07 6.594787578251271043e-07 5.900566861782863270e-07 5.589878924183722120e-07 5.547722707888169680e-07 5.603535555565031245e-07
8.650000000000000000e+02 8.018978248521501512e-03 4.688030574470758438e-03 5.040465680394845549e-07 6.509732202175655402e-07 5.747775162490142975e-07 5.589931220129074063e-07 5.515380507858935744e-07 5.501823920894821640e-07
8.660000000000000000e+02 8.000469360869170987e-03 4.678036086261272430e-03 4.922867447021417320e-07 6.442389803851256147e-07 5.781436129836947657e-07 5.472111865856277291e-07 5.460478291752224322e-07 5.500434667737863492e-07
8.670000000000000000e+02 7.982024480869083158e-03 4.668070934712886810e-03 5.024958795729617123e-07 6.452999627981625963e-07 5.682209121005143970e-07 5.505157787411008030e-07 5.367401740841160063e-07 5.477135118781006895e-07
8.680000000000000000e+02 7.963643313725073114e-03 4.658136982470750809e-03 4.924637551084742881e-07 6.321786258922656998e-07 5.560403906201827340e-07 5.361391117730818223e-07 5.324926632965798490e-07 5.495396067090041470e-07
8.690000000000000000e+02 7.945325566336185891e-03 4.648217465728521347e-03 4.953794814355205745e-07 6.297696586443635169e-07 5.599641212938877288e-07 5.339726953934587073e-07 5.295678988659346942e-07 5.379052936405059882e-07
8.700000000000000000e+02 7.927070947284977492e-03 4.638338927179574966e-03 4.824009351978020277e-07 6.217318855306075420e-07 5.564940011026919819e-07 5.347203568817349151e-07 5.248973025118175428e-07 5.337359425539034419e-07
8.710000000000000000e+02 7.908879166825942553e-03 4.628474824130535126e-03 4.762791832035873085e-07 6.243937491490214597e-07 5.483508971337869298e-07 5.246170076134148985e-07 5.130592057867033873e-07 5.306392836246232037e-07
8.720000000000000000e+02 7.890749936874000975e-03 4.618648439645767212e-03 4.801109412255755160e-07 6.129824328127142508e-07 5.406835157373279799e-07 5.229385919847118203e-07 5.114169994158146437e-07 5.190486831452290062e-07
8.730000000000000000e+02 7.872682970993099064e-03 4.608836956322193146e-03 4.684465579884999897e-07 6.113922381700831465e-07 5.412831569628906436e-07 5.096876520838122815e-07 5.031588443671353161e-07 5.171144721316522919e-07
8.740000000000000000e+02 7.854677984384900863e-03 4.599050153046846390e-03 4.766247911902610213e-07 6.006997068652708549e-07 5.254647135188861284e-07 5.021775564273411874e-07 5.093962727187317796e-07 5.149921094016463030e-07
8.750000000000000000e+02 7.836734693877550617e-03 4.589279182255268097e-03 4.549344794213538989e-07 5.963038915979268495e-07 5.279511015032767318e-07 5.065229515821556561e-07 4.983498342880920973e-07 5.160713385521376040e-07
8.760000000000000000e+02 7.818852817914554929e-03 4.579545464366674423e-03 4.557718398245924618e-07 5.957849680271465331e-07 5.253217523204511963e-07 5.060451258032117039e-07 5.000395617571484763e-07 5.041985673415183555e-07
8.770000000000000000e+02 7.801032076543726497e-03 4.569843411445617676e-03 4.479080359942599898e-07 5.829097631249169353e-07 5.150263291398005094e-07 4.993336801817349624e-07 4.944201918988255784e-07 5.048666480433894321e-07
8.780000000000000000e+02 7.783272191406229341e-03 4.560153000056743622e-03 4.446139314495667350e-07 5.768370101577602327e-07 5.050704317000054289e-07 4.928939461024128832e-07 4.927166514789860230e-07 4.983939447811280843e-07
8.790000000000000000e+02 7.765572885725712492e-03 4.550488200038671494e-03 4.472077819173136959e-07 5.756612040386244189e-07 5.134332354828075040e-07 4.805346520697639789e-07 4.813236387235519942e-07 4.908164896733069327e-07
8.800000000000000000e+02 7.747933884297520876e-03 4.540851339697837830e-03 4.466688778848038055e-07 5.704924888050300069e-07 5.089277124170621391e-07 4.837717142436304130e-07 4.779727191817073617e-07 4.889624278803239577e-07
8.810000000000000000e+02 7.730354913478002486e-03 4.531234037131071091e-03 4.378587163955671713e-07 5.753323648605146445e-07 5.037288701714714989e-07 4.867115421802736819e-07 4.794337655766867101e-07 4.843155352318717632e-07
8.820000000000000000e+02 7.712835701173893603e-03 4.521652124822139740e-03 4.301107026094541652e-07 5.622695766760443803e-07 5.010994641452271026e-07 4.726606732674554223e-07 4.751458106966310879e-07 4.883921747023123316e-07
8.830000000000000000e+02 7.695375976831788159e-03 4.512075800448656082e-03 4.317760726735286880e-07 5.625142307508212980e-07 4.946583089804335032e-07 4.743789929761987878e-07 4.591542221987765515e-07 4.719424282484396826e-07
8.840000000000000000e+02 7.677975471427693835e-03 4.502534866333007812e-03 4.490646574595302809e-07 5.655440418195212260e-07 5.005479124520206824e-07 4.734272636142122792e-07 4.568996132547908928e-07 4.779319624503841624e-07
8.850000000000000000e+02 7.660633917456669689e-03 4.493009764701128006e-03 4.403800346608477412e-07 5.561641387430427130e-07 4.860664262196223717e-07 4.691443109550164081e-07 4.583453971918061143e-07 4.700566762494418072e-07
8.860000000000000000e+02 7.643351048922541850e-03 4.483515862375497818e-03 4.353044289473473327e-07 5.538555001294298563e-07 4.834773221773502883e-07 4.590887101585394703e-07 4.630048806575359777e-07 4.715338945970870554e-07
8.870000000000000000e+02 7.626126601327708546e-03 4.474036861211061478e-03 4.214030013827141374e-07 5.524094035536109004e-07 4.758573197705118218e-07 4.453778785773465643e-07 4.560607749226619489e-07 4.634223387256497517e-07
8.880000000000000000e+02 7.608960311663014522e-03 4.464601166546344757e-03 4.320986874972732039e-07 5.465822141559328884e-07 4.778208335665112827e-07 4.556728470106463647e-07 4.572656280288356356e-07 4.609246957443247084e-07
8.890000000000000000e+02 7.591851918397713936e-03 4.455175250768661499e-03 4.209106521102512488e-07 5.470862447509716731e-07 4.801254362973850220e-07 4.542890224001894239e-07 4.451151198736624792e-07 4.627963505754451035e-07
8.900000000000000000e+02 7.574801161469511303e-03 4.445773549377918243e-03 4.233757238125690492e-07 5.386326620282488875e-07 4.707443963525292929e-07 4.545899230379291112e-07 4.427241435678297421e-07 4.486989837459987029e-07
8.910000000000000000e+02 7.557807782274673578e-03 4.436391871422529221e-03 4.206043797694292152e-07 5.262854756438173354e-07 4.616399280621408252e-07 4.371350996734690852e-07 4.327388865021930542e-07 4.453425219708151417e-07
8.920000000000000000e+02 7.540871523658227230e-03 4.427042789757251740e-03 4.136934137477510376e-07 5.300656198414799292e-07 4.590837079376797192e-07 4.448762069841905031e-07 4.363289747288945364e-07 4.525701342572574504e-07
8.930000000000000000e+02 7.523992129904232516e-03 4.417710006237030029e-03 4.133152913254889427e-07 5.222311756369890645e-07 4.605192032158811344e-07 4.390337267068389338e-07 4.380822815619467292e-07 4.463845471036620438e-07
8.940000000000000000e+02 7.507169346726123675e-03 4.408414009958505630e-03 4.121918095734145027e-07 5.199520387577649672e-07 4.516969056567177176e-07 4.324107578668190399e-07 4.262716686298517743e-07 4.479951485336641781e-07
8.950000000000000000e+02 7.490402921257139322e-03 4.399129655212163925e-03 4.064159213612583699e-07 5.109999392516328953e-07 4.516178080393729033e-07 4.325414693084894679e-07 4.226523060424369760e-07 4.343734758549544495e-07
8.960000000000000000e+02 7.473692602040816167e-03 4.389873705804347992e-03 4.091629932645446388e-07 5.153264623913855758e-07 4.497355803323443979e-07 4.371827913018933032e-07 4.244687090704246657e-07 4.448363029041502159e-07
8.970000000000000000e+02 7.457038139021561658e-03 4.380636382848024368e-03 3.984737872997357044e-07 5.172186661184241530e-07 4.515239311331242789e-07 4.311921770749904681e-07 4.255140879649843555e-07 4.326370230955944862e-07
8.980000000000000000e+02 7.440439283535300354e-03 4.371421877294778824e-03 4.040045666897640331e-07 5.068002906227775384e-07 4.455857265384111088e-07 4.334512198056472698e-07 4.245565605742740445e-07 4.327747262777847936e-07
8.990000000000000000e+02 7.423895788300187946e-03 4.362235777080059052e-03 4.011927217106858734e-07 5.010454060538904741e-07 4.412143539411772508e-07 4.296797726510703797e-07 4.276843696970900055e-07 4.293654285447701113e-07
9.000000000000000000e+02 7.407407407407407690e-03 4.353065043687820435e-03 3.986326930771610932e-07 5.021693709750252310e-07 4.434752440829470288e-07 4.183343946806417080e-07 4.201952776838879799e-07 4.240061457494448405e-07
9.010000000000000000e+02 7.390973896312027537e-03 4.343915730714797974e-03 4.002095295163599076e-07 4.992175490770023316e-07 4.410259180076536722e-07 4.210375550428580027e-07 4.133876245759893209e-07 4.271847160453035031e-07
9.020000000000000000e+02 7.374595011823933607e-03 4.334798548370599747e-03 3.979596954195585568e-07 4.998089480068301782e-07 4.323407836182013853e-07 4.160020523613638943e-07 4.183753787856403505e-07 4.240458508775191149e-07
9.030000000000000000e+02 7.358270512098836515e-03 4.325694870203733444e-03 3.872700347073987359e-07 4.996867346562794410e-07 4.337620396199781680e-07 4.123725148019730113e-07 4.125492694129206939e-07 4.223408893722080393e-07
9.040000000000000000e+02 7.342000156629336673e-03 4.316613078117370605e-03 3.911784460797207430e-07 4.947753495798679069e-07 4.353263705070276046e-07 4.158702040513162501e-07 4.158577269208763028e-07 4.197960947749379557e-07
9.050000000000000000e+02 7.325783706236073736e-03 4.307562950998544693e-03 3.891452422521979315e-07 4.891494995717948768e-07 4.352162079612753587e-07 4.140670739616325591e-07 4.070654711085808231e-07 4.152508950028277468e-07
9.060000000000000000e+02 7.309620923058929819e-03 4.298534709960222244e-03 3.849848724257753929e-07 4.823258450414869003e-07 4.270053750587976538e-07 4.114803573429526296e-07 4.062441689711704385e-07 4.147233596540900180e-07
9.070000000000000000e+02 7.293511570548314241e-03 4.289517644792795181e-03 3.893873667948355433e-07 4.870003635915054474e-07 4.294573443530680379e-07 4.138073848025669577e-07 4.019744324068597052e-07 4.089203855528467102e-07
9.080000000000000000e+02 7.277455413456500322e-03 4.280531778931617737e-03 3.832157062788610347e-07 4.874449359704158269e-07 4.259667321093729697e-07 4.042060766096255975e-07 4.005640334980853368e-07 4.100620287772471784e-07
9.090000000000000000e+02 7.261452217829043702e-03 4.271559882909059525e-03 3.749948689346638275e-07 4.810880227523739450e-07 4.254115708590688882e-07 4.126754049593728269e-07 3.963896233472041786e-07 4.035705387650523335e-07
9.100000000000000000e+02 7.245501750996256179e-03 4.262614063918590546e-03 3.825399517154437490e-07 4.782465907737787347e-07 4.278591632100869901e-07 4.010622660644003190e-07 3.948380253859795630e-07 4.019651953512948239e-07
9.110000000000000000e+02 7.229603781564751530e-03 4.253686871379613876e-03 3.749922825591056608e-07 4.713874659501016140e-07 4.216987576910469215e-07 4.019974255697889021e-07 3.940375847832910949e-07 4.008697089830093319e-07
9.120000000000000000e+02 7.213758079409048583e-03 4.244795534759759903e-03 3.774105437059915857e-07 4.750304753997625085e-07 4.189891456007899251e-07 3.972397166762675624e-07 3.939561281640635571e-07 4.015452361727511743e-07
9.130000000000000000e+02 7.197964415663250619e-03 4.235913511365652084e-03 3.657764580111688701e-07 4.696717894603352761e-07 4.172106571331823943e-07 3.925127600723499199e-07 3.908114649675553665e-07 3.946545348298968747e-07
9.140000000000000000e+02 7.182222562712773338e-03 4.227068275213241577e-03 3.729492448201199295e-07 4.707516438884340459e-07 4.166484757206490031e-07 3.893001121468842030e-07 3.901931222571874969e-07 3.963585868405061774e-07
9.150000000000000000e+02 7.166532294186150898e-03 4.218232352286577225e-03 3.746270920146343997e-07 4.667353152854047948e-07 4.132338062845519744e-07 3.898036311511532404e-07 3.880325607497070450e-07 3.909536019364168169e-07
9.160000000000000000e+02 7.150893384946893118e-03 4.209419246762990952e-03 3.611303043271618662e-07 4.660882950702216476e-07 4.080858673205511877e-07 3.854364649669150822e-07 3.831655988051352324e-07 3.887803075031115441e-07
9.170000000000000000e+02 7.135305611085411212e-03 4.200623836368322372e-03 3.646981383553793421e-07 4.675705724821455078e-07 4.024739155283896253e-07 3.887417392434144858e-07 3.800317358582105953e-07 3.907701113803341286e-07
9.180000000000000000e+02 7.119768749911002496e-03 4.191851709038019180e-03 3.654865565749787493e-07 4.655770169392781099e-07 3.991074208897771314e-07 3.864899724703718675e-07 3.790364360156672774e-07 3.909857753114920342e-07
9.190000000000000000e+02 7.104282579943900153e-03 4.183108452707529068e-03 3.606473057971015805e-07 4.642600970328203402e-07 3.942863315842259908e-07 3.832961681382585084e-07 3.864685709231707733e-07 3.882836097091058036e-07
9.200000000000000000e+02 7.088846880907372430e-03 4.174379166215658188e-03 3.581579051115113543e-07 4.662870480842684628e-07 3.930814500563428737e-07 3.749921972939773696e-07 3.756357216389005771e-07 3.879822543240152299e-07
9.210000000000000000e+02 7.073461433719898175e-03 4.165670368820428848e-03 3.590097605865594232e-07 4.617222089109418448e-07 3.921002189599676058e-07 3.798420493694720790e-07 3.741710088434047066e-07 3.856585237826948287e-07
9.220000000000000000e+02 7.058126020487387464e-03 4.156991839408874512e-03 3.627245916959509486e-07 4.571189151647558901e-07 3.954821181650913786e-07 3.837320150523737539e-07 3.807865596172632650e-07 3.849042684578307671e-07
9.230000000000000000e+02 7.042840424495468155e-03 4.148323554545640945e-03 3.610358021433057729e-07 4.504122728121728869e-07 3.915643560503667686e-07 3.813659361640020506e-07 3.733110247594595421e-07 3.839554096884967294e-07
9.240000000000000000e+02 7.027604430201833154e-03 4.139684606343507767e-03 3.567622854916407960e-07 4.467320593448675936e-07 3.855274428588018054e-07 3.738733767022495158e-07 3.731390165739867371e-07 3.799153205363836605e-07
9.250000000000000000e+02 7.012417823228633655e-03 4.131069872528314590e-03 3.506743269099388272e-07 4.482551219098240836e-07 3.802059325153095415e-07 3.657697789094527252e-07 3.691066297051293077e-07 3.745290086953900754e-07
9.260000000000000000e+02 6.997280390354948705e-03 4.122476559132337570e-03 3.508398265239520697e-07 4.497414920479059219e-07 3.835876896118861623e-07 3.683871057091891998e-07 3.692127847898518667e-07 3.738725524726760341e-07
9.270000000000000000e+02 6.982191919509291196e-03 4.113890696316957474e-03 3.419463041609560605e-07 4.425310180522501469e-07 3.841633713363989955e-07 3.739808107638964429e-07 3.632108871443051612e-07 3.677451161365752341e-07
9.280000000000000000e+02 6.967152199762187588e-03 4.105346743017435074e-03 3.487656954348494764e-07 4.451035522379243048e-07 3.795560132857644930e-07 3.698459920542518375e-07 3.610284977639821591e-07 3.688810750190896215e-07
9.290000000000000000e+02 6.952161021318801863e-03 4.096800461411476135e-03 3.423608632147079334e-07 4.368061183868121589e-07 3.696909800510184141e-07 3.716583876212098403e-07 3.649520863291400019e-07 3.688010394853336038e-07
9.300000000000000000e+02 6.937218175511620198e-03 4.088283516466617584e-03 3.368946863702149130e-07 4.285606394205387915e-07 3.674731772207451286e-07 3.704053597175516188e-07 3.550935616658534855e-07 3.634551148934406228e-07
9.310000000000000000e+02 6.922323454793189411e-03 4.079789388924837112e-03 3.345265611187642207e-07 4.296157669614331098e-07 3.755201305466471240e-07 3.737941653980669798e-07 3.559295578270393889e-07 3.665405472474958515e-07
9.320000000000000000e+02 6.907476652728913522e-03 4.071305505931377411e-03 3.310464649075584020e-07 4.309606254082609667e-07 3.675506832223618403e-07 3.676233575333753834e-07 3.583458010325557552e-07 3.582054262096789898e-07
9.330000000000000000e+02 6.892677563989895416e-03 4.062854684889316559e-03 3.305047471258149017e-07 4.276680840575863840e-07 3.598591149511776166e-07 3.596502438085735776e-07 3.618851565079239663e-07 3.670572823466500267e-07
9.340000000000000000e+02 6.877925984345840092e-03 4.054436460137367249e-03 3.352221540353639284e-07 4.214909949951106682e-07 3.690943799483648036e-07 3.636496899162011687e-07 3.558616015197912930e-07 3.657928004940913524e-07
9.350000000000000000e+02 6.863221710658011683e-03 4.046015907078981400e-03 3.279979523540532682e-07 4.246195146606623894e-07 3.740484544323408045e-07 3.539584270129125798e-07 3.545110871527867857e-07 3.545004005900409538e-07
9.360000000000000000e+02 6.848564540872232979e-03 4.037625156342983246e-03 3.264738381858478533e-07 4.208981465581018711e-07 3.647870130407682154e-07 3.467670524059940362e-07 3.532033758801844670e-07 3.612837531363766175e-07
9.370000000000000000e+02 6.833954274011952608e-03 4.029261879622936249e-03 3.254162947996519506e-07 4.158616491167776985e-07 3.654236024885904044e-07 3.534690051765210228e-07 3.514756485856196377e-07 3.559183028301049490e-07
9.380000000000000000e+02 6.819390710171348638e-03 4.020906053483486176e-03 3.251840610118961195e-07 4.166043083841941552e-07 3.616734431943768868e-07 3.559889023563300725e-07 3.512382704684569035e-07 3.518855180573154939e-07
9.390000000000000000e+02 6.804873650508493771e-03 4.012577235698699951e-03 3.218977724372962257e-07 4.149303265421622200e-07 3.588054653391736792e-07 3.447513279297709232e-07 3.498816170122154290e-07 3.519633651194453705e-07
9.400000000000000000e+02 6.790402897238569102e-03 4.004255402833223343e-03 3.160438666327536339e-07 4.049157666941027856e-07 3.572748994429275626e-07 3.349878454628196778e-07 3.401071921871334780e-07 3.478892267594346777e-07
9.410000000000000000e+02 6.775978253627124720e-03 3.995982930064201355e-03 3.128595267298805993e-07 4.065915675255382666e-07 3.560603829555475386e-07 3.423189696150075179e-07 3.396975785108224954e-07 3.463331381681200583e-07
9.420000000000000000e+02 6.761599523983393215e-03 3.987706266343593597e-03 3.058470667838264490e-07 4.063872722781525226e-07 3.474744119102979312e-07 3.361721496730751824e-07 3.468551028618094278e-07 3.456544845903408714e-07
9.430000000000000000e+02 6.747266513653656095e-03 3.979452420026063919e-03 3.139973046017985325e-07 4.027108388982014731e-07 3.479731276456732303e-07 3.415109688376105623e-07 3.382573652288556332e-07 3.333682627726375358e-07
9.440000000000000000e+02 6.732979029014650972e-03 3.971215337514877319e-03 3.099526395544671686e-07 3.936042389796057250e-07 3.456543140600842889e-07 3.290176664449973032e-07 3.332708047310006805e-07 3.361627136655442882e-07
9.450000000000000000e+02 6.718736877467035989e-03 3.963010385632514954e-03 3.022299779331660829e-07 3.932674985662742984e-07 3.443617231368989451e-07 3.325193347336607985e-07 3.300056903299264377e-07 3.389921801044692984e-07
9.460000000000000000e+02 6.704539867428898486e-03 3.954830113798379898e-03 2.924086572875239654e-07 3.900420892932743300e-07 3.356839499701891327e-07 3.302950801753468113e-07 3.342091758895548992e-07 3.323032728985708673e-07
9.470000000000000000e+02 6.690387808329309634e-03 3.946656826883554459e-03 3.049023007406503893e-07 3.859021830976416823e-07 3.434875566199480090e-07 3.230778986562654609e-07 3.257048319937894121e-07 3.318638164273579605e-07
9.480000000000000000e+02 6.676280510601933713e-03 3.938494715839624405e-03 2.996347348016570322e-07 3.915678234989172779e-07 3.375455150944617344e-07 3.215751291918422794e-07 3.194942337358952500e-07 3.320600683309749002e-07
9.490000000000000000e+02 6.662217785678674689e-03 3.930366598069667816e-03 2.956683431420970010e-07 3.785947910728282295e-07 3.393894587588874856e-07 3.227837339636607794e-07 3.235790870803612052e-07 3.270106390118598938e-07
9.500000000000000000e+02 6.648199445983379169e-03 3.922262694686651230e-03 2.943835681890050182e-07 3.789005802445899462e-07 3.378300164058600785e-07 3.262583163632370997e-07 3.102599919202475576e-07 3.292524297648924403e-07
9.510000000000000000e+02 6.634225304925580984e-03 3.914164379239082336e-03 2.862198584807629231e-07 3.808939084137819009e-07 3.285767320448940154e-07 3.225757723157585133e-07 3.175628364715521457e-07 3.263143355525244260e-07
9.520000000000000000e+02 6.620295176894287412e-03 3.906084923073649406e-03 2.799338858494593296e-07 3.778676216370513430e-07 3.305412690224329708e-07 3.128258470042055706e-07 3.233068071040179348e-07 3.241252670704852790e-07
9.530000000000000000e+02 6.606408877251821778e-03 3.898032940924167633e-03 2.830775542861374561e-07 3.734760696261218982e-07 3.229408207516826224e-07 3.182856289640767500e-07 3.193152622316119960e-07 3.168626676597341429e-07
9.540000000000000000e+02 6.592566222327703347e-03 3.890005173161625862e-03 2.822528983870142838e-07 3.650473558991507161e-07 3.172265223838621750e-07 3.069934280119923642e-07 3.027956267942499835e-07 3.144445486213953700e-07
9.550000000000000000e+02 6.578767029412570591e-03 3.881987649947404861e-03 2.688655627025582362e-07 3.635298071458237246e-07 3.220822577532089781e-07 3.073215566473663785e-07 3.064622831061569741e-07 3.023545787073089741e-07
9.560000000000000000e+02 6.565011116752157358e-03 3.873985027894377708e-03 2.684294884147675475e-07 3.642360866251692642e-07 3.215863557670672890e-07 3.024105978965963004e-07 3.004165023412497249e-07 2.983731519634602591e-07
9.570000000000000000e+02 6.551298303541304609e-03 3.866020124405622482e-03 2.764967632629122818e-07 3.532194057243032148e-07 3.163067674449848710e-07 3.137759279070451157e-07 3.012939373547851574e-07 3.031956339327734895e-07
9.580000000000000000e+02 6.537628409918018121e-03 3.858054289594292641e-03 2.689814095901965629e-07 3.552362670689035440e-07 3.179779923812020570e-07 2.988062703934701858e-07 3.027732589089282556e-07 2.962707412734744139e-07
9.590000000000000000e+02 6.524001256957575635e-03 3.850130364298820496e-03 2.707611486130190315e-07 3.495747762372047873e-07 3.192069470969727263e-07 2.962176779419678496e-07 2.937560168447816977e-07 3.066859335376648232e-07
9.600000000000000000e+02 6.510416666666666956e-03 3.842207603156566620e-03 2.611127172258420615e-07 3.560284085324383341e-07 3.120503322406875668e-07 2.969191825741290813e-07 2.844046207428618800e-07 2.962776761705754325e-07
9.610000000000000000e+02 6.496874461977583497e-03 3.834306495264172554e-03 2.575887663169851294e-07 3.477836685306101572e-07 3.009018598731927341e-07 2.873865128094621468e-07 2.902989422182145063e-07 2.902530980009032646e-07
9.620000000000000000e+02 6.483374466742450326e-03 3.826420288532972336e-03 2.618110670482565183e-07 3.470341596312209731e-07 2.962339635814714711e-07 2.948270889646664727e-07 2.880801730498205870e-07 2.949479096514551202e-07
9.630000000000000000e+02 6.469916505727493772e-03 3.818555502220988274e-03 2.501956544165295782e-07 3.395560668195685139e-07 2.853766716270911274e-07 2.859774212993215770e-07 2.848008477940311423e-07 2.927262130469898693e-07
9.640000000000000000e+02 6.456500404607358468e-03 3.810714464634656906e-03 2.576516351382451830e-07 3.381309454653091962e-07 2.920049553267745068e-07 2.815074253703642171e-07 2.781586658784362953e-07 2.885382741624198388e-07
9.650000000000000000e+02 6.443125989959461695e-03 3.802891820669174194e-03 2.552497448959911708e-07 3.405860411476169247e-07 2.834678980434546247e-07 2.831220626831054688e-07 2.729890411501401104e-07 2.893750945531792240e-07
9.660000000000000000e+02 6.429793089258387627e-03 3.795088734477758408e-03 2.430344352433166932e-07 3.408061672871554038e-07 2.890110408770851791e-07 2.851238320999982534e-07 2.785103561109281145e-07 2.800876472974778153e-07
9.670000000000000000e+02 6.416501530870323197e-03 3.787291236221790314e-03 2.393841782577510457e-07 3.361280960234580562e-07 2.892571728807524778e-07 2.659255073922395241e-07 2.745935887560335686e-07 2.805102212732890621e-07
9.680000000000000000e+02 6.403251144047537348e-03 3.779526799917221069e-03 2.430297172395512462e-07 3.282091256551211700e-07 2.935803706805018010e-07 2.697052821076795226e-07 2.729571804138686275e-07 2.751650640675507020e-07
9.690000000000000000e+02 6.390041758922894964e-03 3.771771676838397980e-03 2.470132471898978110e-07 3.267741988111083629e-07 2.861264079001557548e-07 2.664104954419599380e-07 2.656495325936703011e-07 2.720635450259578647e-07
9.700000000000000000e+02 6.376873206504410710e-03 3.764046821743249893e-03 2.344524148156779120e-07 3.202639220489800209e-07 2.824103262355492916e-07 2.647088308549427893e-07 2.702353469885565573e-07 2.700631398511177395e-07
9.710000000000000000e+02 6.363745318669849702e-03 3.756321733817458153e-03 2.376897754174933652e-07 3.194012379026389681e-07 2.698450884963676799e-07 2.653586648193595465e-07 2.662710585354943760e-07 2.678976898096152581e-07
9.720000000000000000e+02 6.350657928161357671e-03 3.748636459931731224e-03 2.362587565585272387e-07 3.185485581980174175e-07 2.708702595555223525e-07 2.526177240724791773e-07 2.573011670392588712e-07 2.657297955011017621e-07
9.730000000000000000e+02 6.337610868580131895e-03 3.740959567949175835e-03 2.367816165360636660e-07 3.117781375294725876e-07 2.713384503749693977e-07 2.578439364242512966e-07 2.544727237818733556e-07 2.577869508968433365e-07
9.740000000000000000e+02 6.324603974381137229e-03 3.733295947313308716e-03 2.259436797658054275e-07 3.145624987155315466e-07 2.758701782568095950e-07 2.495507658295537112e-07 2.528882419028377626e-07 2.611963054732768796e-07
9.750000000000000000e+02 6.311637080867849893e-03 3.725657006725668907e-03 2.256136752976090065e-07 3.013468585777445696e-07 2.704953772081353236e-07 2.544437904816732043e-07 2.438946467009373009e-07 2.522507145386043703e-07
9.760000000000000000e+02 6.298710024187046362e-03 3.718030173331499100e-03 2.248783772529350244e-07 3.032419613191450480e-07 2.643141385760827689e-07 2.507258045625349041e-07 2.470605409143900033e-07 2.588541008208267158e-07
9.770000000000000000e+02 6.285822641323626954e-03 3.710431745275855064e-03 2.175347333377430914e-07 3.017297558471909724e-07 2.664543217179016210e-07 2.374331131704821019e-07 2.353917523123527644e-07 2.562087786373012932e-07
9.780000000000000000e+02 6.272974770095474974e-03 3.702838439494371414e-03 2.154827711819962133e-07 2.920589281529828440e-07 2.558529956786514958e-07 2.408406203358026687e-07 2.418169344764464768e-07 2.483769776517874561e-07
9.790000000000000000e+02 6.260166249148356628e-03 3.695276100188493729e-03 2.091683057869886397e-07 3.000809556397143751e-07 2.554841955770825734e-07 2.423417981844977476e-07 2.386107951224403223e-07 2.413590607375226682e-07
9.800000000000000000e+02 6.247396917950853897e-03 3.687720047309994698e-03 2.118553794616673258e-07 2.993871532908087829e-07 2.552261264554545050e-07 2.487825270236498909e-07 2.312907696477850550e-07 2.482812533344258554e-07
9.810000000000000000e+02 6.234666616789333836e-03 3.680185880511999130e-03 2.179478570951687288e-07 2.861330870018718997e-07 2.466514388288487680e-07 2.369249187950117630e-07 2.462269605985056842e-07 2.426202172500779852e-07
9.820000000000000000e+02 6.221975186762955176e-03 3.672682447358965874e-03 2.054543983831536025e-07 2.952260160782316234e-07 2.466336468387453351e-07 2.340809288625678164e-07 2.364470930160678108e-07 2.411640593891206663e-07
9.830000000000000000e+02 6.209322469778710482e-03 3.665172029286623001e-03 2.104221579202203429e-07 2.907449641043058364e-07 2.392841338405560236e-07 2.390100917182280682e-07 2.316297127435973380e-07 2.308806443807043252e-07
9.840000000000000000e+02 6.196708308546500406e-03 3.657699329778552055e-03 2.047507621227850905e-07 2.830031746725580888e-07 2.408089017080783378e-07 2.302861048519844189e-07 2.238445802049682243e-07 2.335826110311245429e-07
9.850000000000000000e+02 6.184132546574247838e-03 3.650244325399398804e-03 2.027510248581165797e-07 2.898907780490844743e-07 2.469985247444128618e-07 2.302817279087321367e-07 2.271048344937298680e-07 2.308614313051293720e-07
9.860000000000000000e+02 6.171595028163045019e-03 3.642791416496038437e-03 2.026765599794089212e-07 2.855341563190449961e-07 2.330861548216489609e-07 2.205941598276695004e-07 2.260372298223956022e-07 2.320158500879188068e-07
9.870000000000000000e+02 6.159095598402331007e-03 3.635367145761847496e-03 2.008241182238634792e-07 2.755160153355973307e-07 2.345312566376378527e-07 2.219786665591527708e-07 2.204958207130403025e-07 2.285244562472144025e-07
9.880000000000000000e+02 6.146634103165106444e-03 3.627948695793747902e-03 2.050925189678309835e-07 2.747153757809428498e-07 2.313178697477269452e-07 2.192412722479275544e-07 2.238232212903312757e-07 2.267799885657950654e-07
9.890000000000000000e+02 6.134210389103189089e-03 3.620560746639966965e-03 2.015235054386721458e-07 2.757649610884982394e-07 2.314141909209865844e-07 2.221152897163847229e-07 2.210898202292810311e-07 2.188076138054384501e-07
9.900000000000000000e+02 6.121824303642485823e-03 3.613191656768321991e-03 2.000968208903941559e-07 2.833486121289752191e-07 2.240141157017205842e-07 2.214233632003015373e-07 2.124174898199271411e-07 2.213818106611142866e-07
9.910000000000000000e+02 6.109475694978316711e-03 3.605833742767572403e-03 1.985544457738797064e-07 2.738718478667578893e-07 2.309182889348448953e-07 2.148166373672211193e-07 2.134449346158362459e-07 2.219109376255801180e-07
9.920000000000000000e+02 6.097164412070759862e-03 3.598495153710246086e-03 2.010459354551130673e-07 2.699315757581643993e-07 2.237942311467122636e-07 2.122420426076132571e-07 2.072957556720211869e-07 2.178311433453927748e-07
9.930000000000000000e+02 6.084890304640032735e-03 3.591166110709309578e-03 2.064086572772794170e-07 2.690740359412302496e-07 2.250560413585844799e-07 2.128907539145075134e-07 2.087570720732401242e-07 2.142451904774134164e-07
9.940000000000000000e+02 6.072653223161908996e-03 3.583872225135564804e-03 1.953849846358934883e-07 2.603765665298851673e-07 2.222588904032818391e-07 2.096019073860588833e-07 2.048052749614726054e-07 2.109940879790883628e-07
9.950000000000000000e+02 6.060453018863159666e-03 3.576585557311773300e-03 1.955003625653262134e-07 2.606460043352853972e-07 2.143139283816708485e-07 2.052699414889502805e-07 2.081729348901717458e-07 2.128569178694306174e-07
9.960000000000000000e+02 6.048289543717036768e-03 3.569314023479819298e-03 1.960765700914635090e-07 2.587542269338882761e-07 2.210272782576794270e-07 2.102650000779249240e-07 2.012041164789479808e-07 2.121812343602869078e-07
9.970000000000000000e+02 6.036162650438778657e-03 3.562051570042967796e-03 1.891992980063150753e-07 2.587641745321889175e-07 2.184879974720388418e-07 2.157652119194608531e-07 2.062295436644490110e-07 2.149815827579004690e-07
9.980000000000000000e+02 6.024072192481154386e-03 3.554822411388158798e-03 1.856388962551136501e-07 2.609609168757742736e-07 2.093339617204037495e-07 2.082909134060173528e-07 1.970508662907377584e-07 2.067025093310803641e-07
9.990000000000000000e+02 6.012018024030035823e-03 3.547601634636521339e-03 1.881170277329147211e-07 2.497272078016976593e-07 2.163562271562113892e-07 2.018582421214887290e-07 2.070403297693701461e-07 2.072372353723039851e-07
1.000000000000000000e+03 6.000000000000000125e-03 3.540395293384790421e-03 1.901486115229999996e-07 2.496489912573451875e-07 2.158893153136887122e-07 1.966601388403432793e-07 2.049102647561085178e-07 2.093876361186630675e-07
1.001000000000000000e+03 5.988017976029964308e-03 3.533213632181286812e-03 1.898682739920332097e-07 2.575456505837792065e-07 2.087175943188412930e-07 1.947995968976101722e-07 2.029561017025116598e-07 2.063866304524708539e-07
