1.000000000000000000e+00 6.000000000000000000e+03 7.193381347656250000e+02 7.193381347656250000e+02 7.193381347656250000e+02 7.193381347656250000e+02 7.193381347656250000e+02 7.193381347656250000e+02 7.193381347656250000e+02
2.000000000000000000e+00 1.500000000000000000e+03 6.130058288574218750e+01 6.130058670043945312e+01 6.338353157043457031e+00 5.850482940673828125e+00 6.103609561920166016e+00 6.387547016143798828e+00 6.943884849548339844e+00
3.000000000000000000e+00 6.666666666666666288e+02 2.751275062561035156e+01 2.751274871826171875e+01 1.681225299835205078e+00 1.772350788116455078e+00 1.685243010520935059e+00 1.955094814300537109e+00 1.952762484550476074e+00
4.000000000000000000e+00 3.750000000000000000e+02 1.809429550170898438e+01 1.597881698608398438e+01 6.226906180381774902e-01 6.574308276176452637e-01 6.686463952064514160e-01 6.544262766838073730e-01 8.103021383285522461e-01
5.000000000000000000e+00 2.400000000000000000e+02 1.260236835479736328e+01 8.992395401000976562e+00 2.727522850036621094e-01 3.319980204105377197e-01 3.391371667385101318e-01 2.874116897583007812e-01 3.805252313613891602e-01
6.000000000000000000e+00 1.666666666666666572e+02 9.112482070922851562e+00 5.041270732879638672e+00 1.399507373571395874e-01 1.910471171140670776e-01 1.801076531410217285e-01 1.427596956491470337e-01 2.029767632484436035e-01
7.000000000000000000e+00 1.224489795918367321e+02 6.823735713958740234e+00 3.010597467422485352e+00 9.129633754491806030e-02 1.315831542015075684e-01 1.138217449188232422e-01 9.403425455093383789e-02 1.407656669616699219e-01
8.000000000000000000e+00 9.375000000000000000e+01 5.279049873352050781e+00 2.000269651412963867e+00 6.876895576715469360e-02 9.490462392568588257e-02 7.594706863164901733e-02 7.592573016881942749e-02 1.056752353906631470e-01
9.000000000000000000e+00 7.407407407407407618e+01 4.206309318542480469e+00 1.457538127899169922e+00 5.495190247893333435e-02 7.237619161605834961e-02 5.756876990199089050e-02 6.240741163492202759e-02 7.751799374818801880e-02
1.000000000000000000e+01 6.000000000000000000e+01 3.439881801605224609e+00 1.110847353935241699e+00 4.687789082527160645e-02 5.641976371407508850e-02 4.948498681187629700e-02 5.337769165635108948e-02 6.225040182471275330e-02
1.100000000000000000e+01 4.958677685950413405e+01 2.876910448074340820e+00 8.570836186408996582e-01 4.205039143562316895e-02 4.651157930493354797e-02 4.409026727080345154e-02 4.661142826080322266e-02 5.394808575510978699e-02
1.200000000000000000e+01 4.166666666666666430e+01 2.452294349670410156e+00 6.667465567588806152e-01 3.860860317945480347e-02 4.128759354352951050e-02 4.031969979405403137e-02 4.254148155450820923e-02 4.932070896029472351e-02
1.300000000000000000e+01 3.550295857988165693e+01 2.124032258987426758e+00 5.290225744247436523e-01 3.614049404859542847e-02 3.781625255942344666e-02 3.697205334901809692e-02 3.940076753497123718e-02 4.570459946990013123e-02
1.400000000000000000e+01 3.061224489795918302e+01 1.864506125450134277e+00 4.318467676639556885e-01 3.441151976585388184e-02 3.544906899333000183e-02 3.456892818212509155e-02 3.761647269129753113e-02 4.316104203462600708e-02
1.500000000000000000e+01 2.666666666666666785e+01 1.655174255371093750e+00 3.613919913768768311e-01 3.304455429315567017e-02 3.377868980169296265e-02 3.270380944013595581e-02 3.632434085011482239e-02 4.135985299944877625e-02
1.600000000000000000e+01 2.343750000000000000e+01 1.483337402343750000e+00 3.066616654396057129e-01 3.190355002880096436e-02 3.240757063031196594e-02 3.129212558269500732e-02 3.542524576187133789e-02 4.055910557508468628e-02
1.700000000000000000e+01 2.076124567474048277e+01 1.340109348297119141e+00 2.616873085498809814e-01 3.094900771975517273e-02 3.128953278064727783e-02 3.012002445757389069e-02 3.480247780680656433e-02 4.056173935532569885e-02
1.800000000000000000e+01 1.851851851851851904e+01 1.219139218330383301e+00 2.243527621030807495e-01 3.013922087848186493e-02 3.040326945483684540e-02 2.928241156041622162e-02 3.449961915612220764e-02 4.128007590770721436e-02
1.900000000000000000e+01 1.662049861495844993e+01 1.115792274475097656e+00 1.939870268106460571e-01 2.941069379448890686e-02 2.953848987817764282e-02 2.852921001613140106e-02 3.430046513676643372e-02 4.246959462761878967e-02
2.000000000000000000e+01 1.500000000000000000e+01 1.026619315147399902e+00 1.697283983230590820e-01 2.875016070902347565e-02 2.869658172130584717e-02 2.784315496683120728e-02 3.417010232806205750e-02 4.385263845324516296e-02
2.100000000000000000e+01 1.360544217687074742e+01 9.490059018135070801e-01 1.502065658569335938e-01 2.812651731073856354e-02 2.795852348208427429e-02 2.726607210934162140e-02 3.408899530768394470e-02 4.520369321107864380e-02
2.200000000000000000e+01 1.239669421487603351e+01 8.809346556663513184e-01 1.339832246303558350e-01 2.752036973834037781e-02 2.724137902259826660e-02 2.672886103391647339e-02 3.393739834427833557e-02 4.634626954793930054e-02
2.300000000000000000e+01 1.134215500945179578e+01 8.208251595497131348e-01 1.200103759765625000e-01 2.691085822880268097e-02 2.651763893663883209e-02 2.618558704853057861e-02 3.369324281811714172e-02 4.711033776402473450e-02
2.400000000000000000e+01 1.041666666666666607e+01 7.674222588539123535e-01 1.077473536133766174e-01 2.631401829421520233e-02 2.584773302078247070e-02 2.569884061813354492e-02 3.339159116148948669e-02 4.745610058307647705e-02
2.500000000000000000e+01 9.599999999999999645e+00 7.197155952453613281e-01 9.699314087629318237e-02 2.570542693138122559e-02 2.520885318517684937e-02 2.523862384259700775e-02 3.301026299595832825e-02 4.739617556333541870e-02
2.600000000000000000e+01 8.875739644970414233e+00 6.768851876258850098e-01 8.765190839767456055e-02 2.510141022503376007e-02 2.456778101623058319e-02 2.476934902369976044e-02 3.256531059741973877e-02 4.696739837527275085e-02
2.700000000000000000e+01 8.230452674897119181e+00 6.382569074630737305e-01 7.959187030792236328e-02 2.451532334089279175e-02 2.396338433027267456e-02 2.432030811905860901e-02 3.210351988673210144e-02 4.626447707414627075e-02
2.800000000000000000e+01 7.653061224489795755e+00 6.032724976539611816e-01 7.262298464775085449e-02 2.392075769603252411e-02 2.338538132607936859e-02 2.389342896640300751e-02 3.162809461355209351e-02 4.537784308195114136e-02
2.900000000000000000e+01 7.134363852556480090e+00 5.714654326438903809e-01 6.653925776481628418e-02 2.334353700280189514e-02 2.281690388917922974e-02 2.345639839768409729e-02 3.114241547882556915e-02 4.437752813100814819e-02
3.000000000000000000e+01 6.666666666666666963e+00 5.424438118934631348e-01 6.116294488310813904e-02 2.279029041528701782e-02 2.227914705872535706e-02 2.302233129739761353e-02 3.066724725067615509e-02 4.332691431045532227e-02
3.100000000000000000e+01 6.243496357960458099e+00 5.158758759498596191e-01 5.636265873908996582e-02 2.224038727581501007e-02 2.176315709948539734e-02 2.260296605527400970e-02 3.019784018397331238e-02 4.228026047348976135e-02
3.200000000000000000e+01 5.859375000000000000e+00 4.914788007736206055e-01 5.204800143837928772e-02 2.170173265039920807e-02 2.126054465770721436e-02 2.217477373778820038e-02 2.972217276692390442e-02 4.125518724322319031e-02
3.300000000000000000e+01 5.509641873278236623e+00 4.690107107162475586e-01 4.815544188022613525e-02 2.118999511003494263e-02 2.078443393111228943e-02 2.174178138375282288e-02 2.924778312444686890e-02 4.025481641292572021e-02
3.400000000000000000e+01 5.190311418685120692e+00 4.482634663581848145e-01 4.463734105229377747e-02 2.068533562123775482e-02 2.032797038555145264e-02 2.131764963269233704e-02 2.876967005431652069e-02 3.928909078240394592e-02
3.500000000000000000e+01 4.897959183673469497e+00 4.290559291839599609e-01 4.145567491650581360e-02 2.018287591636180878e-02 1.988448761403560638e-02 2.088828012347221375e-02 2.827597409486770630e-02 3.834500163793563843e-02
3.600000000000000000e+01 4.629629629629629761e+00 4.112325310707092285e-01 3.857921063899993896e-02 1.970374584197998047e-02 1.946372911334037781e-02 2.045357041060924530e-02 2.777446992695331573e-02 3.740585595369338989e-02
3.700000000000000000e+01 4.382761139517896254e+00 3.946562111377716064e-01 3.598134219646453857e-02 1.923352479934692383e-02 1.906245760619640350e-02 2.002413198351860046e-02 2.726512216031551361e-02 3.646924719214439392e-02
3.800000000000000000e+01 4.155124653739612484e+00 3.792072832584381104e-01 3.363792970776557922e-02 1.876024529337882996e-02 1.867028884589672089e-02 1.959624700248241425e-02 2.674088068306446075e-02 3.553177416324615479e-02
3.900000000000000000e+01 3.944773175542406474e+00 3.647803366184234619e-01 3.152576088905334473e-02 1.830342411994934082e-02 1.829468831419944763e-02 1.916487887501716614e-02 2.621037885546684265e-02 3.458424285054206848e-02
4.000000000000000000e+01 3.750000000000000000e+00 3.512823283672332764e-01 2.962206676602363586e-02 1.785879023373126984e-02 1.793518662452697754e-02 1.873807795345783234e-02 2.567645721137523651e-02 3.362620994448661804e-02
4.100000000000000000e+01 3.569303985722783956e+00 3.386313915252685547e-01 2.790502645075321198e-02 1.741038262844085693e-02 1.757937297224998474e-02 1.831853017210960388e-02 2.513528242707252502e-02 3.266910836100578308e-02
4.200000000000000000e+01 3.401360544217686854e+00 3.267540335655212402e-01 2.635389752686023712e-02 1.697208546102046967e-02 1.723182201385498047e-02 1.789859123528003693e-02 2.459290251135826111e-02 3.171568363904953003e-02
4.300000000000000000e+01 3.244997295835586826e+00 3.155850470066070557e-01 2.494904585182666779e-02 1.654948294162750244e-02 1.689381152391433716e-02 1.748386211693286896e-02 2.405349910259246826e-02 3.077020682394504547e-02
4.400000000000000000e+01 3.099173553719008378e+00 3.050663769245147705e-01 2.367171272635459900e-02 1.612650416791439056e-02 1.655645295977592468e-02 1.707885786890983582e-02 2.351403981447219849e-02 2.984568476676940918e-02
4.500000000000000000e+01 2.962962962962962798e+00 2.951454818248748779e-01 2.250390499830245972e-02 1.570959761738777161e-02 1.622031256556510925e-02 1.667726971209049225e-02 2.297664061188697815e-02 2.894952520728111267e-02
4.600000000000000000e+01 2.835538752362948944e+00 2.857754826545715332e-01 2.142858318984508514e-02 1.530999969691038132e-02 1.588933542370796204e-02 1.628174446523189545e-02 2.244597300887107849e-02 2.808259613811969757e-02
4.700000000000000000e+01 2.716161158895427974e+00 2.769141495227813721e-01 2.043005637824535370e-02 1.491546723991632462e-02 1.555954106152057648e-02 1.589646562933921814e-02 2.191863767802715302e-02 2.724898047745227814e-02
4.800000000000000000e+01 2.604166666666666519e+00 2.685230970382690430e-01 1.949469000101089478e-02 1.452533248811960220e-02 1.522828452289104462e-02 1.551815029233694077e-02 2.139459922909736633e-02 2.645374089479446411e-02
4.900000000000000000e+01 2.498958767180341489e+00 2.605679333209991455e-01 1.861143857240676880e-02 1.415180973708629608e-02 1.490134932100772858e-02 1.514593139290809631e-02 2.087720111012458801e-02 2.569529786705970764e-02
5.000000000000000000e+01 2.399999999999999911e+00 2.530169486999511719e-01 1.777193322777748108e-02 1.378797087818384171e-02 1.457778085023164749e-02 1.478384900838136673e-02 2.036372944712638855e-02 2.497271448373794556e-02
5.100000000000000000e+01 2.306805074971165048e+00 2.458419799804687500e-01 1.697031594812870026e-02 1.342816092073917389e-02 1.425420865416526794e-02 1.443085260689258575e-02 1.985339820384979248e-02 2.428793162107467651e-02
5.200000000000000000e+01 2.218934911242603558e+00 2.390169054269790649e-01 1.620271801948547363e-02 1.308180391788482666e-02 1.393557433038949966e-02 1.408487558364868164e-02 1.934828609228134155e-02 2.364065684378147125e-02
5.300000000000000000e+01 2.135991456034175950e+00 2.325179129838943481e-01 1.546672545373439789e-02 1.274758577346801758e-02 1.362269930541515350e-02 1.374828256666660309e-02 1.884729042649269104e-02 2.302879281342029572e-02
5.400000000000000000e+01 2.057613168724279795e+00 2.263233959674835205e-01 1.476088259369134903e-02 1.241825427860021591e-02 1.331251487135887146e-02 1.342109311372041702e-02 1.834967359900474548e-02 2.245308272540569305e-02
5.500000000000000000e+01 1.983471074380165344e+00 2.204134315252304077e-01 1.408420223742723465e-02 1.209862902760505676e-02 1.300795469433069229e-02 1.310142409056425095e-02 1.785699464380741119e-02 2.191544137895107269e-02
5.600000000000000000e+01 1.913265306122448939e+00 2.147698998451232910e-01 1.343608275055885315e-02 1.179125346243381500e-02 1.271038874983787537e-02 1.278992835432291031e-02 1.736938208341598511e-02 2.141732349991798401e-02
5.700000000000000000e+01 1.846722068328716437e+00 2.093759328126907349e-01 1.281603798270225525e-02 1.148980297148227692e-02 1.241813041269779205e-02 1.248735375702381134e-02 1.688656955957412720e-02 2.096034772694110870e-02
5.800000000000000000e+01 1.783590963139120023e+00 2.042162418365478516e-01 1.222366653382778168e-02 1.119545102119445801e-02 1.213173102587461472e-02 1.219214871525764465e-02 1.641001552343368530e-02 2.054699510335922241e-02
5.900000000000000000e+01 1.723642631427750649e+00 1.992765963077545166e-01 1.165856048464775085e-02 1.091151218861341476e-02 1.185236778110265732e-02 1.190376281738281250e-02 1.593998260796070099e-02 2.017681300640106201e-02
6.000000000000000000e+01 1.666666666666666741e+00 1.945438832044601440e-01 1.112015452235937119e-02 1.063414663076400757e-02 1.157937292009592056e-02 1.162315253168344498e-02 1.547668129205703735e-02 1.984539628028869629e-02
6.100000000000000000e+01 1.612469766191883869e+00 1.900058388710021973e-01 1.060773618519306183e-02 1.036235038191080093e-02 1.131215039640665054e-02 1.134901307523250580e-02 1.502163521945476532e-02 1.954391226172447205e-02
6.200000000000000000e+01 1.560874089490114525e+00 1.856514066457748413e-01 1.012044306844472885e-02 1.009893137961626053e-02 1.105103828012943268e-02 1.108114607632160187e-02 1.457496453076601028e-02 1.925965771079063416e-02
6.300000000000000000e+01 1.511715797430083219e+00 1.814701855182647705e-01 9.657085873186588287e-03 9.841766208410263062e-03 1.079628057777881622e-02 1.081928331404924393e-02 1.413666084408760071e-02 1.897454820573329926e-02
6.400000000000000000e+01 1.464843750000000000e+00 1.774524152278900146e-01 9.216293692588806152e-03 9.589524939656257629e-03 1.054699718952178955e-02 1.056316308677196503e-02 1.370817609131336212e-02 1.866749115288257599e-02
6.500000000000000000e+01 1.420118343195266197e+00 1.735892146825790405e-01 8.796571753919124603e-03 9.343859739601612091e-03 1.030261162668466568e-02 1.031230110675096512e-02 1.328919921070337296e-02 1.831889711320400238e-02
6.600000000000000000e+01 1.377410468319559156e+00 1.698722541332244873e-01 8.396363817155361176e-03 9.103653021156787872e-03 1.006364822387695312e-02 1.006637141108512878e-02 1.287939585745334625e-02 1.791348680853843689e-02
6.700000000000000000e+01 1.336600579193584215e+00 1.662936061620712280e-01 8.014066144824028015e-03 8.868113160133361816e-03 9.829470887780189514e-03 9.825453162193298340e-03 1.248000003397464752e-02 1.744201034307479858e-02
6.800000000000000000e+01 1.297577854671280173e+00 1.628462076187133789e-01 7.648150436580181122e-03 8.637865073978900909e-03 9.599223732948303223e-03 9.588731452822685242e-03 1.209062524139881134e-02 1.690507307648658752e-02
6.900000000000000000e+01 1.260239445494643951e+00 1.595231890678405762e-01 7.297214586287736893e-03 8.411975577473640442e-03 9.373249486088752747e-03 9.356549009680747986e-03 1.171046029776334763e-02 1.631306856870651245e-02
7.000000000000000000e+01 1.224489795918367374e+00 1.563183218240737915e-01 6.959971971809864044e-03 8.190370164811611176e-03 9.151474572718143463e-03 9.128343313932418823e-03 1.134004071354866028e-02 1.568323932588100433e-02
7.100000000000000000e+01 1.190240031739734139e+00 1.532256305217742920e-01 6.635306868702173233e-03 7.973381318151950836e-03 8.933059871196746826e-03 8.903671056032180786e-03 1.097971294075250626e-02 1.503728050738573074e-02
7.200000000000000000e+01 1.157407407407407440e+00 1.502396166324615479e-01 6.322281900793313980e-03 7.760457694530487061e-03 8.717941120266914368e-03 8.682929910719394684e-03 1.062838360667228699e-02 1.439823396503925323e-02
7.300000000000000000e+01 1.125914805779695937e+00 1.473550498485565186e-01 6.020180415362119675e-03 7.551131304353475571e-03 8.506506681442260742e-03 8.465628139674663544e-03 1.028603035956621170e-02 1.378670148551464081e-02
7.400000000000000000e+01 1.095690284879474063e+00 1.445672810077667236e-01 5.728450138121843338e-03 7.346330676227807999e-03 8.298167958855628967e-03 8.251475170254707336e-03 9.953107684850692749e-03 1.321856211870908737e-02
7.500000000000000000e+01 1.066666666666666652e+00 1.418713927268981934e-01 5.446735769510269165e-03 7.145241368561983109e-03 8.092364296317100525e-03 8.040567860007286072e-03 9.628848172724246979e-03 1.270387507975101471e-02
7.600000000000000000e+01 1.038781163434903121e+00 1.392633020877838135e-01 5.174827296286821365e-03 6.947105284780263901e-03 7.889795117080211639e-03 7.833003066480159760e-03 9.312935173511505127e-03 1.224688254296779633e-02
7.700000000000000000e+01 1.011975037949063960e+00 1.367389857769012451e-01 4.912594798952341080e-03 6.753408350050449371e-03 7.690170314162969589e-03 7.628445047885179520e-03 9.005730971693992615e-03 1.184648741036653519e-02
7.800000000000000000e+01 9.861932938856016184e-01 1.342946588993072510e-01 4.660008475184440613e-03 6.563429720699787140e-03 7.492699194699525833e-03 7.426616735756397247e-03 8.706950582563877106e-03 1.149760372936725616e-02
7.900000000000000000e+01 9.613843935266783713e-01 1.319265514612197876e-01 4.417079966515302658e-03 6.375839933753013611e-03 7.298074197024106979e-03 7.227983791381120682e-03 8.416286669671535492e-03 1.119271572679281235e-02
8.000000000000000000e+01 9.375000000000000000e-01 1.296315640211105347e-01 4.183816257864236832e-03 6.192202214151620865e-03 7.106410805135965347e-03 7.032273337244987488e-03 8.133933879435062408e-03 1.092313881963491440e-02
8.100000000000000000e+01 9.144947416552354769e-01 1.274063885211944580e-01 3.960270900279283524e-03 6.012589670717716217e-03 6.916960235685110092e-03 6.839307490736246109e-03 7.859718054533004761e-03 1.067990157753229141e-02
8.200000000000000000e+01 8.923259964306959890e-01 1.252479702234268188e-01 3.746467642486095428e-03 5.835392512381076813e-03 6.730178371071815491e-03 6.649175193160772324e-03 7.593398448079824448e-03 1.045480556786060333e-02
8.300000000000000000e+01 8.709536942952532668e-01 1.231535300612449646e-01 3.542407415807247162e-03 5.661605857312679291e-03 6.546305026859045029e-03 6.462146528065204620e-03 7.335015572607517242e-03 1.024070009589195251e-02
8.400000000000000000e+01 8.503401360544217136e-01 1.211203560233116150e-01 3.347993828356266022e-03 5.491802003234624863e-03 6.364725530147552490e-03 6.277903448790311813e-03 7.084578741341829300e-03 1.003199163824319839e-02
8.500000000000000000e+01 8.304498269896193330e-01 1.191460117697715759e-01 3.163117915391921997e-03 5.324919708073139191e-03 6.185644306242465973e-03 6.096438970416784286e-03 6.841853726655244827e-03 9.824580512940883636e-03
8.600000000000000000e+01 8.112493239588967064e-01 1.172279864549636841e-01 2.987606450915336609e-03 5.160746630281209946e-03 6.009104195982217789e-03 5.917943548411130905e-03 6.607051473110914230e-03 9.615765884518623352e-03
8.700000000000000000e+01 7.927070947284978741e-01 1.153639778494834900e-01 2.821253379806876183e-03 5.000534933060407639e-03 5.834818817675113678e-03 5.742589943110942841e-03 6.380005739629268646e-03 9.403984062373638153e-03
8.800000000000000000e+01 7.747933884297520946e-01 1.135518625378608704e-01 2.663754858076572418e-03 4.843537230044603348e-03 5.662946961820125580e-03 5.570095963776111603e-03 6.160593591630458832e-03 9.188531897962093353e-03
8.900000000000000000e+01 7.574801161469510991e-01 1.117897257208824158e-01 2.514826832339167595e-03 4.689162597060203552e-03 5.493348464369773865e-03 5.400630645453929901e-03 5.949028301984071732e-03 8.969230577349662781e-03
9.000000000000000000e+01 7.407407407407406996e-01 1.100754365324974060e-01 2.374141709879040718e-03 4.538656212389469147e-03 5.326041020452976227e-03 5.234402604401111603e-03 5.745120346546173096e-03 8.746237494051456451e-03
9.100000000000000000e+01 7.245501750996256041e-01 1.084071919322013855e-01 2.241340931504964828e-03 4.391544498503208160e-03 5.160997156053781509e-03 5.071189720183610916e-03 5.548613145947456360e-03 8.519876748323440552e-03
9.200000000000000000e+01 7.088846880907372361e-01 1.067833229899406433e-01 2.116070594638586044e-03 4.247080069035291672e-03 4.998078104108572006e-03 4.911140073090791702e-03 5.359553266316652298e-03 8.290452882647514343e-03
9.300000000000000000e+01 6.937218175511620233e-01 1.052020788192749023e-01 1.997939310967922211e-03 4.106273874640464783e-03 4.837533924728631973e-03 4.754264373332262039e-03 5.177928134799003601e-03 8.058320730924606323e-03
9.400000000000000000e+01 6.790402897238569935e-01 1.036618724465370178e-01 1.886611338704824448e-03 3.968906588852405548e-03 4.679461941123008728e-03 4.600664135068655014e-03 5.003352649509906769e-03 7.823812775313854218e-03
9.500000000000000000e+01 6.648199445983379308e-01 1.021612137556076050e-01 1.781734405085444450e-03 3.834469476714730263e-03 4.523904062807559967e-03 4.450326785445213318e-03 4.835688974708318710e-03 7.587183266878128052e-03
9.600000000000000000e+01 6.510416666666666297e-01 1.006986647844314575e-01 1.682957517914474010e-03 3.703311085700988770e-03 4.371039103716611862e-03 4.303282126784324646e-03 4.674891941249370575e-03 7.348684128373861313e-03
9.700000000000000000e+01 6.376873206504410918e-01 9.927283972501754761e-02 1.589972060173749924e-03 3.575732233002781868e-03 4.221207927912473679e-03 4.159766249358654022e-03 4.520555026829242706e-03 7.108640391379594803e-03
9.800000000000000000e+01 6.247396917950853723e-01 9.788245707750320435e-02 1.502439961768686771e-03 3.451241180300712585e-03 4.074464086443185806e-03 4.019543528556823730e-03 4.372395575046539307e-03 6.867398507893085480e-03
9.900000000000000000e+01 6.121824303642485754e-01 9.652619808912277222e-02 1.420029788278043270e-03 3.329806262627243996e-03 3.931073471903800964e-03 3.882746677845716476e-03 4.230234771966934204e-03 6.625289563089609146e-03
1.000000000000000000e+02 5.999999999999999778e-01 9.520293027162551880e-02 1.342450850643217564e-03 3.211983945220708847e-03 3.791148308664560318e-03 3.749441588297486305e-03 4.093647468835115433e-03 6.382757797837257385e-03
1.010000000000000000e+02 5.881776296441525442e-01 9.391152113676071167e-02 1.269426429644227028e-03 3.097281791269779205e-03 3.654866013675928116e-03 3.619587514549493790e-03 3.962317947298288345e-03 6.140215788036584854e-03
1.020000000000000000e+02 5.767012687427912621e-01 9.265074878931045532e-02 1.200705766677856445e-03 2.985611557960510254e-03 3.522481070831418037e-03 3.493109252303838730e-03 3.835878567770123482e-03 5.898150615394115448e-03
1.030000000000000000e+02 5.655575454802526103e-01 9.141986072063446045e-02 1.136013772338628769e-03 2.877440303564071655e-03 3.394108498468995094e-03 3.370164427906274796e-03 3.713892307132482529e-03 5.657147616147994995e-03
1.040000000000000000e+02 5.547337278106508895e-01 9.021759033203125000e-02 1.075137988664209843e-03 2.772315172478556633e-03 3.269961336627602577e-03 3.250699723139405251e-03 3.595998045057058334e-03 5.417756736278533936e-03
1.050000000000000000e+02 5.442176870748299811e-01 8.904311060905456543e-02 1.017880043946206570e-03 2.670277375727891922e-03 3.150118514895439148e-03 3.134711179882287979e-03 3.481876105070114136e-03 5.180622916668653488e-03
1.060000000000000000e+02 5.339978640085439876e-01 8.789550513029098511e-02 9.640544303692877293e-04 2.571603981778025627e-03 3.034705528989434242e-03 3.022155724465847015e-03 3.371111815795302391e-03 4.946372471749782562e-03
1.070000000000000000e+02 5.240632369639269816e-01 8.677391707897186279e-02 9.135173168033361435e-04 2.476013731211423874e-03 2.923840889707207680e-03 2.913095755502581596e-03 3.263266757130622864e-03 4.715632181614637375e-03
1.080000000000000000e+02 5.144032921810699488e-01 8.567740023136138916e-02 8.660795283503830433e-04 2.383499406278133392e-03 2.817515283823013306e-03 2.807411365211009979e-03 3.158014966174960136e-03 4.489113111048936844e-03
1.090000000000000000e+02 5.050079959599360624e-01 8.460526913404464722e-02 8.216723217628896236e-04 2.294094534590840340e-03 2.715743845328688622e-03 2.705113729462027550e-03 3.054929664358496666e-03 4.267404787242412567e-03
1.100000000000000000e+02 4.958677685950413361e-01 8.355665951967239380e-02 7.801408064551651478e-04 2.207670826464891434e-03 2.618599683046340942e-03 2.606198657304048538e-03 2.953656017780303955e-03 4.051145166158676147e-03
1.110000000000000000e+02 4.869734599464329294e-01 8.253094553947448730e-02 7.413779967464506626e-04 2.124246442690491676e-03 2.526037860661745071e-03 2.510596066713333130e-03 2.853967249393463135e-03 3.840891644358634949e-03
1.120000000000000000e+02 4.783163265306122347e-01 8.152736723423004150e-02 7.052764995023608208e-04 2.043818356469273567e-03 2.438021358102560043e-03 2.418198855593800545e-03 2.755636116489768028e-03 3.637205343693494797e-03
1.130000000000000000e+02 4.698880100242775470e-01 8.054525405168533325e-02 6.717477808706462383e-04 1.966251293197274208e-03 2.354512223973870277e-03 2.328972099348902702e-03 2.658492885529994965e-03 3.440633649006485939e-03
1.140000000000000000e+02 4.616805170821791093e-01 7.958395034074783325e-02 6.406918400898575783e-04 1.891554798930883408e-03 2.275473671033978462e-03 2.242984250187873840e-03 2.562492154538631439e-03 3.251535119488835335e-03
1.150000000000000000e+02 4.536862003780718355e-01 7.864277809858322144e-02 6.119930185377597809e-04 1.819825032725930214e-03 2.200742252171039581e-03 2.160097239539027214e-03 2.467656740918755531e-03 3.070266684517264366e-03
1.160000000000000000e+02 4.458977407847800056e-01 7.772123813629150391e-02 5.855674389749765396e-04 1.750768162310123444e-03 2.130142180249094963e-03 2.080236328765749931e-03 2.374000381678342819e-03 2.897023223340511322e-03
1.170000000000000000e+02 4.383081306158229107e-01 7.681868970394134521e-02 5.613057292066514492e-04 1.684415386989712715e-03 2.063598483800888062e-03 2.003444824367761612e-03 2.281734254211187363e-03 2.731933258473873138e-03
1.180000000000000000e+02 4.309106578569376622e-01 7.593454420566558838e-02 5.390924634411931038e-04 1.620861352421343327e-03 2.000793814659118652e-03 1.929526566527783871e-03 2.191034611314535141e-03 2.575024263933300972e-03
1.190000000000000000e+02 4.236988913212343943e-01 7.506833225488662720e-02 5.188217619433999062e-04 1.559844706207513809e-03 1.941487309522926807e-03 1.858545001596212387e-03 2.102165482938289642e-03 2.426268532872200012e-03
1.200000000000000000e+02 4.166666666666666852e-01 7.421953976154327393e-02 5.003909463994204998e-04 1.501329708844423294e-03 1.885444158688187599e-03 1.790399430319666862e-03 2.015458885580301285e-03 2.285530557855963707e-03
1.210000000000000000e+02 4.098080732190423903e-01 7.338762283325195312e-02 4.837295564357191324e-04 1.445347093977034092e-03 1.832311274483799934e-03 1.724894158542156219e-03 1.931192353367805481e-03 2.152614528313279152e-03
1.220000000000000000e+02 4.031174415479709672e-01 7.257211208343505859e-02 4.686936445068567991e-04 1.391734927892684937e-03 1.781861763447523117e-03 1.661991467699408531e-03 1.849714550189673901e-03 2.027306705713272095e-03
1.230000000000000000e+02 3.965893317469760260e-01 7.177259773015975952e-02 4.551802994683384895e-04 1.340444432571530342e-03 1.733780838549137115e-03 1.601689029484987259e-03 1.771305454894900322e-03 1.909309648908674717e-03
1.240000000000000000e+02 3.902185223725286312e-01 7.098861038684844971e-02 4.431079432833939791e-04 1.291404943913221359e-03 1.687754411250352859e-03 1.543810823932290077e-03 1.696214312687516212e-03 1.798302284441888332e-03
1.250000000000000000e+02 3.840000000000000080e-01 7.021966576576232910e-02 4.323529719840735197e-04 1.244624727405607700e-03 1.643635332584381104e-03 1.488337526097893715e-03 1.624751370400190353e-03 1.693936996161937714e-03
1.260000000000000000e+02 3.779289493575208048e-01 6.946544349193572998e-02 4.228110483381897211e-04 1.199960359372198582e-03 1.601111260242760181e-03 1.435091486200690269e-03 1.557077048346400261e-03 1.595856738276779652e-03
1.270000000000000000e+02 3.720007440014880262e-01 6.872546672821044922e-02 4.143789701629430056e-04 1.157335354946553707e-03 1.560050528496503830e-03 1.383994938805699348e-03 1.493291929364204407e-03 1.503720763139426708e-03
1.280000000000000000e+02 3.662109375000000000e-01 6.799942255020141602e-02 4.069457645528018475e-04 1.116702449508011341e-03 1.520300633274018764e-03 1.335064996965229511e-03 1.433491474017500877e-03 1.417194143868982792e-03
1.290000000000000000e+02 3.605552550928429745e-01 6.728689372539520264e-02 4.004129150416702032e-04 1.078001689165830612e-03 1.481693238019943237e-03 1.288153580389916897e-03 1.377610373310744762e-03 1.335938810370862484e-03
1.300000000000000000e+02 3.550295857988165493e-01 6.658755987882614136e-02 3.946851065848022699e-04 1.041133422404527664e-03 1.444099820218980312e-03 1.243113889358937740e-03 1.325593446381390095e-03 1.259643933735787868e-03
1.310000000000000000e+02 3.496299749431851511e-01 6.590103358030319214e-02 3.896648995578289032e-04 1.006039092317223549e-03 1.407442381605505943e-03 1.200012746267020702e-03 1.277270726859569550e-03 1.188012887723743916e-03
1.320000000000000000e+02 3.443526170798897890e-01 6.522697210311889648e-02 3.852791851386427879e-04 9.726747521199285984e-04 1.371533144265413284e-03 1.158791012130677700e-03 1.232487265951931477e-03 1.120760454796254635e-03
1.330000000000000000e+02 3.391938492848662889e-01 6.456513702869415283e-02 3.814532246906310320e-04 9.409763733856379986e-04 1.336350338533520699e-03 1.119304448366165161e-03 1.190986367873847485e-03 1.057678135111927986e-03
1.340000000000000000e+02 3.341501447983960538e-01 6.391511112451553345e-02 3.781044215429574251e-04 9.107549558393657207e-04 1.301795011386275291e-03 1.081657130271196365e-03 1.152498065494000912e-03 9.985414799302816391e-04
1.350000000000000000e+02 3.292181069958847739e-01 6.327668577432632446e-02 3.751866461243480444e-04 8.821075316518545151e-04 1.267806277610361576e-03 1.045770943164825439e-03 1.116762286983430386e-03 9.431829093955457211e-04
1.360000000000000000e+02 3.243944636678200433e-01 6.264948844909667969e-02 3.726387803908437490e-04 8.549747290089726448e-04 1.234392053447663784e-03 1.011649495922029018e-03 1.083466340787708759e-03 8.914473000913858414e-04
1.370000000000000000e+02 3.196760615909212122e-01 6.203332915902137756e-02 3.704059054143726826e-04 8.291426347568631172e-04 1.201504375785589218e-03 9.792186319828033447e-04 1.052333624102175236e-03 8.431646274402737617e-04
1.380000000000000000e+02 3.150598613736609876e-01 6.142784655094146729e-02 3.684586845338344574e-04 8.046297007240355015e-04 1.169239287264645100e-03 9.485485497862100601e-04 1.023068907670676708e-03 7.981820963323116302e-04
1.390000000000000000e+02 3.105429325604264768e-01 6.083284318447113037e-02 3.667426935862749815e-04 7.814840646460652351e-04 1.137531362473964691e-03 9.195751044899225235e-04 9.953915141522884369e-04 7.563629769720137119e-04
1.400000000000000000e+02 3.061224489795918435e-01 6.024802103638648987e-02 3.652294690255075693e-04 7.595812785439193249e-04 1.106434152461588383e-03 8.922052220441401005e-04 9.690541774034500122e-04 7.175662904046475887e-04
1.410000000000000000e+02 3.017956843217142193e-01 5.967311188578605652e-02 3.638723283074796200e-04 7.387273362837731838e-04 1.075959648005664349e-03 8.664454217068850994e-04 9.438177221454679966e-04 6.816639215685427189e-04
1.420000000000000000e+02 2.975600079349335347e-01 5.910791084170341492e-02 3.626463294494897127e-04 7.190903415903449059e-04 1.046122401021420956e-03 8.421445381827652454e-04 9.194808662869036198e-04 6.484958576038479805e-04
1.430000000000000000e+02 2.934128808254682363e-01 5.855224281549453735e-02 3.615361056290566921e-04 7.005893858149647713e-04 1.016984228044748306e-03 8.193452958948910236e-04 8.958700927905738354e-04 6.179244956001639366e-04
1.440000000000000000e+02 2.893518518518518601e-01 5.800577998161315918e-02 3.605049278121441603e-04 6.829687044955790043e-04 9.885998442769050598e-04 7.979117217473685741e-04 8.728427346795797348e-04 5.897983210161328316e-04
1.450000000000000000e+02 2.853745541022592036e-01 5.746833607554435730e-02 3.595230227801948786e-04 6.663728854618966579e-04 9.609802509658038616e-04 7.777392747811973095e-04 8.502635173499584198e-04 5.639444570988416672e-04
1.460000000000000000e+02 2.814787014449239844e-01 5.693975463509559631e-02 3.585712693165987730e-04 6.507815560325980186e-04 9.341908735223114491e-04 7.588191656395792961e-04 8.280721958726644516e-04 5.402301321737468243e-04
1.470000000000000000e+02 2.776620852422601593e-01 5.641978979110717773e-02 3.576467279344797134e-04 6.359778926707804203e-04 9.082431206479668617e-04 7.409905665554106236e-04 8.061924600042402744e-04 5.185122136026620865e-04
1.480000000000000000e+02 2.739225712198685159e-01 5.590821057558059692e-02 3.567051317077130079e-04 6.219965871423482895e-04 8.831243612803518772e-04 7.242350257001817226e-04 7.845733780413866043e-04 4.986284184269607067e-04
1.490000000000000000e+02 2.702580964821404419e-01 5.540488660335540771e-02 3.557422605808824301e-04 6.089449161663651466e-04 8.588799973949790001e-04 7.084598764777183533e-04 7.631647167727351189e-04 4.804574127774685621e-04
1.500000000000000000e+02 2.666666666666666630e-01 5.490957200527191162e-02 3.547313390299677849e-04 5.965984892100095749e-04 8.354902383871376514e-04 6.935421261005103588e-04 7.419741596095263958e-04 4.638002137653529644e-04
1.510000000000000000e+02 2.631463532301214769e-01 5.442214384675025940e-02 3.536537114996463060e-04 5.849334411323070526e-04 8.128873887471854687e-04 6.794250803068280220e-04 7.209887844510376453e-04 4.485359531827270985e-04
1.520000000000000000e+02 2.596952908587257802e-01 5.394235998392105103e-02 3.524587664287537336e-04 5.739964544773101807e-04 7.910845451988279819e-04 6.659705541096627712e-04 7.002245401963591576e-04 4.345524357631802559e-04
1.530000000000000000e+02 2.563116749967960795e-01 5.347007513046264648e-02 3.511508693918585777e-04 5.636704154312610626e-04 7.700413116253912449e-04 6.531164399348199368e-04 6.796827656216919422e-04 4.217149689793586731e-04
1.540000000000000000e+02 2.529937594872659901e-01 5.300520360469818115e-02 3.497046418488025665e-04 5.539105623029172421e-04 7.496994803659617901e-04 6.407831097021698952e-04 6.593990256078541279e-04 4.099149664398282766e-04
1.550000000000000000e+02 2.497398543184183028e-01 5.254747346043586731e-02 3.481198800727725029e-04 5.446898285299539566e-04 7.300394354388117790e-04 6.288782460615038872e-04 6.393885705620050430e-04 3.990306286141276360e-04
1.560000000000000000e+02 2.465483234714004046e-01 5.209673196077346802e-02 3.463441680651158094e-04 5.359628703445196152e-04 7.109856815077364445e-04 6.173448637127876282e-04 6.197113543748855591e-04 3.890187072101980448e-04
1.570000000000000000e+02 2.434175828634021765e-01 5.165292695164680481e-02 3.443888854235410690e-04 5.276884185150265694e-04 6.925440975464880466e-04 6.061264430172741413e-04 6.004084716551005840e-04 3.798083926085382700e-04
1.580000000000000000e+02 2.403460983816695928e-01 5.121580138802528381e-02 3.422349691390991211e-04 5.198428407311439514e-04 6.746600847691297531e-04 5.951399216428399086e-04 5.814960459247231483e-04 3.713345504365861416e-04
1.590000000000000000e+02 2.373323840037973309e-01 5.078526958823204041e-02 3.398769476916640997e-04 5.123625742271542549e-04 6.572823040187358856e-04 5.843672552146017551e-04 5.630287923850119114e-04 3.635447064880281687e-04
1.600000000000000000e+02 2.343750000000000000e-01 5.036120116710662842e-02 3.372773644514381886e-04 5.052363267168402672e-04 6.404286832548677921e-04 5.737807950936257839e-04 5.450459429994225502e-04 3.563886566553264856e-04
1.610000000000000000e+02 2.314725512133019580e-01 4.994340986013412476e-02 3.344688448123633862e-04 4.984023398719727993e-04 6.240142392925918102e-04 5.632981774397194386e-04 5.275733419694006443e-04 3.498463192954659462e-04
1.620000000000000000e+02 2.286236854138088692e-01 4.953178390860557556e-02 3.314373898319900036e-04 4.918829072266817093e-04 6.080618477426469326e-04 5.529217305593192577e-04 5.106799653731286526e-04 3.438996500335633755e-04
1.630000000000000000e+02 2.258270917234370956e-01 4.912620037794113159e-02 3.281593089923262596e-04 4.856455780100077391e-04 5.925405421294271946e-04 5.426436546258628368e-04 4.943378153257071972e-04 3.385307791177183390e-04
1.640000000000000000e+02 2.230814991076739973e-01 4.872656986117362976e-02 3.246722917538136244e-04 4.795762361027300358e-04 5.774005549028515816e-04 5.324073135852813721e-04 4.786395293194800615e-04 3.337305679451674223e-04
1.650000000000000000e+02 2.203856749311294827e-01 4.833268746733665466e-02 3.209584101568907499e-04 4.737066046800464392e-04 5.626440397463738918e-04 5.222178297117352486e-04 4.635399382095783949e-04 3.294717171229422092e-04
1.660000000000000000e+02 2.177384235738133167e-01 4.794452711939811707e-02 3.170269483234733343e-04 4.680528945755213499e-04 5.482848500832915306e-04 5.120629793964326382e-04 4.491008876357227564e-04 3.257428470533341169e-04
1.670000000000000000e+02 2.151385851052386167e-01 4.756187647581100464e-02 3.129015967715531588e-04 4.625054716598242521e-04 5.342683289200067520e-04 5.019373493269085884e-04 4.353355616331100464e-04 3.225214313715696335e-04
1.680000000000000000e+02 2.125850340136054284e-01 4.718472436070442200e-02 3.085820935666561127e-04 4.570937890093773603e-04 5.206245114095509052e-04 4.918198101222515106e-04 4.222440766170620918e-04 3.198336926288902760e-04
1.690000000000000000e+02 2.100766779874654322e-01 4.681286215782165527e-02 3.040726296603679657e-04 4.518359783105552197e-04 5.073305219411849976e-04 4.817712469957768917e-04 4.098372592125087976e-04 3.176347818225622177e-04
1.700000000000000000e+02 2.076124567474048332e-01 4.644626751542091370e-02 2.993962552864104509e-04 4.466809914447367191e-04 4.943751846440136433e-04 4.717532719951122999e-04 3.981257905252277851e-04 3.159253974445164204e-04
1.710000000000000000e+02 2.051913409254129406e-01 4.608477279543876648e-02 2.945691230706870556e-04 4.416281590238213539e-04 4.817750887013971806e-04 4.617967351805418730e-04 3.870993677992373705e-04 3.146486706100404263e-04
1.720000000000000000e+02 2.028123309897241766e-01 4.572833329439163208e-02 2.896033693104982376e-04 4.367110086604952812e-04 4.695141396950930357e-04 4.518971545621752739e-04 3.767636080738157034e-04 3.138368483632802963e-04
1.730000000000000000e+02 2.004744562130375274e-01 4.537678509950637817e-02 2.844991686288267374e-04 4.319004074204713106e-04 4.576229548547416925e-04 4.421070916578173637e-04 3.671102458611130714e-04 3.134048311039805412e-04
1.740000000000000000e+02 1.981767736821244685e-01 4.503011330962181091e-02 2.792815794236958027e-04 4.271628276910632849e-04 4.460835189092904329e-04 4.324275068938732147e-04 3.581230994313955307e-04 3.133447025902569294e-04
1.750000000000000000e+02 1.959183673469387654e-01 4.468816891312599182e-02 2.739672490861266851e-04 4.225049051456153393e-04 4.349142254795879126e-04 4.228455072734504938e-04 3.497571451589465141e-04 3.135954320896416903e-04
1.760000000000000000e+02 1.936983471074380236e-01 4.435084015130996704e-02 2.685672370716929436e-04 4.179766983725130558e-04 4.241004935465753078e-04 4.134162445552647114e-04 3.420091525185853243e-04 3.141342604067176580e-04
1.770000000000000000e+02 1.915158479364167388e-01 4.401808977127075195e-02 2.630922826938331127e-04 4.134762857574969530e-04 4.136833886150270700e-04 4.041388456244021654e-04 3.348686441313475370e-04 3.149180556647479534e-04
1.780000000000000000e+02 1.893700290367377748e-01 4.368979483842849731e-02 2.575615944806486368e-04 4.090630391146987677e-04 4.036377067677676678e-04 3.950305981561541557e-04 3.282831457909196615e-04 3.158593608532100916e-04
1.790000000000000000e+02 1.872600730314284700e-01 4.336586967110633850e-02 2.519893751014024019e-04 4.047213878948241472e-04 3.939263115171343088e-04 3.860953729599714279e-04 3.222343802917748690e-04 3.169355331920087337e-04
1.800000000000000000e+02 1.851851851851851749e-01 4.304628819227218628e-02 2.463988203089684248e-04 4.003798239864408970e-04 3.845984465442597866e-04 3.773258067667484283e-04 3.166517999488860369e-04 3.180926723871380091e-04
1.810000000000000000e+02 1.831445926559018278e-01 4.273087158799171448e-02 2.407779538771137595e-04 3.960838657803833485e-04 3.756093210540711880e-04 3.687598800752311945e-04 3.115484723821282387e-04 3.192904114257544279e-04
1.820000000000000000e+02 1.811375437749064010e-01 4.241962358355522156e-02 2.351445873500779271e-04 3.918172442354261875e-04 3.669923753477632999e-04 3.603826626203954220e-04 3.068707592319697142e-04 3.204711247235536575e-04
1.830000000000000000e+02 1.791633073546537724e-01 4.211245849728584290e-02 2.295228186994791031e-04 3.875707334373146296e-04 3.587160317692905664e-04 3.522361221257597208e-04 3.025897603947669268e-04 3.215913602616637945e-04
1.840000000000000000e+02 1.772211720226843090e-01 4.180923476815223694e-02 2.239056339021772146e-04 3.833475639112293720e-04 3.507782821543514729e-04 3.443245659582316875e-04 2.986449981108307838e-04 3.226235276088118553e-04
1.850000000000000000e+02 1.753104455807158457e-01 4.150996357202529907e-02 2.183133765356615186e-04 3.790989285334944725e-04 3.432091325521469116e-04 3.366101882420480251e-04 2.950222697108983994e-04 3.234999021515250206e-04
1.860000000000000000e+02 1.734304543877905058e-01 4.121449962258338928e-02 2.127655025105923414e-04 3.748813760466873646e-04 3.359437978360801935e-04 3.291485190857201815e-04 2.916765224654227495e-04 3.242022648919373751e-04
1.870000000000000000e+02 1.715805427664502947e-01 4.092285409569740295e-02 2.072616189252585173e-04 3.706471179611980915e-04 3.290130116511136293e-04 3.219150530640035868e-04 2.885723661165684462e-04 3.247170825488865376e-04
1.880000000000000000e+02 1.697600724309642484e-01 4.063485935330390930e-02 2.018037048401311040e-04 3.663776442408561707e-04 3.223812673240900040e-04 3.149180847685784101e-04 2.856712962966412306e-04 3.250244481023401022e-04
1.890000000000000000e+02 1.679684219366759101e-01 4.035054519772529602e-02 1.964023540494963527e-04 3.621029027272015810e-04 3.160669584758579731e-04 3.081493196077644825e-04 2.829395525623112917e-04 3.250733716413378716e-04
1.900000000000000000e+02 1.662049861495844827e-01 4.006978124380111694e-02 1.910752907861024141e-04 3.578207979444414377e-04 3.100247122347354889e-04 3.016021801158785820e-04 2.803538809530436993e-04 3.248810535296797752e-04
1.910000000000000000e+02 1.644691757353142769e-01 3.979254886507987976e-02 1.858250907389447093e-04 3.534998977556824684e-04 3.042614553123712540e-04 2.953111543320119381e-04 2.778865455184131861e-04 3.244153922423720360e-04
1.920000000000000000e+02 1.627604166666666574e-01 3.951872885227203369e-02 1.806589425541460514e-04 3.491392999421805143e-04 2.987473853863775730e-04 2.892221964430063963e-04 2.755023015197366476e-04 3.236948978155851364e-04
1.930000000000000000e+02 1.610781497489865433e-01 3.924831748008728027e-02 1.755832490744069219e-04 3.447630442678928375e-04 2.934792137239128351e-04 2.833488688338547945e-04 2.731863060034811497e-04 3.227074339520186186e-04
1.940000000000000000e+02 1.594218301626102730e-01 3.898121416568756104e-02 1.706014299998059869e-04 3.403285809326916933e-04 2.884195127990096807e-04 2.776687615551054478e-04 2.709098625928163528e-04 3.214300959371030331e-04
1.950000000000000000e+02 1.577909270216962534e-01 3.871741145849227905e-02 1.657399552641436458e-04 3.358519461471587420e-04 2.835629566106945276e-04 2.721894416026771069e-04 2.686528896447271109e-04 3.199360799044370651e-04
1.960000000000000000e+02 1.561849229487713431e-01 3.845677152276039124e-02 1.609815953997895122e-04 3.313480701763182878e-04 2.788896381389349699e-04 2.668919914867728949e-04 2.664007770363241434e-04 3.181626670993864536e-04
1.970000000000000000e+02 1.546033136643562012e-01 3.819931298494338989e-02 1.563338155392557383e-04 3.268225991632789373e-04 2.743817458394914865e-04 2.617714926600456238e-04 2.641312894411385059e-04 3.161794738844037056e-04
1.980000000000000000e+02 1.530456075910621438e-01 3.794496133923530579e-02 1.518166245659813285e-04 3.222423838451504707e-04 2.700451877899467945e-04 2.568231138866394758e-04 2.618324360810220242e-04 3.139828622806817293e-04
1.990000000000000000e+02 1.515113254715790003e-01 3.769365698099136353e-02 1.474290038459002972e-04 3.176433383487164974e-04 2.658371813595294952e-04 2.520222624298185110e-04 2.594860852696001530e-04 3.115868312306702137e-04
2.000000000000000000e+02 1.499999999999999944e-01 3.744530677795410156e-02 1.431672426406294107e-04 3.130201948806643486e-04 2.617621794342994690e-04 2.473636122886091471e-04 2.571064396761357784e-04 3.089930978603661060e-04
2.010000000000000000e+02 1.485111754659538263e-01 3.719995915889739990e-02 1.390448014717549086e-04 3.083694027736783028e-04 2.577995473984628916e-04 2.428502484690397978e-04 2.546602336224168539e-04 3.062479372601956129e-04
2.020000000000000000e+02 1.470444074110381361e-01 3.695745021104812622e-02 1.350534876110032201e-04 3.037019923795014620e-04 2.539533888921141624e-04 2.384654508205130696e-04 2.521502028685063124e-04 3.033363318536430597e-04
2.030000000000000000e+02 1.455992622970710415e-01 3.671782463788986206e-02 1.311926607741042972e-04 2.990360371768474579e-04 2.501949784345924854e-04 2.341949002584442496e-04 2.495745429769158363e-04 3.002965240739285946e-04
2.040000000000000000e+02 1.441753171856978155e-01 3.648098185658454895e-02 1.275001122849062085e-04 2.943610306829214096e-04 2.465093566570430994e-04 2.300254418514668941e-04 2.469361061230301857e-04 2.971217327285557985e-04
2.050000000000000000e+02 1.427721594289113605e-01 3.624688833951950073e-02 1.239381235791370273e-04 2.896778751164674759e-04 2.429147280054166913e-04 2.259501779917627573e-04 2.441797114443033934e-04 2.938320976682007313e-04
2.060000000000000000e+02 1.413893863700631526e-01 3.601549938321113586e-02 1.205177686642855406e-04 2.850060991477221251e-04 2.393707109149545431e-04 2.219800953753292561e-04 2.413920301478356123e-04 2.904040156863629818e-04
2.070000000000000000e+02 1.400266050549604513e-01 3.578677773475646973e-02 1.172450211015529931e-04 2.803276001941412687e-04 2.358718338655307889e-04 2.180711016990244389e-04 2.385042316745966673e-04 2.868876908905804157e-04
2.080000000000000000e+02 1.386834319526627224e-01 3.556066751480102539e-02 1.141132233897224069e-04 2.756883332040160894e-04 2.324316155863925815e-04 2.142334124073386192e-04 2.355586475459858775e-04 2.832591417245566845e-04
2.090000000000000000e+02 1.373594926856070153e-01 3.533714637160301208e-02 1.111093151848763227e-04 2.710771223064512014e-04 2.290412667207419872e-04 2.104821905959397554e-04 2.325496607227250934e-04 2.795241889543831348e-04
2.100000000000000000e+02 1.360544217687074953e-01 3.511613607406616211e-02 1.082631933968514204e-04 2.664851490408182144e-04 2.256863517686724663e-04 2.067712484858930111e-04 2.294678706675767899e-04 2.756846370175480843e-04
2.110000000000000000e+02 1.347678623570899015e-01 3.489761427044868469e-02 1.055575266946107149e-04 2.619137521833181381e-04 2.223530173068866134e-04 2.031159237958490849e-04 2.263264759676530957e-04 2.717495663091540337e-04
2.120000000000000000e+02 1.334994660021359969e-01 3.468155488371849060e-02 1.029789709718897939e-04 2.573839738033711910e-04 2.190570376114919782e-04 1.995122001972049475e-04 2.231199032394215465e-04 2.677084121387451887e-04
2.130000000000000000e+02 1.322488924155260093e-01 3.446790575981140137e-02 1.005391241051256657e-04 2.528843178879469633e-04 2.157727576559409499e-04 1.959400979103520513e-04 2.198580768890678883e-04 2.635646669659763575e-04
2.140000000000000000e+02 1.310158092409817454e-01 3.425662592053413391e-02 9.821694402489811182e-05 2.484381257090717554e-04 2.125030296156182885e-04 1.924104872159659863e-04 2.165563346352428198e-04 2.593142562545835972e-04
2.150000000000000000e+02 1.297998918334234697e-01 3.404768556356430054e-02 9.602944919606670737e-05 2.440392709104344249e-04 2.092598733725026250e-04 1.889254053821787238e-04 2.132134250132367015e-04 2.549483324401080608e-04
2.160000000000000000e+02 1.286008230452674872e-01 3.384104743599891663e-02 9.394269000040367246e-05 2.397107164142653346e-04 2.060428087133914232e-04 1.854703150456771255e-04 2.098387049045413733e-04 2.504792064428329468e-04
2.170000000000000000e+02 1.274182930196011698e-01 3.363668546080589294e-02 9.199464693665504456e-05 2.354405442019924521e-04 2.028485323535278440e-04 1.820666511775925756e-04 2.064451109617948532e-04 2.459267852827906609e-04
2.180000000000000000e+02 1.262519989899840156e-01 3.343451768159866333e-02 9.015782416099682450e-05 2.312410506419837475e-04 1.996614882955327630e-04 1.786856446415185928e-04 2.030418836511671543e-04 2.412598114460706711e-04
2.190000000000000000e+02 1.251016450866328789e-01 3.323456272482872009e-02 8.841438102535903454e-05 2.270964178023859859e-04 1.964983093785122037e-04 1.753440446918830276e-04 1.996006612898781896e-04 2.364908868912607431e-04
2.200000000000000000e+02 1.239669421487603340e-01 3.303675726056098938e-02 8.677256118971854448e-05 2.230382960988208652e-04 1.933641324285417795e-04 1.720591390039771795e-04 1.961651432793587446e-04 2.316435711691156030e-04
2.210000000000000000e+02 1.228476075428431014e-01 3.284107521176338196e-02 8.523096039425581694e-05 2.190581726608797908e-04 1.902481599245220423e-04 1.687885669525712729e-04 1.927322591654956341e-04 2.267161326017230749e-04
2.220000000000000000e+02 1.217433649866082324e-01 3.264746814966201782e-02 8.378112397622317076e-05 2.151534426957368851e-04 1.871383428806439042e-04 1.655761734582483768e-04 1.892929576570168138e-04 2.217095025116577744e-04
2.230000000000000000e+02 1.206539443785316357e-01 3.245594725012779236e-02 8.242634794441983104e-05 2.113274094881489873e-04 1.840758195612579584e-04 1.623981224838644266e-04 1.858770701801404357e-04 2.166585327358916402e-04
2.240000000000000000e+02 1.195790816326530587e-01 3.226643428206443787e-02 8.116537355817854404e-05 2.075986412819474936e-04 1.810357498470693827e-04 1.592841290403157473e-04 1.824946666602045298e-04 2.115418174071237445e-04
2.250000000000000000e+02 1.185185185185185230e-01 3.207890689373016357e-02 7.997267675818875432e-05 2.039425162365660071e-04 1.780061720637604594e-04 1.562064426252618432e-04 1.791181130101904273e-04 2.063935535261407495e-04
2.260000000000000000e+02 1.174720025060693868e-01 3.189336508512496948e-02 7.884664955781772733e-05 2.003782137762755156e-04 1.750324154272675514e-04 1.531836023787036538e-04 1.757770660333335400e-04 2.012105833273380995e-04
2.270000000000000000e+02 1.164392866153040051e-01 3.170976787805557251e-02 7.780739542795345187e-05 1.968962751561775804e-04 1.720759901218116283e-04 1.502040540799498558e-04 1.724706962704658508e-04 1.960334775503724813e-04
2.280000000000000000e+02 1.154201292705447773e-01 3.152805566787719727e-02 7.683737931074574590e-05 1.935322798090055585e-04 1.691637153271585703e-04 1.472852891311049461e-04 1.692137884674593806e-04 1.908585400087758899e-04
2.290000000000000000e+02 1.144142941591502899e-01 3.134823217988014221e-02 7.593660120619460940e-05 1.902367075672373176e-04 1.662822614889591932e-04 1.444366935174912214e-04 1.659895933698862791e-04 1.857068418757990003e-04
2.300000000000000000e+02 1.134215500945179589e-01 3.117024712264537811e-02 7.509616989409551024e-05 1.870458072517067194e-04 1.634465297684073448e-04 1.416355225956067443e-04 1.628212630748748779e-04 1.805937790777534246e-04
2.310000000000000000e+02 1.124416708832293305e-01 3.099410980939865112e-02 7.430724508594721556e-05 1.839317410485818982e-04 1.606486621312797070e-04 1.389099634252488613e-04 1.597012596903368831e-04 1.755285629769787192e-04
2.320000000000000000e+02 1.114744351961950014e-01 3.081973828375339508e-02 7.356946298386901617e-05 1.808935630833730102e-04 1.578874944243580103e-04 1.362375041935592890e-04 1.566371356602758169e-04 1.705437462078407407e-04
2.330000000000000000e+02 1.105196264436626163e-01 3.064715489745140076e-02 7.289396307896822691e-05 1.779562735464423895e-04 1.551701861899346113e-04 1.336281420662999153e-04 1.536228664917871356e-04 1.656101958360522985e-04
2.340000000000000000e+02 1.095770326539557277e-01 3.047629445791244507e-02 7.226084562717005610e-05 1.750836818246170878e-04 1.524991239421069622e-04 1.310819934587925673e-04 1.506642438471317291e-04 1.607664598850533366e-04
2.350000000000000000e+02 1.086464463558171056e-01 3.030717000365257263e-02 7.166849536588415504e-05 1.722844899632036686e-04 1.498889614595100284e-04 1.286091282963752747e-04 1.477573823649436235e-04 1.560244563734158874e-04
2.360000000000000000e+02 1.077276644642344156e-01 3.013975359499454498e-02 7.112276944098994136e-05 1.695995306363329291e-04 1.472967996960505843e-04 1.262078440049663186e-04 1.449312403565272689e-04 1.513920433353632689e-04
2.370000000000000000e+02 1.068204881696309394e-01 2.997396513819694519e-02 7.059880590531975031e-05 1.669666817178949714e-04 1.447642280254513025e-04 1.238651748280972242e-04 1.421560300514101982e-04 1.468831324018537998e-04
2.380000000000000000e+02 1.059247228303085986e-01 2.980984374880790710e-02 7.012341666268184781e-05 1.644125877646729350e-04 1.422835484845563769e-04 1.215902666444890201e-04 1.394345163134858012e-04 1.424787187715992332e-04
2.390000000000000000e+02 1.050401778680345177e-01 2.964735403656959534e-02 6.966823275433853269e-05 1.619489194126799703e-04 1.398374297423288226e-04 1.193818534375168383e-04 1.367816003039479256e-04 1.382157206535339355e-04
2.400000000000000000e+02 1.041666666666666713e-01 2.948642894625663757e-02 6.924132321728393435e-05 1.595305657247081399e-04 1.374365529045462608e-04 1.172413176391273737e-04 1.341797760687768459e-04 1.340805174550041556e-04
2.410000000000000000e+02 1.033040064737177355e-01 2.932708896696567535e-02 6.882473826408386230e-05 1.571769971633329988e-04 1.350828097201883793e-04 1.151641263277269900e-04 1.316474372288212180e-04 1.300734875258058310e-04
2.420000000000000000e+02 1.024520183047605976e-01 2.916930615901947021e-02 6.844744348200038075e-05 1.549059234093874693e-04 1.327738718828186393e-04 1.131594108301214874e-04 1.291803782805800438e-04 1.261879078811034560e-04
2.430000000000000000e+02 1.016105268505817227e-01 2.901304513216018677e-02 6.806368764955550432e-05 1.526825944893062115e-04 1.305151963606476784e-04 1.111961028072983027e-04 1.267575571546331048e-04 1.224531151819974184e-04
2.440000000000000000e+02 1.007793603869927418e-01 2.885829657316207886e-02 6.769636092940345407e-05 1.505166874267160892e-04 1.283087622141465545e-04 1.093066384783014655e-04 1.243859296664595604e-04 1.188427195302210748e-04
2.450000000000000000e+02 9.995835068721366234e-02 2.870503626763820648e-02 6.733098416589200497e-05 1.484010135754942894e-04 1.261163124581798911e-04 1.074632164090871811e-04 1.220844424096867442e-04 1.153726188931614161e-04
2.460000000000000000e+02 9.914733293674400649e-02 2.855323255062103271e-02 6.696882337564602494e-05 1.463272637920454144e-04 1.239839475601911545e-04 1.056916444213129580e-04 1.198336394736543298e-04 1.120257511502131820e-04
2.470000000000000000e+02 9.834614565064170311e-02 2.840288914740085602e-02 6.662026135018095374e-05 1.443123037461191416e-04 1.218862089444883168e-04 1.039623602991923690e-04 1.176277146441861987e-04 1.088040589820593596e-04
2.480000000000000000e+02 9.755463059313215779e-02 2.825396135449409485e-02 6.625477544730529189e-05 1.423373905709013343e-04 1.198341342387720942e-04 1.022909491439349949e-04 1.154792844317853451e-04 1.057259360095486045e-04
2.490000000000000000e+02 9.677263269947258828e-02 2.810643613338470459e-02 6.589210534002631903e-05 1.404060749337077141e-04 1.178229358629323542e-04 1.006612583296373487e-04 1.133619007305242121e-04 1.027545440592803061e-04
2.500000000000000000e+02 9.600000000000000200e-02 2.796029858291149139e-02 6.551956903422251344e-05 1.385173527523875237e-04 1.158315935754217207e-04 9.908516949508339167e-05 1.113074758904986084e-04 9.991686965804547071e-05
2.510000000000000000e+02 9.523658354629291334e-02 2.781553938984870911e-02 6.512896652566269040e-05 1.366359501844272017e-04 1.138925072154961526e-04 9.756887448020279408e-05 1.092887468985281885e-04 9.719709487399086356e-05
2.520000000000000000e+02 9.448223733938020119e-02 2.767210826277732849e-02 6.472988752648234367e-05 1.348060905002057552e-04 1.119829394156113267e-04 9.606977982912212610e-05 1.073138118954375386e-04 9.458979911869391799e-05
2.530000000000000000e+02 9.373681825993220029e-02 2.753003314137458801e-02 6.431135989259928465e-05 1.330136583419516683e-04 1.101138041121885180e-04 9.463306923862546682e-05 1.053858359227888286e-04 9.210555435856804252e-05
2.540000000000000000e+02 9.300018600037200656e-02 2.738925628364086151e-02 6.388883775798603892e-05 1.312332897214218974e-04 1.082734015653841197e-04 9.322757250629365444e-05 1.034981323755346239e-04 8.973025251179933548e-05
2.550000000000000000e+02 9.227220299884660026e-02 2.724975161254405975e-02 6.342808046611025929e-05 1.294861867791041732e-04 1.064670068444684148e-04 9.186269744532182813e-05 1.016325913951732218e-04 8.746524690650403500e-05
2.560000000000000000e+02 9.155273437500000000e-02 2.711155079305171967e-02 6.295873026829212904e-05 1.277431729249656200e-04 1.046780889737419784e-04 9.053137910086661577e-05 9.982098708860576153e-05 8.530622289981693029e-05
2.570000000000000000e+02 9.084164786749231169e-02 2.697459422051906586e-02 6.245873373700305820e-05 1.260308345081284642e-04 1.029297927743755281e-04 8.923053974285721779e-05 9.804448200156912208e-05 8.325225644512102008e-05
2.580000000000000000e+02 9.013881377321074362e-02 2.683890238404273987e-02 6.194557499838992953e-05 1.243247679667547345e-04 1.012009379337541759e-04 8.795539906714111567e-05 9.628563566366210580e-05 8.131118374876677990e-05
2.590000000000000000e+02 8.944410488812033766e-02 2.670440636575222015e-02 6.140589539427310228e-05 1.226361782755702734e-04 9.949713421519845724e-05 8.671683463035151362e-05 9.457099804421886802e-05 7.946386176627129316e-05
2.600000000000000000e+02 8.875739644970413733e-02 2.657114714384078979e-02 6.083422704250551760e-05 1.209656038554385304e-04 9.782945562619715929e-05 8.550965867470949888e-05 9.288949513575062156e-05 7.771436503389850259e-05
2.610000000000000000e+02 8.807856608094420670e-02 2.643905393779277802e-02 6.026153278071433306e-05 1.193122225231491029e-04 9.616808529244735837e-05 8.432612230535596609e-05 9.124243661062791944e-05 7.606417784700170159e-05
2.620000000000000000e+02 8.740749373579628778e-02 2.630815282464027405e-02 5.965505624772049487e-05 1.176613732241094112e-04 9.453570964979007840e-05 8.316367166116833687e-05 8.962052379501983523e-05 7.450499833794310689e-05
2.630000000000000000e+02 8.674406164611314640e-02 2.617842517793178558e-02 5.902634438825771213e-05 1.160311803687363863e-04 9.292962204199284315e-05 8.203355537261813879e-05 8.802705997368320823e-05 7.304007885977625847e-05
2.640000000000000000e+02 8.608815426997244724e-02 2.604982070624828339e-02 5.838820288772694767e-05 1.144038906204514205e-04 9.134593710768967867e-05 8.091027120826765895e-05 8.647618233226239681e-05 7.167701551225036383e-05
2.650000000000000000e+02 8.543965824136703913e-02 2.592235431075096130e-02 5.771801806986331940e-05 1.127924915635958314e-04 8.978677215054631233e-05 7.981660019140690565e-05 8.494573557982221246e-05 7.039688352961093187e-05
2.660000000000000000e+02 8.479846232121657224e-02 2.579601481556892395e-02 5.702798080164939165e-05 1.111949823098257184e-04 8.823895768728107214e-05 7.874109724070876837e-05 8.345727110281586647e-05 6.919592851772904396e-05
2.670000000000000000e+02 8.416445734966124248e-02 2.567077241837978363e-02 5.633026012219488621e-05 1.095843763323500752e-04 8.671462273923680186e-05 7.768395880702883005e-05 8.198073919629678130e-05 6.807813042541965842e-05
2.680000000000000000e+02 8.353753619959901344e-02 2.554661594331264496e-02 5.561788566410541534e-05 1.080021902453154325e-04 8.520691335434094071e-05 7.663512951694428921e-05 8.053423516685143113e-05 6.703843973809853196e-05
2.690000000000000000e+02 8.291759373142991441e-02 2.542355842888355255e-02 5.488698661793023348e-05 1.064194293576292694e-04 8.372606680495664477e-05 7.561621168861165643e-05 7.914731395430862904e-05 6.608662806684151292e-05
2.700000000000000000e+02 8.230452674897119347e-02 2.530152350664138794e-02 5.414916813606396317e-05 1.048437115969136357e-04 8.224467455875128508e-05 7.459829066647216678e-05 7.776233542244881392e-05 6.518740701721981168e-05
2.710000000000000000e+02 8.169823395650931130e-02 2.518054656684398651e-02 5.339782364899292588e-05 1.032743020914494991e-04 8.078826795099303126e-05 7.358735456364229321e-05 7.643185381311923265e-05 6.436254625441506505e-05
2.720000000000000000e+02 8.109861591695501082e-02 2.506063133478164673e-02 5.263588900561444461e-05 1.017165923258289695e-04 7.934850145829841495e-05 7.260737038450315595e-05 7.511873991461470723e-05 6.360563565976917744e-05
2.730000000000000000e+02 8.050557501106951619e-02 2.494171261787414551e-02 5.186709677218459547e-05 1.001639102469198406e-04 7.793839904479682446e-05 7.162335532484576106e-05 7.384023047052323818e-05 6.290259625529870391e-05
2.740000000000000000e+02 7.991901539773030305e-02 2.482380904257297516e-02 5.108867117087356746e-05 9.860882710199803114e-05 7.653261855011805892e-05 7.064499368425458670e-05 7.259628910105675459e-05 6.225989636732265353e-05
2.750000000000000000e+02 7.933884297520661655e-02 2.470689453184604645e-02 5.030845932196825743e-05 9.707693243399262428e-05 7.514247408835217357e-05 6.967916124267503619e-05 7.137403008528053761e-05 6.167052924865856767e-05
2.760000000000000000e+02 7.876496534341524691e-02 2.459096349775791168e-02 4.953184907208196819e-05 9.553650306770578027e-05 7.378496229648590088e-05 6.872349331388249993e-05 7.019098120508715510e-05 6.111940456321462989e-05
2.770000000000000000e+02 7.819729176712846008e-02 2.447600476443767548e-02 4.874370279139839113e-05 9.401005081599578261e-05 7.244004518724977970e-05 6.776872032787650824e-05 6.904039037181064487e-05 6.062349348212592304e-05
2.780000000000000000e+02 7.763573314010661919e-02 2.436200715601444244e-02 4.796299617737531662e-05 9.249215509044006467e-05 7.111950253602117300e-05 6.683923857053741813e-05 6.792161730118095875e-05 6.016712723067030311e-05
2.790000000000000000e+02 7.708020195012911524e-02 2.424894645810127258e-02 4.718251511803828180e-05 9.097546717384830117e-05 6.979870522627606988e-05 6.590781413251534104e-05 6.683954416075721383e-05 5.973651786916889250e-05
2.800000000000000000e+02 7.653061224489796088e-02 2.413683943450450897e-02 4.639667895389720798e-05 8.946767047746106982e-05 6.851210491731762886e-05 6.496319110738113523e-05 6.578686588909476995e-05 5.935356239206157625e-05
2.810000000000000000e+02 7.598687959878927534e-02 2.402563020586967468e-02 4.562980029731988907e-05 8.796380279818549752e-05 6.724524428136646748e-05 6.405261228792369366e-05 6.475925329141318798e-05 5.898225572309456766e-05
2.820000000000000000e+02 7.544892108042855483e-02 2.391535043716430664e-02 4.486022226046770811e-05 8.647773938719183207e-05 6.599159678444266319e-05 6.313415360637009144e-05 6.377093086484819651e-05 5.863908154424279928e-05
2.830000000000000000e+02 7.491665522106656649e-02 2.380597218871116638e-02 4.409490065881982446e-05 8.500140393152832985e-05 6.477697752416133881e-05 6.223299715202301741e-05 6.281955575104802847e-05 5.831904854858294129e-05
2.840000000000000000e+02 7.439000198373338368e-02 2.369747497141361237e-02 4.335360063123516738e-05 8.353114390047267079e-05 6.356545054586604238e-05 6.133419810794293880e-05 6.188832048792392015e-05 5.801477891509421170e-05
2.850000000000000000e+02 7.386888273314866360e-02 2.358985133469104767e-02 4.259874549461528659e-05 8.207852079067379236e-05 6.239252979867160320e-05 6.045131885912269354e-05 6.097549703554250300e-05 5.771637734142132103e-05
2.860000000000000000e+02 7.335322020636705909e-02 2.348312363028526306e-02 4.188064485788345337e-05 8.062757115112617612e-05 6.123236380517482758e-05 5.955680899205617607e-05 6.010937431710772216e-05 5.743437213823199272e-05
2.870000000000000000e+02 7.284293848413844752e-02 2.337722480297088623e-02 4.116835043532773852e-05 7.918672054074704647e-05 6.009335265844129026e-05 5.868223524885252118e-05 5.926148878643289208e-05 5.716376472264528275e-05
2.880000000000000000e+02 7.233796296296296502e-02 2.327218465507030487e-02 4.044689558213576674e-05 7.775844278512522578e-05 5.898694871575571597e-05 5.782592779723927379e-05 5.843116014148108661e-05 5.689940735464915633e-05
2.890000000000000000e+02 7.183822032782175016e-02 2.316796407103538513e-02 3.975946310674771667e-05 7.633908535353839397e-05 5.790120849269442260e-05 5.694910214515402913e-05 5.763574881711974740e-05 5.663875344907864928e-05
2.900000000000000000e+02 7.134363852556480090e-02 2.306460216641426086e-02 3.908147482434287667e-05 7.493836892535910010e-05 5.683589188265614212e-05 5.611017695628106594e-05 5.685144788003526628e-05 5.638392394757829607e-05
2.910000000000000000e+02 7.085414673893788984e-02 2.296203933656215668e-02 3.841674697468988597e-05 7.355313573498278856e-05 5.579716525971889496e-05 5.527268513105809689e-05 5.610063089989125729e-05 5.612793756881728768e-05
2.920000000000000000e+02 7.036967536123099609e-02 2.286027744412422180e-02 3.777653182623907924e-05 7.217253005364909768e-05 5.479688115883618593e-05 5.443966074381023645e-05 5.536527532967738807e-05 5.587186751654371619e-05
2.930000000000000000e+02 6.989015597153140635e-02 2.275934070348739624e-02 3.713069236255250871e-05 7.081922376528382301e-05 5.381129085435532033e-05 5.362325828173197806e-05 5.466425136546604335e-05 5.560306453844532371e-05
2.940000000000000000e+02 6.941552131056503983e-02 2.265916019678115845e-02 3.652282612165436149e-05 6.948818918317556381e-05 5.286398300086148083e-05 5.281118501443415880e-05 5.395084008341655135e-05 5.533879084396176040e-05
2.950000000000000000e+02 6.894570525711002373e-02 2.255976758897304535e-02 3.592638677218928933e-05 6.814899097662419081e-05 5.192901880946010351e-05 5.200536179472692311e-05 5.327364124241285026e-05 5.506367597263306379e-05
2.960000000000000000e+02 6.848064280496712897e-02 2.246114425361156464e-02 3.534928691806271672e-05 6.686324195470660925e-05 5.102599607198499143e-05 5.121383583173155785e-05 5.260335092316381633e-05 5.478974344441667199e-05
2.970000000000000000e+02 6.802027004047206393e-02 2.236330322921276093e-02 3.479788938420824707e-05 6.557515007443726063e-05 5.015788701712153852e-05 5.044268618803471327e-05 5.194602636038325727e-05 5.451477045426145196e-05
2.980000000000000000e+02 6.756452412053511047e-02 2.226620353758335114e-02 3.424092210480012000e-05 6.430484791053459048e-05 4.931370494887232780e-05 4.966989945387467742e-05 5.130370846018195152e-05 5.422445610747672617e-05
2.990000000000000000e+02 6.711334325119405753e-02 2.216984331607818604e-02 3.372141145518980920e-05 6.305476563284173608e-05 4.849847027799114585e-05 4.892136348644271493e-05 5.068397877039387822e-05 5.392658204073086381e-05
3.000000000000000000e+02 6.666666666666666574e-02 2.207421883940696716e-02 3.321052281535230577e-05 6.183428922668099403e-05 4.770330633618868887e-05 4.817202716367319226e-05 5.005676575819961727e-05 5.363316449802368879e-05
3.010000000000000000e+02 6.622443460888952083e-02 2.197933383285999298e-02 3.271736204624176025e-05 6.062860484234988689e-05 4.692789298132993281e-05 4.744092439068481326e-05 4.945660839439369738e-05 5.330962812877260149e-05
3.020000000000000000e+02 6.578658830753036924e-02 2.188516035676002502e-02 3.224020110792480409e-05 5.945104567217640579e-05 4.618951788870617747e-05 4.671328133554197848e-05 4.884949157712981105e-05 5.298762698657810688e-05
3.030000000000000000e+02 6.535306996046139072e-02 2.179169282317161560e-02 3.179411578457802534e-05 5.828816938446834683e-05 4.547185380943119526e-05 4.600048123393207788e-05 4.824710777029395103e-05 5.266094740363769233e-05
3.040000000000000000e+02 6.492382271468144506e-02 2.169891633093357086e-02 3.135482620564289391e-05 5.715136649087071419e-05 4.478405753616243601e-05 4.529454599833115935e-05 4.766710117110051215e-05 5.231930117588490248e-05
3.050000000000000000e+02 6.449879064767535808e-02 2.160684764385223389e-02 3.093569830525666475e-05 5.604153193417005241e-05 4.411531335790641606e-05 4.460176205611787736e-05 4.708838969236239791e-05 5.196568235987797379e-05
3.060000000000000000e+02 6.407791874919901987e-02 2.151546254754066467e-02 3.052630563615821302e-05 5.496052108355797827e-05 4.347540016169659793e-05 4.391803304315544665e-05 4.650789196603000164e-05 5.160092405276373029e-05
3.070000000000000000e+02 6.366115290347908184e-02 2.142474427819252014e-02 3.014036337845027447e-05 5.388936187955550849e-05 4.285839895601384342e-05 4.324805922806262970e-05 4.594193160301074386e-05 5.122731818119063973e-05
3.080000000000000000e+02 6.324843987181649752e-02 2.133473008871078491e-02 2.976998621306847781e-05 5.285515726427547634e-05 4.226592136546969414e-05 4.259169145370833576e-05 4.537739005172625184e-05 5.083253563498146832e-05
3.090000000000000000e+02 6.283972727558362337e-02 2.124534547328948975e-02 2.940976082754787058e-05 5.184286783332936466e-05 4.169799649389460683e-05 4.194095527054741979e-05 4.482633084990084171e-05 5.043424971518106759e-05
3.100000000000000000e+02 6.243496357960457571e-02 2.115662954747676849e-02 2.907046473410446197e-05 5.084888471174053848e-05 4.114451076020486653e-05 4.129777516936883330e-05 4.427276144269853830e-05 5.001922545488923788e-05
3.110000000000000000e+02 6.203409807590905961e-02 2.106856368482112885e-02 2.874122583307325840e-05 4.987915235687978566e-05 4.062143489136360586e-05 4.067225745529867709e-05 4.373687261249870062e-05 4.959818397765047848e-05
3.120000000000000000e+02 6.163708086785010115e-02 2.098114043474197388e-02 2.843299444066360593e-05 4.894801531918346882e-05 4.011115379398688674e-05 4.005707887699827552e-05 4.319043364375829697e-05 4.915459066978655756e-05
3.130000000000000000e+02 6.124386285457644741e-02 2.089435420930385590e-02 2.811498052324168384e-05 4.804378477274440229e-05 3.963171911891549826e-05 3.945412026951089501e-05 4.265438474249094725e-05 4.869752228842116892e-05
3.140000000000000000e+02 6.085439571585054414e-02 2.080818451941013336e-02 2.782126102829352021e-05 4.714774331660009921e-05 3.915927663911134005e-05 3.886069316649809480e-05 4.213852298562414944e-05 4.823687413590960205e-05
3.150000000000000000e+02 6.046863189720332737e-02 2.072264999151229858e-02 2.754650631686672568e-05 4.629529939847998321e-05 3.870733053190633655e-05 3.827168984571471810e-05 4.162443656241521239e-05 4.775250636157579720e-05
3.160000000000000000e+02 6.008652459541739821e-02 2.063772454857826233e-02 2.727160790527705103e-05 4.546407217276282609e-05 3.828121407423168421e-05 3.770513649214990437e-05 4.109683504793792963e-05 4.726129554910585284e-05
3.170000000000000000e+02 5.970802774433022625e-02 2.055340632796287537e-02 2.700932964216917753e-05 4.465855090529657900e-05 3.786722299992106855e-05 3.714209742611274123e-05 4.060148421558551490e-05 4.676366734202019870e-05
3.180000000000000000e+02 5.933309600094933273e-02 2.046967670321464539e-02 2.675829455256462097e-05 4.388246816233731806e-05 3.747384471353143454e-05 3.659318826976232231e-05 4.010398697573691607e-05 4.624149369192309678e-05
3.190000000000000000e+02 5.896168473187173714e-02 2.038655430078506470e-02 2.650924034242052585e-05 4.313295721658505499e-05 3.708590520545840263e-05 3.605080564739182591e-05 3.962135815527290106e-05 4.571097815642133355e-05
3.200000000000000000e+02 5.859375000000000000e-02 2.030401304364204407e-02 2.627141293487511575e-05 4.241413262207061052e-05 3.672573075164109468e-05 3.553564965841360390e-05 3.912996180588379502e-05 4.516553599387407303e-05
3.210000000000000000e+02 5.822924855154744395e-02 2.022204734385013580e-02 2.603417124191764742e-05 4.170721877017058432e-05 3.636760084191337228e-05 3.501955870888195932e-05 3.866874976665712893e-05 4.461335993255488575e-05
3.220000000000000000e+02 5.786813780332548951e-02 2.014065906405448914e-02 2.580582440714351833e-05 4.102866660105064511e-05 3.602293872972950339e-05 3.452154487604275346e-05 3.820397250819951296e-05 4.405690924613736570e-05
3.230000000000000000e+02 5.751037583030604861e-02 2.005985379219055176e-02 2.559345011832192540e-05 4.039524719701148570e-05 3.569460386643186212e-05 3.402748916414566338e-05 3.775583900278434157e-05 4.348649599705822766e-05
3.240000000000000000e+02 5.715592135345221730e-02 1.997959427535533905e-02 2.538269109209068120e-05 3.977024607593193650e-05 3.538500459399074316e-05 3.355336593813262880e-05 3.730559183168224990e-05 4.290822835173457861e-05
3.250000000000000000e+02 5.680473372781064817e-02 1.989991031587123871e-02 2.517171742510981858e-05 3.917159119737334549e-05 3.507527071633376181e-05 3.310004831291735172e-05 3.687665957841090858e-05 4.232262290315702558e-05
3.260000000000000000e+02 5.645677293085927390e-02 1.982076093554496765e-02 2.496157685527577996e-05 3.860479773720726371e-05 3.478016515146009624e-05 3.264219049015082419e-05 3.643954551080241799e-05 4.172614353592507541e-05
3.270000000000000000e+02 5.611199955110400539e-02 1.974216289818286896e-02 2.476836016285233200e-05 3.805840242421254516e-05 3.450696749496273696e-05 3.221872611902654171e-05 3.602664219215512276e-05 4.112233000341802835e-05
3.280000000000000000e+02 5.577037477691849932e-02 1.966411620378494263e-02 2.456812035234179348e-05 3.753605415113270283e-05 3.421525252633728087e-05 3.179030682076700032e-05 3.562125857570208609e-05 4.051808718941174448e-05
3.290000000000000000e+02 5.543186038562097212e-02 1.958657987415790558e-02 2.437927651044446975e-05 3.704284972627647221e-05 3.396347165107727051e-05 3.138546162517741323e-05 3.522224869811907411e-05 3.991678022430278361e-05
3.300000000000000000e+02 5.509641873278237068e-02 1.950959675014019012e-02 2.419117481622379273e-05 3.655843102023936808e-05 3.369781188666820526e-05 3.097572334809228778e-05 3.483436375972814858e-05 3.930698585463687778e-05
3.310000000000000000e+02 5.476401274176029982e-02 1.943311281502246857e-02 2.401929486950393766e-05 3.609593477449379861e-05 3.344988726894371212e-05 3.059217124246060848e-05 3.445481343078427017e-05 3.869763168040663004e-05
3.320000000000000000e+02 5.443460589345332917e-02 1.935715787112712860e-02 2.384186700510326773e-05 3.565945735317654908e-05 3.319608003948815167e-05 3.022938835783861578e-05 3.408656630199402571e-05 3.809123154496774077e-05
3.330000000000000000e+02 5.410816221627032241e-02 1.928172074258327484e-02 2.366026092204265296e-05 3.525050487951375544e-05 3.296306749689392745e-05 2.986566687468439341e-05 3.372039645910263062e-05 3.747685332200489938e-05
3.340000000000000000e+02 5.378464627630965417e-02 1.920677162706851959e-02 2.348580528632737696e-05 3.486562127363868058e-05 3.272308822488412261e-05 2.952633076347410679e-05 3.338209717185236514e-05 3.687290518428198993e-05
3.350000000000000000e+02 5.346402316774337415e-02 1.913233473896980286e-02 2.332394797122105956e-05 3.448221832513809204e-05 3.248754364904016256e-05 2.918593236245214939e-05 3.303280391264706850e-05 3.627441765274852514e-05
3.360000000000000000e+02 5.314625850340135710e-02 1.905840635299682617e-02 2.315810343134216964e-05 3.412108344491571188e-05 3.226406988687813282e-05 2.886475340346805751e-05 3.269856460974551737e-05 3.567681051208637655e-05
3.370000000000000000e+02 5.283131840555081032e-02 1.898495666682720184e-02 2.299469269928522408e-05 3.378713881829753518e-05 3.203801679774187505e-05 2.856335231626871973e-05 3.236795600969344378e-05 3.509105590637773275e-05
3.380000000000000000e+02 5.251916949686635805e-02 1.891200058162212372e-02 2.282494642713572830e-05 3.347238089190796018e-05 3.181478678015992045e-05 2.825195952027570456e-05 3.204436870873905718e-05 3.450890289968810976e-05
3.390000000000000000e+02 5.220977889158639335e-02 1.883950643241405487e-02 2.268155003548599780e-05 3.316229049232788384e-05 3.160133564961142838e-05 2.796448461594991386e-05 3.173189543304033577e-05 3.392824146430939436e-05
3.400000000000000000e+02 5.190311418685120831e-02 1.876750588417053223e-02 2.252416197734419256e-05 3.286373612354509532e-05 3.136815212201327085e-05 2.768969170574564487e-05 3.142151035717688501e-05 3.337068847031332552e-05
3.410000000000000000e+02 5.159914345421866277e-02 1.869597099721431732e-02 2.236854379589203745e-05 3.260503945057280362e-05 3.115457002422772348e-05 2.742940887401346117e-05 3.111518162768334150e-05 3.280090822954662144e-05
3.420000000000000000e+02 5.129783523135323514e-02 1.862491108477115631e-02 2.221206341346260160e-05 3.233115057810209692e-05 3.093155464739538729e-05 2.715248410822823644e-05 3.082408511545509100e-05 3.226599801564589143e-05
3.430000000000000000e+02 5.099915851388452104e-02 1.855430938303470612e-02 2.206830504292156547e-05 3.207246118108741939e-05 3.072005711146630347e-05 2.691085319384001195e-05 3.053482214454561472e-05 3.172671858919784427e-05
3.440000000000000000e+02 5.070308274743104415e-02 1.848416589200496674e-02 2.192198189732152969e-05 3.182470391038805246e-05 3.049920451303478330e-05 2.667524859134573489e-05 3.024382203875575215e-05 3.119105167570523918e-05
3.450000000000000000e+02 5.040957781978575719e-02 1.841447129845619202e-02 2.177260284952353686e-05 3.160209234920330346e-05 3.025692967639770359e-05 2.643959487613756210e-05 2.994987153215333819e-05 3.068598016398027539e-05
3.460000000000000000e+02 5.011861405325938185e-02 1.834522560238838196e-02 2.162578493880573660e-05 3.137234671157784760e-05 3.003966958203818649e-05 2.621067324071191251e-05 2.967200271086767316e-05 3.018769348273053765e-05
3.470000000000000000e+02 4.983016219717795181e-02 1.827642321586608887e-02 2.148185558326076716e-05 3.116001607850193977e-05 2.982000296469777822e-05 2.600397601781878620e-05 2.939710611826740205e-05 2.969652996398508549e-05
3.480000000000000000e+02 4.954419342053111713e-02 1.820806227624416351e-02 2.133434827555902302e-05 3.094656858593225479e-05 2.958261393359862268e-05 2.576719089120160788e-05 2.911729461629875004e-05 2.923121610365342349e-05
3.490000000000000000e+02 4.926067930476761558e-02 1.814013347029685974e-02 2.119434611813630909e-05 3.074533378821797669e-05 2.935331212938763201e-05 2.556469553383067250e-05 2.883572415157686919e-05 2.876740109059028327e-05
3.500000000000000000e+02 4.897959183673469136e-02 1.807264611124992371e-02 2.105188832501880825e-05 3.054685657843947411e-05 2.912210766226053238e-05 2.537305954319890589e-05 2.857348408724647015e-05 2.832309655786957592e-05
3.510000000000000000e+02 4.870090340175810273e-02 1.800557784736156464e-02 2.090007546939887106e-05 3.036404814338311553e-05 2.888464950956404209e-05 2.516748827474657446e-05 2.830189077940303832e-05 2.788451456581242383e-05
3.520000000000000000e+02 4.842458677685950591e-02 1.793892309069633484e-02 2.075937663903459907e-05 3.017683957295957953e-05 2.864838279492687434e-05 2.497623972885776311e-05 2.804007453960366547e-05 2.746969585132319480e-05
3.530000000000000000e+02 4.815061512410821060e-02 1.787270419299602509e-02 2.059638973150867969e-05 2.998538730025757104e-05 2.840477100107818842e-05 2.477656926203053445e-05 2.776291148620657623e-05 2.705155202420428395e-05
3.540000000000000000e+02 4.787896198410418469e-02 1.780688762664794922e-02 2.045578730758279562e-05 2.980842327815480530e-05 2.815035622916184366e-05 2.460021278238855302e-05 2.749507075350265950e-05 2.666446198418270797e-05
3.550000000000000000e+02 4.760960126958936611e-02 1.774150133132934570e-02 2.030044925049878657e-05 2.962402686534915119e-05 2.789664540614467114e-05 2.441298602207098156e-05 2.723106263147201389e-05 2.629485425131861120e-05
3.560000000000000000e+02 4.734250725918444369e-02 1.767650805413722992e-02 2.014659003179986030e-05 2.943469735328108072e-05 2.764059536275453866e-05 2.422861689410638064e-05 2.695823422982357442e-05 2.592949749669060111e-05
3.570000000000000000e+02 4.707765459124826218e-02 1.761190406978130341e-02 1.998922016355209053e-05 2.924905675172340125e-05 2.738132207014132291e-05 2.404088809271343052e-05 2.668331944732926786e-05 2.557664265623316169e-05
3.580000000000000000e+02 4.681501825785711751e-02 1.754772663116455078e-02 1.983131733140908182e-05 2.907934867835137993e-05 2.712684727157466114e-05 2.386791857134085149e-05 2.642738763825036585e-05 2.524006595194805413e-05
3.590000000000000000e+02 4.655457359890131236e-02 1.748391985893249512e-02 1.966367017303127795e-05 2.889148709073197097e-05 2.685368781385477632e-05 2.368028435739688575e-05 2.615775701997336000e-05 2.491943632776383311e-05
3.600000000000000000e+02 4.629629629629629373e-02 1.742052100598812103e-02 1.948591489053796977e-05 2.870481694117188454e-05 2.659594792930874974e-05 2.350527392991352826e-05 2.588705319794826210e-05 2.460728137521073222e-05
3.610000000000000000e+02 4.604016236830595077e-02 1.735749840736389160e-02 1.931088627316057682e-05 2.851282260962761939e-05 2.632186260598246008e-05 2.332832991669420153e-05 2.562472036515828222e-05 2.430749555060174316e-05
3.620000000000000000e+02 4.578614816397545695e-02 1.729486510157585144e-02 1.913597770908381790e-05 2.833022517734207213e-05 2.604610199341550469e-05 2.313860386493615806e-05 2.535985731810797006e-05 2.402998507022857666e-05
3.630000000000000000e+02 4.553423035767138055e-02 1.723262667655944824e-02 1.896760659292340279e-05 2.814012987073510885e-05 2.576076622062828392e-05 2.295293052156921476e-05 2.508285615476779640e-05 2.374771065660752356e-05
3.640000000000000000e+02 4.528438594372660025e-02 1.717072725296020508e-02 1.878004331956617534e-05 2.793555177049711347e-05 2.549114833527710289e-05 2.277359817526303232e-05 2.482140189385972917e-05 2.347855843254365027e-05
3.650000000000000000e+02 4.503659223118784000e-02 1.710924319922924042e-02 1.858994983194861561e-05 2.774412314465735108e-05 2.519970621506217867e-05 2.258899257867597044e-05 2.455191315675619990e-05 2.323114131286274642e-05
3.660000000000000000e+02 4.479082683866344311e-02 1.704807765781879425e-02 1.840292316046543419e-05 2.754217712208628654e-05 2.492370731488335878e-05 2.239721288788132370e-05 2.429425694572273642e-05 2.299927473359275609e-05
3.670000000000000000e+02 4.454706768926935262e-02 1.698732376098632812e-02 1.821123078116215765e-05 2.732936627580784261e-05 2.464981480443384498e-05 2.221444992756005377e-05 2.402663449174724519e-05 2.276716986671090126e-05
3.680000000000000000e+02 4.430529300567107726e-02 1.692691072821617126e-02 1.801380494725890458e-05 2.712140849325805902e-05 2.436442628095392138e-05 2.203157055191695690e-05 2.376710290263872594e-05 2.254678292956668884e-05
3.690000000000000000e+02 4.406548130521955459e-02 1.686688326299190521e-02 1.782468279998283833e-05 2.691031113499775529e-05 2.407202373433392495e-05 2.184500772273167968e-05 2.350352951907552779e-05 2.232792576251085848e-05
3.700000000000000000e+02 4.382761139517896143e-02 1.680718734860420227e-02 1.761728344717994332e-05 2.668571687536314130e-05 2.379212310188449919e-05 2.164564284612424672e-05 2.324978959222789854e-05 2.212973595305811614e-05
3.710000000000000000e+02 4.359166236804440375e-02 1.674784906208515167e-02 1.741347659844905138e-05 2.647310429892968386e-05 2.350161412323359400e-05 2.145378493878524750e-05 2.299084735568612814e-05 2.193134787376038730e-05
3.720000000000000000e+02 4.335761359694762646e-02 1.668886654078960419e-02 1.722092383715789765e-05 2.624363696668297052e-05 2.322260843357071280e-05 2.124569982697721571e-05 2.273355676152277738e-05 2.174699875467922539e-05
3.730000000000000000e+02 4.312544473114879318e-02 1.663021929562091827e-02 1.700567918305750936e-05 2.601474807306658477e-05 2.293142642884049565e-05 2.105997555190697312e-05 2.249064891657326370e-05 2.155482616217341274e-05
3.740000000000000000e+02 4.289513569161257367e-02 1.657192781567573547e-02 1.680481000221334398e-05 2.578888052084948868e-05 2.264788599859457463e-05 2.085589767375495285e-05 2.224594391009304672e-05 2.137506271537858993e-05
3.750000000000000000e+02 4.266666666666666524e-02 1.651396416127681732e-02 1.660486123000737280e-05 2.555269020376726985e-05 2.237221997347660363e-05 2.065100670733954757e-05 2.198980291723273695e-05 2.120532735716551542e-05
3.760000000000000000e+02 4.244001810774106209e-02 1.645635440945625305e-02 1.639070433157030493e-05 2.531720201659481972e-05 2.208538353443145752e-05 2.045787550741806626e-05 2.175523513869848102e-05 2.104341365338768810e-05
3.770000000000000000e+02 4.221517072518627539e-02 1.639906875789165497e-02 1.619288195797707886e-05 2.507514000171795487e-05 2.182345815526787192e-05 2.025249887083191425e-05 2.150981890736147761e-05 2.089002009597606957e-05
3.780000000000000000e+02 4.199210548416897754e-02 1.634211465716362000e-02 1.598699236637912691e-05 2.482653326296713203e-05 2.153643254132475704e-05 2.003918416448868811e-05 2.127745938196312636e-05 2.072798088192939758e-05
3.790000000000000000e+02 4.177080360064327341e-02 1.628547534346580505e-02 1.578081173647660762e-05 2.458080962242092937e-05 2.126730396412312984e-05 1.984661503229290247e-05 2.104206032527144998e-05 2.058065365417860448e-05
3.800000000000000000e+02 4.155124653739612067e-02 1.622918620705604553e-02 1.557800169393885881e-05 2.432577639410737902e-05 2.099228731822222471e-05 1.964190778380725533e-05 2.080817102978471667e-05 2.043306631094310433e-05
3.810000000000000000e+02 4.133341600016533085e-02 1.617319881916046143e-02 1.537986645416822284e-05 2.406621388217899948e-05 2.073447467410005629e-05 1.943364623002707958e-05 2.059225516859441996e-05 2.028048584179487079e-05
3.820000000000000000e+02 4.111729393382856923e-02 1.611753925681114197e-02 1.518615954410051927e-05 2.380800651735626161e-05 2.046548434009309858e-05 1.922915726026985794e-05 2.037135527643840760e-05 2.013940138567704707e-05
3.830000000000000000e+02 4.090286251866193101e-02 1.606220006942749023e-02 1.499878362665185705e-05 2.356299228267744184e-05 2.020627107413019985e-05 1.902407529996708035e-05 2.015760946960654110e-05 1.999871528823859990e-05
3.840000000000000000e+02 4.069010416666666435e-02 1.600717194378376007e-02 1.480602986703161150e-05 2.329649214516393840e-05 1.995197453652508557e-05 1.882506148831453174e-05 1.994763988477643579e-05 1.986069582926575094e-05
3.850000000000000000e+02 4.047900151796255536e-02 1.595245487987995148e-02 1.461005922465119511e-05 2.304471854586154222e-05 1.970462108147330582e-05 1.862667522800620645e-05 1.975153463718015701e-05 1.972692734852898866e-05
3.860000000000000000e+02 4.026953743724663581e-02 1.589804515242576599e-02 1.442989014321938157e-05 2.278116880916059017e-05 1.945451731444336474e-05 1.840841832745354623e-05 1.953213541128206998e-05 1.958443681360222399e-05
3.870000000000000000e+02 4.006169501031588837e-02 1.584394089877605438e-02 1.424649872205918655e-05 2.251834121125284582e-05 1.920653812703676522e-05 1.821534351620357484e-05 1.934543433890212327e-05 1.946024531207513064e-05
3.880000000000000000e+02 3.985545754065256824e-02 1.579014211893081665e-02 1.406968203809810802e-05 2.225914613518398255e-05 1.896617868624161929e-05 1.801011057978030294e-05 1.914189670060295612e-05 1.932079430844169110e-05
3.890000000000000000e+02 3.965080854607093419e-02 1.573663949966430664e-02 1.389323460898594931e-05 2.199013397330418229e-05 1.872701614047400653e-05 1.780785896698944271e-05 1.896196226880419999e-05 1.918149973789695650e-05
3.900000000000000000e+02 3.944773175542406335e-02 1.568342372775077820e-02 1.371884809486800805e-05 2.172859785787295550e-05 1.849769978434778750e-05 1.762114879966247827e-05 1.877245267678517848e-05 1.905774843180552125e-05
3.910000000000000000e+02 3.924621110536953561e-02 1.563052833080291748e-02 1.355215135845355690e-05 2.147212398995179683e-05 1.826699917728547007e-05 1.741960477374959737e-05 1.858553332567680627e-05 1.893055923574138433e-05
3.920000000000000000e+02 3.904623073719283577e-02 1.557791605591773987e-02 1.339111804554704577e-05 2.120947465300559998e-05 1.804563362384214997e-05 1.723141213005874306e-05 1.841072662500664592e-05 1.880180207081139088e-05
3.930000000000000000e+02 3.884777499368723824e-02 1.552557665854692459e-02 1.322957905358634889e-05 2.094249430228956044e-05 1.782720391929615289e-05 1.703007183095905930e-05 1.823116508603561670e-05 1.867286846390925348e-05
3.940000000000000000e+02 3.865082841608905029e-02 1.547355391085147858e-02 1.307989350607385859e-05 2.068342473648954183e-05 1.762170722940936685e-05 1.684770541032776237e-05 1.805435749702155590e-05 1.854408037615939975e-05
3.950000000000000000e+02 3.845537574106713818e-02 1.542179472744464874e-02 1.292068918701261282e-05 2.042471169261261821e-05 1.740527113724965602e-05 1.665716081333812326e-05 1.788373265299014747e-05 1.841329685703385621e-05
3.960000000000000000e+02 3.826140189776553596e-02 1.537032146006822586e-02 1.278172021557111293e-05 2.016989856201689690e-05 1.720720865705516189e-05 1.647216049605049193e-05 1.771155802998691797e-05 1.828224412747658789e-05
3.970000000000000000e+02 3.806889200489819991e-02 1.531913038343191147e-02 1.264422189706237987e-05 1.990380405914038420e-05 1.700353095657192171e-05 1.628580321266781539e-05 1.754477671056520194e-05 1.815119685488753021e-05
3.980000000000000000e+02 3.787783136789475008e-02 1.526822056621313095e-02 1.249709657713538036e-05 1.963941031135618687e-05 1.680503919487819076e-05 1.611274274182505906e-05 1.737387174216564745e-05 1.802648330340161920e-05
3.990000000000000000e+02 3.768820547609625510e-02 1.521759293973445892e-02 1.235976196767296642e-05 1.939535286510363221e-05 1.661743226577527821e-05 1.593119304743595421e-05 1.720349428069312125e-05 1.789946145436260849e-05
4.000000000000000000e+02 3.749999999999999861e-02 1.516722608357667923e-02 1.222988339577568695e-05 1.913187225000001490e-05 1.643504765524994582e-05 1.574659290781710297e-05 1.704514761513564736e-05 1.776658791641239077e-05
4.010000000000000000e+02 3.731320078855231148e-02 1.511713024228811264e-02 1.209535275847883895e-05 1.889409031718969345e-05 1.625270124350208789e-05 1.558327676320914179e-05 1.687755138846114278e-05 1.763348700478672981e-05
4.020000000000000000e+02 3.712779386648845659e-02 1.506729330867528915e-02 1.197538131236797199e-05 1.863796387624461204e-05 1.607109697943087667e-05 1.541131678095553070e-05 1.671489553700666875e-05 1.750370938680134714e-05
4.030000000000000000e+02 3.694376543171868504e-02 1.501773297786712646e-02 1.184958273370284587e-05 1.840044023992959410e-05 1.589140447322279215e-05 1.524690651422133669e-05 1.655151754675898701e-05 1.737467391649261117e-05
4.040000000000000000e+02 3.676110185275953401e-02 1.496845297515392303e-02 1.172639258584240451e-05 1.816076655813958496e-05 1.572853943798691034e-05 1.508221066615078598e-05 1.638683352211955935e-05 1.723533205222338438e-05
4.050000000000000000e+02 3.657978966620942241e-02 1.491941139101982117e-02 1.161069940280867741e-05 1.792303191905375570e-05 1.555710332468152046e-05 1.490811064286390319e-05 1.622863237571436912e-05 1.710611650196369737e-05
4.060000000000000000e+02 3.639981557426776038e-02 1.487063243985176086e-02 1.150065872934646904e-05 1.769855407474096864e-05 1.539561162644531578e-05 1.475005592510569841e-05 1.606060322956182063e-05 1.697206243989057839e-05
4.070000000000000000e+02 3.622116644229666366e-02 1.482212077826261520e-02 1.138283278123708442e-05 1.746981797623448074e-05 1.523776518297381699e-05 1.459244413126725703e-05 1.590109059179667383e-05 1.682319816609378904e-05
4.080000000000000000e+02 3.604382929642445388e-02 1.477386709302663803e-02 1.128381427406566218e-05 1.724428875604644418e-05 1.509084904682822526e-05 1.444227109459461644e-05 1.573434201418422163e-05 1.669184348429553211e-05
4.090000000000000000e+02 3.586779132119009145e-02 1.472586300224065781e-02 1.118692762247519568e-05 1.702322151686530560e-05 1.493417948950082064e-05 1.427657844033092260e-05 1.556735151098109782e-05 1.655305095482617617e-05
4.100000000000000000e+02 3.569303985722784012e-02 1.467810478061437607e-02 1.106740546674700454e-05 1.681110734352841973e-05 1.478253670939011499e-05 1.412090114172315225e-05 1.541099118185229599e-05 1.641229755477979779e-05
4.110000000000000000e+02 3.551956239899124734e-02 1.463059615343809128e-02 1.097580116038443521e-05 1.659230292716529220e-05 1.463739772589178756e-05 1.397759206156479195e-05 1.524661911389557645e-05 1.626183075131848454e-05
4.120000000000000000e+02 3.534734659251578814e-02 1.458334177732467651e-02 1.087405962607590482e-05 1.637875539017841220e-05 1.449820865673245862e-05 1.382836671837139875e-05 1.508787408965872601e-05 1.611353582120500505e-05
4.130000000000000000e+02 3.517638023321940227e-02 1.453632488846778870e-02 1.077728211384965107e-05 1.617600901226978749e-05 1.434743899153545499e-05 1.367911045235814527e-05 1.491926013841293752e-05 1.597106711415108293e-05
4.140000000000000000e+02 3.500665126374011282e-02 1.448956225067377090e-02 1.068242090696003288e-05 1.598073868080973625e-05 1.421480283170240000e-05 1.352909566776361316e-05 1.475656245020218194e-05 1.581931792316026986e-05
4.150000000000000000e+02 3.483814777181012956e-02 1.444301940500736237e-02 1.058286852639866993e-05 1.578412957314867526e-05 1.407898162142373621e-05 1.338188394583994523e-05 1.459330178477102891e-05 1.566700484545435756e-05
4.160000000000000000e+02 3.467085798816568060e-02 1.439672708511352539e-02 1.049385173246264458e-05 1.559682459628675133e-05 1.395932758896378800e-05 1.324365621258039027e-05 1.442277334717800841e-05 1.550649722048547119e-05
4.170000000000000000e+02 3.450477028449182998e-02 1.435068156570196152e-02 1.040730512613663450e-05 1.540724042570218444e-05 1.382445589115377516e-05 1.309395520365796983e-05 1.426132348569808528e-05 1.534668808744754642e-05
4.180000000000000000e+02 3.433987317140175383e-02 1.430486701428890228e-02 1.031719602906377986e-05 1.523331320640863851e-05 1.369798701489344239e-05 1.295786933042109013e-05 1.410162349202437326e-05 1.520017849543364719e-05
4.190000000000000000e+02 3.417615529644967010e-02 1.425928995013237000e-02 1.023503773467382416e-05 1.506434000475564972e-05 1.357148084935033694e-05 1.281833920074859634e-05 1.394477112626191229e-05 1.502687064203200862e-05
4.200000000000000000e+02 3.401360544217687382e-02 1.421392709016799927e-02 1.015051293506985530e-05 1.488480120315216482e-05 1.345226064586313441e-05 1.267726202058838680e-05 1.377294211124535650e-05 1.486592555011156946e-05
4.210000000000000000e+02 3.385221252419022553e-02 1.416881009936332703e-02 1.006399270409019664e-05 1.472181793360505253e-05 1.333361615252215415e-05 1.254286144103389233e-05 1.362219882139470428e-05 1.471352697990369052e-05
4.220000000000000000e+02 3.369196558927247537e-02 1.412391476333141327e-02 9.977574336517136544e-06 1.456220888940151781e-05 1.320724641118431464e-05 1.240602796315215528e-05 1.345965938526205719e-05 1.455025994800962508e-05
4.230000000000000000e+02 3.353285381352379829e-02 1.407925318926572800e-02 9.900831173581536859e-06 1.442030043108388782e-05 1.308548144152155146e-05 1.227142456627916545e-05 1.330696886725490913e-05 1.437615719623863697e-05
4.240000000000000000e+02 3.337486650053399923e-02 1.403481140732765198e-02 9.825940651353448629e-06 1.426334893039893359e-05 1.297892049478832632e-05 1.213698305946309119e-05 1.315262034040642902e-05 1.421442357241176069e-05
4.250000000000000000e+02 3.321799307958477748e-02 1.399060245603322983e-02 9.743082955537829548e-06 1.412220444763079286e-05 1.286720089410664514e-05 1.200750739371869713e-05 1.299822270084405318e-05 1.404459271725500003e-05
4.260000000000000000e+02 3.306222310388150232e-02 1.394659839570522308e-02 9.662037882662843913e-06 1.397771757183363661e-05 1.275198701478075236e-05 1.188651731354184449e-05 1.285325379285495728e-05 1.387446900480426848e-05
4.270000000000000000e+02 3.290754624881395835e-02 1.390281040221452713e-02 9.591964044375345111e-06 1.384249026159523055e-05 1.263774447579635307e-05 1.174513363366713747e-05 1.271258224733173847e-05 1.371927282889373600e-05
4.280000000000000000e+02 3.275395231024543635e-02 1.385924778878688812e-02 9.516320460534188896e-06 1.370582594972802326e-05 1.252594938705442473e-05 1.161871750809950754e-05 1.256664472748525441e-05 1.355596668872749433e-05
4.290000000000000000e+02 3.260143120282980173e-02 1.381590403616428375e-02 9.440687790629453957e-06 1.357919973088428378e-05 1.242964026459958404e-05 1.149908803199650720e-05 1.242535836354363710e-05 1.338150195806520060e-05
4.300000000000000000e+02 3.244997295835586743e-02 1.377277076244354248e-02 9.365760888613294810e-06 1.345189957646653056e-05 1.231838086823699996e-05 1.137703839049208909e-05 1.228772725880844519e-05 1.322836396866478026e-05
4.310000000000000000e+02 3.229956772411862742e-02 1.372985634952783585e-02 9.302562830271199346e-06 1.333230011368868873e-05 1.220960712089436129e-05 1.126036204368574545e-05 1.216106193169252947e-05 1.307056572841247544e-05
4.320000000000000000e+02 3.215020576131687180e-02 1.368714682757854462e-02 9.230481737176887691e-06 1.322546177107142285e-05 1.211240578413708135e-05 1.113548387365881354e-05 1.202961084345588461e-05 1.290434647671645507e-05
4.330000000000000000e+02 3.200187744347668395e-02 1.364464592188596725e-02 9.164760740532074124e-06 1.311569212703034282e-05 1.200637871079379693e-05 1.101373345591127872e-05 1.190368493553251028e-05 1.274604801437817514e-05
4.340000000000000000e+02 3.185457325490029246e-02 1.360236108303070068e-02 9.101373507292009890e-06 1.300201347476104274e-05 1.189594422612572089e-05 1.090715704776812345e-05 1.177376816485775635e-05 1.258473912457702681e-05
4.350000000000000000e+02 3.170828378913990997e-02 1.356026995927095413e-02 9.036247320182155818e-06 1.290208456339314580e-05 1.180086655949708074e-05 1.079303183360025287e-05 1.165833509730873629e-05 1.243528458871878684e-05
4.360000000000000000e+02 3.156299974749600390e-02 1.351839210838079453e-02 8.962738320406060666e-06 1.279196112591307610e-05 1.170729774457868189e-05 1.068684832716826349e-05 1.154077472165226936e-05 1.228557175636524335e-05
4.370000000000000000e+02 3.141871193753960345e-02 1.347671914845705032e-02 8.895861355995293707e-06 1.269496442546369508e-05 1.161117597803240642e-05 1.057296412909636274e-05 1.142947076004929841e-05 1.214259282278362662e-05
4.380000000000000000e+02 3.127541127165821971e-02 1.343523710966110229e-02 8.837538189254701138e-06 1.260130193259101361e-05 1.150501520896796137e-05 1.046953184413723648e-05 1.130978489527478814e-05 1.199774033011635765e-05
4.390000000000000000e+02 3.113308876562491737e-02 1.339396648108959198e-02 8.782939403317868710e-06 1.250294462806778029e-05 1.141187567554879934e-05 1.036987032421166077e-05 1.121019704442005605e-05 1.184918164653936401e-05
4.400000000000000000e+02 3.099173553719008350e-02 1.335289329290390015e-02 8.723544851818587631e-06 1.241236350324470550e-05 1.130074087996035814e-05 1.025957863021176308e-05 1.110307312046643347e-05 1.171985786641016603e-05
4.410000000000000000e+02 3.085134280469557441e-02 1.331200636923313141e-02 8.662612344778608531e-06 1.232200156664475799e-05 1.121392051572911441e-05 1.015427369566168636e-05 1.100495956052327529e-05 1.157663700723787770e-05
4.420000000000000000e+02 3.071190188571077534e-02 1.327132899314165115e-02 8.603377864346839488e-06 1.224177412950666621e-05 1.112434438255149871e-05 1.006270667858188972e-05 1.090995647246018052e-05 1.145128953794483095e-05
4.430000000000000000e+02 3.057340419569016740e-02 1.323083601891994476e-02 8.548620826331898570e-06 1.214495023305062205e-05 1.103552222048165277e-05 9.980532013287302107e-06 1.080502624972723424e-05 1.132097168010659516e-05
4.440000000000000000e+02 3.043584124665205809e-02 1.319053862243890762e-02 8.489378160447813570e-06 1.207356490340316668e-05 1.092998991225613281e-05 9.881996447802521288e-06 1.071780388883780688e-05 1.119446278607938439e-05
4.450000000000000000e+02 3.029920464587804521e-02 1.315043959766626358e-02 8.427959983237087727e-06 1.198587597173172981e-05 1.084698033082531765e-05 9.794473953661508858e-06 1.062130831996910274e-05 1.106541458284482360e-05
4.460000000000000000e+02 3.016348609463290892e-02 1.311052031815052032e-02 8.378990060009527951e-06 1.190290822705719620e-05 1.075110230885911733e-05 9.706037417345214635e-06 1.053559662977932021e-05 1.093817991204559803e-05
4.470000000000000000e+02 3.002867738690449470e-02 1.307078171521425247e-02 8.333968253282364458e-06 1.183172935270704329e-05 1.067194989445852116e-05 9.624607628211379051e-06 1.043767952069174498e-05 1.083035567717161030e-05
4.480000000000000000e+02 2.989477040816326467e-02 1.303124614059925079e-02 8.277145752799697220e-06 1.175167744804639369e-05 1.057009285432286561e-05 9.540304745314642787e-06 1.036457979353144765e-05 1.070979396899929270e-05
4.490000000000000000e+02 2.976175713414120141e-02 1.299188937991857529e-02 8.225983037846162915e-06 1.167112168332096189e-05 1.046993747877422720e-05 9.458066415390931070e-06 1.027154485200298950e-05 1.059696114680264145e-05
4.500000000000000000e+02 2.962962962962963076e-02 1.295271702110767365e-02 8.176790288416668773e-06 1.159579733212012798e-05 1.038545178744243458e-05 9.388924809172749519e-06 1.018580678646685556e-05 1.048766171152237803e-05
4.510000000000000000e+02 2.949838004729573443e-02 1.291371975094079971e-02 8.124868145387154073e-06 1.152069216914242133e-05 1.030019939207704738e-05 9.304240847995970398e-06 1.009243896987754852e-05 1.037736092257546261e-05
4.520000000000000000e+02 2.936800062651734669e-02 1.287491898983716965e-02 8.076258382061496377e-06 1.145286114478949457e-05 1.020054241962498054e-05 9.229893294104840606e-06 1.001743203232763335e-05 1.027836788125569001e-05
4.530000000000000000e+02 2.923848369223571927e-02 1.283630076795816422e-02 8.033396625251043588e-06 1.136687933467328548e-05 1.011923359328648075e-05 9.154556209978181869e-06 9.929494808602612466e-06 1.017549493553815410e-05
4.540000000000000000e+02 2.910982165382600129e-02 1.279784366488456726e-02 7.985649062902666628e-06 1.130477994593093172e-05 1.002668432192876935e-05 9.087108082894701511e-06 9.852512448560446501e-06 1.007005084829870611e-05
4.550000000000000000e+02 2.898200700398502472e-02 1.275956351310014725e-02 7.935966095828916878e-06 1.122704270528629422e-05 9.936161404766608030e-06 9.012524060381110758e-06 9.766133189259562641e-06 9.966957804863341153e-06
4.560000000000000000e+02 2.885503231763619433e-02 1.272147893905639648e-02 7.887759238656144589e-06 1.115571285481564701e-05 9.856395081442315131e-06 8.938955033954698592e-06 9.697275345388334244e-06 9.876961485133506358e-06
4.570000000000000000e+02 2.872889025085109335e-02 1.268357597291469574e-02 7.845986147003713995e-06 1.108040214603533968e-05 9.774134014151059091e-06 8.885991519491653889e-06 9.607912033970933408e-06 9.778426829143427312e-06
4.580000000000000000e+02 2.860357353978757247e-02 1.264582015573978424e-02 7.789617484377231449e-06 1.100406279874732718e-05 9.686735211289487779e-06 8.806908226688392460e-06 9.525841051072347909e-06 9.682454219728242606e-06
4.590000000000000000e+02 2.847907499964400999e-02 1.260824315249919891e-02 7.744796675979159772e-06 1.093501123250462115e-05 9.606298590369988233e-06 8.748148502490948886e-06 9.435766514798160642e-06 9.598300493962597102e-06
4.600000000000000000e+02 2.835538752362948972e-02 1.257083285599946976e-02 7.705711141170468181e-06 1.086173506337217987e-05 9.507820323051419109e-06 8.679473467054776847e-06 9.351299922855105251e-06 9.506728019914589822e-06
4.610000000000000000e+02 2.823250408194954986e-02 1.253360509872436523e-02 7.659576112928334624e-06 1.079223784472560510e-05 9.423310075362678617e-06 8.618454558018129319e-06 9.288560249842703342e-06 9.421010872756596655e-06
4.620000000000000000e+02 2.811041772080733261e-02 1.249654684215784073e-02 7.607046427438035607e-06 1.071671340469038114e-05 9.341256372863426805e-06 8.548476216674316674e-06 9.203084118780680001e-06 9.333418347523547709e-06
4.630000000000000000e+02 2.798912156141979482e-02 1.245965529233217239e-02 7.564648967672837898e-06 1.064737352862721309e-05 9.260301339963916689e-06 8.486797014484182000e-06 9.118216439674142748e-06 9.246736226486973464e-06
4.640000000000000000e+02 2.786860879904875035e-02 1.242292765527963638e-02 7.517717676819302142e-06 1.057360896083991975e-05 9.173722901323344558e-06 8.424367479165084660e-06 9.041439625434577465e-06 9.159048204310238361e-06
4.650000000000000000e+02 2.774887270204648079e-02 1.238636393100023270e-02 7.456544153683353215e-06 1.049375623551895842e-05 9.094204870052635670e-06 8.366044312424492091e-06 8.955385965236928314e-06 9.075401976588182151e-06
4.660000000000000000e+02 2.762990661091565409e-02 1.234996411949396133e-02 7.428438038914464414e-06 1.042472194967558607e-05 9.012776899908203632e-06 8.302145033667329699e-06 8.879798770067282021e-06 9.000792488222941756e-06
4.670000000000000000e+02 2.751170393738336037e-02 1.231372728943824768e-02 7.367812941083684564e-06 1.034825527312932536e-05 8.932679520512465388e-06 8.244733180617913604e-06 8.796094334684312344e-06 8.926767804950941354e-06
4.680000000000000000e+02 2.739425816348893192e-02 1.227765344083309174e-02 7.325586466322420165e-06 1.027813232212793082e-05 8.853574399836361408e-06 8.184123544197063893e-06 8.714810064702760428e-06 8.856487511366140097e-06
4.690000000000000000e+02 2.727756284068539455e-02 1.224174909293651581e-02 7.269505204021697864e-06 1.020294348563766107e-05 8.766999599174596369e-06 8.119975973386317492e-06 8.633769539301283658e-06 8.771419743425212801e-06
4.700000000000000000e+02 2.716161158895427641e-02 1.220598816871643066e-02 7.219599410746013746e-06 1.012465509120374918e-05 8.693746167409699410e-06 8.051997610891703516e-06 8.563946721551474184e-06 8.709675057616550475e-06
4.710000000000000000e+02 2.704639809593357286e-02 1.217039488255977631e-02 7.160040695453062654e-06 1.004960904538165778e-05 8.612715646449942142e-06 7.998773980943951756e-06 8.493314453517086804e-06 8.637713108328171074e-06
4.720000000000000000e+02 2.693191611605860389e-02 1.213496178388595581e-02 7.120675491023575887e-06 9.976052751881070435e-06 8.538818292436189950e-06 7.931510481284931302e-06 8.416211130679585040e-06 8.565873031329829246e-06
4.730000000000000000e+02 2.681815946971559395e-02 1.209970004856586456e-02 7.060047664708690718e-06 9.903341378958430141e-06 8.458417141810059547e-06 7.871835805417504162e-06 8.332996003446169198e-06 8.498868737660814077e-06
4.740000000000000000e+02 2.670512204240773485e-02 1.206456311047077179e-02 7.009711680439068004e-06 9.827447684074286371e-06 8.384525244764517993e-06 7.805197128618601710e-06 8.259998139692470431e-06 8.443308615824207664e-06
4.750000000000000000e+02 2.659279778393351668e-02 1.202958449721336365e-02 6.952666353754466400e-06 9.751401194080244750e-06 8.305744813696946949e-06 7.750621080049313605e-06 8.194700967578683048e-06 8.373737728106789291e-06
4.760000000000000000e+02 2.648118070757714965e-02 1.199477165937423706e-02 6.901551387272775173e-06 9.671453881310299039e-06 8.238298505602870136e-06 7.694532541790977120e-06 8.122919098241254687e-06 8.312674253829754889e-06
4.770000000000000000e+02 2.637026488931081339e-02 1.196011528372764587e-02 6.852775186416693032e-06 9.602569662092719227e-06 8.158878699759952724e-06 7.627525064890505746e-06 8.056688784563448280e-06 8.253426130977459252e-06
4.780000000000000000e+02 2.626004446700862943e-02 1.192559115588665009e-02 6.798133654228877276e-06 9.520465937384869903e-06 8.093786163954064250e-06 7.566175554529763758e-06 7.981724593264516443e-06 8.193233952624723315e-06
4.790000000000000000e+02 2.615051363967207249e-02 1.189123652875423431e-02 6.736978775734314695e-06 9.445107025385368615e-06 8.016716492420528084e-06 7.509122497140197083e-06 7.924227247713133693e-06 8.143439117702655494e-06
4.800000000000000000e+02 2.604166666666666782e-02 1.185702253133058548e-02 6.681294053123565391e-06 9.366618542117066681e-06 7.947874109959229827e-06 7.454196747858077288e-06 7.851995178498327732e-06 8.077858183241914958e-06
4.810000000000000000e+02 2.593349786696980130e-02 1.182295102626085281e-02 6.620337444473989308e-06 9.285442502005025744e-06 7.877820280555170029e-06 7.391194685624213889e-06 7.786492460581939667e-06 8.027506737562362105e-06
4.820000000000000000e+02 2.582600161842943387e-02 1.178903039544820786e-02 6.568176559085259214e-06 9.209081326844170690e-06 7.813641786924563348e-06 7.336241651501040906e-06 7.732468475296627730e-06 7.983197974681388587e-06
4.830000000000000000e+02 2.571917235703355051e-02 1.175525411963462830e-02 6.509368176921270788e-06 9.124809366767294705e-06 7.742359230178408325e-06 7.278369594132527709e-06 7.655490662727970630e-06 7.925953468657098711e-06
4.840000000000000000e+02 2.561300457619014939e-02 1.172162871807813644e-02 6.450844011851586401e-06 9.048563697433564812e-06 7.677535904804244637e-06 7.218332939373794943e-06 7.615997219545533881e-06 7.880424163886345923e-06
4.850000000000000000e+02 2.550749282601764284e-02 1.168814674019813538e-02 6.393754119926597923e-06 8.976282515504863113e-06 7.611845830979291350e-06 7.158022981457179412e-06 7.552815532108070329e-06 7.839717909519094974e-06
4.860000000000000000e+02 2.540263171264543068e-02 1.165481563657522202e-02 6.346007012325571850e-06 8.900094144337344915e-06 7.544902928202645853e-06 7.100238690327387303e-06 7.499112598452484235e-06 7.786540663801133633e-06
4.870000000000000000e+02 2.529841589752454892e-02 1.162161305546760559e-02 6.286423285928322002e-06 8.825275472190696746e-06 7.488245955755701289e-06 7.046210612315917388e-06 7.445974461006699130e-06 7.745907169010024518e-06
4.880000000000000000e+02 2.519484009674818545e-02 1.158854924142360687e-02 6.228430265764473006e-06 8.740315024624578655e-06 7.418228506139712408e-06 6.989061603235313669e-06 7.382097464869730175e-06 7.699562956986483186e-06
4.890000000000000000e+02 2.509189908038189989e-02 1.155564468353986740e-02 6.183769983181264251e-06 8.668910595588386059e-06 7.353775799856521189e-06 6.936500540177803487e-06 7.335946975217666477e-06 7.652834028704091907e-06
4.900000000000000000e+02 2.498958767180341559e-02 1.152287051081657410e-02 6.128469067334663123e-06 8.583717317378614098e-06 7.295565865206299350e-06 6.881126864755060524e-06 7.286509571713395417e-06 7.604481652379035950e-06
4.910000000000000000e+02 2.488790074705182070e-02 1.149022672325372696e-02 6.062912689230870456e-06 8.514039109286386520e-06 7.236839337565470487e-06 6.820139788032975048e-06 7.244261723826639354e-06 7.562142400274751708e-06
4.920000000000000000e+02 2.478683323418600162e-02 1.145772170275449753e-02 6.008114269206998870e-06 8.431939932052046061e-06 7.178097803262062371e-06 6.772123924747575074e-06 7.184282367234118283e-06 7.526172339566983283e-06
4.930000000000000000e+02 2.468638011265218007e-02 1.142535544931888580e-02 5.959248483122792095e-06 8.356270882359240204e-06 7.115371317922836170e-06 6.719085831718984991e-06 7.129799541871761903e-06 7.486205959139624611e-06
4.940000000000000000e+02 2.458653641266042578e-02 1.139314379543066025e-02 5.898175913898739964e-06 8.283012903120834380e-06 7.063289558573160321e-06 6.663968179054791108e-06 7.086298865033313632e-06 7.434452982124639675e-06
4.950000000000000000e+02 2.448729721456994329e-02 1.136105135083198547e-02 5.842071914230473340e-06 8.203239303838927299e-06 7.009243290667654946e-06 6.612380275328177959e-06 7.038378953438950703e-06 7.397273293463513255e-06
4.960000000000000000e+02 2.438865764828303945e-02 1.132908742874860764e-02 5.796628556709038094e-06 8.133134542731568217e-06 6.951936484256293625e-06 6.561052032338920981e-06 6.992222097323974594e-06 7.351775821007322520e-06
4.970000000000000000e+02 2.429061289264763598e-02 1.129726041108369827e-02 5.734729256801074371e-06 8.068550414463970810e-06 6.895827482367167249e-06 6.502178166556404904e-06 6.949051112314919010e-06 7.314081813092343509e-06
4.980000000000000000e+02 2.419315817486814707e-02 1.126557122915983200e-02 5.684863026544917375e-06 7.999770787137094885e-06 6.835543899796903133e-06 6.467679668276105076e-06 6.901276719872839749e-06 7.259468475240282714e-06
4.990000000000000000e+02 2.409628876992461755e-02 1.123400405049324036e-02 5.634917670249706134e-06 7.917830771475564688e-06 6.783031039958586916e-06 6.408373792510246858e-06 6.855292667751200497e-06 7.221620762720704079e-06
5.000000000000000000e+02 2.400000000000000050e-02 1.120258774608373642e-02 5.581098321272293106e-06 7.842700142646208405e-06 6.736590876244008541e-06 6.367058631440158933e-06 6.807261343055870384e-06 7.181587079685414210e-06
5.010000000000000000e+02 2.390428723391540416e-02 1.117127761244773865e-02 5.535875970963388681e-06 7.766375347273424268e-06 6.676849807263351977e-06 6.316810413409257308e-06 6.771043445041868836e-06 7.132391601771814749e-06
5.020000000000000000e+02 2.380914588657322833e-02 1.114010997116565704e-02 5.486961072165286168e-06 7.703660230617970228e-06 6.635921181441517547e-06 6.266489435802213848e-06 6.718119493598351255e-06 7.080816430971026421e-06
5.030000000000000000e+02 2.371457141840804111e-02 1.110907178372144699e-02 5.442801921162754297e-06 7.628067578480113298e-06 6.583440608665114269e-06 6.217030659172451124e-06 6.672118615824729204e-06 7.049934993119677529e-06
5.040000000000000000e+02 2.362055933484505030e-02 1.107815373688936234e-02 5.390056685428135097e-06 7.553768682555528358e-06 6.523858701257267967e-06 6.160646989883389324e-06 6.623673925787443295e-06 7.006965006439713761e-06
5.050000000000000000e+02 2.352710518576609997e-02 1.104736048728227615e-02 5.343481007002992555e-06 7.492992608604254201e-06 6.477023362094769254e-06 6.126826065155910328e-06 6.581903107871767133e-06 6.948819645913317800e-06
5.060000000000000000e+02 2.343420456498305007e-02 1.101669296622276306e-02 5.303912530507659540e-06 7.424162959068780765e-06 6.426123945857398212e-06 6.078625574446050450e-06 6.533537998620886356e-06 6.909923740749945864e-06
5.070000000000000000e+02 2.334185310971837943e-02 1.098616048693656921e-02 5.253929430182324722e-06 7.355041816481389105e-06 6.373628366418415681e-06 6.025422862876439467e-06 6.484443929366534576e-06 6.873949587316019461e-06
5.080000000000000000e+02 2.325004650009300164e-02 1.095573976635932922e-02 5.203266482567414641e-06 7.289301720447838306e-06 6.329474672384094447e-06 5.983317805657861754e-06 6.432265763578470796e-06 6.815695542172761634e-06
5.090000000000000000e+02 2.315878045862104773e-02 1.092545408755540848e-02 5.158761268830858171e-06 7.229675247799605131e-06 6.270190169743727893e-06 5.926730409555602819e-06 6.394363936124136671e-06 6.776516784157138318e-06
5.100000000000000000e+02 2.306805074971165007e-02 1.089529227465391159e-02 5.120319656271021813e-06 7.156021638365928084e-06 6.228548045328352600e-06 5.888851774216163903e-06 6.342001597658963874e-06 6.731595931341871619e-06
5.110000000000000000e+02 2.297785317917747094e-02 1.086524128913879395e-02 5.071578470960957929e-06 7.088120582920964807e-06 6.183292043715482578e-06 5.841519850946497172e-06 6.301058874669251963e-06 6.673766165476990864e-06
5.120000000000000000e+02 2.288818359375000000e-02 1.083532627671957016e-02 5.037461505708051845e-06 7.027533229120308533e-06 6.128178483777446672e-06 5.796118330181343481e-06 6.253722858673427254e-06 6.630011284869397059e-06
5.130000000000000000e+02 2.279903788060144015e-02 1.080551557242870331e-02 4.989279659639578313e-06 6.967424724280135706e-06 6.087534529797267169e-06 5.754581707151373848e-06 6.203289103723363951e-06 6.575977295142365620e-06
5.140000000000000000e+02 2.271041196687307792e-02 1.077582221478223801e-02 4.937460289511363953e-06 6.911874152137897909e-06 6.041077995178056881e-06 5.704981049348134547e-06 6.156184554129140452e-06 6.536337878060294315e-06
5.150000000000000000e+02 2.262230181921010344e-02 1.074627321213483810e-02 4.913070824841270223e-06 6.846219548606313765e-06 5.989508736092830077e-06 5.656414941768161952e-06 6.102805855334736407e-06 6.483859124273294583e-06
5.160000000000000000e+02 2.253470344330268590e-02 1.071681734174489975e-02 4.868768883170560002e-06 6.789314738853136078e-06 5.950902504991972819e-06 5.619130206468980759e-06 6.069246410334017128e-06 6.437667252612300217e-06
5.170000000000000000e+02 2.244761288343328706e-02 1.068749651312828064e-02 4.834624178329249844e-06 6.730570930812973529e-06 5.900631094846175984e-06 5.571702786255627871e-06 6.006328021612716839e-06 6.387869234458776191e-06
5.180000000000000000e+02 2.236102622203008441e-02 1.065827626734972000e-02 4.789033937413478270e-06 6.665186447207815945e-06 5.855504696228308603e-06 5.524901553144445643e-06 5.965078798908507451e-06 6.338410912576364353e-06
5.190000000000000000e+02 2.227493957922638962e-02 1.062917895615100861e-02 4.758365776069695130e-06 6.605385806324193254e-06 5.814322776132030413e-06 5.489452178153442219e-06 5.915115707466611639e-06 6.291114459600066766e-06
5.200000000000000000e+02 2.218934911242603433e-02 1.060019433498382568e-02 4.720097422250546515e-06 6.560956535395234823e-06 5.769754352513700724e-06 5.432249054138083011e-06 5.866168521606596187e-06 6.240509264898719266e-06
5.210000000000000000e+02 2.210425101587453617e-02 1.057134289294481277e-02 4.685249223257414997e-06 6.502780706796329468e-06 5.722504283767193556e-06 5.398841494752559811e-06 5.809450613014632836e-06 6.195637979544699192e-06
5.220000000000000000e+02 2.201964152023605167e-02 1.054258365184068680e-02 4.658299531001830474e-06 6.436717740143649280e-06 5.678984962287358940e-06 5.349068487703334540e-06 5.768173195974668488e-06 6.146000032458687201e-06
5.230000000000000000e+02 2.193551689217596717e-02 1.051393989473581314e-02 4.618025286617921665e-06 6.391401257133111358e-06 5.642147698381450027e-06 5.308301297191064805e-06 5.719570708606624976e-06 6.089110684115439653e-06
5.240000000000000000e+02 2.185187343394907195e-02 1.048541255295276642e-02 4.593265657604206353e-06 6.334169938781997189e-06 5.597135896096006036e-06 5.256978965917369351e-06 5.677629815181717277e-06 6.049622243153862655e-06
5.250000000000000000e+02 2.176870748299319577e-02 1.045700348913669586e-02 4.551445272227283567e-06 6.277733064052881673e-06 5.549511570279719308e-06 5.212920768826734275e-06 5.625684025289956480e-06 5.994626008032355458e-06
5.260000000000000000e+02 2.168601541152828660e-02 1.042868196964263916e-02 4.518511104834033176e-06 6.244392807275289670e-06 5.509067250386578962e-06 5.179336312721716240e-06 5.578489435720257461e-06 5.949772912572370842e-06
5.270000000000000000e+02 2.160379362616075480e-02 1.040049456059932709e-02 4.495780103752622381e-06 6.189888154040090740e-06 5.470381438499316573e-06 5.139494078321149573e-06 5.528851488634245470e-06 5.902539669477846473e-06
5.280000000000000000e+02 2.152203856749311181e-02 1.037242356687784195e-02 4.466281552595319226e-06 6.149115051812259480e-06 5.428123586170841008e-06 5.087310910312226042e-06 5.485048859554808587e-06 5.850869456480722874e-06
5.290000000000000000e+02 2.144074670973874358e-02 1.034442614763975143e-02 4.434074526216136292e-06 6.089301678002811968e-06 5.393856554292142391e-06 5.048881121183512732e-06 5.437758773041423410e-06 5.808431524201296270e-06
5.300000000000000000e+02 2.135991456034175978e-02 1.031657774001359940e-02 4.404422270454233512e-06 6.047500392014626414e-06 5.358863290894078091e-06 5.005259026802377775e-06 5.396228061727015302e-06 5.764437901234487072e-06
5.310000000000000000e+02 2.127953865960185986e-02 1.028881687670946121e-02 4.370052010926883668e-06 5.997055268380790949e-06 5.314325335348257795e-06 4.960568730894010514e-06 5.342106760508613661e-06 5.708701792173087597e-06
5.320000000000000000e+02 2.119961558030414306e-02 1.026116497814655304e-02 4.340487521403701976e-06 5.953470918029779568e-06 5.271446298138471320e-06 4.925501343677751720e-06 5.296543349686544389e-06 5.658519057760713622e-06
5.330000000000000000e+02 2.112014192735375134e-02 1.023361925035715103e-02 4.315522801334736869e-06 5.907788818149128929e-06 5.230539045442128554e-06 4.879811513092136011e-06 5.255334599496563897e-06 5.611580490949563682e-06
5.340000000000000000e+02 2.104111433741531062e-02 1.020618993788957596e-02 4.286826424504397437e-06 5.871836492588045076e-06 5.194096956984139979e-06 4.846413503400981426e-06 5.210737526795128360e-06 5.561459602176910266e-06
5.350000000000000000e+02 2.096252947855707996e-02 1.017885375767946243e-02 4.256932243151823059e-06 5.820754267915617675e-06 5.159900865692179650e-06 4.804482614417793229e-06 5.167878498468780890e-06 5.514544682228006423e-06
5.360000000000000000e+02 2.088438404989975336e-02 1.015162840485572815e-02 4.225602424412500113e-06 5.787317604699637741e-06 5.118744411447551101e-06 4.767415703099686652e-06 5.123503797221928835e-06 5.470797987072728574e-06
5.370000000000000000e+02 2.080667478126983078e-02 1.012450642883777618e-02 4.199421709927264601e-06 5.744389000028604642e-06 5.081824383523780853e-06 4.726517545350361615e-06 5.079410129837924615e-06 5.436434094008291140e-06
5.380000000000000000e+02 2.072939843285747860e-02 1.009748876094818115e-02 4.174956302449572831e-06 5.702317594113992527e-06 5.050809704698622227e-06 4.697341864812187850e-06 5.041413260187255219e-06 5.383846200857078657e-06
5.390000000000000000e+02 2.065255179487885534e-02 1.007057167589664459e-02 4.146530955040361732e-06 5.665527169185224921e-06 5.018388947064522654e-06 4.652384632208850235e-06 5.000516466679982841e-06 5.334830802894430235e-06
5.400000000000000000e+02 2.057613168724279837e-02 1.004375983029603958e-02 4.125653958908515051e-06 5.631076874124119058e-06 4.970662757841637358e-06 4.612944394466467202e-06 4.955462827638257295e-06 5.288393822411308065e-06
5.410000000000000000e+02 2.050013495922181628e-02 1.001704111695289612e-02 4.101905233255820349e-06 5.595989023277070373e-06 4.946936314809136093e-06 4.589913260133471340e-06 4.921883828501449898e-06 5.249220976111246273e-06
5.420000000000000000e+02 2.042455848912732783e-02 9.990429505705833435e-03 4.065558186994167045e-06 5.554739345825510100e-06 4.901206921203993261e-06 4.545723186311079189e-06 4.875580543739488348e-06 5.203387445362750441e-06
5.430000000000000000e+02 2.034939918398909198e-02 9.963924065232276917e-03 4.045480636705178767e-06 5.522726496565155685e-06 4.869064468948636204e-06 4.515977252594893798e-06 4.828040800930466503e-06 5.157964096724754199e-06
5.440000000000000000e+02 2.027465397923875270e-02 9.937510825693607330e-03 4.016909315396333113e-06 5.478278126247460023e-06 4.835636445932323113e-06 4.472165983315790072e-06 4.801785053132334724e-06 5.111332939122803509e-06
5.450000000000000000e+02 2.020031983839743958e-02 9.911209344863891602e-03 3.995657152700005099e-06 5.444656380859669298e-06 4.795911536348285154e-06 4.438258656591642648e-06 4.761603577208006755e-06 5.065427558292867616e-06
5.460000000000000000e+02 2.012639375276737905e-02 9.884983301162719727e-03 3.974018000008072704e-06 5.418471118900924921e-06 4.770313353219535202e-06 4.402879312692675740e-06 4.731198259833035991e-06 5.028146915719844401e-06
5.470000000000000000e+02 2.005287274112744003e-02 9.858877398073673248e-03 3.948246103391284123e-06 5.371401584852719679e-06 4.733946752821793780e-06 4.371639988676179200e-06 4.692798938776832074e-06 4.991342393623199314e-06
5.480000000000000000e+02 1.997975384943257576e-02 9.832861833274364471e-03 3.922902124031679705e-06 5.342107670003315434e-06 4.708035248768283054e-06 4.343102318671299145e-06 4.663364506996003911e-06 4.953006737196119502e-06
5.490000000000000000e+02 1.990703415051708544e-02 9.806942194700241089e-03 3.888651008310262114e-06 5.305030299496138468e-06 4.668758265324868262e-06 4.309431460569612682e-06 4.621239895641338080e-06 4.898817678622435778e-06
5.500000000000000000e+02 1.983471074380165414e-02 9.781125001609325409e-03 3.869427018798887730e-06 5.276859155856072903e-06 4.634670858649769798e-06 4.279645054339198396e-06 4.583680947689572349e-06 4.862994501309003681e-06
5.510000000000000000e+02 1.976278075500410153e-02 9.755403734743595123e-03 3.851382643915712833e-06 5.243659416009904817e-06 4.607472874340601265e-06 4.255407475284300745e-06 4.545206138573121279e-06 4.819731202587718144e-06
5.520000000000000000e+02 1.969124133585381173e-02 9.729771874845027924e-03 3.821990048891166225e-06 5.212164523982210085e-06 4.564075879898155108e-06 4.220506980345817283e-06 4.507955054577905685e-06 4.784367320098681375e-06
5.530000000000000000e+02 1.962008966380976438e-02 9.704231284558773041e-03 3.794825261138612404e-06 5.180136668059276417e-06 4.535765128821367398e-06 4.200129751552594826e-06 4.481720679905265570e-06 4.747580533148720860e-06
5.540000000000000000e+02 1.954932294178211502e-02 9.678784757852554321e-03 3.775610139200580306e-06 5.141263045516097918e-06 4.507259745878400281e-06 4.160123353358358145e-06 4.450277629075571895e-06 4.707993412012001500e-06
5.550000000000000000e+02 1.947893839785731773e-02 9.653458371758460999e-03 3.742261469596996903e-06 5.116537522553699091e-06 4.467794951779069379e-06 4.129143690079217777e-06 4.419302058522589505e-06 4.666187578550307080e-06
5.560000000000000000e+02 1.940893328502665480e-02 9.628202766180038452e-03 3.725340548044187017e-06 5.090346803626744077e-06 4.431515662872698158e-06 4.101894319319399074e-06 4.385762622405309230e-06 4.626403551810653880e-06
5.570000000000000000e+02 1.933930488091822886e-02 9.603035636246204376e-03 3.686283207571250387e-06 5.040409178036497906e-06 4.397562406666111201e-06 4.068076577823376283e-06 4.345501565694576129e-06 4.599644853442441672e-06
5.580000000000000000e+02 1.927005048753227881e-02 9.577974677085876465e-03 3.662373728730017319e-06 5.022441200708271936e-06 4.372011517261853442e-06 4.045078185299644247e-06 4.322291715652681887e-06 4.556735802907496691e-06
5.590000000000000000e+02 1.920116743097980208e-02 9.552993811666965485e-03 3.645073547886568122e-06 4.988259661331539974e-06 4.339615770732052624e-06 4.020387677883263677e-06 4.284737769921775907e-06 4.523877578321844339e-06
5.600000000000000000e+02 1.913265306122449022e-02 9.528105147182941437e-03 3.611901547628804110e-06 4.964778781868517399e-06 4.308898041927022859e-06 3.993255177192622796e-06 4.261149570083944127e-06 4.486060333874775097e-06
5.610000000000000000e+02 1.906450475182780782e-02 9.503301233053207397e-03 3.591157110349740833e-06 4.923130745737580582e-06 4.271337274985853583e-06 3.957690296374494210e-06 4.227517820254433900e-06 4.451715085451724008e-06
5.620000000000000000e+02 1.899671989969731883e-02 9.478618390858173370e-03 3.564504822861636057e-06 4.891408934781793505e-06 4.244963292876491323e-06 3.935587756132008508e-06 4.207365236652549356e-06 4.410500423546181992e-06
5.630000000000000000e+02 1.892929592483807641e-02 9.454002603888511658e-03 3.540496209097909741e-06 4.866546987614128739e-06 4.213187821733299643e-06 3.906168785761110485e-06 4.170899046584963799e-06 4.379150595923420042e-06
5.640000000000000000e+02 1.886223027010713871e-02 9.429478086531162262e-03 3.518818175507476553e-06 4.829840690945275128e-06 4.174250989308347926e-06 3.887854290951509029e-06 4.139306383876828477e-06 4.350603830971522257e-06
5.650000000000000000e+02 1.879552040097110313e-02 9.405030868947505951e-03 3.486530431473511271e-06 4.799679572897730395e-06 4.152873771090526134e-06 3.855376235151197761e-06 4.107928361918311566e-06 4.309667019697371870e-06
5.660000000000000000e+02 1.872916380526664162e-02 9.380697272717952728e-03 3.463956772975507192e-06 4.770548002852592617e-06 4.114754119655117393e-06 3.824292889476055279e-06 4.075884589838096872e-06 4.274500042811268941e-06
5.670000000000000000e+02 1.866315799296398847e-02 9.356433525681495667e-03 3.441692570049781352e-06 4.749895651912083849e-06 4.085296950506744906e-06 3.795897328018327244e-06 4.046625690534710884e-06 4.244316642143530771e-06
5.680000000000000000e+02 1.859750049593334592e-02 9.332265704870223999e-03 3.406269115657778457e-06 4.716087005363078788e-06 4.058605099999113008e-06 3.775683353524073027e-06 4.008888026874046773e-06 4.209543931210646406e-06
5.690000000000000000e+02 1.853218886771414858e-02 9.308177046477794647e-03 3.383785724508925341e-06 4.664573680202011019e-06 4.030853233416564763e-06 3.741986347449710593e-06 3.980246674473164603e-06 4.171043656242545694e-06
5.700000000000000000e+02 1.846722068328716590e-02 9.284185245633125305e-03 3.359305992489680648e-06 4.646626621251925826e-06 3.993191967310849577e-06 3.722142082551727071e-06 3.956519776693312451e-06 4.141237695876043290e-06
5.710000000000000000e+02 1.840259353884940788e-02 9.260280057787895203e-03 3.328446382511174306e-06 4.610941687133163214e-06 3.964012648793868721e-06 3.701836021718918346e-06 3.927933448721887544e-06 4.106568212591810152e-06
5.720000000000000000e+02 1.833830505159176477e-02 9.236444719135761261e-03 3.304103756818221882e-06 4.584406269714236259e-06 3.934708729502744973e-06 3.651944780358462594e-06 3.901019226759672165e-06 4.073345280630746856e-06
5.730000000000000000e+02 1.827435285947936333e-02 9.212712757289409637e-03 3.280264536442700773e-06 4.559978606266668066e-06 3.908281996700679883e-06 3.636603878476307727e-06 3.872441538987914100e-06 4.037479357066331431e-06
5.740000000000000000e+02 1.821073462103461188e-02 9.189047850668430328e-03 3.255910996813327074e-06 4.521928076428594068e-06 3.874728918162873015e-06 3.615107971199904568e-06 3.838821612589526922e-06 4.012395947938784957e-06
5.750000000000000000e+02 1.814744801512287176e-02 9.165474213659763336e-03 3.222981376893585548e-06 4.489927960094064474e-06 3.842643764073727652e-06 3.593051815187209286e-06 3.809454710790305398e-06 3.969460976804839447e-06
5.760000000000000000e+02 1.808449074074074125e-02 9.141995571553707123e-03 3.196098759872256778e-06 4.453612746146973222e-06 3.801140564974048175e-06 3.563070549716940150e-06 3.776191306315013207e-06 3.953880423068767413e-06
5.770000000000000000e+02 1.802186051680688614e-02 9.118596091866493225e-03 3.172183824062813073e-06 4.420915502123534679e-06 3.777450046982266940e-06 3.536896656441967934e-06 3.746238007806823589e-06 3.916977675544330850e-06
5.780000000000000000e+02 1.795955508195543754e-02 9.095264598727226257e-03 3.148375753880827688e-06 4.388925844978075475e-06 3.753745204448932782e-06 3.500292677927063778e-06 3.717209210662986152e-06 3.894464953191345558e-06
5.790000000000000000e+02 1.789757219433183930e-02 9.072031825780868530e-03 3.132237907266244292e-06 4.360196726338472217e-06 3.727230478034471162e-06 3.479168753983685747e-06 3.689747472890303470e-06 3.862025550915859640e-06
5.800000000000000000e+02 1.783590963139120023e-02 9.048881009221076965e-03 3.108276587227010168e-06 4.306643859308678657e-06 3.692194468385423534e-06 3.457629418335272931e-06 3.664445330286980607e-06 3.837024905806174502e-06
5.810000000000000000e+02 1.777456518969904725e-02 9.025799110531806946e-03 3.074987262152717449e-06 4.289101525500882417e-06 3.659489948404370807e-06 3.423337830099626444e-06 3.636204382928553969e-06 3.793421228692750446e-06
5.820000000000000000e+02 1.771353668473447246e-02 9.002811275422573090e-03 3.052431793548748828e-06 4.251707196090137586e-06 3.632804009612300433e-06 3.405365077924216166e-06 3.606616701290477067e-06 3.773622438529855572e-06
5.830000000000000000e+02 1.765282195069566712e-02 8.979897014796733856e-03 3.026159447472309694e-06 4.218709818815113977e-06 3.602891638365690596e-06 3.370685817571938969e-06 3.580604698072420433e-06 3.748433755390578881e-06
5.840000000000000000e+02 1.759241884030774902e-02 8.957060985267162323e-03 3.010638920386554673e-06 4.180009909759974107e-06 3.574681386453448795e-06 3.347386609675595537e-06 3.553699571057222784e-06 3.718650305017945357e-06
5.850000000000000000e+02 1.753232522463291782e-02 8.934312500059604645e-03 2.980346380354603752e-06 4.150389031565282494e-06 3.544687388057354838e-06 3.321439862702391110e-06 3.515775006235344335e-06 3.696597332236706279e-06
5.860000000000000000e+02 1.747253899288285159e-02 8.911635726690292358e-03 2.959010544145712629e-06 4.112580882065230981e-06 3.511673867251374759e-06 3.289548203611047938e-06 3.489484697638545185e-06 3.669461648314609192e-06
5.870000000000000000e+02 1.741305805223336903e-02 8.889044634997844696e-03 2.940293143183225766e-06 4.078672191099030897e-06 3.479346787571557797e-06 3.258801143601885997e-06 3.462558652245206758e-06 3.643028549049631692e-06
5.880000000000000000e+02 1.735388032764125996e-02 8.866532705724239349e-03 2.922758767454070039e-06 4.050145435030572116e-06 3.449425776125281118e-06 3.244648723921272904e-06 3.442407432885374874e-06 3.612229420468793251e-06
5.890000000000000000e+02 1.729500376166331899e-02 8.844092488288879395e-03 2.894983481382951140e-06 4.005620667157927528e-06 3.417163952690316364e-06 3.212926685591810383e-06 3.407819804124301299e-06 3.585901367841870524e-06
5.900000000000000000e+02 1.723642631427750593e-02 8.821738883852958679e-03 2.873782250389922410e-06 3.980514975410187617e-06 3.386073103683884256e-06 3.190409188391640782e-06 3.376629138074349612e-06 3.571229626686545089e-06
5.910000000000000000e+02 1.717814596270624342e-02 8.799453265964984894e-03 2.860442236851667985e-06 3.945905973523622379e-06 3.362940333317965269e-06 3.162139819323783740e-06 3.356870820425683632e-06 3.544373839758918621e-06
5.920000000000000000e+02 1.712016070124178224e-02 8.777245879173278809e-03 2.844268237822689116e-06 3.914825811079936102e-06 3.333696213303483091e-06 3.138480678899213672e-06 3.319747975183418021e-06 3.524294470480526797e-06
5.930000000000000000e+02 1.706246854107362765e-02 8.755126036703586578e-03 2.828365495588514023e-06 3.882071723637636751e-06 3.303451876490726136e-06 3.112239937763661146e-06 3.308755140096764080e-06 3.492438963803579099e-06
5.940000000000000000e+02 1.700506751011801598e-02 8.733066730201244354e-03 2.798931518555036746e-06 3.851348083117045462e-06 3.279177917647757567e-06 3.095743068115552887e-06 3.289813321316614747e-06 3.475373205219511874e-06
5.950000000000000000e+02 1.694795565284937591e-02 8.711087517440319061e-03 2.791869519569445401e-06 3.814820502157090232e-06 3.255558112869039178e-06 3.058980610148864798e-06 3.252884880566853099e-06 3.454358875387697481e-06
5.960000000000000000e+02 1.689113103013377762e-02 8.689185604453086853e-03 2.767811338344472460e-06 3.775309551201644354e-06 3.220566441086702980e-06 3.033526809304021299e-06 3.230658876418601722e-06 3.421879682719008997e-06
5.970000000000000000e+02 1.683459171906433183e-02 8.667362853884696960e-03 2.745764277278794907e-06 3.740919510164530948e-06 3.192016265529673547e-06 3.008648491231724620e-06 3.198967078787973151e-06 3.409535565879195929e-06
5.980000000000000000e+02 1.677833581279851438e-02 8.645606227219104767e-03 2.732998837018385530e-06 3.708248641487443820e-06 3.167442400808795355e-06 2.983385911647928879e-06 3.178312908858060837e-06 3.377759639988653362e-06
5.990000000000000000e+02 1.672236142039737819e-02 8.623935282230377197e-03 2.716622248044586740e-06 3.688689730552141555e-06 3.145560867778840475e-06 2.967366299344575964e-06 3.149941449009929784e-06 3.356681872901390307e-06
6.000000000000000000e+02 1.666666666666666644e-02 8.602332323789596558e-03 2.705708993744337931e-06 3.644292974058771506e-06 3.122338739558472298e-06 2.943572326330468059e-06 3.119750545010901988e-06 3.331018888275139034e-06
6.010000000000000000e+02 1.661124969199974377e-02 8.580807596445083618e-03 2.685884510356117971e-06 3.619379867814132012e-06 3.079822590734693222e-06 2.917005986091680825e-06 3.098419711022870615e-06 3.316145466669695452e-06
6.020000000000000000e+02 1.655610865222238021e-02 8.559347130358219147e-03 2.673728658919571899e-06 3.597133400035090744e-06 3.064580369027680717e-06 2.889434881581109948e-06 3.072335630349698476e-06 3.283397518316633068e-06
6.030000000000000000e+02 1.650124171843931134e-02 8.537968620657920837e-03 2.661833605088759214e-06 3.560335699148708954e-06 3.036049520233063959e-06 2.867985585908172652e-06 3.042226808247505687e-06 3.272886033300892450e-06
6.040000000000000000e+02 1.644664707688259231e-02 8.516660891473293304e-03 2.634930297062965110e-06 3.536797976266825572e-06 3.007353143402724527e-06 2.848887334039318375e-06 3.016604068761807866e-06 3.252492206229362637e-06
6.050000000000000000e+02 1.639232292876169686e-02 8.495415560901165009e-03 2.625909928610781208e-06 3.501861328913946636e-06 2.982226533276843838e-06 2.819540441123535857e-06 2.995494696733658202e-06 3.227495653845835477e-06
6.060000000000000000e+02 1.633826749011534768e-02 8.474248461425304413e-03 2.614023287605959922e-06 3.466000407570390962e-06 2.960432766485610045e-06 2.796976787067251280e-06 2.979498958666226827e-06 3.199081220373045653e-06
6.070000000000000000e+02 1.628447899166506063e-02 8.453161455690860748e-03 2.600137577246641740e-06 3.449486712270299904e-06 2.935733164122211747e-06 2.772875632217619568e-06 2.946060703834518790e-06 3.181809461239026859e-06
6.080000000000000000e+02 1.623095567867036126e-02 8.432131260633468628e-03 2.589520818219170906e-06 3.416646222831332125e-06 2.917015081038698554e-06 2.750814701357739978e-06 2.920429324149154127e-06 3.166087026329478249e-06
6.090000000000000000e+02 1.617769581078567012e-02 8.411178365349769592e-03 2.579954525572247803e-06 3.389551011423463933e-06 2.888861217797966674e-06 2.731082076934399083e-06 2.898543471019365825e-06 3.147416009596781805e-06
6.100000000000000000e+02 1.612469766191883952e-02 8.390295319259166718e-03 2.559013182690250687e-06 3.361551080161007121e-06 2.867991497623734176e-06 2.724795194808393717e-06 2.883758497773669660e-06 3.120612063867156394e-06
6.110000000000000000e+02 1.607195952009128972e-02 8.369479328393936157e-03 2.549729060774552636e-06 3.334228495077695698e-06 2.848202257155207917e-06 2.698531943678972311e-06 2.849589236575411633e-06 3.093216491834027693e-06
6.120000000000000000e+02 1.601947968729975497e-02 8.348746225237846375e-03 2.536119836804573424e-06 3.305323389213299379e-06 2.824592911565559916e-06 2.673118842722033150e-06 2.835417490132385865e-06 3.081946488237008452e-06
6.130000000000000000e+02 1.596725647937961845e-02 8.328076452016830444e-03 2.524909405110520311e-06 3.288025482106604613e-06 2.797848992486251518e-06 2.648200052135507576e-06 2.814604840750689618e-06 3.066248382310732268e-06
6.140000000000000000e+02 1.591528822586977046e-02 8.307469077408313751e-03 2.516707581889932044e-06 3.255205911045777611e-06 2.789196742014610209e-06 2.628254378578276373e-06 2.795004547806456685e-06 3.044291361220530234e-06
6.150000000000000000e+02 1.586357326987904159e-02 8.286929689347743988e-03 2.496563638487714343e-06 3.236180646126740612e-06 2.760038569249445572e-06 2.606659109005704522e-06 2.763503061942174099e-06 3.010012505910708569e-06
6.160000000000000000e+02 1.581210996795412438e-02 8.266461081802845001e-03 2.498321919119916856e-06 3.214717480659601279e-06 2.742966216828790493e-06 2.577058012320776470e-06 2.742016931733814999e-06 2.999631988132023253e-06
6.170000000000000000e+02 1.576089668994901452e-02 8.246055804193019867e-03 2.478062924637924880e-06 3.184360366503824480e-06 2.720308657444547862e-06 2.571028744569048285e-06 2.725101239775540307e-06 2.981867964990669861e-06
6.180000000000000000e+02 1.570993181889590584e-02 8.225730620324611664e-03 2.462371185174561106e-06 3.167765044054249302e-06 2.694609747777576558e-06 2.547407575548277237e-06 2.701195626286789775e-06 2.954750698336283676e-06
6.190000000000000000e+02 1.565921375087757014e-02 8.205465041100978851e-03 2.451890850352356210e-06 3.145765276713063940e-06 2.674309826034004800e-06 2.525911440898198634e-06 2.681321120689972304e-06 2.933493988166446798e-06
6.200000000000000000e+02 1.560874089490114393e-02 8.185262791812419891e-03 2.438532419546390884e-06 3.123093392787268385e-06 2.663030727489967830e-06 2.509215164536726661e-06 2.663522536749951541e-06 2.910336888817255385e-06
6.210000000000000000e+02 1.555851167277338271e-02 8.165129460394382477e-03 2.427151457595755346e-06 3.099049763477523811e-06 2.639615559019148350e-06 2.487147867213934660e-06 2.643200559759861790e-06 2.891527856263564900e-06
6.220000000000000000e+02 1.550852451897726490e-02 8.145073428750038147e-03 2.410655497442348860e-06 3.079095904467976652e-06 2.627565436341683380e-06 2.475284645697684027e-06 2.623321734063210897e-06 2.866969225578941405e-06
6.230000000000000000e+02 1.545877788055002346e-02 8.125062100589275360e-03 2.395304136371123604e-06 3.065590590267674997e-06 2.619363613121095113e-06 2.452615717629669234e-06 2.610581759654451162e-06 2.859320829884381965e-06
6.240000000000000000e+02 1.540927021696252529e-02 8.105142973363399506e-03 2.389420387771679088e-06 3.035866257050656714e-06 2.593995986899244599e-06 2.435478791085188277e-06 2.592089913378003985e-06 2.833594180629006587e-06
6.250000000000000000e+02 1.536000000000000039e-02 8.085259236395359039e-03 2.377106511630699970e-06 3.019970336026744917e-06 2.577496388767031021e-06 2.417603354842867702e-06 2.568011041148565710e-06 2.813377250276971608e-06
6.260000000000000000e+02 1.531096571364411185e-02 8.065463043749332428e-03 2.360959570069098845e-06 3.005523694810108282e-06 2.562792133176117204e-06 2.404277893219841644e-06 2.553572358010569587e-06 2.797633669615606777e-06
6.270000000000000000e+02 1.526216585395633561e-02 8.045722730457782745e-03 2.352295268792659044e-06 2.980384579132078215e-06 2.542157517382293008e-06 2.385091420364915393e-06 2.534979785195901059e-06 2.786169034152408130e-06
6.280000000000000000e+02 1.521359892896263603e-02 8.026048541069030762e-03 2.333003976673353463e-06 2.968725539176375605e-06 2.523326656955759972e-06 2.364193733228603378e-06 2.524820729377097450e-06 2.762537633316242136e-06
6.290000000000000000e+02 1.516526345853943386e-02 8.006439544260501862e-03 2.328137497897841968e-06 2.952965132863027975e-06 2.517790335332392715e-06 2.352258434257237241e-06 2.499384663678938523e-06 2.741046046139672399e-06
6.300000000000000000e+02 1.511715797430083184e-02 7.986896671354770660e-03 2.301009772054385394e-06 2.928971980509231798e-06 2.495444732630858198e-06 2.336675606784410775e-06 2.490691031198366545e-06 2.725139665926690213e-06
6.310000000000000000e+02 1.506928101948709110e-02 7.967418991029262543e-03 2.295854756084736437e-06 2.907474936364451423e-06 2.486786343069979921e-06 2.321853344255941920e-06 2.472707365086534992e-06 2.709229647734900936e-06
6.320000000000000000e+02 1.502163114885434955e-02 7.947995327413082123e-03 2.285727305206819437e-06 2.891217718570260331e-06 2.469072342137224041e-06 2.306112264705006965e-06 2.467113972670631483e-06 2.697340732993325219e-06
6.330000000000000000e+02 1.497420692856554596e-02 7.928645238280296326e-03 2.279485670442227274e-06 2.879436124203493819e-06 2.458202743582660332e-06 2.302898565176292323e-06 2.451134605507832021e-06 2.663955683601670898e-06
6.340000000000000000e+02 1.492700693608255656e-02 7.909342646598815918e-03 2.247259999421657994e-06 2.861742359527852386e-06 2.447629185553523712e-06 2.288375753778382204e-06 2.438793671899475157e-06 2.659326582943322137e-06
6.350000000000000000e+02 1.488002976005952001e-02 7.890112698078155518e-03 2.240101366624003276e-06 2.849209295163745992e-06 2.436545855744043365e-06 2.269913011332391761e-06 2.418657231828547083e-06 2.634357997521874495e-06
6.360000000000000000e+02 1.483327400023733318e-02 7.870954461395740509e-03 2.222193415946094319e-06 2.829222921718610451e-06 2.418748863419750705e-06 2.260413566546048969e-06 2.406151907052844763e-06 2.623861064421362244e-06
6.370000000000000000e+02 1.478673826733929893e-02 7.851847447454929352e-03 2.199326900154119357e-06 2.812622824421850964e-06 2.411971763649489731e-06 2.240459707536501810e-06 2.387502263445639983e-06 2.610285264381673187e-06
6.380000000000000000e+02 1.474042118296793429e-02 7.832796312868595123e-03 2.197085677835275419e-06 2.789990730889257975e-06 2.398691094640525989e-06 2.241896936538978480e-06 2.383103947067866102e-06 2.581858097983058542e-06
6.390000000000000000e+02 1.469432137950289069e-02 7.813815958797931671e-03 2.173616394429700449e-06 2.777411282295361161e-06 2.376383008595439605e-06 2.220016313003725372e-06 2.369584080952336080e-06 2.567497176642064005e-06
6.400000000000000000e+02 1.464843750000000000e-02 7.794898469001054764e-03 2.162260443583363667e-06 2.771651452349033207e-06 2.366212811466539279e-06 2.203504436693037860e-06 2.362765144425793551e-06 2.551835450503858738e-06
6.410000000000000000e+02 1.460276819809141861e-02 7.776036392897367477e-03 2.144702193618286401e-06 2.762071744655258954e-06 2.351366219954797998e-06 2.190066425100667402e-06 2.346078190385014750e-06 2.547633130234316923e-06
6.420000000000000000e+02 1.455731213788686099e-02 7.757234387099742889e-03 2.121065790561260656e-06 2.741077196333208121e-06 2.347396275581559166e-06 2.187234258599346504e-06 2.328756409042398445e-06 2.527267270124866627e-06
6.430000000000000000e+02 1.451206799387590694e-02 7.738474756479263306e-03 2.110839204760850407e-06 2.731843551373458467e-06 2.336417082915431820e-06 2.175374675061902963e-06 2.316592144779860973e-06 2.510110789444297552e-06
6.440000000000000000e+02 1.446703445083137238e-02 7.719801738858222961e-03 2.093337570840958506e-06 2.713187996050692163e-06 2.321966803719988093e-06 2.155602487619034946e-06 2.305168436578242108e-06 2.497976993254269473e-06
6.450000000000000000e+02 1.442221020371371905e-02 7.701178081333637238e-03 2.079938212773413397e-06 2.698526714084437117e-06 2.309742512807133608e-06 2.136227294613490812e-06 2.296568027304601856e-06 2.487854544597212225e-06
6.460000000000000000e+02 1.437759395757651215e-02 7.682620547711849213e-03 2.066432671199436300e-06 2.693129772524116561e-06 2.304088866367237642e-06 2.132429017365211621e-06 2.292246108481776901e-06 2.460360065015265718e-06
6.470000000000000000e+02 1.433318442747289270e-02 7.664104923605918884e-03 2.050695684374659322e-06 2.675902351256809197e-06 2.293115130669320934e-06 2.121780880770529620e-06 2.282756668137153611e-06 2.456371476000640541e-06
6.480000000000000000e+02 1.428898033836305433e-02 7.645658683031797409e-03 2.027867822107509710e-06 2.657761342561570928e-06 2.273757900184136815e-06 2.105655084960744716e-06 2.262669113406445831e-06 2.444336587359430268e-06
6.490000000000000000e+02 1.424498042502273312e-02 7.627271115779876709e-03 2.015023483181721531e-06 2.645954054969479330e-06 2.263075884911813773e-06 2.097188826155615970e-06 2.258107087982352823e-06 2.428276729915523902e-06
6.500000000000000000e+02 1.420118343195266204e-02 7.608938962221145630e-03 2.000838549065520056e-06 2.625551360324607231e-06 2.253043021482881159e-06 2.082727633023750968e-06 2.249064664283650927e-06 2.416511733827064745e-06
6.510000000000000000e+02 1.415758811328901925e-02 7.590678520500659943e-03 1.978992713702609763e-06 2.617991640363470651e-06 2.241723223050939851e-06 2.088218025164678693e-06 2.243148401248618029e-06 2.393105887676938437e-06
6.520000000000000000e+02 1.411419323271481847e-02 7.572471164166927338e-03 1.969525328604504466e-06 2.599978870421182364e-06 2.226213155154255219e-06 2.074674057439551689e-06 2.229549409094033763e-06 2.373286406509578228e-06
6.530000000000000000e+02 1.407099756337225512e-02 7.554304786026477814e-03 1.960261215572245419e-06 2.597762431832961738e-06 2.223056981165427715e-06 2.068377398245502263e-06 2.200739572799648158e-06 2.366735998293734156e-06
6.540000000000000000e+02 1.402799988777600135e-02 7.536200340837240219e-03 1.945847998285898939e-06 2.578374051154241897e-06 2.200069502578116953e-06 2.054108335869386792e-06 2.196987225033808500e-06 2.363421117479447275e-06
6.550000000000000000e+02 1.398519899772740493e-02 7.518158759921789169e-03 1.927901848830515519e-06 2.558446112743695267e-06 2.192979764004121535e-06 2.048609985649818555e-06 2.182502612413372844e-06 2.338713557037408464e-06
6.560000000000000000e+02 1.394259369422962483e-02 7.500178646296262741e-03 1.909857473947340623e-06 2.549239979998674244e-06 2.176492444050381891e-06 2.031173380601103418e-06 2.165533032894018106e-06 2.326709818589733914e-06
6.570000000000000000e+02 1.390018278740365494e-02 7.482242770493030548e-03 1.901040263874165248e-06 2.529663788664038293e-06 2.165874320780858397e-06 2.021238515226286836e-06 2.162021473850472830e-06 2.311216576345032081e-06
6.580000000000000000e+02 1.385796509640524303e-02 7.464380934834480286e-03 1.881998514363658614e-06 2.528030563553329557e-06 2.148367229892755859e-06 2.010597654589219019e-06 2.155521769964252599e-06 2.305268026248086244e-06
6.590000000000000000e+02 1.381593944934270644e-02 7.446547504514455795e-03 1.866137381512089632e-06 2.510632612029439770e-06 2.141460072380141355e-06 2.002384917432209477e-06 2.130754410245572217e-06 2.291963483003200963e-06
6.600000000000000000e+02 1.377410468319559267e-02 7.428788580000400543e-03 1.856848371062369552e-06 2.487438223397475667e-06 2.131682322215056047e-06 1.980185743377660401e-06 2.124930233549093828e-06 2.278721922266413458e-06
6.610000000000000000e+02 1.373245964373422112e-02 7.411089725792407990e-03 1.844722646637819707e-06 2.472357437000027858e-06 2.109189608745509759e-06 1.972753807422122918e-06 2.122724254149943590e-06 2.266756155222537927e-06
6.620000000000000000e+02 1.369100318544007495e-02 7.393434178084135056e-03 1.818812734200037085e-06 2.464351155140320770e-06 2.102366579492809251e-06 1.965762749023269862e-06 2.102533017023233697e-06 2.251374098705127835e-06
6.630000000000000000e+02 1.364973417142701165e-02 7.375837303698062897e-03 1.813664539440651424e-06 2.447975930408574641e-06 2.084506832034094259e-06 1.959613200597232208e-06 2.086586391669698060e-06 2.241636138933245093e-06
6.640000000000000000e+02 1.360865147336333229e-02 7.358298171311616898e-03 1.796570018086640630e-06 2.427393383186426945e-06 2.076749069601646625e-06 1.944719542734674178e-06 2.080019839922897518e-06 2.227498043794184923e-06
6.650000000000000000e+02 1.356775397139465232e-02 7.340805605053901672e-03 1.788991312423604541e-06 2.419580368950846605e-06 2.057995288851088844e-06 1.933212615767843090e-06 2.067023615381913260e-06 2.205628788942703977e-06
6.660000000000000000e+02 1.352704055406758060e-02 7.323372177779674530e-03 1.771246843418339267e-06 2.407645752100506797e-06 2.044261009359615855e-06 1.918892166941077448e-06 2.043342192337149754e-06 2.196329887738102116e-06
6.670000000000000000e+02 1.348651011825421561e-02 7.305993698537349701e-03 1.761822659318568185e-06 2.395158617218839936e-06 2.032945531027507968e-06 1.914033191496855579e-06 2.032777274507679977e-06 2.188674670833279379e-06
6.680000000000000000e+02 1.344616156907741354e-02 7.288667839020490646e-03 1.748289832903537899e-06 2.383564833507989533e-06 2.027114533120766282e-06 1.900215238492819481e-06 2.021346290348446928e-06 2.172175982195767574e-06
6.690000000000000000e+02 1.340599381983684918e-02 7.271401118487119675e-03 1.734199713609996252e-06 2.363996600251994096e-06 2.007752755162073299e-06 1.885096935438923538e-06 2.007081320698489435e-06 2.163041926905862056e-06
6.700000000000000000e+02 1.336600579193584354e-02 7.254180032759904861e-03 1.713983124318474438e-06 2.347340341657400131e-06 1.993980504266801290e-06 1.877304384834133089e-06 1.990547389141283929e-06 2.144629661415820010e-06
6.710000000000000000e+02 1.332619641480895824e-02 7.237008307129144669e-03 1.708419745227729436e-06 2.329519020349835046e-06 1.977201236513792537e-06 1.859992494246398564e-06 1.983624997592414729e-06 2.140863443855778314e-06
6.720000000000000000e+02 1.328656462585033927e-02 7.219895720481872559e-03 1.693701392468938138e-06 2.321673946426017210e-06 1.957584117917576805e-06 1.848333681664371397e-06 1.960483587026828900e-06 2.124388856827863492e-06
6.730000000000000000e+02 1.324710937034281368e-02 7.202825974673032761e-03 1.676767283242952544e-06 2.311820026079658419e-06 1.949748593688127585e-06 1.835703869801363908e-06 1.948652197825140320e-06 2.106477268171147443e-06
6.740000000000000000e+02 1.320782960138770258e-02 7.185824215412139893e-03 1.676537181083403993e-06 2.282236209794064052e-06 1.934148031068616547e-06 1.836786623243824579e-06 1.943769802892347798e-06 2.097463720929226838e-06
6.750000000000000000e+02 1.316872427983539068e-02 7.168869953602552414e-03 1.653639287724217866e-06 2.270849790875217877e-06 1.925369588207104243e-06 1.819202566366584506e-06 1.925380274769850075e-06 2.079240630337153561e-06
6.760000000000000000e+02 1.312979237421658951e-02 7.151965051889419556e-03 1.639830770727712661e-06 2.253826551168458536e-06 1.908814965645433404e-06 1.796476794879708905e-06 1.908922058646567166e-06 2.065428589048678987e-06
6.770000000000000000e+02 1.309103286067431898e-02 7.135116029530763626e-03 1.633305259929329623e-06 2.241817810499924235e-06 1.894766000987146981e-06 1.789122393347497564e-06 1.895577838695317041e-06 2.052494892268441617e-06
6.780000000000000000e+02 1.305244472289659834e-02 7.118314970284700394e-03 1.619035629119025543e-06 2.230150130344554782e-06 1.879247065517120063e-06 1.776296926436771173e-06 1.877658178273122758e-06 2.031327539953053929e-06
6.790000000000000000e+02 1.301402695204981717e-02 7.101553957909345627e-03 1.618117494217585772e-06 2.208679916293476708e-06 1.863170496108068619e-06 1.761749217621400021e-06 1.863934926404908765e-06 2.022903117904206738e-06
6.800000000000000000e+02 1.297577854671280208e-02 7.084858138114213943e-03 1.600101427357003558e-06 2.194308763137087226e-06 1.849573322942887899e-06 1.742155745887430385e-06 1.851595243351766840e-06 2.011649712585494854e-06
6.810000000000000000e+02 1.293769851281155632e-02 7.068201899528503418e-03 1.590294232300948352e-06 2.182017851737327874e-06 1.829066718528338242e-06 1.736318836265127175e-06 1.838432808654033579e-06 1.998871312025585212e-06
6.820000000000000000e+02 1.289978586355466569e-02 7.051620166748762131e-03 1.579617787683673669e-06 2.168191258533624932e-06 1.820370016503147781e-06 1.720435989227553364e-06 1.825472054406418465e-06 1.985169546969700605e-06
6.830000000000000000e+02 1.286203961936937396e-02 7.035054732114076614e-03 1.574076350152608939e-06 2.148827661585528404e-06 1.802108840820437763e-06 1.714036216071690433e-06 1.811669108064961620e-06 1.975418854271993041e-06
6.840000000000000000e+02 1.282445880783830879e-02 7.018565200269222260e-03 1.551995069348777179e-06 2.131313749487162568e-06 1.797180857465718873e-06 1.687957364993053488e-06 1.792132252376177348e-06 1.963469912880100310e-06
6.850000000000000000e+02 1.278704246363684786e-02 7.002113852649927139e-03 1.552713797536853235e-06 2.129600261469022371e-06 1.784473624866222963e-06 1.680359105193929281e-06 1.788303734429064207e-06 1.947337523233727552e-06
6.860000000000000000e+02 1.274978962847113026e-02 6.985723040997982025e-03 1.534174543849076144e-06 2.101743348248419352e-06 1.757076233843690716e-06 1.666965772528783418e-06 1.767108187777921557e-06 1.932843133545247838e-06
6.870000000000000000e+02 1.271269935101669753e-02 6.969374604523181915e-03 1.534040961814753246e-06 2.090059297188417986e-06 1.745210852277523372e-06 1.656637323321774602e-06 1.749719672261562664e-06 1.925734977703541517e-06
6.880000000000000000e+02 1.267577068685776104e-02 6.953062023967504501e-03 1.523476726106309798e-06 2.068065896310145035e-06 1.730194298943388276e-06 1.635237595110083930e-06 1.730860617499274667e-06 1.913251253427006304e-06
6.890000000000000000e+02 1.263900269842707647e-02 6.936816498637199402e-03 1.510505398982786573e-06 2.054008291452191770e-06 1.716181031952146441e-06 1.635288413126545493e-06 1.733452904773002956e-06 1.891558213173993863e-06
6.900000000000000000e+02 1.260239445494643930e-02 6.920619867742061615e-03 1.495237142989935819e-06 2.034470981016056612e-06 1.711223603706457652e-06 1.615424366718798410e-06 1.714330892355064861e-06 1.874729150586063042e-06
6.910000000000000000e+02 1.256594503236778057e-02 6.904450245201587677e-03 1.492103933742328081e-06 2.023572051257360727e-06 1.690880139904038515e-06 1.601238636794732884e-06 1.700333768894779496e-06 1.865696731329080649e-06
6.920000000000000000e+02 1.252965351331484546e-02 6.888350006192922592e-03 1.478617946304439101e-06 2.004846010095207021e-06 1.677924728937796317e-06 1.588613031344721094e-06 1.692672867648070678e-06 1.855209234236099292e-06
6.930000000000000000e+02 1.249351898702548078e-02 6.872294470667839050e-03 1.477794512538821436e-06 1.989400061574997380e-06 1.666764319452340715e-06 1.571996335769654252e-06 1.669744733590050600e-06 1.841792709456058219e-06
6.940000000000000000e+02 1.245754054929448795e-02 6.856293417513370514e-03 1.472190319873334374e-06 1.969472123164450750e-06 1.650850322221231181e-06 1.555612925585592166e-06 1.662609292907291092e-06 1.823307798076712061e-06
6.950000000000000000e+02 1.242171730241705893e-02 6.840322166681289673e-03 1.458032556911348365e-06 1.965912360901711509e-06 1.638062940401141532e-06 1.551961759105324745e-06 1.654789798521960620e-06 1.814502638808335178e-06
6.960000000000000000e+02 1.238604835513277928e-02 6.824419368058443069e-03 1.450447484785399865e-06 1.945580152096226811e-06 1.632650196370377671e-06 1.536486252007307485e-06 1.636799765947216656e-06 1.803106556508282665e-06
6.970000000000000000e+02 1.235053282257018645e-02 6.808549165725708008e-03 1.445943098588031717e-06 1.933233306772308424e-06 1.614972234165179543e-06 1.523058244856656529e-06 1.626035782464896329e-06 1.787850919754419010e-06
6.980000000000000000e+02 1.231516982619190390e-02 6.792728323489427567e-03 1.434859541404875927e-06 1.911052549985470250e-06 1.605783836566843092e-06 1.507659249000425916e-06 1.611359152775548864e-06 1.762595161380886566e-06
6.990000000000000000e+02 1.227995849374029051e-02 6.776962894946336746e-03 1.425263121745956596e-06 1.905533167700923514e-06 1.594068294252792839e-06 1.496052959737426136e-06 1.595457888470264152e-06 1.762148599482316058e-06
7.000000000000000000e+02 1.224489795918367284e-02 6.761237047612667084e-03 1.416548911947757006e-06 1.887285179691389203e-06 1.584236201779276598e-06 1.487037366132426541e-06 1.586446160217747092e-06 1.757272229951922782e-06
7.010000000000000000e+02 1.220998736266308039e-02 6.745549384504556656e-03 1.413883865097886883e-06 1.876488454399805050e-06 1.569222263242409099e-06 1.474538748880149797e-06 1.574374437041115016e-06 1.736103627081320155e-06
7.020000000000000000e+02 1.217522585043952568e-02 6.729920860379934311e-03 1.404070189892081544e-06 1.858891437223064713e-06 1.553715833324531559e-06 1.460833459532295819e-06 1.560101736686192453e-06 1.721578655633493327e-06
7.030000000000000000e+02 1.214061257484181852e-02 6.714337505400180817e-03 1.392383751408488024e-06 1.843374207055603620e-06 1.549399030409404077e-06 1.448508328394382261e-06 1.558416897751158103e-06 1.716548922559013590e-06
7.040000000000000000e+02 1.210614669421487648e-02 6.698788143694400787e-03 1.384129291182034649e-06 1.832019961511832662e-06 1.524117919871059712e-06 1.431012492503214162e-06 1.544650672258285340e-06 1.690429712652985472e-06
7.050000000000000000e+02 1.207182737286856787e-02 6.683294661343097687e-03 1.383678409183630720e-06 1.826440211516455747e-06 1.522138973086839542e-06 1.420836724719265476e-06 1.530916847514163237e-06 1.688281145106884651e-06
7.060000000000000000e+02 1.203765378102705265e-02 6.667852867394685745e-03 1.375398483105527703e-06 1.798503717509447597e-06 1.512995709163078573e-06 1.417033104189613368e-06 1.509287699263950344e-06 1.674570057730306871e-06
7.070000000000000000e+02 1.200362509477862286e-02 6.652448792010545731e-03 1.364021954941563308e-06 1.787965629773680121e-06 1.496801360190147534e-06 1.399260554535430856e-06 1.496353661423199810e-06 1.657127768339705653e-06
7.080000000000000000e+02 1.196974049602604617e-02 6.637089885771274567e-03 1.361958425150078256e-06 1.773275243976968341e-06 1.486734845457249321e-06 1.390473244100576267e-06 1.492817546022706665e-06 1.655722599025466479e-06
7.090000000000000000e+02 1.193599917243738998e-02 6.621775683015584946e-03 1.354695541522232816e-06 1.762389842951961327e-06 1.484591507505683694e-06 1.381886590934300330e-06 1.479547790950164199e-06 1.627496089895430487e-06
7.100000000000000000e+02 1.190240031739734153e-02 6.606508977711200714e-03 1.352576191493426450e-06 1.750930550770135596e-06 1.466165144847764168e-06 1.366913124911661725e-06 1.472584472139715217e-06 1.626594553272298072e-06
7.110000000000000000e+02 1.186894312995899307e-02 6.591288372874259949e-03 1.346245085187547375e-06 1.736389549478190020e-06 1.453798176953569055e-06 1.359094198960519861e-06 1.466060098209709395e-06 1.614055804566305596e-06
7.120000000000000000e+02 1.183562681479611092e-02 6.576112005859613419e-03 1.339639652542246040e-06 1.724845105854910798e-06 1.448879288545867894e-06 1.343200665360200219e-06 1.454291123081929982e-06 1.594095920154359192e-06
7.130000000000000000e+02 1.180245058215587464e-02 6.560969166457653046e-03 1.331576754637353588e-06 1.721881517369183712e-06 1.436720481251541059e-06 1.334165290245437063e-06 1.437769242329522967e-06 1.587713541084667668e-06
7.140000000000000000e+02 1.176941364781206555e-02 6.545884069055318832e-03 1.312102767769829370e-06 1.705796876194654033e-06 1.419194632035214454e-06 1.319787202191946562e-06 1.425756522621668410e-06 1.570852987242687959e-06
7.150000000000000000e+02 1.173651523301872876e-02 6.530829239636659622e-03 1.320428964390885085e-06 1.693577701189497020e-06 1.422988702870497946e-06 1.319691250500909518e-06 1.419610953234951012e-06 1.567241724842460826e-06
7.160000000000000000e+02 1.170375456446427938e-02 6.515833549201488495e-03 1.318629983870778233e-06 1.677718728387844749e-06 1.411756556990440004e-06 1.310363018092175480e-06 1.406654291713493876e-06 1.560278860779362731e-06
7.170000000000000000e+02 1.167113087422605791e-02 6.500880699604749680e-03 1.300226927014591638e-06 1.670049641688819975e-06 1.399680058966623619e-06 1.298530037274758797e-06 1.411161747455480509e-06 1.543116923130583018e-06
7.180000000000000000e+02 1.163864339972532809e-02 6.485957186669111252e-03 1.299579821534280200e-06 1.662265958657371812e-06 1.385596078762318939e-06 1.296784830628894269e-06 1.396313791701686569e-06 1.519959710094553884e-06
7.190000000000000000e+02 1.160629138368271529e-02 6.471085827797651291e-03 1.291595822294766549e-06 1.643899622649769299e-06 1.383533231091860216e-06 1.287418399442685768e-06 1.385375753670814447e-06 1.518691306046093814e-06
7.200000000000000000e+02 1.157407407407407343e-02 6.456255447119474411e-03 1.286582005377567839e-06 1.624145625100936741e-06 1.376585373691341374e-06 1.280257720281952061e-06 1.375777969769842457e-06 1.508114110038150102e-06
7.210000000000000000e+02 1.154199072408678729e-02 6.441485136747360229e-03 1.284397285417071544e-06 1.624929154786514118e-06 1.364444074170023669e-06 1.271913106393185444e-06 1.360503006253566127e-06 1.503101543676166330e-06
7.220000000000000000e+02 1.151004059207648769e-02 6.426744628697633743e-03 1.272263375540205743e-06 1.613833546798559837e-06 1.358388658445619512e-06 1.266649633180350065e-06 1.352349158878496382e-06 1.484096060266892891e-06
7.230000000000000000e+02 1.147822294152419341e-02 6.412039510905742645e-03 1.269155632144247647e-06 1.599661118234507740e-06 1.350630554952658713e-06 1.247666432391270064e-06 1.342143491456226911e-06 1.470947154302848503e-06
7.240000000000000000e+02 1.144653704099386424e-02 6.397376768290996552e-03 1.267442712560296059e-06 1.597582922840956599e-06 1.340114067716058344e-06 1.243755377799971029e-06 1.333065483777318150e-06 1.460382577533891890e-06
7.250000000000000000e+02 1.141498216409036863e-02 6.382755003869533539e-03 1.260326939700462390e-06 1.582323079674097244e-06 1.329734686805750243e-06 1.225305254592967685e-06 1.324173581451759674e-06 1.452819901714974549e-06
7.260000000000000000e+02 1.138355758941784514e-02 6.368184927850961685e-03 1.247834461537422612e-06 1.576996965013677254e-06 1.321645640928181820e-06 1.225339815391635057e-06 1.320348928857129067e-06 1.444145254936302081e-06
7.270000000000000000e+02 1.135226260053847497e-02 6.353656761348247528e-03 1.235999661730602384e-06 1.561069439048878849e-06 1.315029180659621488e-06 1.213968175761692692e-06 1.312570930167566985e-06 1.431940859220048878e-06
7.280000000000000000e+02 1.132109648593165006e-02 6.339170038700103760e-03 1.225257392434286885e-06 1.550102524561225437e-06 1.305099885939853266e-06 1.207221998811291996e-06 1.304623765463475138e-06 1.424203674105228856e-06
7.290000000000000000e+02 1.129005853895352456e-02 6.324714981019496918e-03 1.232258910022210330e-06 1.541750407341169193e-06 1.299886775996128563e-06 1.203637793878442608e-06 1.288511498387379106e-06 1.414014263900753576e-06
7.300000000000000000e+02 1.125914805779696000e-02 6.310306489467620850e-03 1.223208982992218807e-06 1.541361143608810380e-06 1.292075353376276325e-06 1.201473878609249368e-06 1.272490067094622646e-06 1.396923266838712152e-06
7.310000000000000000e+02 1.122836434545185745e-02 6.295936647802591324e-03 1.216825353367312346e-06 1.530306690256111324e-06 1.273988232242118102e-06 1.189427393910591491e-06 1.267837205887190066e-06 1.391463001709780656e-06
7.320000000000000000e+02 1.119770670966586078e-02 6.281620822846889496e-03 1.210678192364866845e-06 1.523922833257529419e-06 1.277846990888065193e-06 1.183492599921009969e-06 1.260195290342380758e-06 1.388973487337352708e-06
7.330000000000000000e+02 1.116717446290543814e-02 6.267324555665254593e-03 1.210088612424442545e-06 1.512192625341413077e-06 1.268031951440207195e-06 1.178939214696583804e-06 1.251279741154576186e-06 1.380559524477575906e-06
7.340000000000000000e+02 1.113676692231733815e-02 6.253084633499383926e-03 1.202554813062306494e-06 1.515954863862134516e-06 1.270995198865421116e-06 1.175033276012982242e-06 1.243859514943324029e-06 1.370418203805456869e-06
7.350000000000000000e+02 1.110648340969040693e-02 6.238881964236497879e-03 1.194691208183940034e-06 1.500332928117131814e-06 1.251216190212289803e-06 1.173546934296609834e-06 1.238692561855714303e-06 1.357633323095797095e-06
7.360000000000000000e+02 1.107632325141776931e-02 6.224734243005514145e-03 1.187996872431540396e-06 1.485781581322953571e-06 1.240110577782616019e-06 1.157822225650306791e-06 1.234244450643018354e-06 1.349161266261944547e-06
7.370000000000000000e+02 1.104628577845937452e-02 6.210609804838895798e-03 1.177874878521834034e-06 1.488262682869390119e-06 1.237320020663901232e-06 1.151478045358089730e-06 1.225959294970380142e-06 1.347285092379024718e-06
7.380000000000000000e+02 1.101637032630488865e-02 6.196531467139720917e-03 1.162610487881465815e-06 1.473368229198968038e-06 1.231845544680254534e-06 1.149541958511690609e-06 1.214766598423011601e-06 1.339992991233884823e-06
7.390000000000000000e+02 1.098657623493694627e-02 6.182492710649967194e-03 1.162077637673064601e-06 1.465142531742458232e-06 1.222442733705975115e-06 1.150737716670846567e-06 1.205915282298519742e-06 1.332179976998304483e-06
7.400000000000000000e+02 1.095690284879474036e-02 6.168483756482601166e-03 1.156499024546064902e-06 1.463534772483399138e-06 1.209411379932134878e-06 1.138901438935135957e-06 1.196919583890121430e-06 1.323581273027230054e-06
7.410000000000000000e+02 1.092734951673796778e-02 6.154529750347137451e-03 1.152941877080593258e-06 1.455845676900935359e-06 1.206509182338777464e-06 1.131308295043709222e-06 1.192719537357334048e-06 1.320254796155495569e-06
7.420000000000000000e+02 1.089791559201110094e-02 6.140596233308315277e-03 1.136129981205158401e-06 1.449967271582863759e-06 1.207985746987105813e-06 1.125188646255992353e-06 1.182572873403842095e-06 1.294659682571364101e-06
7.430000000000000000e+02 1.086860043220800980e-02 6.126716267317533493e-03 1.140229869633913040e-06 1.440253640794253442e-06 1.189140448332182132e-06 1.110676635107665788e-06 1.179862124445207883e-06 1.299039240620913915e-06
7.440000000000000000e+02 1.083940339923690661e-02 6.112879142165184021e-03 1.120123329201305751e-06 1.434062255611934233e-06 1.190845182463817764e-06 1.112758809540537186e-06 1.172995325759984553e-06 1.290633235839777626e-06
7.450000000000000000e+02 1.081032385928561851e-02 6.099074613302946091e-03 1.121153900385252200e-06 1.420754415448755026e-06 1.178024376713437960e-06 1.109361846829415299e-06 1.165471871900081169e-06 1.293711079597414937e-06
7.460000000000000000e+02 1.078136118278719829e-02 6.085307337343692780e-03 1.118741693062474951e-06 1.417873590980889276e-06 1.167865320894634351e-06 1.098014990930096246e-06 1.153432890532712918e-06 1.278626086786971428e-06
7.470000000000000000e+02 1.075251474438584411e-02 6.071572192013263702e-03 1.104952389141544700e-06 1.404842123520211317e-06 1.168574840448854957e-06 1.095710217668965925e-06 1.153841822087997571e-06 1.281385948459501378e-06
7.480000000000000000e+02 1.072378392290314342e-02 6.057890132069587708e-03 1.093018568099068943e-06 1.400065116285986733e-06 1.162131070486793760e-06 1.083986262528924271e-06 1.144067482528043911e-06 1.269399376724322792e-06
7.490000000000000000e+02 1.069516810130463277e-02 6.044240668416023254e-03 1.090827481675660238e-06 1.393675347571843304e-06 1.151496121565287467e-06 1.090399337044800632e-06 1.139393589255632833e-06 1.261421516574046109e-06
7.500000000000000000e+02 1.066666666666666631e-02 6.030634045600891113e-03 1.080090555660717655e-06 1.395069489262823481e-06 1.153119342234276701e-06 1.073262296813481953e-06 1.136248329203226604e-06 1.263051331079623196e-06
7.510000000000000000e+02 1.063827901014359825e-02 6.017055362462997437e-03 1.070526195690035820e-06 1.391933892591623589e-06 1.134594981522241142e-06 1.074132455869403202e-06 1.132107399826054461e-06 1.257050712411000859e-06
7.520000000000000000e+02 1.061000452693526552e-02 6.003513932228088379e-03 1.060543013409187552e-06 1.378938122797990218e-06 1.132839543060981669e-06 1.067896732820372563e-06 1.124863729273783974e-06 1.235273657584912144e-06
7.530000000000000000e+02 1.058184261625476873e-02 5.990021396428346634e-03 1.045938347488117870e-06 1.369005531159928069e-06 1.131878434534883127e-06 1.058801899489481002e-06 1.125374183175154030e-06 1.234960222973313648e-06
7.540000000000000000e+02 1.055379268129656885e-02 5.976564250886440277e-03 1.038193772728845943e-06 1.363074147775478195e-06 1.117833562602754682e-06 1.051950107466836926e-06 1.118046384362969548e-06 1.236336970578122418e-06
7.550000000000000000e+02 1.052585412920485977e-02 5.963137838989496231e-03 1.041434302351262886e-06 1.348585897176235449e-06 1.110279981730855070e-06 1.046949705596489366e-06 1.106574586628994439e-06 1.232229237757564988e-06
7.560000000000000000e+02 1.049802637104224438e-02 5.949759855866432190e-03 1.020216586766764522e-06 1.342864266007381957e-06 1.102997316593246069e-06 1.042887674884696025e-06 1.093870082513603847e-06 1.230525526807468850e-06
7.570000000000000000e+02 1.047030882175869863e-02 5.936418194323778152e-03 1.016204123516217805e-06 1.345935061181080528e-06 1.093901346393977292e-06 1.037844981510716025e-06 1.093652599593042396e-06 1.218055331264622509e-06
7.580000000000000000e+02 1.044270090016081835e-02 5.923101678490638733e-03 1.011978724818618502e-06 1.328804046352161095e-06 1.091571448341710493e-06 1.027097823680378497e-06 1.083808570001565386e-06 1.210499931403319351e-06
7.590000000000000000e+02 1.041520202888135578e-02 5.909817758947610855e-03 9.974752401831210591e-07 1.329292899754364043e-06 1.084432255993306171e-06 1.018161356114433147e-06 1.079731191566679627e-06 1.212611209666647483e-06
7.600000000000000000e+02 1.038781163434903017e-02 5.896593909710645676e-03 9.884453220365685411e-07 1.317797227784467395e-06 1.075606860467814840e-06 1.011025346997485030e-06 1.087358896256773733e-06 1.202487510454375297e-06
7.610000000000000000e+02 1.036052914675862288e-02 5.883398000150918961e-03 9.723271432449109852e-07 1.308264700128347613e-06 1.080690708477050066e-06 1.014568852042430080e-06 1.076243506759055890e-06 1.195816821564221755e-06
7.620000000000000000e+02 1.033335400004133271e-02 5.870236083865165710e-03 9.687535111879697070e-07 1.301261022490507457e-06 1.065059905158705078e-06 1.003930947263143025e-06 1.070464918484503869e-06 1.197832489197026007e-06
7.630000000000000000e+02 1.030628563183542956e-02 5.857099778950214386e-03 9.655828989707515575e-07 1.297134076594375074e-06 1.062644287230796181e-06 1.003677084554510657e-06 1.056207565852673724e-06 1.177941044261388015e-06
7.640000000000000000e+02 1.027932348345714231e-02 5.844010505825281143e-03 9.606350204194313847e-07 1.285821667806885671e-06 1.055143457051599398e-06 9.966614697987097315e-07 1.057312601915327832e-06 1.184518055197258946e-06
7.650000000000000000e+02 1.025246699987184332e-02 5.830964539200067520e-03 9.518577144262962975e-07 1.278169406759843696e-06 1.042747840074298438e-06 9.856190672508091666e-07 1.053825826602405868e-06 1.179996957034745719e-06
7.660000000000000000e+02 1.022571562966548275e-02 5.817944649606943130e-03 9.459195666750019882e-07 1.272725398848706391e-06 1.047841465151577722e-06 9.850939477473730221e-07 1.050382365974655841e-06 1.176743239739153069e-06
7.670000000000000000e+02 1.019906882501627615e-02 5.804961547255516052e-03 9.323343874712008983e-07 1.265736955247120932e-06 1.034813180922355969e-06 9.822247193369548768e-07 1.041009454638697207e-06 1.156431835624971427e-06
7.680000000000000000e+02 1.017252604166666609e-02 5.792015232145786285e-03 9.282355222239857540e-07 1.251903654519992415e-06 1.022636070047155954e-06 9.733016668178606778e-07 1.034430738400260452e-06 1.162573994406557176e-06
7.690000000000000000e+02 1.014608673889553017e-02 5.779105238616466522e-03 9.113326200349547435e-07 1.251833168680605013e-06 1.021212597152043600e-06 9.630347221900592558e-07 1.036618073158024345e-06 1.152107870439067483e-06
7.700000000000000000e+02 1.011975037949063884e-02 5.766230635344982147e-03 9.100303941522724926e-07 1.237904484696628060e-06 1.012421648738381919e-06 9.564013225826784037e-07 1.024327843879291322e-06 1.148017531704681460e-06
7.710000000000000000e+02 1.009351642972136816e-02 5.753400735557079315e-03 9.021775895234895870e-07 1.233861325999896508e-06 9.991890692617744207e-07 9.556586064718430862e-07 1.018047896650386974e-06 1.142891619565489236e-06
7.720000000000000000e+02 1.006738435931165895e-02 5.740589927881956100e-03 8.893694030120968819e-07 1.225716005137655884e-06 9.959569524653488770e-07 9.479682603341643699e-07 1.014941062749130651e-06 1.137119397753849626e-06
7.730000000000000000e+02 1.004135364141322054e-02 5.727822426706552505e-03 8.870820238371379673e-07 1.213043901771015953e-06 9.925880704031442292e-07 9.364609354634012561e-07 1.005216063276748173e-06 1.131156295741675422e-06
7.740000000000000000e+02 1.001542375257897209e-02 5.715084262192249298e-03 8.769364967520232312e-07 1.203260694637720007e-06 9.866097343547153287e-07 9.311027611147437710e-07 9.975764214686932974e-07 1.121575337492686231e-06
7.750000000000000000e+02 9.989594172736732114e-03 5.702402908354997635e-03 8.681075769345625304e-07 1.203162810270441696e-06 9.804878118302440271e-07 9.259728699362312909e-07 9.942951919583720155e-07 1.116302428272319958e-06
7.760000000000000000e+02 9.963864385163142059e-03 5.689735524356365204e-03 8.678510994286625646e-07 1.187495399790350348e-06 9.693133051769109443e-07 9.224187920153781306e-07 9.989328191295498982e-07 1.106310946852318011e-06
7.770000000000000000e+02 9.938233876457815488e-03 5.677099339663982391e-03 8.553656130061426666e-07 1.180670551548246294e-06 9.607624633645173162e-07 9.116116643781424500e-07 9.839545782597269863e-07 1.109235313379031140e-06
7.780000000000000000e+02 9.912702136517733548e-03 5.664501339197158813e-03 8.552491976843157317e-07 1.181357333734922577e-06 9.572036105964798480e-07 9.015832347358809784e-07 9.838641972237383015e-07 1.089823626898578368e-06
7.790000000000000000e+02 9.887268658511867703e-03 5.651937797665596008e-03 8.488237881465465762e-07 1.164584091384313069e-06 9.551175708111259155e-07 8.972720024758018553e-07 9.716555950944893993e-07 1.084792188521532807e-06
7.800000000000000000e+02 9.861932938856015837e-03 5.639422219246625900e-03 8.374878461836487986e-07 1.157854399025382008e-06 9.439193036087090150e-07 8.899127124095684849e-07 9.672168062024866231e-07 1.084964878828031942e-06
7.810000000000000000e+02 9.836694477187886421e-03 5.626935046166181564e-03 8.389327490476716775e-07 1.146763793258287478e-06 9.416432362741034012e-07 8.823480470709910151e-07 9.648309742260607891e-07 1.066254071702132933e-06
7.820000000000000000e+02 9.811552776342383902e-03 5.614465102553367615e-03 8.376428013434633613e-07 1.137093477154849097e-06 9.385555017615843099e-07 8.744145816308446229e-07 9.560599210090003908e-07 1.071181145562150050e-06
7.830000000000000000e+02 9.786507342327133499e-03 5.602058488875627518e-03 8.260864206022233702e-07 1.133861132984748110e-06 9.231077910953899845e-07 8.706910534783673938e-07 9.475841693529218901e-07 1.055658685800153762e-06
7.840000000000000000e+02 9.761557684298208942e-03 5.589655134826898575e-03 8.249857614828215446e-07 1.121719151342404075e-06 9.208799269799783360e-07 8.642809348202717956e-07 9.396056839250377379e-07 1.051088020176393911e-06
7.850000000000000000e+02 9.736703314536087478e-03 5.577309522777795792e-03 8.195124223675520625e-07 1.110110474655812141e-06 9.153699238595436327e-07 8.599687362220720388e-07 9.304754939876147546e-07 1.045268732013937552e-06
7.860000000000000000e+02 9.711943748421809561e-03 5.564979743212461472e-03 8.178170105566096026e-07 1.101376142287335824e-06 9.009995096675993409e-07 8.543028684471209999e-07 9.190571859107876662e-07 1.039519247569842264e-06
7.870000000000000000e+02 9.687278504413362329e-03 5.552695132791996002e-03 8.187723778974032030e-07 1.095801053452305496e-06 8.949712082539917901e-07 8.441380145995935891e-07 9.228551220985536929e-07 1.033308762998785824e-06
7.880000000000000000e+02 9.662707104022262572e-03 5.540436133742332458e-03 8.035232212932896800e-07 1.095397465178393759e-06 8.852255177771439776e-07 8.350191933459427673e-07 9.150269875135563780e-07 1.028569727168360259e-06
7.890000000000000000e+02 9.638229071790349600e-03 5.528212990611791611e-03 8.029156788325053640e-07 1.078219270311819855e-06 8.855611213220981881e-07 8.269774411928665359e-07 9.015876685225521214e-07 1.023529534904810134e-06
7.900000000000000000e+02 9.613843935266784546e-03 5.516017321497201920e-03 7.991916959326772485e-07 1.071812334885180462e-06 8.725302791390276980e-07 8.238235977842123248e-07 9.015716955218522344e-07 1.015034854390250985e-06
7.910000000000000000e+02 9.589551224985256098e-03 5.503864027559757233e-03 7.877747520979028195e-07 1.063816171154030599e-06 8.669040880704415031e-07 8.203785455407341942e-07 8.888534921425161883e-07 1.007910555017588194e-06
7.920000000000000000e+02 9.565350474441383991e-03 5.491750314831733704e-03 7.957175967021612450e-07 1.060642830452707130e-06 8.642100510769523680e-07 8.114431011563283391e-07 8.790528909230488352e-07 1.007296646093891468e-06
7.930000000000000000e+02 9.541241220070318524e-03 5.479649174958467484e-03 7.915379569567448925e-07 1.047200839821016416e-06 8.570607405999908224e-07 8.067059411587251816e-07 8.755469593779707793e-07 9.866844266070984304e-07
7.940000000000000000e+02 9.517223001224549978e-03 5.467590410262346268e-03 7.735205826975288801e-07 1.045723593051661737e-06 8.565702387386409100e-07 8.016789365683507640e-07 8.712827934687084053e-07 9.817053978622425348e-07
7.950000000000000000e+02 9.493295360151893236e-03 5.455565173178911209e-03 7.781603699186234735e-07 1.029524923978897277e-06 8.492932579429179896e-07 7.916901267890352756e-07 8.608208190707955509e-07 9.775636726772063412e-07
7.960000000000000000e+02 9.469457841973687520e-03 5.443571135401725769e-03 7.754284183647541795e-07 1.021579805637884419e-06 8.365738608517858665e-07 7.805531936355691869e-07 8.558255331081454642e-07 9.726434200274525210e-07
7.970000000000000000e+02 9.445709994663173056e-03 5.431618075817823410e-03 7.666794772376306355e-07 1.020900413095660042e-06 8.226058980653760955e-07 7.803158723618253134e-07 8.421654911217046902e-07 9.651294021750800312e-07
7.980000000000000000e+02 9.422051369024063774e-03 5.419685505330562592e-03 7.627652962582942564e-07 1.017000158753944561e-06 8.282765975309303030e-07 7.818252356628363486e-07 8.372079491891781799e-07 9.493584798292431515e-07
7.990000000000000000e+02 9.398481518669300414e-03 5.407785531133413315e-03 7.581312502225046046e-07 9.925737458615913056e-07 8.156812896231713239e-07 7.661142262804787606e-07 8.343632202922890428e-07 9.375676199852023274e-07
8.000000000000000000e+02 9.374999999999999653e-03 5.395914427936077118e-03 7.614592618665483315e-07 9.898114967654692009e-07 8.169797069967899006e-07 7.618776294293638784e-07 8.264109965239185840e-07 9.322318987869948614e-07
8.010000000000000000e+02 9.351606372184581920e-03 5.384074058383703232e-03 7.619206030540226493e-07 9.906869991027633660e-07 8.133760047712712549e-07 7.566765702904376667e-07 8.167261853486706968e-07 9.285946589443483390e-07
8.020000000000000000e+02 9.328300197138077871e-03 5.372276995331048965e-03 7.487670927730505355e-07 9.801202622838900425e-07 8.063324798968096729e-07 7.446294603141723201e-07 8.133828259815345518e-07 9.206955269291938748e-07
8.030000000000000000e+02 9.305081039501620493e-03 5.360506940633058548e-03 7.486233357667515520e-07 9.722028835312812589e-07 7.955354135447123554e-07 7.448699079759535380e-07 8.098354555841069669e-07 9.134292326962167863e-07
8.040000000000000000e+02 9.281948466622114147e-03 5.348770413547754288e-03 7.454787009919527918e-07 9.625393886381061748e-07 7.890524216236372013e-07 7.353066280302300584e-07 7.962070185385528021e-07 9.169806958198023494e-07
8.050000000000000000e+02 9.258902048532078807e-03 5.337068811058998108e-03 7.487660127480921801e-07 9.538678114040521905e-07 7.884232786636857782e-07 7.272661832757876255e-07 7.924608667053689715e-07 9.128991109719208907e-07
8.060000000000000000e+02 9.235941357929671261e-03 5.325386300683021545e-03 7.430707569255901035e-07 9.554279358781059273e-07 7.762156997159763705e-07 7.170786489041347522e-07 7.823506393833667971e-07 8.986518196252291091e-07
8.070000000000000000e+02 9.213065970158879764e-03 5.313743837177753448e-03 7.385585831798380241e-07 9.400831686434685253e-07 7.711568059676210396e-07 7.170164622039010283e-07 7.722578061475360300e-07 8.788013019511708990e-07
8.080000000000000000e+02 9.190275463189883504e-03 5.302127916365861893e-03 7.435720021931047086e-07 9.320260119238810148e-07 7.690915708735701628e-07 7.181108685472281650e-07 7.711594207648886368e-07 8.732502010388998315e-07
8.090000000000000000e+02 9.167569417599594206e-03 5.290540866553783417e-03 7.339398848671407904e-07 9.286112572226556949e-07 7.628513571944495197e-07 7.108218937901256140e-07 7.666263286409957800e-07 8.747488777771650348e-07
8.100000000000000000e+02 9.144947416552355601e-03 5.278986878693103790e-03 7.215426762741117273e-07 9.163726986116671469e-07 7.675554343222756870e-07 7.086270557010720950e-07 7.629719789292721543e-07 8.578214760746050160e-07
8.110000000000000000e+02 9.122409045780809425e-03 5.267470143735408783e-03 7.205325118775363080e-07 9.173174362331337761e-07 7.514525464102916885e-07 7.011206548668269534e-07 7.582748935419658665e-07 8.558104696021473501e-07
8.120000000000000000e+02 9.099953893566940094e-03 5.255979485809803009e-03 7.336181511163886171e-07 9.141701298176485579e-07 7.451837404914840590e-07 6.928366360625659581e-07 7.455598733940860257e-07 8.450960535810736474e-07
8.130000000000000000e+02 9.077581550723256426e-03 5.244504660367965698e-03 7.226581146824173629e-07 9.007812877825926989e-07 7.437451472469547298e-07 6.813560275986674242e-07 7.427380523949977942e-07 8.428173714492004365e-07
8.140000000000000000e+02 9.055291610574165914e-03 5.233087576925754547e-03 7.162168458307860419e-07 8.922773417907592375e-07 7.345978474404546432e-07 6.844148288109863643e-07 7.325766659960208926e-07 8.288626531793852337e-07
8.150000000000000000e+02 9.033083668937484309e-03 5.221675615757703781e-03 7.165334068304218818e-07 8.927711974138219375e-07 7.272351467690896243e-07 6.792280373701942153e-07 7.290288408512424212e-07 8.270615126093616709e-07
8.160000000000000000e+02 9.010957324106113470e-03 5.210306029766798019e-03 7.167989224399207160e-07 8.830278943605662789e-07 7.282939122887910344e-07 6.757103960808308329e-07 7.245020583468431141e-07 8.211552540160482749e-07
8.170000000000000000e+02 8.988912176829880543e-03 5.198972765356302261e-03 7.154657168939593248e-07 8.840935379339498468e-07 7.141746323213737924e-07 6.686625511065358296e-07 7.113568472050246783e-07 8.187192861441872083e-07
8.180000000000000000e+02 8.966947830297522862e-03 5.187661387026309967e-03 7.103626558091491461e-07 8.742305226405733265e-07 7.119641054487146903e-07 6.607318709939136170e-07 7.136625868042756338e-07 8.118400955936522223e-07
8.190000000000000000e+02 8.945063890118835903e-03 5.176374688744544983e-03 7.068620675454440061e-07 8.677537266521540005e-07 7.163129680520796683e-07 6.594078172383888159e-07 7.092252189977443777e-07 8.073921549112128559e-07
8.200000000000000000e+02 8.923259964306960029e-03 5.165121518075466156e-03 6.995168178036692552e-07 8.714268346921016928e-07 7.097068532857520040e-07 6.563776651091757230e-07 7.112437288014916703e-07 8.004005849215900525e-07
8.210000000000000000e+02 8.901535663260840697e-03 5.153905134648084641e-03 6.994320074227289297e-07 8.687161425768863410e-07 6.975138262532709632e-07 6.474965630332008004e-07 6.986122116359183565e-07 7.935972803352342453e-07
8.220000000000000000e+02 8.879890599747811836e-03 5.142714828252792358e-03 7.022547947599377949e-07 8.591953246650518849e-07 6.967564445403695572e-07 6.448115072998916730e-07 6.939128525118576363e-07 7.947861035972891841e-07
8.230000000000000000e+02 8.858324388886345754e-03 5.131548270583152771e-03 6.940376806596759707e-07 8.624859333394852001e-07 6.985147251725720707e-07 6.412995503524143714e-07 6.912495109645533375e-07 7.867294016250525601e-07
8.240000000000000000e+02 8.836836648128947036e-03 5.120412912219762802e-03 6.895282922414480709e-07 8.511980809089436661e-07 6.930350195943901781e-07 6.366380489453149494e-07 6.895954243191226851e-07 7.766012686261092313e-07
8.250000000000000000e+02 8.815426997245178267e-03 5.109312478452920914e-03 6.823880767115042545e-07 8.486860565426468384e-07 6.937551120245188940e-07 6.293765295595221687e-07 6.776388090656837448e-07 7.678096949348400813e-07
8.260000000000000000e+02 8.794095058304850568e-03 5.098242778331041336e-03 6.853651370875013527e-07 8.403369520237902179e-07 6.816824225097661838e-07 6.345055680867517367e-07 6.684072104690130800e-07 7.669672186239040457e-07
8.270000000000000000e+02 8.772840455661333817e-03 5.087194032967090607e-03 6.730272730237629730e-07 8.270122293652093504e-07 6.759131565559073351e-07 6.292892749115708284e-07 6.702075552311725914e-07 7.547138238805928268e-07
8.280000000000000000e+02 8.751662815935028206e-03 5.076176486909389496e-03 6.763119131392159034e-07 8.238199598054052331e-07 6.749851308995857835e-07 6.256661890802206472e-07 6.709499302814947441e-07 7.551516318926587701e-07
8.290000000000000000e+02 8.730561767996962430e-03 5.065188277512788773e-03 6.708206115035864059e-07 8.211265480895235669e-07 6.692361580462602433e-07 6.193324111336551141e-07 6.664402576461725403e-07 7.580781016258697491e-07
8.300000000000000000e+02 8.709536942952532390e-03 5.054228007793426514e-03 6.607904765587591100e-07 8.201575383282033727e-07 6.718098575220210478e-07 6.217902637217775919e-07 6.625114679081889335e-07 7.467646696568408515e-07
8.310000000000000000e+02 8.688587974125385610e-03 5.043299403041601181e-03 6.656346727140771691e-07 8.229849868257588241e-07 6.675553549939650111e-07 6.134843602012551855e-07 6.595913646378903650e-07 7.531822916462260764e-07
8.320000000000000000e+02 8.667714497041420149e-03 5.032395478338003159e-03 6.493283990494091995e-07 8.229140462390205357e-07 6.655775450781220570e-07 6.052659387023595627e-07 6.505234750875388272e-07 7.430664936691755429e-07
8.330000000000000000e+02 8.646916149412946576e-03 5.021519493311643600e-03 6.579971341125201434e-07 8.182408350876357872e-07 6.526584570565319154e-07 5.994500611450348515e-07 6.479078820120776072e-07 7.415286518153152429e-07
8.340000000000000000e+02 8.626192571122957495e-03 5.010680295526981354e-03 6.444305995501053985e-07 8.103328923425578978e-07 6.511777428386267275e-07 5.937961304880445823e-07 6.380093395819130819e-07 7.365650844803894870e-07
8.350000000000000000e+02 8.605543404209544528e-03 4.999869037419557571e-03 6.419073770302929915e-07 8.039398267101205420e-07 6.504753287117637228e-07 6.037764705979498103e-07 6.372731036208278965e-07 7.278861744453024585e-07
8.360000000000000000e+02 8.584968292850438457e-03 4.989082925021648407e-03 6.474305678239034023e-07 7.988751917764602695e-07 6.408441777239204384e-07 5.999217478347418364e-07 6.404001737791986670e-07 7.192297744040843099e-07
8.370000000000000000e+02 8.564466883347679471e-03 4.978309385478496552e-03 6.314231768556055613e-07 7.994729003257816657e-07 6.418702582777768839e-07 5.859091629645263311e-07 6.357139454848947935e-07 7.186240509327035397e-07
8.380000000000000000e+02 8.544038824112417524e-03 4.967588931322097778e-03 6.311699962679995224e-07 7.995329838195175398e-07 6.415765483325230889e-07 5.898525046177383047e-07 6.362365070344822016e-07 7.143080438254401088e-07
8.390000000000000000e+02 8.523683765649839317e-03 4.956868011504411697e-03 6.305632496150792576e-07 7.933685424177383538e-07 6.375027510330255609e-07 5.835551064592436887e-07 6.348375904963177163e-07 7.058786763991520274e-07
8.400000000000000000e+02 8.503401360544218454e-03 4.946192260831594467e-03 6.258858320506988093e-07 7.922896543277602177e-07 6.342331175801518839e-07 5.823013680128497072e-07 6.216487804522330407e-07 7.094786269590258598e-07
8.410000000000000000e+02 8.483191263444090496e-03 4.935553763061761856e-03 6.208395006979117170e-07 7.811863156348408666e-07 6.314601819212839473e-07 5.764924821960448753e-07 6.147840849735075608e-07 7.036339866317575797e-07
8.420000000000000000e+02 8.463053131047556382e-03 4.924927372485399246e-03 6.180603691063879523e-07 7.779806310281855986e-07 6.191984311954001896e-07 5.735965373787621502e-07 6.147701014924678020e-07 6.990182441768411081e-07
8.430000000000000000e+02 8.442986622087696874e-03 4.914325661957263947e-03 6.162512136143050157e-07 7.774700065965589602e-07 6.202850499903433956e-07 5.705963985747075640e-07 6.077264629311684985e-07 6.888278107908263337e-07
8.440000000000000000e+02 8.422991397318118842e-03 4.903765860944986343e-03 6.007560955367807765e-07 7.744277468191285152e-07 6.175038151923217811e-07 5.739022412853955757e-07 6.045614213689987082e-07 6.928705147402069997e-07
8.450000000000000000e+02 8.403067119498617774e-03 4.893226549029350281e-03 5.993296099404687993e-07 7.691563155276526231e-07 6.158756491458916571e-07 5.667972118317265995e-07 6.167944093249388970e-07 6.948247346372227184e-07
8.460000000000000000e+02 8.383213453380949573e-03 4.882714711129665375e-03 5.930423867539502680e-07 7.637340218025201466e-07 6.164671049191383645e-07 5.707256036657781806e-07 6.024499157319951337e-07 6.905509053467540070e-07
8.470000000000000000e+02 8.363430065694742871e-03 4.872223827987909317e-03 5.925066943746060133e-07 7.639850423402094748e-07 6.025167067491565831e-07 5.635187676489294972e-07 6.064243507353239693e-07 6.873033271403983235e-07
8.480000000000000000e+02 8.343716625133499806e-03 4.861767869442701340e-03 5.807383445244340692e-07 7.575560516670520883e-07 6.063815476409217808e-07 5.653797074955946300e-07 5.996545269226771779e-07 6.747245606675278395e-07
8.490000000000000000e+02 8.324072802340728647e-03 4.851336125284433365e-03 5.807759748677199241e-07 7.490973530366318300e-07 6.045386271580355242e-07 5.641506959364050999e-07 5.992112619424005970e-07 6.784490551581257023e-07
8.500000000000000000e+02 8.304498269896194371e-03 4.840931855142116547e-03 5.813060965920158196e-07 7.520417284467839636e-07 5.963549369880638551e-07 5.579685193879413418e-07 6.008244213262514677e-07 6.702396717628289480e-07
8.510000000000000000e+02 8.284992702302261189e-03 4.830557387322187424e-03 5.698910285900637973e-07 7.467089062629383989e-07 5.954811399533355143e-07 5.589770353253697976e-07 5.957207918072526809e-07 6.726996844008681364e-07
8.520000000000000000e+02 8.265555775970375579e-03 4.820209462195634842e-03 5.594433218902850058e-07 7.348857593569846358e-07 5.823571882501710206e-07 5.457243332784855738e-07 5.853091238350316416e-07 6.630436928389826789e-07
8.530000000000000000e+02 8.246187169207637793e-03 4.809885285794734955e-03 5.565725587075576186e-07 7.303475513253943063e-07 5.797615472147299442e-07 5.510567575583991129e-07 5.916274403716670349e-07 6.628003461628395598e-07
8.540000000000000000e+02 8.226886562203489586e-03 4.799577873200178146e-03 5.502463409357005730e-07 7.398772368105710484e-07 5.782910079688008409e-07 5.430324563349131495e-07 5.852913886883470695e-07 6.613646519326721318e-07
8.550000000000000000e+02 8.207653637016518178e-03 4.789303056895732880e-03 5.549566139961825684e-07 7.296467856576782651e-07 5.781437266705324873e-07 5.431901399788330309e-07 5.886511189601151273e-07 6.630751272496127058e-07
8.560000000000000000e+02 8.188488077561359088e-03 4.779050592333078384e-03 5.408580250332306605e-07 7.301279651983350050e-07 5.786403107777005062e-07 5.336868298400077038e-07 5.789783017462468706e-07 6.594474939447536599e-07
8.570000000000000000e+02 8.169389569595709999e-03 4.768842365592718124e-03 5.364816502151370514e-07 7.164328508224571124e-07 5.642750693368725479e-07 5.348746299205231480e-07 5.769320523540955037e-07 6.482291610154788941e-07
8.580000000000000000e+02 8.150357800707450431e-03 4.758647643029689789e-03 5.359350438993715215e-07 7.165686497501155827e-07 5.602794317383086309e-07 5.298783207763335668e-07 5.793256150354864076e-07 6.441308073590334971e-07
8.590000000000000000e+02 8.131392460301863773e-03 4.748481791466474533e-03 5.271418217489554081e-07 7.104659403012192342e-07 5.643365170726610813e-07 5.310216693032998592e-07 5.805724185847793706e-07 6.429528980333998334e-07
8.600000000000000000e+02 8.112493239588966856e-03 4.738344345241785049e-03 5.256412123344489373e-07 7.133289159355626907e-07 5.602896067102847155e-07 5.281402764012455009e-07 5.654487154060916509e-07 6.431315568988793530e-07
8.610000000000000000e+02 8.093659831570938420e-03 4.728225525468587875e-03 5.236730089563934598e-07 7.060025382088497281e-07 5.562399110203841701e-07 5.311344466463197023e-07 5.723450726691226009e-07 6.456510845964658074e-07
8.620000000000000000e+02 8.074891931029656855e-03 4.718142561614513397e-03 5.133521767675119918e-07 7.074420977914996911e-07 5.556657356464711484e-07 5.229975954534893390e-07 5.589981810771860182e-07 6.401909331543720327e-07
8.630000000000000000e+02 8.056189234514326419e-03 4.708079155534505844e-03 5.148518198438978288e-07 6.943429298189585097e-07 5.487790986080653965e-07 5.181778419682814274e-07 5.594602043856866658e-07 6.381902153407281730e-07
8.640000000000000000e+02 8.037551440329217950e-03 4.698045551776885986e-03 5.089364094601478428e-07 6.899234108459495474e-07 5.494919719239987899e-07 5.227011001807113644e-07 5.609900313174875919e-07 6.266167815738299396e-07
8.650000000000000000e+02 8.018978248521501512e-03 4.688030574470758438e-03 5.040465680394845549e-07 6.914155505910457578e-07 5.439608798951667268e-07 5.167153744878305588e-07 5.568020924329175614e-07 6.294320655797491781e-07
8.660000000000000000e+02 8.000469360869170987e-03 4.678036086261272430e-03 4.922867447021417320e-07 6.873765983073099051e-07 5.384767405303136911e-07 5.116969532537041232e-07 5.553576443162455689e-07 6.285147264861734584e-07
8.670000000000000000e+02 7.982024480869083158e-03 4.668070934712886810e-03 5.024958795729617123e-07 6.855265155536471866e-07 5.342843678590725176e-07 5.079683660369482823e-07 5.558618454415409360e-07 6.260480063247086946e-07
8.680000000000000000e+02 7.963643313725073114e-03 4.658136982470750809e-03 4.924637551084742881e-07 6.742571372342354152e-07 5.338037567526043858e-07 5.031571390645694919e-07 5.486294867296237499e-07 6.171813424771244172e-07
8.690000000000000000e+02 7.945325566336185891e-03 4.648217465728521347e-03 4.953794814355205745e-07 6.694147600683209021e-07 5.312875828167307191e-07 5.041833901486825198e-07 5.408382435234670993e-07 6.244869723559531849e-07
8.700000000000000000e+02 7.927070947284977492e-03 4.638338927179574966e-03 4.824009351978020277e-07 6.686441338388249278e-07 5.200278678785252851e-07 4.985681130165176000e-07 5.365344009078398813e-07 6.111018819865421392e-07
8.710000000000000000e+02 7.908879166825942553e-03 4.628474824130535126e-03 4.762791832035873085e-07 6.665436558250803500e-07 5.170331860426813364e-07 5.014956059312680736e-07 5.320358127391955350e-07 6.140800223874975927e-07
8.720000000000000000e+02 7.890749936874000975e-03 4.618648439645767212e-03 4.801109412255755160e-07 6.559811822626215871e-07 5.138577989782788791e-07 4.873778038927412126e-07 5.318404987519897986e-07 6.178577791615680326e-07
8.730000000000000000e+02 7.872682970993099064e-03 4.608836956322193146e-03 4.684465579884999897e-07 6.527127993649628479e-07 5.143319867784157395e-07 4.772519446305523161e-07 5.233032993601227645e-07 6.052543994883308187e-07
8.740000000000000000e+02 7.854677984384900863e-03 4.599050153046846390e-03 4.766247911902610213e-07 6.417715212592156604e-07 5.059566206000454258e-07 4.791573360307666007e-07 5.117026944390090648e-07 6.150058879939024337e-07
8.750000000000000000e+02 7.836734693877550617e-03 4.589279182255268097e-03 4.549344794213538989e-07 6.359744588735338766e-07 5.097196549286309164e-07 4.725517612769181142e-07 5.119841830492077861e-07 6.031785915183718316e-07
8.760000000000000000e+02 7.818852817914554929e-03 4.579545464366674423e-03 4.557718398245924618e-07 6.348773240461014211e-07 4.985611781194165815e-07 4.657478314129548380e-07 5.096896984468912706e-07 6.051482728253176901e-07
8.770000000000000000e+02 7.801032076543726497e-03 4.569843411445617676e-03 4.479080359942599898e-07 6.361820510392135475e-07 4.891173830401385203e-07 4.775628212883020751e-07 5.147561523699550889e-07 6.003569978929590434e-07
8.780000000000000000e+02 7.783272191406229341e-03 4.560153000056743622e-03 4.446139314495667350e-07 6.280590127971663605e-07 4.842175940211745910e-07 4.640988322535122279e-07 5.022479285798908677e-07 5.972065082460176200e-07
8.790000000000000000e+02 7.765572885725712492e-03 4.550488200038671494e-03 4.472077819173136959e-07 6.219310080268769525e-07 4.901525585410126951e-07 4.587440116665675305e-07 4.989220769857638516e-07 5.911521157031529583e-07
8.800000000000000000e+02 7.747933884297520876e-03 4.540851339697837830e-03 4.466688778848038055e-07 6.289060934250301216e-07 4.771276280735037290e-07 4.699270732544391649e-07 5.018959541303047445e-07 5.827948825753992423e-07
8.810000000000000000e+02 7.730354913478002486e-03 4.531234037131071091e-03 4.378587163955671713e-07 6.156924996503221337e-07 4.771088697452796623e-07 4.536651942999014864e-07 4.966188953403616324e-07 5.777806109108496457e-07
8.820000000000000000e+02 7.712835701173893603e-03 4.521652124822139740e-03 4.301107026094541652e-07 6.043587177373410668e-07 4.692323045674129389e-07 4.512998259542655433e-07 4.806302627002878580e-07 5.784302175015909597e-07
8.830000000000000000e+02 7.695375976831788159e-03 4.512075800448656082e-03 4.317760726735286880e-07 5.960721978226501960e-07 4.701023783582058968e-07 4.454972213352448307e-07 4.842142402594618034e-07 5.717851649933436420e-07
8.840000000000000000e+02 7.677975471427693835e-03 4.502534866333007812e-03 4.490646574595302809e-07 5.920291528127563652e-07 4.596116411903494736e-07 4.403501918659458170e-07 4.857469662056246307e-07 5.775001454821904190e-07
8.850000000000000000e+02 7.660633917456669689e-03 4.493009764701128006e-03 4.403800346608477412e-07 5.915539418310800102e-07 4.512641282872209558e-07 4.348464130998763721e-07 4.792926233676553238e-07 5.769589392912166659e-07
8.860000000000000000e+02 7.643351048922541850e-03 4.483515862375497818e-03 4.353044289473473327e-07 5.908598836867895443e-07 4.563800928281125380e-07 4.308334382585599087e-07 4.771807198267197236e-07 5.573150474447174929e-07
8.870000000000000000e+02 7.626126601327708546e-03 4.474036861211061478e-03 4.214030013827141374e-07 5.803780140922754072e-07 4.530518253886839375e-07 4.326296050294331508e-07 4.795920176547951996e-07 5.570541929955652449e-07
8.880000000000000000e+02 7.608960311663014522e-03 4.464601166546344757e-03 4.320986874972732039e-07 5.760709314017731231e-07 4.480736492951109540e-07 4.350401923147728667e-07 4.751120172841183376e-07 5.519112846741336398e-07
8.890000000000000000e+02 7.591851918397713936e-03 4.455175250768661499e-03 4.209106521102512488e-07 5.765020318904134911e-07 4.471162640129477950e-07 4.306184848701377632e-07 4.689155161941016559e-07 5.521457637769344728e-07
8.900000000000000000e+02 7.574801161469511303e-03 4.445773549377918243e-03 4.233757238125690492e-07 5.721169031858153176e-07 4.417877619289356517e-07 4.188589741715986747e-07 4.571933232000446878e-07 5.450000344353611581e-07
8.910000000000000000e+02 7.557807782274673578e-03 4.436391871422529221e-03 4.206043797694292152e-07 5.628681378766486887e-07 4.460131606265349546e-07 4.142245586535864277e-07 4.545219383089715848e-07 5.442781798592477571e-07
8.920000000000000000e+02 7.540871523658227230e-03 4.427042789757251740e-03 4.136934137477510376e-07 5.637044750983477570e-07 4.380306677376211155e-07 4.055189037899253890e-07 4.508767688093939796e-07 5.383205348152841907e-07
8.930000000000000000e+02 7.523992129904232516e-03 4.417710006237030029e-03 4.133152913254889427e-07 5.608662831946276128e-07 4.337465213666291675e-07 3.993290818016248522e-07 4.420092238888173597e-07 5.372093596633931156e-07
8.940000000000000000e+02 7.507169346726123675e-03 4.408414009958505630e-03 4.121918095734145027e-07 5.504413138623931445e-07 4.350547158082918031e-07 4.009660301562689710e-07 4.422819586125115165e-07 5.282632855596602894e-07
8.950000000000000000e+02 7.490402921257139322e-03 4.399129655212163925e-03 4.064159213612583699e-07 5.500423867488279939e-07 4.271132070243766066e-07 3.966294173096684972e-07 4.387778744785464369e-07 5.246589012131153140e-07
8.960000000000000000e+02 7.473692602040816167e-03 4.389873705804347992e-03 4.091629932645446388e-07 5.391183890424144920e-07 4.146042158481577644e-07 3.968790167618863052e-07 4.325515590153372614e-07 5.220383627602132037e-07
8.970000000000000000e+02 7.457038139021561658e-03 4.380636382848024368e-03 3.984737872997357044e-07 5.390930368776025716e-07 4.142031571063853335e-07 3.956062926135928137e-07 4.367104793345788494e-07 5.130989961799059529e-07
8.980000000000000000e+02 7.440439283535300354e-03 4.371421877294778824e-03 4.040045666897640331e-07 5.323841492099745665e-07 4.195189546862820862e-07 3.963865253808762645e-07 4.261388824033929268e-07 5.078877620690036565e-07
8.990000000000000000e+02 7.423895788300187946e-03 4.362235777080059052e-03 4.011927217106858734e-07 5.233575279817159753e-07 4.183163753168628318e-07 3.971185265072563197e-07 4.232335584219981683e-07 5.013610007154056802e-07
9.000000000000000000e+02 7.407407407407407690e-03 4.353065043687820435e-03 3.986326930771610932e-07 5.248089109954889864e-07 4.155800752414506860e-07 3.867138502755551599e-07 4.108470363917149371e-07 5.070965585218800697e-07
9.010000000000000000e+02 7.390973896312027537e-03 4.343915730714797974e-03 4.002095295163599076e-07 5.233651449998433236e-07 4.102727189092547633e-07 3.788543097016372485e-07 4.230604417898575775e-07 4.941024371873936616e-07
9.020000000000000000e+02 7.374595011823933607e-03 4.334798548370599747e-03 3.979596954195585568e-07 5.201370640861568972e-07 4.115286742489843164e-07 3.772883871988597093e-07 4.109395206342014717e-07 4.934049684379715472e-07
9.030000000000000000e+02 7.358270512098836515e-03 4.325694870203733444e-03 3.872700347073987359e-07 5.134425578035006765e-07 4.066090184551285347e-07 3.691797871852031676e-07 4.131502180371171562e-07 4.864972993345872965e-07
9.040000000000000000e+02 7.342000156629336673e-03 4.316613078117370605e-03 3.911784460797207430e-07 4.986920885130530223e-07 3.963523909078503493e-07 3.684800446990266209e-07 3.996092914348992053e-07 4.797361725650262088e-07
9.050000000000000000e+02 7.325783706236073736e-03 4.307562950998544693e-03 3.891452422521979315e-07 5.132141041030990891e-07 3.902549110534891952e-07 3.674878996662300779e-07 4.013409125036559999e-07 4.834874403059075121e-07
9.060000000000000000e+02 7.309620923058929819e-03 4.298534709960222244e-03 3.849848724257753929e-07 5.006112928640504833e-07 3.963819494856579695e-07 3.678379130178655032e-07 4.042938712700561155e-07 4.790328489434614312e-07
9.070000000000000000e+02 7.293511570548314241e-03 4.289517644792795181e-03 3.893873667948355433e-07 5.001587624064995907e-07 3.906527581420959905e-07 3.579295082545286277e-07 3.999147395461477572e-07 4.747282105199701618e-07
9.080000000000000000e+02 7.277455413456500322e-03 4.280531778931617737e-03 3.832157062788610347e-07 4.851242465520044789e-07 3.756026387691235868e-07 3.520650579957873560e-07 4.019671848709549522e-07 4.688001808972330764e-07
9.090000000000000000e+02 7.261452217829043702e-03 4.271559882909059525e-03 3.749948689346638275e-07 4.933096988679608330e-07 3.882707062530244002e-07 3.465909230726538226e-07 3.904117420461261645e-07 4.743573356336128199e-07
9.100000000000000000e+02 7.245501750996256179e-03 4.262614063918590546e-03 3.825399517154437490e-07 4.849168817600002512e-07 3.933405423595104367e-07 3.497064255952864187e-07 3.837930080408114009e-07 4.638509381038602442e-07
9.110000000000000000e+02 7.229603781564751530e-03 4.253686871379613876e-03 3.749922825591056608e-07 4.778863171850389335e-07 3.863047481900139246e-07 3.457049047028704081e-07 3.842243359031272121e-07 4.595827363118587527e-07
9.120000000000000000e+02 7.213758079409048583e-03 4.244795534759759903e-03 3.774105437059915857e-07 4.786713247995066922e-07 3.869523084176762495e-07 3.455313617450883612e-07 3.816307980741839856e-07 4.536019275747094071e-07
9.130000000000000000e+02 7.197964415663250619e-03 4.235913511365652084e-03 3.657764580111688701e-07 4.830832267543883063e-07 3.780846782319713384e-07 3.473524259334226372e-07 3.801048649165750248e-07 4.413332419517246308e-07
9.140000000000000000e+02 7.182222562712773338e-03 4.227068275213241577e-03 3.729492448201199295e-07 4.768198778037913144e-07 3.694638621709600557e-07 3.415152320940251229e-07 3.715167906648275675e-07 4.489417335662437836e-07
9.150000000000000000e+02 7.166532294186150898e-03 4.218232352286577225e-03 3.746270920146343997e-07 4.748706601276353467e-07 3.704841731178021291e-07 3.359923823609278770e-07 3.764749010315426858e-07 4.352361600012955023e-07
9.160000000000000000e+02 7.150893384946893118e-03 4.209419246762990952e-03 3.611303043271618662e-07 4.698758573340455769e-07 3.737338545306556625e-07 3.295088220056641148e-07 3.763529434763768222e-07 4.437425502601399785e-07
9.170000000000000000e+02 7.135305611085411212e-03 4.200623836368322372e-03 3.646981383553793421e-07 4.717506669749127468e-07 3.638923544713179581e-07 3.375803032668045489e-07 3.665703047772694845e-07 4.307809717829513829e-07
9.180000000000000000e+02 7.119768749911002496e-03 4.191851709038019180e-03 3.654865565749787493e-07 4.652591201192990411e-07 3.566300392776611261e-07 3.395562941932439571e-07 3.661365042262332281e-07 4.294198561183293350e-07
9.190000000000000000e+02 7.104282579943900153e-03 4.183108452707529068e-03 3.606473057971015805e-07 4.559383057767263381e-07 3.607115957038331544e-07 3.295814110515493667e-07 3.692221923756733304e-07 4.309860344164917478e-07
9.200000000000000000e+02 7.088846880907372430e-03 4.174379166215658188e-03 3.581579051115113543e-07 4.603107015554996906e-07 3.583844829790905351e-07 3.201531058039108757e-07 3.610530256992205977e-07 4.227682097734941635e-07
9.210000000000000000e+02 7.073461433719898175e-03 4.165670368820428848e-03 3.590097605865594232e-07 4.492888194818078773e-07 3.494670863801729865e-07 3.162162158787396038e-07 3.568550539512216346e-07 4.146783965097711189e-07
9.220000000000000000e+02 7.058126020487387464e-03 4.156991839408874512e-03 3.627245916959509486e-07 4.527702515133569250e-07 3.431168522638472496e-07 3.144356526263436535e-07 3.552956115981942276e-07 4.204206049962522229e-07
9.230000000000000000e+02 7.042840424495468155e-03 4.148323554545640945e-03 3.610358021433057729e-07 4.552667576263047522e-07 3.454694308402395109e-07 3.201365359473129502e-07 3.537263069119944703e-07 4.217165781028597848e-07
9.240000000000000000e+02 7.027604430201833154e-03 4.139684606343507767e-03 3.567622854916407960e-07 4.459910485365981003e-07 3.478302232906571589e-07 3.183417902619112283e-07 3.485712909423455130e-07 4.104298909624048974e-07
9.250000000000000000e+02 7.012417823228633655e-03 4.131069872528314590e-03 3.506743269099388272e-07 4.492071354889048962e-07 3.349036319377773907e-07 3.088037203724525170e-07 3.420468033255019691e-07 4.111989824195916299e-07
9.260000000000000000e+02 6.997280390354948705e-03 4.122476559132337570e-03 3.508398265239520697e-07 4.515503917446039850e-07 3.455366197613329859e-07 2.993475902712816605e-07 3.465013378445291892e-07 4.032711160562030273e-07
9.270000000000000000e+02 6.982191919509291196e-03 4.113890696316957474e-03 3.419463041609560605e-07 4.478185076095542172e-07 3.385295883617800428e-07 3.035348754565347917e-07 3.365592249338078545e-07 3.979515099672426004e-07
9.280000000000000000e+02 6.967152199762187588e-03 4.105346743017435074e-03 3.487656954348494764e-07 4.463992695491469931e-07 3.347318795476894593e-07 3.035580959931394318e-07 3.364196174970857101e-07 3.987832997154328041e-07
9.290000000000000000e+02 6.952161021318801863e-03 4.096800461411476135e-03 3.423608632147079334e-07 4.363082268810103415e-07 3.355729631948634051e-07 3.052709587336721597e-07 3.463711664153379388e-07 3.932850063392834272e-07
9.300000000000000000e+02 6.937218175511620198e-03 4.088283516466617584e-03 3.368946863702149130e-07 4.286141006559773814e-07 3.301814501810440561e-07 2.946536028503032867e-07 3.318115489037154475e-07 3.935708150493155699e-07
9.310000000000000000e+02 6.922323454793189411e-03 4.079789388924837112e-03 3.345265611187642207e-07 4.347844821950275218e-07 3.354878685968287755e-07 3.055539536944706924e-07 3.272942592502658954e-07 3.882527153109549545e-07
9.320000000000000000e+02 6.907476652728913522e-03 4.071305505931377411e-03 3.310464649075584020e-07 4.403152900067652809e-07 3.263986911861138651e-07 2.988514893331739586e-07 3.280703140262630768e-07 3.791792551055550575e-07
9.330000000000000000e+02 6.892677563989895416e-03 4.062854684889316559e-03 3.305047471258149017e-07 4.329118610257864930e-07 3.273634945344383596e-07 2.941375782938848715e-07 3.230478853311069543e-07 3.875327365676639602e-07
9.340000000000000000e+02 6.877925984345840092e-03 4.054436460137367249e-03 3.352221540353639284e-07 4.285332124709384516e-07 3.127285879145347280e-07 2.925533237885247217e-07 3.244276172154059168e-07 3.744582102171989391e-07
9.350000000000000000e+02 6.863221710658011683e-03 4.046015907078981400e-03 3.279979523540532682e-07 4.230311390074348310e-07 3.178747363108413992e-07 2.875629547816060949e-07 3.169829483340436127e-07 3.733354674295696896e-07
9.360000000000000000e+02 6.848564540872232979e-03 4.037625156342983246e-03 3.264738381858478533e-07 4.208932296023704112e-07 3.108806652107887203e-07 2.908482201746664941e-07 3.230288996292074444e-07 3.733728988208895316e-07
9.370000000000000000e+02 6.833954274011952608e-03 4.029261879622936249e-03 3.254162947996519506e-07 4.122818779705994530e-07 3.203618632596771931e-07 2.883936076614190824e-07 3.164043391734594479e-07 3.671818546990834875e-07
9.380000000000000000e+02 6.819390710171348638e-03 4.020906053483486176e-03 3.251840610118961195e-07 4.131216826408490306e-07 3.110501722858316498e-07 2.919606458817725070e-07 3.132203687528090086e-07 3.707658322582574328e-07
9.390000000000000000e+02 6.804873650508493771e-03 4.012577235698699951e-03 3.218977724372962257e-07 4.126038959384459304e-07 3.053654040741093922e-07 2.891253245707048336e-07 3.121027418728772318e-07 3.756039461677573854e-07
9.400000000000000000e+02 6.790402897238569102e-03 4.004255402833223343e-03 3.160438666327536339e-07 4.107140227915806463e-07 3.121344036571827019e-07 2.807508110436174320e-07 3.179142140652402304e-07 3.617452364323980873e-07
9.410000000000000000e+02 6.775978253627124720e-03 3.995982930064201355e-03 3.128595267298805993e-07 4.123709516079543391e-07 3.022642260930297198e-07 2.790025064314249903e-07 3.031821051990846172e-07 3.678886741909082048e-07
9.420000000000000000e+02 6.761599523983393215e-03 3.987706266343593597e-03 3.058470667838264490e-07 4.058601632550562499e-07 3.136149189231218770e-07 2.693866463232552633e-07 2.961168377169087762e-07 3.640499244284001179e-07
9.430000000000000000e+02 6.747266513653656095e-03 3.979452420026063919e-03 3.139973046017985325e-07 3.989387948877265444e-07 3.050628265555133112e-07 2.757229253802506719e-07 2.983338731610274408e-07 3.640952570549416123e-07
9.440000000000000000e+02 6.732979029014650972e-03 3.971215337514877319e-03 3.099526395544671686e-07 3.941271984331251588e-07 3.028870310117781628e-07 2.743675509009335656e-07 2.961782854526973097e-07 3.624757027864689007e-07
9.450000000000000000e+02 6.718736877467035989e-03 3.963010385632514954e-03 3.022299779331660829e-07 3.969172439610701986e-07 3.002133439622411970e-07 2.750337841916916659e-07 2.965627743378718151e-07 3.617595893956604414e-07
9.460000000000000000e+02 6.704539867428898486e-03 3.954830113798379898e-03 2.924086572875239654e-07 4.002965283689263742e-07 2.947524819774116622e-07 2.807099974688753719e-07 2.972037691506557167e-07 3.642067554210370872e-07
9.470000000000000000e+02 6.690387808329309634e-03 3.946656826883554459e-03 3.049023007406503893e-07 3.983081171554658795e-07 2.891030419505113969e-07 2.635686371377232717e-07 2.940843444321217248e-07 3.483278874227835331e-07
9.480000000000000000e+02 6.676280510601933713e-03 3.938494715839624405e-03 2.996347348016570322e-07 3.932316587906825589e-07 2.908731175921275280e-07 2.737575641731382348e-07 2.912045999892143300e-07 3.515627042816049652e-07
9.490000000000000000e+02 6.662217785678674689e-03 3.930366598069667816e-03 2.956683431420970010e-07 3.870510170145280426e-07 2.944559582829242572e-07 2.655240791682444979e-07 2.932912366304663010e-07 3.471239722330210498e-07
9.500000000000000000e+02 6.648199445983379169e-03 3.922262694686651230e-03 2.943835681890050182e-07 3.838875386463769246e-07 2.820799238634208450e-07 2.665779561539238784e-07 2.892469979087763932e-07 3.444129106355831027e-07
9.510000000000000000e+02 6.634225304925580984e-03 3.914164379239082336e-03 2.862198584807629231e-07 3.843320257601590129e-07 2.834558472386561334e-07 2.662559950294962618e-07 2.861678467525052838e-07 3.503598406950914068e-07
9.520000000000000000e+02 6.620295176894287412e-03 3.906084923073649406e-03 2.799338858494593296e-07 3.774254651034425478e-07 2.858555205875745742e-07 2.642598246893612668e-07 2.880429406104667578e-07 3.472432865692098858e-07
9.530000000000000000e+02 6.606408877251821778e-03 3.898032940924167633e-03 2.830775542861374561e-07 3.763930180866736919e-07 2.699063941236090614e-07 2.610048284168442478e-07 2.828822687206411501e-07 3.440270290866465075e-07
9.540000000000000000e+02 6.592566222327703347e-03 3.890005173161625862e-03 2.822528983870142838e-07 3.763067866202618461e-07 2.704923076635168400e-07 2.635771352288429625e-07 2.751568786152347457e-07 3.467225724307354540e-07
9.550000000000000000e+02 6.578767029412570591e-03 3.881987649947404861e-03 2.688655627025582362e-07 3.787336595451051835e-07 2.807786643188592279e-07 2.556112121965270489e-07 2.826241427555942209e-07 3.369954697518551257e-07
9.560000000000000000e+02 6.565011116752157358e-03 3.873985027894377708e-03 2.684294884147675475e-07 3.708689746417803690e-07 2.765421811545820674e-07 2.525637796679802705e-07 2.803623999625415308e-07 3.357274067639082205e-07
9.570000000000000000e+02 6.551298303541304609e-03 3.866020124405622482e-03 2.764967632629122818e-07 3.675178277262602933e-07 2.782410035706561757e-07 2.590843735106318491e-07 2.772094092051702319e-07 3.309503711079742061e-07
9.580000000000000000e+02 6.537628409918018121e-03 3.858054289594292641e-03 2.689814095901965629e-07 3.694478891702601686e-07 2.706974839838949265e-07 2.520709472264570650e-07 2.789576001305249520e-07 3.345278685173980193e-07
9.590000000000000000e+02 6.524001256957575635e-03 3.850130364298820496e-03 2.707611486130190315e-07 3.652748432614316698e-07 2.677192867395206122e-07 2.559634140197886154e-07 2.751808381162845762e-07 3.335845804031123407e-07
9.600000000000000000e+02 6.510416666666666956e-03 3.842207603156566620e-03 2.611127172258420615e-07 3.600977720452647191e-07 2.751751821961079258e-07 2.565429326750745531e-07 2.645087988639716059e-07 3.351820225816481980e-07
9.610000000000000000e+02 6.496874461977583497e-03 3.834306495264172554e-03 2.575887663169851294e-07 3.554324621291016228e-07 2.658696018897899194e-07 2.439411446175654419e-07 2.665842089299985673e-07 3.293412760285718832e-07
9.620000000000000000e+02 6.483374466742450326e-03 3.826420288532972336e-03 2.618110670482565183e-07 3.639889882833813317e-07 2.639052070207981160e-07 2.450496481287700590e-07 2.765372073554317467e-07 3.307185352241504006e-07
9.630000000000000000e+02 6.469916505727493772e-03 3.818555502220988274e-03 2.501956544165295782e-07 3.576171820895979181e-07 2.607964404433005257e-07 2.366765841088636080e-07 2.672572634310199646e-07 3.291832513241388369e-07
9.640000000000000000e+02 6.456500404607358468e-03 3.810714464634656906e-03 2.576516351382451830e-07 3.587366563806426711e-07 2.562520649007637985e-07 2.401977496901963605e-07 2.644592598244344117e-07 3.226709850423503667e-07
9.650000000000000000e+02 6.443125989959461695e-03 3.802891820669174194e-03 2.552497448959911708e-07 3.538157784532813821e-07 2.550326030359428842e-07 2.281212232446705457e-07 2.692784732971631456e-07 3.294468626791058341e-07
9.660000000000000000e+02 6.429793089258387627e-03 3.795088734477758408e-03 2.430344352433166932e-07 3.480599843896925449e-07 2.526024900362244807e-07 2.339545233098760946e-07 2.562717611453990685e-07 3.253620093346398789e-07
9.670000000000000000e+02 6.416501530870323197e-03 3.787291236221790314e-03 2.393841782577510457e-07 3.435567634824110428e-07 2.471847153628914384e-07 2.343614369237911887e-07 2.615720404719468206e-07 3.171610387653345242e-07
9.680000000000000000e+02 6.403251144047537348e-03 3.779526799917221069e-03 2.430297172395512462e-07 3.352537589762505377e-07 2.461562758071522694e-07 2.352711874209489906e-07 2.597585933017398929e-07 3.217304822555888677e-07
9.690000000000000000e+02 6.390041758922894964e-03 3.771771676838397980e-03 2.470132471898978110e-07 3.420083203309332021e-07 2.494342652425984852e-07 2.347752143805337255e-07 2.586619416433677543e-07 3.213413890534866368e-07
9.700000000000000000e+02 6.376873206504410710e-03 3.764046821743249893e-03 2.344524148156779120e-07 3.385739546502009034e-07 2.413277684354397934e-07 2.195078252498205984e-07 2.521327928661776241e-07 3.219651887320651440e-07
9.710000000000000000e+02 6.363745318669849702e-03 3.756321733817458153e-03 2.376897754174933652e-07 3.368863588093518047e-07 2.406041801350511378e-07 2.277566153452426079e-07 2.495561943760549184e-07 3.162884922858211212e-07
9.720000000000000000e+02 6.350657928161357671e-03 3.748636459931731224e-03 2.362587565585272387e-07 3.272614890192926396e-07 2.410777426575805293e-07 2.231100353355941479e-07 2.467868682742846431e-07 3.101262393556680763e-07
9.730000000000000000e+02 6.337610868580131895e-03 3.740959567949175835e-03 2.367816165360636660e-07 3.276657878359401366e-07 2.406202952442981768e-07 2.252669446534127928e-07 2.568796446666965494e-07 3.097959506703773513e-07
9.740000000000000000e+02 6.324603974381137229e-03 3.733295947313308716e-03 2.259436797658054275e-07 3.214992432276631007e-07 2.340063076644582907e-07 2.203259299449200626e-07 2.469557500717201037e-07 3.055948809560504742e-07
9.750000000000000000e+02 6.311637080867849893e-03 3.725657006725668907e-03 2.256136752976090065e-07 3.237629755403759191e-07 2.338863112072431250e-07 2.100071156974081532e-07 2.482571233031194424e-07 3.087050117756007239e-07
9.760000000000000000e+02 6.298710024187046362e-03 3.718030173331499100e-03 2.248783772529350244e-07 3.140324054129450815e-07 2.351507646380923688e-07 2.169240786997761461e-07 2.392762894487532321e-07 3.068671787787025096e-07
9.770000000000000000e+02 6.285822641323626954e-03 3.710431745275855064e-03 2.175347333377430914e-07 3.262777283907780657e-07 2.213794658700862783e-07 2.092730255753849633e-07 2.407325041531294119e-07 2.995544718942255713e-07
9.780000000000000000e+02 6.272974770095474974e-03 3.702838439494371414e-03 2.154827711819962133e-07 3.112816102657234296e-07 2.199142699055300909e-07 2.153343388044959283e-07 2.402768473075411748e-07 2.998796162501093931e-07
9.790000000000000000e+02 6.260166249148356628e-03 3.695276100188493729e-03 2.091683057869886397e-07 3.202589482498297002e-07 2.198270294684334658e-07 2.140411083928484004e-07 2.384032313784700818e-07 2.941026764347043354e-07
9.800000000000000000e+02 6.247396917950853897e-03 3.687720047309994698e-03 2.118553794616673258e-07 3.234159180465212557e-07 2.158549250452779233e-07 2.118237318882165710e-07 2.308754574187332764e-07 2.933973348717699992e-07
9.810000000000000000e+02 6.234666616789333836e-03 3.680185880511999130e-03 2.179478570951687288e-07 3.117283711162599502e-07 2.226059763188459328e-07 2.115763777510437649e-07 2.284247528905325453e-07 2.910549881107726833e-07
9.820000000000000000e+02 6.221975186762955176e-03 3.672682447358965874e-03 2.054543983831536025e-07 3.142511388887214707e-07 2.219917831780549022e-07 2.112957702138373861e-07 2.342396783205913380e-07 2.938115812867181376e-07
9.830000000000000000e+02 6.209322469778710482e-03 3.665172029286623001e-03 2.104221579202203429e-07 3.105340340425755130e-07 2.234416598412281019e-07 2.037850634906135383e-07 2.340294287250799243e-07 2.888764072395133553e-07
9.840000000000000000e+02 6.196708308546500406e-03 3.657699329778552055e-03 2.047507621227850905e-07 2.964477232580975397e-07 2.192492871699869283e-07 2.031320747164500062e-07 2.370638014781434322e-07 2.933236942226358224e-07
9.850000000000000000e+02 6.184132546574247838e-03 3.650244325399398804e-03 2.027510248581165797e-07 2.990603036323591368e-07 2.141512140951817855e-07 2.008105184359010309e-07 2.249270778520440217e-07 2.856963590147643117e-07
9.860000000000000000e+02 6.171595028163045019e-03 3.642791416496038437e-03 2.026765599794089212e-07 2.911853300702205161e-07 2.199956696813387680e-07 2.003165633368553245e-07 2.306082791392327636e-07 2.850295572898176033e-07
9.870000000000000000e+02 6.159095598402331007e-03 3.635367145761847496e-03 2.008241182238634792e-07 2.986218703426857246e-07 2.103901977079658536e-07 1.967216860521148192e-07 2.220659922613776871e-07 2.844834625648218207e-07
9.880000000000000000e+02 6.146634103165106444e-03 3.627948695793747902e-03 2.050925189678309835e-07 2.967962871025520144e-07 2.146932303048743051e-07 1.893904340022345423e-07 2.300857175896453555e-07 2.740373190590617014e-07
9.890000000000000000e+02 6.134210389103189089e-03 3.620560746639966965e-03 2.015235054386721458e-07 2.812965647081000498e-07 2.035158956914528972e-07 1.923936281400528969e-07 2.201639972554403357e-07 2.860101062651665416e-07
9.900000000000000000e+02 6.121824303642485823e-03 3.613191656768321991e-03 2.000968208903941559e-07 2.866772206289169844e-07 2.003782242354645859e-07 1.925398294133628951e-07 2.147735784774340573e-07 2.738864566254051169e-07
9.910000000000000000e+02 6.109475694978316711e-03 3.605833742767572403e-03 1.985544457738797064e-07 2.923532349541346775e-07 2.042982458760889131e-07 1.874457922212968697e-07 2.139675103762783692e-07 2.803509744353505084e-07
9.920000000000000000e+02 6.097164412070759862e-03 3.598495153710246086e-03 2.010459354551130673e-07 2.828147955824533710e-07 1.967925697954342468e-07 1.813710781561894692e-07 2.129805949380170205e-07 2.640808816067874432e-07
9.930000000000000000e+02 6.084890304640032735e-03 3.591166110709309578e-03 2.064086572772794170e-07 2.824082514507608721e-07 1.959982824928374612e-07 1.888634528768307064e-07 2.131874765609609312e-07 2.653420665410521906e-07
9.940000000000000000e+02 6.072653223161908996e-03 3.583872225135564804e-03 1.953849846358934883e-07 2.670137746463296935e-07 1.941553477990964893e-07 1.916346690222781035e-07 2.050740022241370752e-07 2.684208197933912743e-07
9.950000000000000000e+02 6.060453018863159666e-03 3.576585557311773300e-03 1.955003625653262134e-07 2.723540433180460241e-07 1.955718289536889642e-07 1.817957553384985658e-07 2.037011483935202705e-07 2.605145823508792091e-07
9.960000000000000000e+02 6.048289543717036768e-03 3.569314023479819298e-03 1.960765700914635090e-07 2.708581803290144308e-07 1.832534053392009810e-07 1.843977912585614831e-07 2.058874457588899531e-07 2.565967065493168775e-07
9.970000000000000000e+02 6.036162650438778657e-03 3.562051570042967796e-03 1.891992980063150753e-07 2.698694459013495361e-07 1.967518983292393386e-07 1.761656278631562600e-07 2.013807005596390809e-07 2.531442362396774115e-07
9.980000000000000000e+02 6.024072192481154386e-03 3.554822411388158798e-03 1.856388962551136501e-07 2.676492556474840967e-07 1.934641318257490639e-07 1.798234876559945405e-07 2.041802957819527364e-07 2.573748361101024784e-07
9.990000000000000000e+02 6.012018024030035823e-03 3.547601634636521339e-03 1.881170277329147211e-07 2.652762134403019445e-07 1.896769674658571603e-07 1.786291932148742490e-07 1.938430074233110645e-07 2.508156455860444112e-07
1.000000000000000000e+03 6.000000000000000125e-03 3.540395293384790421e-03 1.901486115229999996e-07 2.606941507110605016e-07 1.867453107706751325e-07 1.712013926180588896e-07 1.958562449999590172e-07 2.502474387711117743e-07
1.001000000000000000e+03 5.988017976029964308e-03 3.533213632181286812e-03 1.898682739920332097e-07 2.566114289948018268e-07 1.911623002115447889e-07 1.707630588043684838e-07 1.944201244441501331e-07 2.485348886693827808e-07
