1.000000000000000000e+00 6.000000000000000000e+03 7.193381347656250000e+02 7.193381347656250000e+02 7.193381347656250000e+02 7.193381347656250000e+02 7.193381347656250000e+02 7.193381347656250000e+02 7.193381347656250000e+02
2.000000000000000000e+00 1.500000000000000000e+03 6.130058288574218750e+01 6.130058670043945312e+01 6.588955879211425781e+00 7.271751403808593750e+00 7.112496376037597656e+00 6.668500423431396484e+00 9.433320999145507812e+00
3.000000000000000000e+00 6.666666666666666288e+02 2.751275062561035156e+01 2.751274871826171875e+01 1.827306747436523438e+00 1.948007464408874512e+00 1.837770462036132812e+00 1.837436676025390625e+00 2.312272548675537109e+00
4.000000000000000000e+00 3.750000000000000000e+02 1.809429550170898438e+01 1.597881698608398438e+01 7.099567055702209473e-01 9.031128883361816406e-01 7.227556109428405762e-01 7.618462443351745605e-01 1.162656068801879883e+00
5.000000000000000000e+00 2.400000000000000000e+02 1.260236835479736328e+01 8.992395401000976562e+00 3.247902393341064453e-01 4.353078603744506836e-01 3.160590231418609619e-01 3.688052296638488770e-01 5.734725594520568848e-01
6.000000000000000000e+00 1.666666666666666572e+02 9.112482070922851562e+00 5.041270732879638672e+00 1.611823737621307373e-01 2.056066244840621948e-01 1.532418131828308105e-01 1.894053518772125244e-01 2.917110919952392578e-01
7.000000000000000000e+00 1.224489795918367321e+02 6.823735713958740234e+00 3.010597467422485352e+00 1.004853546619415283e-01 1.343549340963363647e-01 1.051864847540855408e-01 1.362674683332443237e-01 1.769644021987915039e-01
8.000000000000000000e+00 9.375000000000000000e+01 5.279049873352050781e+00 2.000269651412963867e+00 7.653919607400894165e-02 9.595415741205215454e-02 8.224707096815109253e-02 1.064323931932449341e-01 1.373507976531982422e-01
9.000000000000000000e+00 7.407407407407407618e+01 4.206309318542480469e+00 1.457538127899169922e+00 6.416136026382446289e-02 7.600586116313934326e-02 6.805568188428878784e-02 8.236369490623474121e-02 1.037181317806243896e-01
1.000000000000000000e+01 6.000000000000000000e+01 3.439881801605224609e+00 1.110847353935241699e+00 5.522521585226058960e-02 6.329699605703353882e-02 5.715923011302947998e-02 6.653907895088195801e-02 8.492702990770339966e-02
1.100000000000000000e+01 4.958677685950413405e+01 2.876910448074340820e+00 8.570836186408996582e-01 4.963437467813491821e-02 5.695001408457756042e-02 5.072017759084701538e-02 5.839402601122856140e-02 7.220865041017532349e-02
1.200000000000000000e+01 4.166666666666666430e+01 2.452294349670410156e+00 6.667465567588806152e-01 4.594929516315460205e-02 5.126572772860527039e-02 4.671355709433555603e-02 5.306412279605865479e-02 6.597704440355300903e-02
1.300000000000000000e+01 3.550295857988165693e+01 2.124032258987426758e+00 5.290225744247436523e-01 4.299338534474372864e-02 4.670462384819984436e-02 4.338767006993293762e-02 4.845657944679260254e-02 6.121632456779479980e-02
1.400000000000000000e+01 3.061224489795918302e+01 1.864506125450134277e+00 4.318467676639556885e-01 4.088980704545974731e-02 4.370076581835746765e-02 4.097333177924156189e-02 4.582647979259490967e-02 5.790995433926582336e-02
1.500000000000000000e+01 2.666666666666666785e+01 1.655174255371093750e+00 3.613919913768768311e-01 3.960107266902923584e-02 4.122029617428779602e-02 3.942964971065521240e-02 4.437163472175598145e-02 5.590058863162994385e-02
1.600000000000000000e+01 2.343750000000000000e+01 1.483337402343750000e+00 3.066616654396057129e-01 3.880313411355018616e-02 4.002504423260688782e-02 3.853450715541839600e-02 4.378464445471763611e-02 5.522853508591651917e-02
1.700000000000000000e+01 2.076124567474048277e+01 1.340109348297119141e+00 2.616873085498809814e-01 3.832184150815010071e-02 3.897504508495330811e-02 3.815636038780212402e-02 4.371474310755729675e-02 5.527871847152709961e-02
1.800000000000000000e+01 1.851851851851851904e+01 1.219139218330383301e+00 2.243527621030807495e-01 3.810534998774528503e-02 3.877798467874526978e-02 3.819734975695610046e-02 4.398514330387115479e-02 5.561827868223190308e-02
1.900000000000000000e+01 1.662049861495844993e+01 1.115792274475097656e+00 1.939870268106460571e-01 3.801718726754188538e-02 3.863866999745368958e-02 3.847090899944305420e-02 4.438574612140655518e-02 5.613130703568458557e-02
2.000000000000000000e+01 1.500000000000000000e+01 1.026619315147399902e+00 1.697283983230590820e-01 3.792880475521087646e-02 3.859393298625946045e-02 3.883155807852745056e-02 4.468087479472160339e-02 5.654689669609069824e-02
2.100000000000000000e+01 1.360544217687074742e+01 9.490059018135070801e-01 1.502065658569335938e-01 3.781071305274963379e-02 3.858660161495208740e-02 3.920542076230049133e-02 4.479048028588294983e-02 5.671196430921554565e-02
2.200000000000000000e+01 1.239669421487603351e+01 8.809346556663513184e-01 1.339832246303558350e-01 3.761108592152595520e-02 3.847752511501312256e-02 3.948437049984931946e-02 4.467925056815147400e-02 5.660266429185867310e-02
2.300000000000000000e+01 1.134215500945179578e+01 8.208251595497131348e-01 1.200103759765625000e-01 3.727811947464942932e-02 3.827035427093505859e-02 3.962486982345581055e-02 4.431835561990737915e-02 5.615716427564620972e-02
2.400000000000000000e+01 1.041666666666666607e+01 7.674222588539123535e-01 1.077473536133766174e-01 3.684796765446662903e-02 3.799806907773017883e-02 3.961839899420738220e-02 4.377059265971183777e-02 5.544945225119590759e-02
2.500000000000000000e+01 9.599999999999999645e+00 7.197155952453613281e-01 9.699314087629318237e-02 3.632985800504684448e-02 3.763163462281227112e-02 3.945272415876388550e-02 4.307015612721443176e-02 5.455657839775085449e-02
2.600000000000000000e+01 8.875739644970414233e+00 6.768851876258850098e-01 8.765190839767456055e-02 3.573526442050933838e-02 3.712158277630805969e-02 3.913910686969757080e-02 4.225006699562072754e-02 5.352895334362983704e-02
2.700000000000000000e+01 8.230452674897119181e+00 6.382569074630737305e-01 7.959187030792236328e-02 3.511953726410865784e-02 3.651469573378562927e-02 3.870427981019020081e-02 4.134792834520339966e-02 5.248263850808143616e-02
2.800000000000000000e+01 7.653061224489795755e+00 6.032724976539611816e-01 7.262298464775085449e-02 3.451340273022651672e-02 3.581980243325233459e-02 3.816774860024452209e-02 4.038827493786811829e-02 5.146439373493194580e-02
2.900000000000000000e+01 7.134363852556480090e+00 5.714654326438903809e-01 6.653925776481628418e-02 3.391572088003158569e-02 3.503410145640373230e-02 3.755293786525726318e-02 3.940334543585777283e-02 5.044174194335937500e-02
3.000000000000000000e+01 6.666666666666666963e+00 5.424438118934631348e-01 6.116294488310813904e-02 3.334939107298851013e-02 3.420719876885414124e-02 3.690391406416893005e-02 3.841334953904151917e-02 4.941801726818084717e-02
3.100000000000000000e+01 6.243496357960458099e+00 5.158758759498596191e-01 5.636265873908996582e-02 3.281647711992263794e-02 3.336400166153907776e-02 3.623477742075920105e-02 3.744495287537574768e-02 4.839087650179862976e-02
3.200000000000000000e+01 5.859375000000000000e+00 4.914788007736206055e-01 5.204800143837928772e-02 3.228740021586418152e-02 3.249530121684074402e-02 3.555807843804359436e-02 3.650926053524017334e-02 4.730028659105300903e-02
3.300000000000000000e+01 5.509641873278236623e+00 4.690107107162475586e-01 4.815544188022613525e-02 3.175899386405944824e-02 3.162987902760505676e-02 3.490570560097694397e-02 3.561622649431228638e-02 4.615280032157897949e-02
3.400000000000000000e+01 5.190311418685120692e+00 4.482634663581848145e-01 4.463734105229377747e-02 3.123493120074272156e-02 3.078651614487171173e-02 3.426701575517654419e-02 3.477252274751663208e-02 4.499796777963638306e-02
3.500000000000000000e+01 4.897959183673469497e+00 4.290559291839599609e-01 4.145567491650581360e-02 3.069298528134822845e-02 2.995402552187442780e-02 3.363814204931259155e-02 3.397037088871002197e-02 4.383677616715431213e-02
3.600000000000000000e+01 4.629629629629629761e+00 4.112325310707092285e-01 3.857921063899993896e-02 3.013129532337188721e-02 2.914402633905410767e-02 3.302980959415435791e-02 3.320710361003875732e-02 4.268046841025352478e-02
3.700000000000000000e+01 4.382761139517896254e+00 3.946562111377716064e-01 3.598134219646453857e-02 2.955918572843074799e-02 2.836875990033149719e-02 3.242070227861404419e-02 3.247254714369773865e-02 4.154857993125915527e-02
3.800000000000000000e+01 4.155124653739612484e+00 3.792072832584381104e-01 3.363792970776557922e-02 2.896584570407867432e-02 2.761355414986610413e-02 3.179802000522613525e-02 3.175827860832214355e-02 4.043652489781379700e-02
3.900000000000000000e+01 3.944773175542406474e+00 3.647803366184234619e-01 3.152576088905334473e-02 2.834720723330974579e-02 2.687790803611278534e-02 3.116233833134174347e-02 3.105543181300163269e-02 3.933082520961761475e-02
4.000000000000000000e+01 3.750000000000000000e+00 3.512823283672332764e-01 2.962206676602363586e-02 2.771478146314620972e-02 2.616832405328750610e-02 3.050065599381923676e-02 3.035773895680904388e-02 3.822893649339675903e-02
4.100000000000000000e+01 3.569303985722783956e+00 3.386313915252685547e-01 2.790502645075321198e-02 2.706760913133621216e-02 2.547186613082885742e-02 2.980363741517066956e-02 2.966175787150859833e-02 3.712925314903259277e-02
4.200000000000000000e+01 3.401360544217686854e+00 3.267540335655212402e-01 2.635389752686023712e-02 2.640325948596000671e-02 2.478547021746635437e-02 2.907881513237953186e-02 2.896196022629737854e-02 3.602403774857521057e-02
4.300000000000000000e+01 3.244997295835586826e+00 3.155850470066070557e-01 2.494904585182666779e-02 2.573244459927082062e-02 2.411421202123165131e-02 2.832884714007377625e-02 2.825862169265747070e-02 3.491461277008056641e-02
4.400000000000000000e+01 3.099173553719008378e+00 3.050663769245147705e-01 2.367171272635459900e-02 2.505985833704471588e-02 2.345202490687370300e-02 2.755129523575305939e-02 2.754910662770271301e-02 3.380133956670761108e-02
4.500000000000000000e+01 2.962962962962962798e+00 2.951454818248748779e-01 2.250390499830245972e-02 2.438278310000896454e-02 2.279695123434066772e-02 2.675937488675117493e-02 2.683294005692005157e-02 3.268477693200111389e-02
4.600000000000000000e+01 2.835538752362948944e+00 2.857754826545715332e-01 2.142858318984508514e-02 2.370760962367057800e-02 2.215363830327987671e-02 2.595975622534751892e-02 2.611040323972702026e-02 3.156756237149238586e-02
4.700000000000000000e+01 2.716161158895427974e+00 2.769141495227813721e-01 2.043005637824535370e-02 2.303830161690711975e-02 2.151994407176971436e-02 2.515117451548576355e-02 2.538139559328556061e-02 3.045201674103736877e-02
4.800000000000000000e+01 2.604166666666666519e+00 2.685230970382690430e-01 1.949469000101089478e-02 2.237320318818092346e-02 2.089485526084899902e-02 2.434417232871055603e-02 2.464762888848781586e-02 2.934121154248714447e-02
4.900000000000000000e+01 2.498958767180341489e+00 2.605679333209991455e-01 1.861143857240676880e-02 2.171457000076770782e-02 2.028165571391582489e-02 2.354322932660579681e-02 2.391039393842220306e-02 2.823968045413494110e-02
5.000000000000000000e+01 2.399999999999999911e+00 2.530169486999511719e-01 1.777193322777748108e-02 2.106463909149169922e-02 1.967791467905044556e-02 2.274758368730545044e-02 2.317148260772228241e-02 2.715014293789863586e-02
5.100000000000000000e+01 2.306805074971165048e+00 2.458419799804687500e-01 1.697031594812870026e-02 2.042238786816596985e-02 1.908366009593009949e-02 2.196245826780796051e-02 2.243270352482795715e-02 2.607430331408977509e-02
5.200000000000000000e+01 2.218934911242603558e+00 2.390169054269790649e-01 1.620271801948547363e-02 1.978820748627185822e-02 1.850030384957790375e-02 2.119067311286926270e-02 2.169635705649852753e-02 2.501628920435905457e-02
5.300000000000000000e+01 2.135991456034175950e+00 2.325179129838943481e-01 1.546672545373439789e-02 1.916254311800003052e-02 1.792502962052822113e-02 2.043139748275279999e-02 2.096394822001457214e-02 2.397807687520980835e-02
5.400000000000000000e+01 2.057613168724279795e+00 2.263233959674835205e-01 1.476088259369134903e-02 1.854413747787475586e-02 1.735797896981239319e-02 1.968596316874027252e-02 2.023739926517009735e-02 2.295986190438270569e-02
5.500000000000000000e+01 1.983471074380165344e+00 2.204134315252304077e-01 1.408420223742723465e-02 1.793401129543781281e-02 1.680043153464794159e-02 1.895634271204471588e-02 1.951812952756881714e-02 2.196369878947734833e-02
5.600000000000000000e+01 1.913265306122448939e+00 2.147698998451232910e-01 1.343608275055885315e-02 1.733162254095077515e-02 1.624956354498863220e-02 1.824077405035495758e-02 1.880704611539840698e-02 2.099172398447990417e-02
5.700000000000000000e+01 1.846722068328716437e+00 2.093759328126907349e-01 1.281603798270225525e-02 1.673538051545619965e-02 1.570506393909454346e-02 1.754002831876277924e-02 1.810526661574840546e-02 2.004353888332843781e-02
5.800000000000000000e+01 1.783590963139120023e+00 2.042162418365478516e-01 1.222366653382778168e-02 1.614728197455406189e-02 1.516947057098150253e-02 1.685502380132675171e-02 1.741348393261432648e-02 1.912027224898338318e-02
5.900000000000000000e+01 1.723642631427750649e+00 1.992765963077545166e-01 1.165856048464775085e-02 1.556759700179100037e-02 1.463973242789506912e-02 1.618412695825099945e-02 1.673278771340847015e-02 1.822373829782009125e-02
6.000000000000000000e+01 1.666666666666666741e+00 1.945438832044601440e-01 1.112015452235937119e-02 1.499399356544017792e-02 1.411547604948282242e-02 1.552856154739856720e-02 1.606383547186851501e-02 1.735471002757549286e-02
6.100000000000000000e+01 1.612469766191883869e+00 1.900058388710021973e-01 1.060773618519306183e-02 1.442872639745473862e-02 1.360043883323669434e-02 1.488864608108997345e-02 1.540751382708549500e-02 1.651368848979473114e-02
6.200000000000000000e+01 1.560874089490114525e+00 1.856514066457748413e-01 1.012044306844472885e-02 1.387368608266115189e-02 1.309195812791585922e-02 1.426342222839593887e-02 1.476455666124820709e-02 1.570196822285652161e-02
6.300000000000000000e+01 1.511715797430083219e+00 1.814701855182647705e-01 9.657085873186588287e-03 1.332646515220403671e-02 1.258960552513599396e-02 1.365424320101737976e-02 1.413551438599824905e-02 1.492040697485208511e-02
6.400000000000000000e+01 1.464843750000000000e+00 1.774524152278900146e-01 9.216293692588806152e-03 1.278833765536546707e-02 1.209717616438865662e-02 1.306147594004869461e-02 1.352121774107217789e-02 1.416949555277824402e-02
6.500000000000000000e+01 1.420118343195266197e+00 1.735892146825790405e-01 8.796571753919124603e-03 1.226237975060939789e-02 1.161347422748804092e-02 1.248464360833168030e-02 1.292241923511028290e-02 1.344990730285644531e-02
6.600000000000000000e+01 1.377410468319559156e+00 1.698722541332244873e-01 8.396363817155361176e-03 1.174704078584909439e-02 1.113759540021419525e-02 1.192469708621501923e-02 1.233965624123811722e-02 1.276189927011728287e-02
6.700000000000000000e+01 1.336600579193584215e+00 1.662936061620712280e-01 8.014066144824028015e-03 1.124220062047243118e-02 1.067298464477062225e-02 1.138240098953247070e-02 1.177351363003253937e-02 1.210558973252773285e-02
6.800000000000000000e+01 1.297577854671280173e+00 1.628462076187133789e-01 7.648150436580181122e-03 1.075087487697601318e-02 1.021945942193269730e-02 1.085702143609523773e-02 1.122449710965156555e-02 1.148081198334693909e-02
6.900000000000000000e+01 1.260239445494643951e+00 1.595231890678405762e-01 7.297214586287736893e-03 1.027273852378129959e-02 9.775941260159015656e-03 1.034931279718875885e-02 1.069310866296291351e-02 1.088729687035083771e-02
7.000000000000000000e+01 1.224489795918367374e+00 1.563183218240737915e-01 6.959971971809864044e-03 9.806834161281585693e-03 9.344862774014472961e-03 9.859990328550338745e-03 1.017959136515855789e-02 1.032433006912469864e-02
7.100000000000000000e+01 1.190240031739734139e+00 1.532256305217742920e-01 6.635306868702173233e-03 9.355124086141586304e-03 8.926362730562686920e-03 9.388229809701442719e-03 9.684261865913867950e-03 9.791083633899688721e-03
7.200000000000000000e+01 1.157407407407407440e+00 1.502396166324615479e-01 6.322281900793313980e-03 8.918153122067451477e-03 8.519751951098442078e-03 8.934197947382926941e-03 9.207333438098430634e-03 9.286557324230670929e-03
7.300000000000000000e+01 1.125914805779695937e+00 1.473550498485565186e-01 6.020180415362119675e-03 8.494888432323932648e-03 8.126306347548961639e-03 8.498781360685825348e-03 8.748791180551052094e-03 8.809627965092658997e-03
7.400000000000000000e+01 1.095690284879474063e+00 1.445672810077667236e-01 5.728450138121843338e-03 8.086123503744602203e-03 7.746053859591484070e-03 8.080957457423210144e-03 8.308693766593933105e-03 8.359026163816452026e-03
7.500000000000000000e+01 1.066666666666666652e+00 1.418713927268981934e-01 5.446735769510269165e-03 7.692337967455387115e-03 7.378641515970230103e-03 7.680341135710477829e-03 7.886940613389015198e-03 7.933360524475574493e-03
7.600000000000000000e+01 1.038781163434903121e+00 1.392633020877838135e-01 5.174827296286821365e-03 7.312993519008159637e-03 7.024669088423252106e-03 7.297476287931203842e-03 7.483338471502065659e-03 7.531227543950080872e-03
7.700000000000000000e+01 1.011975037949063960e+00 1.367389857769012451e-01 4.912594798952341080e-03 6.948237307369709015e-03 6.683841347694396973e-03 6.931525189429521561e-03 7.097590714693069458e-03 7.151241879910230637e-03
7.800000000000000000e+01 9.861932938856016184e-01 1.342946588993072510e-01 4.660008475184440613e-03 6.598072592169046402e-03 6.355964113026857376e-03 6.581785157322883606e-03 6.729407235980033875e-03 6.791912019252777100e-03
7.900000000000000000e+01 9.613843935266783713e-01 1.319265514612197876e-01 4.417079966515302658e-03 6.262203678488731384e-03 6.041201762855052948e-03 6.248231511563062668e-03 6.378375925123691559e-03 6.451813504099845886e-03
8.000000000000000000e+01 9.375000000000000000e-01 1.296315640211105347e-01 4.183816257864236832e-03 5.940587259829044342e-03 5.738948937505483627e-03 5.930400919169187546e-03 6.044011097401380539e-03 6.129677407443523407e-03
8.100000000000000000e+01 9.144947416552354769e-01 1.274063885211944580e-01 3.960270900279283524e-03 5.632744170725345612e-03 5.449105054140090942e-03 5.627334583550691605e-03 5.725845694541931152e-03 5.824252031743526459e-03
8.200000000000000000e+01 8.923259964306959890e-01 1.252479702234268188e-01 3.746467642486095428e-03 5.338386632502079010e-03 5.171589553356170654e-03 5.338673945516347885e-03 5.423355847597122192e-03 5.534272175282239914e-03
8.300000000000000000e+01 8.709536942952532668e-01 1.231535300612449646e-01 3.542407415807247162e-03 5.057311151176691055e-03 4.905786830931901932e-03 5.064021795988082886e-03 5.135929211974143982e-03 5.258649121969938278e-03
8.400000000000000000e+01 8.503401360544217136e-01 1.211203560233116150e-01 3.347993828356266022e-03 4.789066500961780548e-03 4.651394207030534744e-03 4.802439361810684204e-03 4.862929228693246841e-03 4.996359813958406448e-03
8.500000000000000000e+01 8.304498269896193330e-01 1.191460117697715759e-01 3.163117915391921997e-03 4.533130209892988205e-03 4.408301785588264465e-03 4.553475417196750641e-03 4.603756126016378403e-03 4.746431484818458557e-03
8.600000000000000000e+01 8.112493239588967064e-01 1.172279864549636841e-01 2.987606450915336609e-03 4.289200995117425919e-03 4.175882320851087570e-03 4.316606093198060989e-03 4.357844591140747070e-03 4.508042708039283752e-03
8.700000000000000000e+01 7.927070947284978741e-01 1.153639778494834900e-01 2.821253379806876183e-03 4.056917503476142883e-03 3.953896462917327881e-03 4.091119859367609024e-03 4.124563653022050858e-03 4.280430730432271957e-03
8.800000000000000000e+01 7.747933884297520946e-01 1.135518625378608704e-01 2.663754858076572418e-03 3.835771931335330009e-03 3.742032917216420174e-03 3.876499133184552193e-03 3.903327509760856628e-03 4.062874708324670792e-03
8.900000000000000000e+01 7.574801161469510991e-01 1.117897257208824158e-01 2.514826832339167595e-03 3.625391749665141106e-03 3.539684461429715157e-03 3.672204911708831787e-03 3.693498205393552780e-03 3.854818176478147507e-03
9.000000000000000000e+01 7.407407407407406996e-01 1.100754365324974060e-01 2.374141709879040718e-03 3.425300121307373047e-03 3.346768207848072052e-03 3.477761521935462952e-03 3.494389588013291359e-03 3.655687673017382622e-03
9.100000000000000000e+01 7.245501750996256041e-01 1.084071919322013855e-01 2.241340931504964828e-03 3.235178068280220032e-03 3.162814769893884659e-03 3.292558481916785240e-03 3.305552294477820396e-03 3.465041983872652054e-03
9.200000000000000000e+01 7.088846880907372361e-01 1.067833229899406433e-01 2.116070594638586044e-03 3.054687986150383949e-03 2.987339859828352928e-03 3.116263076663017273e-03 3.126354655250906944e-03 3.282448509708046913e-03
9.300000000000000000e+01 6.937218175511620233e-01 1.052020788192749023e-01 1.997939310967922211e-03 2.883214736357331276e-03 2.820253837853670120e-03 2.948346547782421112e-03 2.956269308924674988e-03 3.107521682977676392e-03
9.400000000000000000e+01 6.790402897238569935e-01 1.036618724465370178e-01 1.886611338704824448e-03 2.720501273870468140e-03 2.661115489900112152e-03 2.788360696285963058e-03 2.794774249196052551e-03 2.939977915957570076e-03
9.500000000000000000e+01 6.648199445983379308e-01 1.021612137556076050e-01 1.781734405085444450e-03 2.566377865150570869e-03 2.509546931833028793e-03 2.636009361594915390e-03 2.641429658979177475e-03 2.779514063149690628e-03
9.600000000000000000e+01 6.510416666666666297e-01 1.006986647844314575e-01 1.682957517914474010e-03 2.420176751911640167e-03 2.365411259233951569e-03 2.490841317921876907e-03 2.495737047865986824e-03 2.625907538458704948e-03
9.700000000000000000e+01 6.376873206504410918e-01 9.927283972501754761e-02 1.589972060173749924e-03 2.281493507325649261e-03 2.228431403636932373e-03 2.352604409679770470e-03 2.357280114665627480e-03 2.478947397321462631e-03
9.800000000000000000e+01 6.247396917950853723e-01 9.788245707750320435e-02 1.502439961768686771e-03 2.150334650650620461e-03 2.098165685310959816e-03 2.220906084403395653e-03 2.225746167823672295e-03 2.338438061997294426e-03
9.900000000000000000e+01 6.121824303642485754e-01 9.652619808912277222e-02 1.420029788278043270e-03 2.026187488809227943e-03 1.974434824660420418e-03 2.095450414344668388e-03 2.100734272971749306e-03 2.204201417043805122e-03
1.000000000000000000e+02 5.999999999999999778e-01 9.520293027162551880e-02 1.342450850643217564e-03 1.908487989567220211e-03 1.857122988440096378e-03 1.976066967472434044e-03 1.981958048418164253e-03 2.076142700389027596e-03
1.010000000000000000e+02 5.881776296441525442e-01 9.391152113676071167e-02 1.269426429644227028e-03 1.797237084247171879e-03 1.745785353705286980e-03 1.862497418187558651e-03 1.869099680334329605e-03 1.954082865267992020e-03
1.020000000000000000e+02 5.767012687427912621e-01 9.265074878931045532e-02 1.200705766677856445e-03 1.692161895334720612e-03 1.640271046198904514e-03 1.754414057359099388e-03 1.761916209943592548e-03 1.837873016484081745e-03
1.030000000000000000e+02 5.655575454802526103e-01 9.141986072063446045e-02 1.136013772338628769e-03 1.592706423252820969e-03 1.540382159873843193e-03 1.651674276217818260e-03 1.660131616517901421e-03 1.727434224449098110e-03
1.040000000000000000e+02 5.547337278106508895e-01 9.021759033203125000e-02 1.075137988664209843e-03 1.498716766946017742e-03 1.445897389203310013e-03 1.554153976030647755e-03 1.563533558510243893e-03 1.622618292458355427e-03
1.050000000000000000e+02 5.442176870748299811e-01 8.904311060905456543e-02 1.017880043946206570e-03 1.410103868693113327e-03 1.356549561023712158e-03 1.461575273424386978e-03 1.471936935558915138e-03 1.523297280073165894e-03
1.060000000000000000e+02 5.339978640085439876e-01 8.789550513029098511e-02 9.640544303692877293e-04 1.326422789134085178e-03 1.272176625207066536e-03 1.373803010210394859e-03 1.385105773806571960e-03 1.429340452887117863e-03
1.070000000000000000e+02 5.240632369639269816e-01 8.677391707897186279e-02 9.135173168033361435e-04 1.247468870133161545e-03 1.192568568512797356e-03 1.290781539864838123e-03 1.302861608564853668e-03 1.340630115009844303e-03
1.080000000000000000e+02 5.144032921810699488e-01 8.567740023136138916e-02 8.660795283503830433e-04 1.173058524727821350e-03 1.117583247832953930e-03 1.212231814861297607e-03 1.225058687850832939e-03 1.257025171071290970e-03
1.090000000000000000e+02 5.050079959599360624e-01 8.460526913404464722e-02 8.216723217628896236e-04 1.103028422221541405e-03 1.046969788148999214e-03 1.138060819357633591e-03 1.151537988334894180e-03 1.178375794552266598e-03
1.100000000000000000e+02 4.958677685950413361e-01 8.355665951967239380e-02 7.801408064551651478e-04 1.037125708535313606e-03 9.805711451917886734e-04 1.068159122951328754e-03 1.082151429727673531e-03 1.104511437006294727e-03
1.110000000000000000e+02 4.869734599464329294e-01 8.253094553947448730e-02 7.413779967464506626e-04 9.751763427630066872e-04 9.182706126011908054e-04 1.002312754280865192e-03 1.016768394038081169e-03 1.035296940244734287e-03
1.120000000000000000e+02 4.783163265306122347e-01 8.152736723423004150e-02 7.052764995023608208e-04 9.170355042442679405e-04 8.597869309596717358e-04 9.404128650203347206e-04 9.552183910273015499e-04 9.705453412607312202e-04
1.130000000000000000e+02 4.698880100242775470e-01 8.054525405168533325e-02 6.717477808706462383e-04 8.625618065707385540e-04 8.050756878219544888e-04 8.823855896480381489e-04 8.973610238172113895e-04 9.100831812247633934e-04
1.140000000000000000e+02 4.616805170821791093e-01 7.958395034074783325e-02 6.406918400898575783e-04 8.115574019029736519e-04 7.539920043200254440e-04 8.279641042463481426e-04 8.430637535639107227e-04 8.537452667951583862e-04
1.150000000000000000e+02 4.536862003780718355e-01 7.864277809858322144e-02 6.119930185377597809e-04 7.638774113729596138e-04 7.062517688609659672e-04 7.771199452690780163e-04 7.922140648588538170e-04 8.013610495254397392e-04
1.160000000000000000e+02 4.458977407847800056e-01 7.772123813629150391e-02 5.855674389749765396e-04 7.193491910584270954e-04 6.618055631406605244e-04 7.296911790035665035e-04 7.446598028764128685e-04 7.527383859269320965e-04
1.170000000000000000e+02 4.383081306158229107e-01 7.681868970394134521e-02 5.613057292066514492e-04 6.779007962904870510e-04 6.205516983754932880e-04 6.854527164250612259e-04 7.002528873272240162e-04 7.077103364281356335e-04
1.180000000000000000e+02 4.309106578569376622e-01 7.593454420566558838e-02 5.390924634411931038e-04 6.393401417881250381e-04 5.822235834784805775e-04 6.443670717999339104e-04 6.589074619114398956e-04 6.660984363406896591e-04
1.190000000000000000e+02 4.236988913212343943e-01 7.506833225488662720e-02 5.188217619433999062e-04 6.035406258888542652e-04 5.467708688229322433e-04 6.062526372261345387e-04 6.204586825333535671e-04 6.277275388129055500e-04
1.200000000000000000e+02 4.166666666666666852e-01 7.421953976154327393e-02 5.003909463994204998e-04 5.704014329239726067e-04 5.140597932040691376e-04 5.709894467145204544e-04 5.847889115102589130e-04 5.924393190070986748e-04
1.210000000000000000e+02 4.098080732190423903e-01 7.338762283325195312e-02 4.837295564357191324e-04 5.398239009082317352e-04 4.839204193558543921e-04 5.384328542277216911e-04 5.517943645827472210e-04 5.600618897005915642e-04
1.220000000000000000e+02 4.031174415479709672e-01 7.257211208343505859e-02 4.686936445068567991e-04 5.116428364999592304e-04 4.562488466035574675e-04 5.084772710688412189e-04 5.213262629695236683e-04 5.304408259689807892e-04
1.230000000000000000e+02 3.965893317469760260e-01 7.177259773015975952e-02 4.551802994683384895e-04 4.857316671404987574e-04 4.309149226173758507e-04 4.809170786757022142e-04 4.932475858367979527e-04 5.033909110352396965e-04
1.240000000000000000e+02 3.902185223725286312e-01 7.098861038684844971e-02 4.431079432833939791e-04 4.619983374141156673e-04 4.078015626873821020e-04 4.556827771011739969e-04 4.674360679928213358e-04 4.787951475009322166e-04
1.250000000000000000e+02 3.840000000000000080e-01 7.021966576576232910e-02 4.323529719840735197e-04 4.403435450512915850e-04 3.867732302751392126e-04 4.326702037360519171e-04 4.437931929714977741e-04 4.565039707813411951e-04
1.260000000000000000e+02 3.779289493575208048e-01 6.946544349193572998e-02 4.228110483381897211e-04 4.206084122415632010e-04 3.677626373246312141e-04 4.116834315937012434e-04 4.221963172312825918e-04 4.363455227576196194e-04
1.270000000000000000e+02 3.720007440014880262e-01 6.872546672821044922e-02 4.143789701629430056e-04 4.026744572911411524e-04 3.505820059217512608e-04 3.926336648873984814e-04 4.025136877316981554e-04 4.182141274213790894e-04
1.280000000000000000e+02 3.662109375000000000e-01 6.799942255020141602e-02 4.069457645528018475e-04 3.864988393615931273e-04 3.351473715156316757e-04 3.754264907911419868e-04 3.846270847134292126e-04 4.019749176222831011e-04
1.290000000000000000e+02 3.605552550928429745e-01 6.728689372539520264e-02 4.004129150416702032e-04 3.719379019457846880e-04 3.213839954696595669e-04 3.599400224629789591e-04 3.684671537484973669e-04 3.874580143019556999e-04
1.300000000000000000e+02 3.550295857988165493e-01 6.658755987882614136e-02 3.946851065848022699e-04 3.588245890568941832e-04 3.091309918090701103e-04 3.460070583969354630e-04 3.538986202329397202e-04 3.745644353330135345e-04
1.310000000000000000e+02 3.496299749431851511e-01 6.590103358030319214e-02 3.896648995578289032e-04 3.471311356406658888e-04 2.983031154144555330e-04 3.335851070005446672e-04 3.408004122320562601e-04 3.631644940469413996e-04
1.320000000000000000e+02 3.443526170798897890e-01 6.522697210311889648e-02 3.852791851386427879e-04 3.367524186614900827e-04 2.888493181671947241e-04 3.225631953682750463e-04 3.291073080617934465e-04 3.531356051098555326e-04
1.330000000000000000e+02 3.391938492848662889e-01 6.456513702869415283e-02 3.814532246906310320e-04 3.275260678492486477e-04 2.806108386721462011e-04 3.128095413558185101e-04 3.187385736964643002e-04 3.443704918026924133e-04
1.340000000000000000e+02 3.341501447983960538e-01 6.391511112451553345e-02 3.781044215429574251e-04 3.194386081304401159e-04 2.734943700488656759e-04 3.042270254809409380e-04 3.095793363172560930e-04 3.367567551322281361e-04
1.350000000000000000e+02 3.292181069958847739e-01 6.327668577432632446e-02 3.751866461243480444e-04 3.123547066934406757e-04 2.674716233741492033e-04 2.968079934362322092e-04 3.015531110577285290e-04 3.301773103885352612e-04
1.360000000000000000e+02 3.243944636678200433e-01 6.264948844909667969e-02 3.726387803908437490e-04 3.061924653593450785e-04 2.624122716952115297e-04 2.903564309235662222e-04 2.945890300907194614e-04 3.245605912525206804e-04
1.370000000000000000e+02 3.196760615909212122e-01 6.203332915902137756e-02 3.704059054143726826e-04 3.008992644026875496e-04 2.582232409622520208e-04 2.848409058060497046e-04 2.885808935388922691e-04 3.198022313881665468e-04
1.380000000000000000e+02 3.150598613736609876e-01 6.142784655094146729e-02 3.684586845338344574e-04 2.964040031656622887e-04 2.548386692069470882e-04 2.802089438773691654e-04 2.834581828210502863e-04 3.158051404170691967e-04
1.390000000000000000e+02 3.105429325604264768e-01 6.083284318447113037e-02 3.667426935862749815e-04 2.925810986198484898e-04 2.522173745092004538e-04 2.763185184448957443e-04 2.791708102449774742e-04 3.124915820080786943e-04
1.400000000000000000e+02 3.061224489795918435e-01 6.024802103638648987e-02 3.652294690255075693e-04 2.894205099437385798e-04 2.502456482034176588e-04 2.731440181378275156e-04 2.755984314717352390e-04 3.097933367826044559e-04
1.410000000000000000e+02 3.017956843217142193e-01 5.967311188578605652e-02 3.638723283074796200e-04 2.868477604351937771e-04 2.488376339897513390e-04 2.706422528717666864e-04 2.727221872191876173e-04 3.076428256463259459e-04
1.420000000000000000e+02 2.975600079349335347e-01 5.910791084170341492e-02 3.626463294494897127e-04 2.847948926500976086e-04 2.479864633642137051e-04 2.686484076548367739e-04 2.704594517126679420e-04 3.059715672861784697e-04
1.430000000000000000e+02 2.934128808254682363e-01 5.855224281549453735e-02 3.615361056290566921e-04 2.832122845575213432e-04 2.476036315783858299e-04 2.672103873919695616e-04 2.687458763830363750e-04 3.047117497771978378e-04
1.440000000000000000e+02 2.893518518518518601e-01 5.800577998161315918e-02 3.605049278121441603e-04 2.819991204887628555e-04 2.476098015904426575e-04 2.662059850990772247e-04 2.675247960723936558e-04 3.038259455934166908e-04
1.450000000000000000e+02 2.853745541022592036e-01 5.746833607554435730e-02 3.595230227801948786e-04 2.811971062328666449e-04 2.479961258359253407e-04 2.655760035850107670e-04 2.667392836883664131e-04 3.032648819498717785e-04
1.460000000000000000e+02 2.814787014449239844e-01 5.693975463509559631e-02 3.585712693165987730e-04 2.806799020618200302e-04 2.486544253770262003e-04 2.653284464031457901e-04 2.663299383129924536e-04 3.029515501111745834e-04
1.470000000000000000e+02 2.776620852422601593e-01 5.641978979110717773e-02 3.576467279344797134e-04 2.804205578286200762e-04 2.496000088285654783e-04 2.653892734088003635e-04 2.662597689777612686e-04 3.028952924069017172e-04
1.480000000000000000e+02 2.739225712198685159e-01 5.590821057558059692e-02 3.567051317077130079e-04 2.804101386573165655e-04 2.507273748051375151e-04 2.656630531419068575e-04 2.664592757355421782e-04 3.030168300028890371e-04
1.490000000000000000e+02 2.702580964821404419e-01 5.540488660335540771e-02 3.557422605808824301e-04 2.805716940201818943e-04 2.520270936656743288e-04 2.661665494088083506e-04 2.669112582225352526e-04 3.032906970474869013e-04
1.500000000000000000e+02 2.666666666666666630e-01 5.490957200527191162e-02 3.547313390299677849e-04 2.808763820212334394e-04 2.534615050535649061e-04 2.668465895112603903e-04 2.675331779755651951e-04 3.036854322999715805e-04
1.510000000000000000e+02 2.631463532301214769e-01 5.442214384675025940e-02 3.536537114996463060e-04 2.812707971315830946e-04 2.549630880821496248e-04 2.676318690646439791e-04 2.683037600945681334e-04 3.041700692847371101e-04
1.520000000000000000e+02 2.596952908587257802e-01 5.394235998392105103e-02 3.524587664287537336e-04 2.817659697029739618e-04 2.565284084994345903e-04 2.685219806153327227e-04 2.691864210646599531e-04 3.047041827812790871e-04
1.530000000000000000e+02 2.563116749967960795e-01 5.347007513046264648e-02 3.511508693918585777e-04 2.822816604748368263e-04 2.581295848358422518e-04 2.694753347896039486e-04 2.701523189898580313e-04 3.052778483834117651e-04
1.540000000000000000e+02 2.529937594872659901e-01 5.300520360469818115e-02 3.497046418488025665e-04 2.828094293363392353e-04 2.596850390546023846e-04 2.704458020161837339e-04 2.711517154239118099e-04 3.058565489482134581e-04
1.550000000000000000e+02 2.497398543184183028e-01 5.254747346043586731e-02 3.481198800727725029e-04 2.833560574799776077e-04 2.612433454487472773e-04 2.714243018999695778e-04 2.721673226915299892e-04 3.064058255404233932e-04
1.560000000000000000e+02 2.465483234714004046e-01 5.209673196077346802e-02 3.463441680651158094e-04 2.837976498994976282e-04 2.627209760248661041e-04 2.723897341638803482e-04 2.731726854108273983e-04 3.069001541007310152e-04
1.570000000000000000e+02 2.434175828634021765e-01 5.165292695164680481e-02 3.443888854235410690e-04 2.842109824996441603e-04 2.641145256347954273e-04 2.732966968324035406e-04 2.741249045357108116e-04 3.073366824537515640e-04
1.580000000000000000e+02 2.403460983816695928e-01 5.121580138802528381e-02 3.422349691390991211e-04 2.845581911969929934e-04 2.654198324307799339e-04 2.741506323218345642e-04 2.750340499915182590e-04 3.076899447478353977e-04
1.590000000000000000e+02 2.373323840037973309e-01 5.078526958823204041e-02 3.398769476916640997e-04 2.847801661118865013e-04 2.665979554876685143e-04 2.748947590589523315e-04 2.758437476586550474e-04 3.079375601373612881e-04
1.600000000000000000e+02 2.343750000000000000e-01 5.036120116710662842e-02 3.372773644514381886e-04 2.848811272997409105e-04 2.676236035767942667e-04 2.755296300165355206e-04 2.765542885754257441e-04 3.080545284319669008e-04
1.610000000000000000e+02 2.314725512133019580e-01 4.994340986013412476e-02 3.344688448123633862e-04 2.848593576345592737e-04 2.685041690710932016e-04 2.760531788226217031e-04 2.771290601231157780e-04 3.080492315348237753e-04
1.620000000000000000e+02 2.286236854138088692e-01 4.953178390860557556e-02 3.314373898319900036e-04 2.847031282726675272e-04 2.692212292458862066e-04 2.764209930319339037e-04 2.775995817501097918e-04 3.078762674704194069e-04
1.630000000000000000e+02 2.258270917234370956e-01 4.912620037794113159e-02 3.281593089923262596e-04 2.843794063664972782e-04 2.697608724702149630e-04 2.766570250969380140e-04 2.778887574095278978e-04 3.075583372265100479e-04
1.640000000000000000e+02 2.230814991076739973e-01 4.872656986117362976e-02 3.246722917538136244e-04 2.838844084180891514e-04 2.701036864891648293e-04 2.767445112112909555e-04 2.780268259812146425e-04 3.070608363486826420e-04
1.650000000000000000e+02 2.203856749311294827e-01 4.833268746733665466e-02 3.209584101568907499e-04 2.832647587638348341e-04 2.702625934034585953e-04 2.766316465567797422e-04 2.779891656246036291e-04 3.063869371544569731e-04
1.660000000000000000e+02 2.177384235738133167e-01 4.794452711939811707e-02 3.170269483234733343e-04 2.824334369506686926e-04 2.702231286093592644e-04 2.763758238870650530e-04 2.777746412903070450e-04 3.055225242860615253e-04
1.670000000000000000e+02 2.151385851052386167e-01 4.756187647581100464e-02 3.129015967715531588e-04 2.814097388181835413e-04 2.699455362744629383e-04 2.759370836429297924e-04 2.773735322989523411e-04 3.044644254259765148e-04
1.680000000000000000e+02 2.125850340136054284e-01 4.718472436070442200e-02 3.085820935666561127e-04 2.802362432703375816e-04 2.694709983188658953e-04 2.752836735453456640e-04 2.767624973785132170e-04 3.032072272617369890e-04
1.690000000000000000e+02 2.100766779874654322e-01 4.681286215782165527e-02 3.040726296603679657e-04 2.788708370644599199e-04 2.687954984139651060e-04 2.744493540376424789e-04 2.759714261628687382e-04 3.017558483406901360e-04
1.700000000000000000e+02 2.076124567474048332e-01 4.644626751542091370e-02 2.993962552864104509e-04 2.773289452306926250e-04 2.678988676052540541e-04 2.734350855462253094e-04 2.749657724052667618e-04 3.000836004503071308e-04
1.710000000000000000e+02 2.051913409254129406e-01 4.608477279543876648e-02 2.945691230706870556e-04 2.756057365331798792e-04 2.667762455530464649e-04 2.721983764786273241e-04 2.737519971560686827e-04 2.982127480208873749e-04
1.720000000000000000e+02 2.028123309897241766e-01 4.572833329439163208e-02 2.896033693104982376e-04 2.737077302299439907e-04 2.654512063600122929e-04 2.707943203859031200e-04 2.723234065342694521e-04 2.961374120786786079e-04
1.730000000000000000e+02 2.004744562130375274e-01 4.537678509950637817e-02 2.844991686288267374e-04 2.716291055548936129e-04 2.639171434566378593e-04 2.691902918741106987e-04 2.707037783693522215e-04 2.938665857072919607e-04
1.740000000000000000e+02 1.981767736821244685e-01 4.503011330962181091e-02 2.792815794236958027e-04 2.693705318961292505e-04 2.621425082907080650e-04 2.673720882739871740e-04 2.688710519578307867e-04 2.913907810579985380e-04
1.750000000000000000e+02 1.959183673469387654e-01 4.468816891312599182e-02 2.739672490861266851e-04 2.669594250619411469e-04 2.601927844807505608e-04 2.653699775692075491e-04 2.668159722816199064e-04 2.887107839342206717e-04
1.760000000000000000e+02 1.936983471074380236e-01 4.435084015130996704e-02 2.685672370716929436e-04 2.643730258569121361e-04 2.580293803475797176e-04 2.631867537274956703e-04 2.645796048454940319e-04 2.858451916836202145e-04
1.770000000000000000e+02 1.915158479364167388e-01 4.401808977127075195e-02 2.630922826938331127e-04 2.616292040329426527e-04 2.556744148023426533e-04 2.608012582641094923e-04 2.621464664116501808e-04 2.827801508828997612e-04
1.780000000000000000e+02 1.893700290367377748e-01 4.368979483842849731e-02 2.575615944806486368e-04 2.587474591564387083e-04 2.531074278522282839e-04 2.582423039712011814e-04 2.595177793409675360e-04 2.795296604745090008e-04
1.790000000000000000e+02 1.872600730314284700e-01 4.336586967110633850e-02 2.519893751014024019e-04 2.556899853516370058e-04 2.503916330169886351e-04 2.554993261583149433e-04 2.566984912846237421e-04 2.761046926025301218e-04
1.800000000000000000e+02 1.851851851851851749e-01 4.304628819227218628e-02 2.463988203089684248e-04 2.525107120163738728e-04 2.474576467648148537e-04 2.525821910239756107e-04 2.537081018090248108e-04 2.725032973103225231e-04
1.810000000000000000e+02 1.831445926559018278e-01 4.273087158799171448e-02 2.407779538771137595e-04 2.491974446456879377e-04 2.444021520204842091e-04 2.495091757737100124e-04 2.505287993699312210e-04 2.687373780645430088e-04
1.820000000000000000e+02 1.811375437749064010e-01 4.241962358355522156e-02 2.351445873500779271e-04 2.457259979564696550e-04 2.411565219517797232e-04 2.462705015204846859e-04 2.471987681929022074e-04 2.648087101988494396e-04
1.830000000000000000e+02 1.791633073546537724e-01 4.211245849728584290e-02 2.295228186994791031e-04 2.421405079076066613e-04 2.377624477958306670e-04 2.429003361612558365e-04 2.436922804918140173e-04 2.607323403935879469e-04
1.840000000000000000e+02 1.772211720226843090e-01 4.180923476815223694e-02 2.239056339021772146e-04 2.384335530223324895e-04 2.342359948670491576e-04 2.393514587311074138e-04 2.400412049610167742e-04 2.565224713180214167e-04
1.850000000000000000e+02 1.753104455807158457e-01 4.150996357202529907e-02 2.183133765356615186e-04 2.346376568311825395e-04 2.305626549059525132e-04 2.356802287977188826e-04 2.362589730182662606e-04 2.521871065255254507e-04
1.860000000000000000e+02 1.734304543877905058e-01 4.121449962258338928e-02 2.127655025105923414e-04 2.307127579115331173e-04 2.267789532197639346e-04 2.319005288882181048e-04 2.323481749044731259e-04 2.477232774253934622e-04
1.870000000000000000e+02 1.715805427664502947e-01 4.092285409569740295e-02 2.072616189252585173e-04 2.266797528136521578e-04 2.228775119874626398e-04 2.279888140037655830e-04 2.283075737068429589e-04 2.431605680612847209e-04
1.880000000000000000e+02 1.697600724309642484e-01 4.063485935330390930e-02 2.018037048401311040e-04 2.225815551355481148e-04 2.188777143601328135e-04 2.239950554212555289e-04 2.241647598566487432e-04 2.384892140980809927e-04
1.890000000000000000e+02 1.679684219366759101e-01 4.035054519772529602e-02 1.964023540494963527e-04 2.184006152674555779e-04 2.147720952052623034e-04 2.198896108893677592e-04 2.199269802076742053e-04 2.337344631087034941e-04
1.900000000000000000e+02 1.662049861495844827e-01 4.006978124380111694e-02 1.910752907861024141e-04 2.141484583262354136e-04 2.106000174535438418e-04 2.156966947950422764e-04 2.155850816052407026e-04 2.289092662977054715e-04
1.910000000000000000e+02 1.644691757353142769e-01 3.979254886507987976e-02 1.858250907389447093e-04 2.098243858199566603e-04 2.063465799437835813e-04 2.114158851327374578e-04 2.111898211296647787e-04 2.240130997961387038e-04
1.920000000000000000e+02 1.627604166666666574e-01 3.951872885227203369e-02 1.806589425541460514e-04 2.054633223451673985e-04 2.020499377977102995e-04 2.070951741188764572e-04 2.067129971692338586e-04 2.190775267081335187e-04
1.930000000000000000e+02 1.610781497489865433e-01 3.924831748008728027e-02 1.755832490744069219e-04 2.010507014347240329e-04 1.976753410417586565e-04 2.027200825978070498e-04 2.021844120463356376e-04 2.141045115422457457e-04
1.940000000000000000e+02 1.594218301626102730e-01 3.898121416568756104e-02 1.706014299998059869e-04 1.965972769539803267e-04 1.932823652168735862e-04 1.982876710826531053e-04 1.976266648853197694e-04 2.090909692924469709e-04
1.950000000000000000e+02 1.577909270216962534e-01 3.871741145849227905e-02 1.657399552641436458e-04 1.921249640872702003e-04 1.888489350676536560e-04 1.938396599143743515e-04 1.930309808813035488e-04 2.040723920799791813e-04
1.960000000000000000e+02 1.561849229487713431e-01 3.845677152276039124e-02 1.609815953997895122e-04 1.876331225503236055e-04 1.843967183958739042e-04 1.893589942483231425e-04 1.884199591586366296e-04 1.990567543543875217e-04
1.970000000000000000e+02 1.546033136643562012e-01 3.819931298494338989e-02 1.563338155392557383e-04 1.831497502280399203e-04 1.799404562916606665e-04 1.848757965490221977e-04 1.837986783357337117e-04 1.940388756338506937e-04
1.980000000000000000e+02 1.530456075910621438e-01 3.794496133923530579e-02 1.518166245659813285e-04 1.786622160580009222e-04 1.754834956955164671e-04 1.803997874958440661e-04 1.791850663721561432e-04 1.890587445814162493e-04
1.990000000000000000e+02 1.515113254715790003e-01 3.769365698099136353e-02 1.474290038459002972e-04 1.741945889079943299e-04 1.710356445983052254e-04 1.759277947712689638e-04 1.745937915984541178e-04 1.841041084844619036e-04
2.000000000000000000e+02 1.499999999999999944e-01 3.744530677795410156e-02 1.431672426406294107e-04 1.697380939731374383e-04 1.666027819737792015e-04 1.714858080958947539e-04 1.700183202046900988e-04 1.791945105651393533e-04
2.010000000000000000e+02 1.485111754659538263e-01 3.719995915889739990e-02 1.390448014717549086e-04 1.653332728892564774e-04 1.622160343686118722e-04 1.670632191235199571e-04 1.654866791795939207e-04 1.743415050441399217e-04
2.020000000000000000e+02 1.470444074110381361e-01 3.695745021104812622e-02 1.350534876110032201e-04 1.609754399396479130e-04 1.578540104674175382e-04 1.626746379770338535e-04 1.609906321391463280e-04 1.695426908554509282e-04
2.030000000000000000e+02 1.455992622970710415e-01 3.671782463788986206e-02 1.311926607741042972e-04 1.566669670864939690e-04 1.535522169433534145e-04 1.583502162247896194e-04 1.565653074067085981e-04 1.648237084737047553e-04
2.040000000000000000e+02 1.441753171856978155e-01 3.648098185658454895e-02 1.275001122849062085e-04 1.523963146610185504e-04 1.493002928327769041e-04 1.540798402857035398e-04 1.521819212939590216e-04 1.601826515980064869e-04
2.050000000000000000e+02 1.427721594289113605e-01 3.624688833951950073e-02 1.239381235791370273e-04 1.482281513744965196e-04 1.451052667107433081e-04 1.498643541708588600e-04 1.478918566135689616e-04 1.556514180265367031e-04
2.060000000000000000e+02 1.413893863700631526e-01 3.601549938321113586e-02 1.205177686642855406e-04 1.441300410078838468e-04 1.409867400070652366e-04 1.457304024370387197e-04 1.436827296856790781e-04 1.512035669293254614e-04
2.070000000000000000e+02 1.400266050549604513e-01 3.578677773475646973e-02 1.172450211015529931e-04 1.400961482431739569e-04 1.369482488371431828e-04 1.416715967934578657e-04 1.395422732457518578e-04 1.468511327402666211e-04
2.080000000000000000e+02 1.386834319526627224e-01 3.556066751480102539e-02 1.141132233897224069e-04 1.361695904051885009e-04 1.329845690634101629e-04 1.377006119582802057e-04 1.355048152618110180e-04 1.426176895620301366e-04
2.090000000000000000e+02 1.373594926856070153e-01 3.533714637160301208e-02 1.111093151848763227e-04 1.323366013821214437e-04 1.291095250053331256e-04 1.338200963800773025e-04 1.315669942414388061e-04 1.384920906275510788e-04
2.100000000000000000e+02 1.360544217687074953e-01 3.511613607406616211e-02 1.082631933968514204e-04 1.285895123146474361e-04 1.253203226951882243e-04 1.300243166042491794e-04 1.277402479900047183e-04 1.344891788903623819e-04
2.110000000000000000e+02 1.347678623570899015e-01 3.489761427044868469e-02 1.055575266946107149e-04 1.249700726475566626e-04 1.216586824739351869e-04 1.263276499230414629e-04 1.240015990333631635e-04 1.306117192143574357e-04
2.120000000000000000e+02 1.334994660021359969e-01 3.468155488371849060e-02 1.029789709718897939e-04 1.214449293911457062e-04 1.180928811663761735e-04 1.227542670676484704e-04 1.203911015181802213e-04 1.268555788556113839e-04
2.130000000000000000e+02 1.322488924155260093e-01 3.446790575981140137e-02 1.005391241051256657e-04 1.180355684482492507e-04 1.146183276432566345e-04 1.192728377645835280e-04 1.168951421277597547e-04 1.232223148690536618e-04
2.140000000000000000e+02 1.310158092409817454e-01 3.425662592053413391e-02 9.821694402489811182e-05 1.147347065852954984e-04 1.112634126911871135e-04 1.159100938821211457e-04 1.135093407356180251e-04 1.197122255689464509e-04
2.150000000000000000e+02 1.297998918334234697e-01 3.404768556356430054e-02 9.602944919606670737e-05 1.115595368901267648e-04 1.080338552128523588e-04 1.126416900660842657e-04 1.102511814679019153e-04 1.163389388239011168e-04
2.160000000000000000e+02 1.286008230452674872e-01 3.384104743599891663e-02 9.394269000040367246e-05 1.084945106413215399e-04 1.049176935339346528e-04 1.094880499294959009e-04 1.071247243089601398e-04 1.130912423832342029e-04
2.170000000000000000e+02 1.274182930196011698e-01 3.363668546080589294e-02 9.199464693665504456e-05 1.055404427461326122e-04 1.019038245431147516e-04 1.064498501364141703e-04 1.040910283336415887e-04 1.099726432585157454e-04
2.180000000000000000e+02 1.262519989899840156e-01 3.343451768159866333e-02 9.015782416099682450e-05 1.027239850373007357e-04 9.901628800434991717e-05 1.035444220178760588e-04 1.012055508908815682e-04 1.069754434865899384e-04
2.190000000000000000e+02 1.251016450866328789e-01 3.323456272482872009e-02 8.841438102535903454e-05 1.000125994323752820e-04 9.625859820516780019e-05 1.007417231448926032e-04 9.843357111094519496e-05 1.041130672092549503e-04
2.200000000000000000e+02 1.239669421487603340e-01 3.303675726056098938e-02 8.677256118971854448e-05 9.742320253280922771e-05 9.360307740280404687e-05 9.806187154026702046e-05 9.578339813742786646e-05 1.013695000438019633e-04
2.210000000000000000e+02 1.228476075428431014e-01 3.284107521176338196e-02 8.523096039425581694e-05 9.494347614236176014e-05 9.109210077440366149e-05 9.548902744427323341e-05 9.324628626927733421e-05 9.875349496724084020e-05
2.220000000000000000e+02 1.217433649866082324e-01 3.264746814966201782e-02 8.378112397622317076e-05 9.258486534235998988e-05 8.867646101862192154e-05 9.302785474574193358e-05 9.085095371119678020e-05 9.624949598219245672e-05
2.230000000000000000e+02 1.206539443785316357e-01 3.245594725012779236e-02 8.242634794441983104e-05 9.033743117470294237e-05 8.637017162982374430e-05 9.068127110367640853e-05 8.854711632011458278e-05 9.386595775140449405e-05
2.240000000000000000e+02 1.195790816326530587e-01 3.226643428206443787e-02 8.116537355817854404e-05 8.819568756734952331e-05 8.420558151556178927e-05 8.844656258588656783e-05 8.638040162622928619e-05 9.159678302239626646e-05
2.250000000000000000e+02 1.185185185185185230e-01 3.207890689373016357e-02 7.997267675818875432e-05 8.618641004431992769e-05 8.215763227781280875e-05 8.631651871837675571e-05 8.431353489868342876e-05 8.944112778408452868e-05
2.260000000000000000e+02 1.174720025060693868e-01 3.189336508512496948e-02 7.884664955781772733e-05 8.426157728536054492e-05 8.020198583835735917e-05 8.429952140431851149e-05 8.235934365075081587e-05 8.740575867705047131e-05
2.270000000000000000e+02 1.164392866153040051e-01 3.170976787805557251e-02 7.780739542795345187e-05 8.242422336479648948e-05 7.837028533685952425e-05 8.237749716499820352e-05 8.051734766922891140e-05 8.547584002371877432e-05
2.280000000000000000e+02 1.154201292705447773e-01 3.152805566787719727e-02 7.683737931074574590e-05 8.070999319897964597e-05 7.663942233193665743e-05 8.056298975134268403e-05 7.877238385844975710e-05 8.363735105376690626e-05
2.290000000000000000e+02 1.144142941591502899e-01 3.134823217988014221e-02 7.593660120619460940e-05 7.909151463536545634e-05 7.501022628275677562e-05 7.885644299676641822e-05 7.713346712989732623e-05 8.190258085960522294e-05
2.300000000000000000e+02 1.134215500945179589e-01 3.117024712264537811e-02 7.509616989409551024e-05 7.756400736980140209e-05 7.348533836193382740e-05 7.723367161815986037e-05 7.559375808341428638e-05 8.026283467188477516e-05
2.310000000000000000e+02 1.124416708832293305e-01 3.099410980939865112e-02 7.430724508594721556e-05 7.612646004417911172e-05 7.205593283288180828e-05 7.571215246571227908e-05 7.415007712552323937e-05 7.872533024055883288e-05
2.320000000000000000e+02 1.114744351961950014e-01 3.081973828375339508e-02 7.356946298386901617e-05 7.477018516510725021e-05 7.071681466186419129e-05 7.429682591464370489e-05 7.277476106537505984e-05 7.727617776254191995e-05
2.330000000000000000e+02 1.105196264436626163e-01 3.064715489745140076e-02 7.289396307896822691e-05 7.350285886786878109e-05 6.946784560568630695e-05 7.295122486539185047e-05 7.150736200856044888e-05 7.591772009618580341e-05
2.340000000000000000e+02 1.095770326539557277e-01 3.047629445791244507e-02 7.226084562717005610e-05 7.229141920106485486e-05 6.831918290117755532e-05 7.167285366449505091e-05 7.032649591565132141e-05 7.463001384167000651e-05
2.350000000000000000e+02 1.086464463558171056e-01 3.030717000365257263e-02 7.166849536588415504e-05 7.119207293726503849e-05 6.723750266246497631e-05 7.049857231322675943e-05 6.921718158992007375e-05 7.343624747591093183e-05
2.360000000000000000e+02 1.077276644642344156e-01 3.013975359499454498e-02 7.112276944098994136e-05 7.014357834123075008e-05 6.624383240705356002e-05 6.938748265383765101e-05 6.817471876274794340e-05 7.230792107293382287e-05
2.370000000000000000e+02 1.068204881696309394e-01 2.997396513819694519e-02 7.059880590531975031e-05 6.915182166267186403e-05 6.531502003781497478e-05 6.836422835476696491e-05 6.721539830323308706e-05 7.125659612938761711e-05
2.380000000000000000e+02 1.059247228303085986e-01 2.980984374880790710e-02 7.012341666268184781e-05 6.825019227107986808e-05 6.446340557886287570e-05 6.739811942679807544e-05 6.630037387367337942e-05 7.028930849628522992e-05
2.390000000000000000e+02 1.050401778680345177e-01 2.964735403656959534e-02 6.966823275433853269e-05 6.738556112395599484e-05 6.367816968122497201e-05 6.649627903243526816e-05 6.547009252244606614e-05 6.936520367162302136e-05
2.400000000000000000e+02 1.041666666666666713e-01 2.948642894625663757e-02 6.924132321728393435e-05 6.658112397417426109e-05 6.294876220636069775e-05 6.566928641404956579e-05 6.470007792813703418e-05 6.850439967820420861e-05
2.410000000000000000e+02 1.033040064737177355e-01 2.932708896696567535e-02 6.882473826408386230e-05 6.584451330127194524e-05 6.226947880350053310e-05 6.489599763881415129e-05 6.397459947038441896e-05 6.771076004952192307e-05
2.420000000000000000e+02 1.024520183047605976e-01 2.916930615901947021e-02 6.844744348200038075e-05 6.515005225082859397e-05 6.164607475511729717e-05 6.417284021154046059e-05 6.330481119221076369e-05 6.697168282698839903e-05
2.430000000000000000e+02 1.016105268505817227e-01 2.901304513216018677e-02 6.806368764955550432e-05 6.449573265854269266e-05 6.108159141149371862e-05 6.349451723508536816e-05 6.267295248107984662e-05 6.628655683016404510e-05
2.440000000000000000e+02 1.007793603869927418e-01 2.885829657316207886e-02 6.769636092940345407e-05 6.389819463947787881e-05 6.056675556465052068e-05 6.286614370765164495e-05 6.210106221260502934e-05 6.564018985955044627e-05
2.450000000000000000e+02 9.995835068721366234e-02 2.870503626763820648e-02 6.733098416589200497e-05 6.333515921141952276e-05 6.008585478411987424e-05 6.228290294529870152e-05 6.156387826194986701e-05 6.503963959403336048e-05
2.460000000000000000e+02 9.914733293674400649e-02 2.855323255062103271e-02 6.696882337564602494e-05 6.281771493377164006e-05 5.963389048702083528e-05 6.174208829179406166e-05 6.105375359766185284e-05 6.446667248383164406e-05
2.470000000000000000e+02 9.834614565064170311e-02 2.840288914740085602e-02 6.662026135018095374e-05 6.230374856386333704e-05 5.921943375142291188e-05 6.123656930867582560e-05 6.058398867025971413e-05 6.394923548214137554e-05
2.480000000000000000e+02 9.755463059313215779e-02 2.825396135449409485e-02 6.625477544730529189e-05 6.184358790051192045e-05 5.884466372663155198e-05 6.075534474803134799e-05 6.014000973664224148e-05 6.345560541376471519e-05
2.490000000000000000e+02 9.677263269947258828e-02 2.810643613338470459e-02 6.589210534002631903e-05 6.139741162769496441e-05 5.849992885487154126e-05 6.031634984537959099e-05 5.973278894089162350e-05 6.299739470705389977e-05
2.500000000000000000e+02 9.600000000000000200e-02 2.796029858291149139e-02 6.551956903422251344e-05 6.097921141190454364e-05 5.816365592181682587e-05 5.988749398966319859e-05 5.934384171268902719e-05 6.255904008867219090e-05
2.510000000000000000e+02 9.523658354629291334e-02 2.781553938984870911e-02 6.512896652566269040e-05 6.059760198695585132e-05 5.784806126030161977e-05 5.949946717009879649e-05 5.897158553125336766e-05 6.214043969521299005e-05
2.520000000000000000e+02 9.448223733938020119e-02 2.767210826277732849e-02 6.472988752648234367e-05 6.022145316819660366e-05 5.756739847129210830e-05 5.912825145060196519e-05 5.861610770807601511e-05 6.173650763230398297e-05
2.530000000000000000e+02 9.373681825993220029e-02 2.753003314137458801e-02 6.431135989259928465e-05 5.985477037029340863e-05 5.729575059376657009e-05 5.876985233044251800e-05 5.828349821968004107e-05 6.136174488347023726e-05
2.540000000000000000e+02 9.300018600037200656e-02 2.738925628364086151e-02 6.388883775798603892e-05 5.951315688434988260e-05 5.701908594346605241e-05 5.842917380505241454e-05 5.795452307211235166e-05 6.098495578044094145e-05
2.550000000000000000e+02 9.227220299884660026e-02 2.724975161254405975e-02 6.342808046611025929e-05 5.917910675634630024e-05 5.675370266544632614e-05 5.811363007524050772e-05 5.763677836512215436e-05 6.062645115889608860e-05
2.560000000000000000e+02 9.155273437500000000e-02 2.711155079305171967e-02 6.295873026829212904e-05 5.883612175239250064e-05 5.650392631650902331e-05 5.777699334430508316e-05 5.733456782763823867e-05 6.028886491549201310e-05
2.570000000000000000e+02 9.084164786749231169e-02 2.697459422051906586e-02 6.245873373700305820e-05 5.850378875038586557e-05 5.625026824418455362e-05 5.746401802753098309e-05 5.703024362446740270e-05 5.994282764731906354e-05
2.580000000000000000e+02 9.013881377321074362e-02 2.683890238404273987e-02 6.194557499838992953e-05 5.819028956466354430e-05 5.602442251984030008e-05 5.715609222534112632e-05 5.673138730344362557e-05 5.960202906862832606e-05
2.590000000000000000e+02 8.944410488812033766e-02 2.670440636575222015e-02 6.140589539427310228e-05 5.786901965620927513e-05 5.576939656748436391e-05 5.685332143912091851e-05 5.643703843816183507e-05 5.926715675741434097e-05
2.600000000000000000e+02 8.875739644970413733e-02 2.657114714384078979e-02 6.083422704250551760e-05 5.754415178671479225e-05 5.552229777094908059e-05 5.654475535266101360e-05 5.612357199424877763e-05 5.891658656764775515e-05
2.610000000000000000e+02 8.807856608094420670e-02 2.643905393779277802e-02 6.026153278071433306e-05 5.722755668102763593e-05 5.526670429389923811e-05 5.623908873531036079e-05 5.581891673500649631e-05 5.857651194673962891e-05
2.620000000000000000e+02 8.740749373579628778e-02 2.630815282464027405e-02 5.965505624772049487e-05 5.690646503353491426e-05 5.500365296029485762e-05 5.593082823907025158e-05 5.552830043598078191e-05 5.822742969030514359e-05
2.630000000000000000e+02 8.674406164611314640e-02 2.617842517793178558e-02 5.902634438825771213e-05 5.656319262925535440e-05 5.474525096360594034e-05 5.560948193306103349e-05 5.520971899386495352e-05 5.787328700534999371e-05
2.640000000000000000e+02 8.608815426997244724e-02 2.604982070624828339e-02 5.838820288772694767e-05 5.623115066555328667e-05 5.445681381388567388e-05 5.529181726160459220e-05 5.488598617375828326e-05 5.751373100792989135e-05
2.650000000000000000e+02 8.543965824136703913e-02 2.592235431075096130e-02 5.771801806986331940e-05 5.588341809925623238e-05 5.417818465502932668e-05 5.496107041835784912e-05 5.455921564134769142e-05 5.714801955036818981e-05
2.660000000000000000e+02 8.479846232121657224e-02 2.579601481556892395e-02 5.702798080164939165e-05 5.553065784624777734e-05 5.387441342463716865e-05 5.462297849589958787e-05 5.421771857072599232e-05 5.676186265191063285e-05
2.670000000000000000e+02 8.416445734966124248e-02 2.567077241837978363e-02 5.633026012219488621e-05 5.516057353815995157e-05 5.357178451959043741e-05 5.428157965070568025e-05 5.386709381127730012e-05 5.636841160594485700e-05
2.680000000000000000e+02 8.353753619959901344e-02 2.554661594331264496e-02 5.561788566410541534e-05 5.478834282257594168e-05 5.325329766492359340e-05 5.391452941694296896e-05 5.351450818125158548e-05 5.596822302322834730e-05
2.690000000000000000e+02 8.291759373142991441e-02 2.542355842888355255e-02 5.488698661793023348e-05 5.438692096504382789e-05 5.291778506943956017e-05 5.354206223273649812e-05 5.312749999575316906e-05 5.555278403335250914e-05
2.700000000000000000e+02 8.230452674897119347e-02 2.530152350664138794e-02 5.414916813606396317e-05 5.399027213570661843e-05 5.255671931081451476e-05 5.317149771144613624e-05 5.273969873087480664e-05 5.512673669727519155e-05
2.710000000000000000e+02 8.169823395650931130e-02 2.518054656684398651e-02 5.339782364899292588e-05 5.356919064070098102e-05 5.218937803874723613e-05 5.276722731650806963e-05 5.234507261775434017e-05 5.468368181027472019e-05
2.720000000000000000e+02 8.109861591695501082e-02 2.506063133478164673e-02 5.263588900561444461e-05 5.314949885359965265e-05 5.181219239602796733e-05 5.235457501839846373e-05 5.191716627450659871e-05 5.421666355687193573e-05
2.730000000000000000e+02 8.050557501106951619e-02 2.494171261787414551e-02 5.186709677218459547e-05 5.270821930025704205e-05 5.140475695952773094e-05 5.194184268475510180e-05 5.149525895831175148e-05 5.375310138333588839e-05
2.740000000000000000e+02 7.991901539773030305e-02 2.482380904257297516e-02 5.108867117087356746e-05 5.224756750976666808e-05 5.099480767967179418e-05 5.150093420525081456e-05 5.104362207930535078e-05 5.326759128365665674e-05
2.750000000000000000e+02 7.933884297520661655e-02 2.470689453184604645e-02 5.030845932196825743e-05 5.179179788683541119e-05 5.056297595729120076e-05 5.105322634335607290e-05 5.058560054749250412e-05 5.276537194731645286e-05
2.760000000000000000e+02 7.876496534341524691e-02 2.459096349775791168e-02 4.953184907208196819e-05 5.131991201778873801e-05 5.012442488805390894e-05 5.058233364252373576e-05 5.010193490306846797e-05 5.224897540756501257e-05
2.770000000000000000e+02 7.819729176712846008e-02 2.447600476443767548e-02 4.874370279139839113e-05 5.080208939034491777e-05 4.966698907082900405e-05 5.009991582483053207e-05 4.961165177519433200e-05 5.172271266928873956e-05
2.780000000000000000e+02 7.763573314010661919e-02 2.436200715601444244e-02 4.796299617737531662e-05 5.030250031268224120e-05 4.918859849567525089e-05 4.960889782523736358e-05 4.910841380478814244e-05 5.117216278449632227e-05
2.790000000000000000e+02 7.708020195012911524e-02 2.424894645810127258e-02 4.718251511803828180e-05 4.977966091246344149e-05 4.870112388744018972e-05 4.911378346150740981e-05 4.859162072534672916e-05 5.062571290181949735e-05
2.800000000000000000e+02 7.653061224489796088e-02 2.413683943450450897e-02 4.639667895389720798e-05 4.924840686726383865e-05 4.820169488084502518e-05 4.857780368183739483e-05 4.805095522897318006e-05 5.004910053685307503e-05
2.810000000000000000e+02 7.598687959878927534e-02 2.402563020586967468e-02 4.562980029731988907e-05 4.870256088906899095e-05 4.768198414240032434e-05 4.804546915693208575e-05 4.751448068418540061e-05 4.947170964442193508e-05
2.820000000000000000e+02 7.544892108042855483e-02 2.391535043716430664e-02 4.486022226046770811e-05 4.816307409782893956e-05 4.716498006018809974e-05 4.750628431793302298e-05 4.694480230682529509e-05 4.887740578851662576e-05
2.830000000000000000e+02 7.491665522106656649e-02 2.380597218871116638e-02 4.409490065881982446e-05 4.759169678436592221e-05 4.661785715143196285e-05 4.694688686868175864e-05 4.638075552065856755e-05 4.826859367312863469e-05
2.840000000000000000e+02 7.439000198373338368e-02 2.369747497141361237e-02 4.335360063123516738e-05 4.701046054833568633e-05 4.606123548001050949e-05 4.638430982595309615e-05 4.579609230859205127e-05 4.765632183989509940e-05
2.850000000000000000e+02 7.386888273314866360e-02 2.358985133469104767e-02 4.259874549461528659e-05 4.643971624318510294e-05 4.548717697616666555e-05 4.580668974085710943e-05 4.519251888268627226e-05 4.702927617472596467e-05
2.860000000000000000e+02 7.335322020636705909e-02 2.348312363028526306e-02 4.188064485788345337e-05 4.583941699820570648e-05 4.491933214012533426e-05 4.521668597590178251e-05 4.459216143004596233e-05 4.638623431674204767e-05
2.870000000000000000e+02 7.284293848413844752e-02 2.337722480297088623e-02 4.116835043532773852e-05 4.525572876445949078e-05 4.433501089806668460e-05 4.462584183784201741e-05 4.397797238198108971e-05 4.575006460072472692e-05
2.880000000000000000e+02 7.233796296296296502e-02 2.327218465507030487e-02 4.044689558213576674e-05 4.463855657377280295e-05 4.375724529381841421e-05 4.403211278258822858e-05 4.335660923970863223e-05 4.508945130510255694e-05
2.890000000000000000e+02 7.183822032782175016e-02 2.316796407103538513e-02 3.975946310674771667e-05 4.401519981911405921e-05 4.315459955250844359e-05 4.341633029980584979e-05 4.273058948456309736e-05 4.443918078322894871e-05
2.900000000000000000e+02 7.134363852556480090e-02 2.306460216641426086e-02 3.908147482434287667e-05 4.341217572800815105e-05 4.254912346368655562e-05 4.280280700186267495e-05 4.208772588754072785e-05 4.376751530799083412e-05
2.910000000000000000e+02 7.085414673893788984e-02 2.296203933656215668e-02 3.841674697468988597e-05 4.278579945093952119e-05 4.195616565993987024e-05 4.220007031108252704e-05 4.144818376516923308e-05 4.310929216444492340e-05
2.920000000000000000e+02 7.036967536123099609e-02 2.286027744412422180e-02 3.777653182623907924e-05 4.218007234157994390e-05 4.134461778448894620e-05 4.157187504461035132e-05 4.079216887475922704e-05 4.243159855832345784e-05
2.930000000000000000e+02 6.989015597153140635e-02 2.275934070348739624e-02 3.713069236255250871e-05 4.155069473199546337e-05 4.071667717653326690e-05 4.094940231880173087e-05 4.015101876575499773e-05 4.176084985374473035e-05
2.940000000000000000e+02 6.941552131056503983e-02 2.265916019678115845e-02 3.652282612165436149e-05 4.092728704563342035e-05 4.011320925201289356e-05 4.033856748719699681e-05 3.950239261030219495e-05 4.110307054361328483e-05
2.950000000000000000e+02 6.894570525711002373e-02 2.255976758897304535e-02 3.592638677218928933e-05 4.031615753774531186e-05 3.950792233808897436e-05 3.971957994508557022e-05 3.886796912411227822e-05 4.044666275149211287e-05
2.960000000000000000e+02 6.848064280496712897e-02 2.246114425361156464e-02 3.534928691806271672e-05 3.970259786001406610e-05 3.888245919370092452e-05 3.910302621079608798e-05 3.821010614046826959e-05 3.978086897404864430e-05
2.970000000000000000e+02 6.802027004047206393e-02 2.236330322921276093e-02 3.479788938420824707e-05 3.908190046786330640e-05 3.827006003120914102e-05 3.848474807455204427e-05 3.756192381842993200e-05 3.912016472895629704e-05
2.980000000000000000e+02 6.756452412053511047e-02 2.226620353758335114e-02 3.424092210480012000e-05 3.848534106509760022e-05 3.767182352021336555e-05 3.788139656535349786e-05 3.692474638228304684e-05 3.846893741865642369e-05
2.990000000000000000e+02 6.711334325119405753e-02 2.216984331607818604e-02 3.372141145518980920e-05 3.787628156715072691e-05 3.706087227328680456e-05 3.727140938281081617e-05 3.627377736847847700e-05 3.781947089009918272e-05
3.000000000000000000e+02 6.666666666666666574e-02 2.207421883940696716e-02 3.321052281535230577e-05 3.728010051418095827e-05 3.646613913588225842e-05 3.667206692625768483e-05 3.564335929695516825e-05 3.718783773365430534e-05
3.010000000000000000e+02 6.622443460888952083e-02 2.197933383285999298e-02 3.271736204624176025e-05 3.668926729005761445e-05 3.587070023058913648e-05 3.608092083595693111e-05 3.502644176478497684e-05 3.655890759546309710e-05
3.020000000000000000e+02 6.578658830753036924e-02 2.188516035676002502e-02 3.224020110792480409e-05 3.611477222875691950e-05 3.529376408550888300e-05 3.549539906089194119e-05 3.439770807744935155e-05 3.594217560021206737e-05
3.030000000000000000e+02 6.535306996046139072e-02 2.179169282317161560e-02 3.179411578457802534e-05 3.554458089638501406e-05 3.470230512903071940e-05 3.491346069495193660e-05 3.378946348675526679e-05 3.533519702614285052e-05
3.040000000000000000e+02 6.492382271468144506e-02 2.169891633093357086e-02 3.135482620564289391e-05 3.498526712064631283e-05 3.413606464164331555e-05 3.435257531236857176e-05 3.319172174087725580e-05 3.474081313470378518e-05
3.050000000000000000e+02 6.449879064767535808e-02 2.160684764385223389e-02 3.093569830525666475e-05 3.443098466959781945e-05 3.358514368301257491e-05 3.379810368642210960e-05 3.260744779254309833e-05 3.415349056012928486e-05
3.060000000000000000e+02 6.407791874919901987e-02 2.151546254754066467e-02 3.052630563615821302e-05 3.389740959391929209e-05 3.304057827335782349e-05 3.325536090414971113e-05 3.202344669261947274e-05 3.359105539857409894e-05
3.070000000000000000e+02 6.366115290347908184e-02 2.142474427819252014e-02 3.014036337845027447e-05 3.337108137202449143e-05 3.250467125326395035e-05 3.271941750426776707e-05 3.145898881484754384e-05 3.303719131508842111e-05
3.080000000000000000e+02 6.324843987181649752e-02 2.133473008871078491e-02 2.976998621306847781e-05 3.286757782916538417e-05 3.198757258360274136e-05 3.220089274691417813e-05 3.091555845458060503e-05 3.250133522669784725e-05
3.090000000000000000e+02 6.283972727558362337e-02 2.124534547328948975e-02 2.940976082754787058e-05 3.237561395508237183e-05 3.148129326291382313e-05 3.169872434227727354e-05 3.036690759472548962e-05 3.197983824065886438e-05
3.100000000000000000e+02 6.243496357960457571e-02 2.115662954747676849e-02 2.907046473410446197e-05 3.188725531799718738e-05 3.098234083154238760e-05 3.121451300103217363e-05 2.983741251227911562e-05 3.147007009829394519e-05
3.110000000000000000e+02 6.203409807590905961e-02 2.106856368482112885e-02 2.874122583307325840e-05 3.141575143672525883e-05 3.051462590519804507e-05 3.073691186727955937e-05 2.932694587798323482e-05 3.097732042078860104e-05
3.120000000000000000e+02 6.163708086785010115e-02 2.098114043474197388e-02 2.843299444066360593e-05 3.097470471402630210e-05 3.004956124641466886e-05 3.026501690328586847e-05 2.883719935198314488e-05 3.050737541343551129e-05
3.130000000000000000e+02 6.124386285457644741e-02 2.089435420930385590e-02 2.811498052324168384e-05 3.053278487641364336e-05 2.959339326480403543e-05 2.981826401082798839e-05 2.835314080584794283e-05 3.004696372954640538e-05
3.140000000000000000e+02 6.085439571585054414e-02 2.080818451941013336e-02 2.782126102829352021e-05 3.011533408425748348e-05 2.915578079409897327e-05 2.939099977083969861e-05 2.789109930745325983e-05 2.960722122224979103e-05
3.150000000000000000e+02 6.046863189720332737e-02 2.072264999151229858e-02 2.754650631686672568e-05 2.970448804262559861e-05 2.874403071473352611e-05 2.896825208154041320e-05 2.745895653788466007e-05 2.917790334322489798e-05
3.160000000000000000e+02 6.008652459541739821e-02 2.063772454857826233e-02 2.727160790527705103e-05 2.931966992036905140e-05 2.833972575899679214e-05 2.856171886378433555e-05 2.701741505006793886e-05 2.877571932913269848e-05
3.170000000000000000e+02 5.970802774433022625e-02 2.055340632796287537e-02 2.700932964216917753e-05 2.895500438171438873e-05 2.794564716168679297e-05 2.817120548570528626e-05 2.660678364918567240e-05 2.837797183019574732e-05
3.180000000000000000e+02 5.933309600094933273e-02 2.046967670321464539e-02 2.675829455256462097e-05 2.858278639905620366e-05 2.757518814178183675e-05 2.780357499432284385e-05 2.620490158733446151e-05 2.800489528453908861e-05
3.190000000000000000e+02 5.896168473187173714e-02 2.038655430078506470e-02 2.650924034242052585e-05 2.825104638759512454e-05 2.721305463637690991e-05 2.744869925663806498e-05 2.582227716629859060e-05 2.763754309853538871e-05
3.200000000000000000e+02 5.859375000000000000e-02 2.030401304364204407e-02 2.627141293487511575e-05 2.791213228192646056e-05 2.686946027097292244e-05 2.709923319343943149e-05 2.545808092691004276e-05 2.729062362050171942e-05
3.210000000000000000e+02 5.822924855154744395e-02 2.022204734385013580e-02 2.603417124191764742e-05 2.759638846328016371e-05 2.654670970514416695e-05 2.677032898645848036e-05 2.511131424398627132e-05 2.696649607969447970e-05
3.220000000000000000e+02 5.786813780332548951e-02 2.014065906405448914e-02 2.580582440714351833e-05 2.730646883719600737e-05 2.624320222821552306e-05 2.644402411533519626e-05 2.477837188052944839e-05 2.665602551132906228e-05
3.230000000000000000e+02 5.751037583030604861e-02 2.005985379219055176e-02 2.559345011832192540e-05 2.701396260818000883e-05 2.593641147541347891e-05 2.615662742755375803e-05 2.445653808536008000e-05 2.634935299283824861e-05
3.240000000000000000e+02 5.715592135345221730e-02 1.997959427535533905e-02 2.538269109209068120e-05 2.674286770343314856e-05 2.565255999797955155e-05 2.586377377156168222e-05 2.416058669041376561e-05 2.606552880024537444e-05
3.250000000000000000e+02 5.680473372781064817e-02 1.989991031587123871e-02 2.517171742510981858e-05 2.648567169671878219e-05 2.538735861890017986e-05 2.558005689934361726e-05 2.385982952546328306e-05 2.579059946583583951e-05
3.260000000000000000e+02 5.645677293085927390e-02 1.982076093554496765e-02 2.496157685527577996e-05 2.623220279929228127e-05 2.511639650037977844e-05 2.532209146011155099e-05 2.358504207222722471e-05 2.552352816564962268e-05
3.270000000000000000e+02 5.611199955110400539e-02 1.974216289818286896e-02 2.476836016285233200e-05 2.600965854071546346e-05 2.488511563569772989e-05 2.506897362763993442e-05 2.333133670617826283e-05 2.527720425860024989e-05
3.280000000000000000e+02 5.577037477691849932e-02 1.966411620378494263e-02 2.456812035234179348e-05 2.578463499958161265e-05 2.466784098942298442e-05 2.481902811268810183e-05 2.307144859514664859e-05 2.504162148397881538e-05
3.290000000000000000e+02 5.543186038562097212e-02 1.958657987415790558e-02 2.437927651044446975e-05 2.556990693847183138e-05 2.443906305416021496e-05 2.458847484376747161e-05 2.283463436469901353e-05 2.481180854374542832e-05
3.300000000000000000e+02 5.509641873278237068e-02 1.950959675014019012e-02 2.419117481622379273e-05 2.535882777010556310e-05 2.423605292278807610e-05 2.436210343148559332e-05 2.261384906887542456e-05 2.460422183503396809e-05
3.310000000000000000e+02 5.476401274176029982e-02 1.943311281502246857e-02 2.401929486950393766e-05 2.516720815037842840e-05 2.404204133199527860e-05 2.415977360215038061e-05 2.239857894892338663e-05 2.437897819618228823e-05
3.320000000000000000e+02 5.443460589345332917e-02 1.935715787112712860e-02 2.384186700510326773e-05 2.497701643733307719e-05 2.386622691119555384e-05 2.395324554527178407e-05 2.220364149252418429e-05 2.417622090433724225e-05
3.330000000000000000e+02 5.410816221627032241e-02 1.928172074258327484e-02 2.366026092204265296e-05 2.481106093910057098e-05 2.368502100580371916e-05 2.376340489718131721e-05 2.199663867941126227e-05 2.398377182544209063e-05
3.340000000000000000e+02 5.378464627630965417e-02 1.920677162706851959e-02 2.348580528632737696e-05 2.462529664626345038e-05 2.352466071897652000e-05 2.357842640776652843e-05 2.181586205551866442e-05 2.380629848630633205e-05
3.350000000000000000e+02 5.346402316774337415e-02 1.913233473896980286e-02 2.332394797122105956e-05 2.445958671160042286e-05 2.336115176149178296e-05 2.337665500817820430e-05 2.163586941605899483e-05 2.361749648116528988e-05
3.360000000000000000e+02 5.314625850340135710e-02 1.905840635299682617e-02 2.315810343134216964e-05 2.430800668662413955e-05 2.320976636838167906e-05 2.320773273822851479e-05 2.146936094504781067e-05 2.345091888855677098e-05
3.370000000000000000e+02 5.283131840555081032e-02 1.898495666682720184e-02 2.299469269928522408e-05 2.415757262497209013e-05 2.304691042809281498e-05 2.304878398717846721e-05 2.130103530362248421e-05 2.327990296180360019e-05
3.380000000000000000e+02 5.251916949686635805e-02 1.891200058162212372e-02 2.282494642713572830e-05 2.400550874881446362e-05 2.292728458996862173e-05 2.287905044795479625e-05 2.115035567840095609e-05 2.312263859494123608e-05
3.390000000000000000e+02 5.220977889158639335e-02 1.883950643241405487e-02 2.268155003548599780e-05 2.385021252848673612e-05 2.278460851812269539e-05 2.271168705192394555e-05 2.099579069181345403e-05 2.295040212629828602e-05
3.400000000000000000e+02 5.190311418685120831e-02 1.876750588417053223e-02 2.252416197734419256e-05 2.371071605011820793e-05 2.266071896883659065e-05 2.255528306704945862e-05 2.085542109853122383e-05 2.279603540955577046e-05
3.410000000000000000e+02 5.159914345421866277e-02 1.869597099721431732e-02 2.236854379589203745e-05 2.356653931201435626e-05 2.254474566143471748e-05 2.240680623799562454e-05 2.071759445243515074e-05 2.264553222630638629e-05
3.420000000000000000e+02 5.129783523135323514e-02 1.862491108477115631e-02 2.221206341346260160e-05 2.343382948311045766e-05 2.243034577986691147e-05 2.224954550911206752e-05 2.057340861938428134e-05 2.249339377158321440e-05
3.430000000000000000e+02 5.099915851388452104e-02 1.855430938303470612e-02 2.206830504292156547e-05 2.330238021386321634e-05 2.230704922112636268e-05 2.210220736742485315e-05 2.044495704467408359e-05 2.234607018181122839e-05
3.440000000000000000e+02 5.070308274743104415e-02 1.848416589200496674e-02 2.192198189732152969e-05 2.315892925253137946e-05 2.217620931332930923e-05 2.195356319134589285e-05 2.030984978773631155e-05 2.219786074419971555e-05
3.450000000000000000e+02 5.040957781978575719e-02 1.841447129845619202e-02 2.177260284952353686e-05 2.302962639078032225e-05 2.207808211096562445e-05 2.180830415454693139e-05 2.017641418206039816e-05 2.205091914220247418e-05
3.460000000000000000e+02 5.011861405325938185e-02 1.834522560238838196e-02 2.162578493880573660e-05 2.288952418894041330e-05 2.195444358221720904e-05 2.166234116884879768e-05 2.005053465836681426e-05 2.190923441958148032e-05
3.470000000000000000e+02 4.983016219717795181e-02 1.827642321586608887e-02 2.148185558326076716e-05 2.275459519296418875e-05 2.185665107390377671e-05 2.152701017621438950e-05 1.993604200833942741e-05 2.175462395825888962e-05
3.480000000000000000e+02 4.954419342053111713e-02 1.820806227624416351e-02 2.133434827555902302e-05 2.262187990709207952e-05 2.174375549657270312e-05 2.137540286639705300e-05 1.980936394829768687e-05 2.161368502129334956e-05
3.490000000000000000e+02 4.926067930476761558e-02 1.814013347029685974e-02 2.119434611813630909e-05 2.247755219286773354e-05 2.163070348615292460e-05 2.123291596944909543e-05 1.968740070878993720e-05 2.146806764358188957e-05
3.500000000000000000e+02 4.897959183673469136e-02 1.807264611124992371e-02 2.105188832501880825e-05 2.234395287814550102e-05 2.152198430849239230e-05 2.108710759785026312e-05 1.956294545379932970e-05 2.132771805918309838e-05
3.510000000000000000e+02 4.870090340175810273e-02 1.800557784736156464e-02 2.090007546939887106e-05 2.220459100499283522e-05 2.140453216270543635e-05 2.094864794344175607e-05 1.944336509041022509e-05 2.118801421602256596e-05
3.520000000000000000e+02 4.842458677685950591e-02 1.793892309069633484e-02 2.075937663903459907e-05 2.206614590249955654e-05 2.129023414454422891e-05 2.079811019939370453e-05 1.932396116899326444e-05 2.103538827213924378e-05
3.530000000000000000e+02 4.815061512410821060e-02 1.787270419299602509e-02 2.059638973150867969e-05 2.192700230807531625e-05 2.117289113812148571e-05 2.065355693048331887e-05 1.919187343446537852e-05 2.088332257699221373e-05
3.540000000000000000e+02 4.787896198410418469e-02 1.780688762664794922e-02 2.045578730758279562e-05 2.178066279157064855e-05 2.105537168972659856e-05 2.050249895546585321e-05 1.907167279568966478e-05 2.073124778689816594e-05
3.550000000000000000e+02 4.760960126958936611e-02 1.774150133132934570e-02 2.030044925049878657e-05 2.165006480936426669e-05 2.093831062666140497e-05 2.035444595094304532e-05 1.895272180263418704e-05 2.058737482002470642e-05
3.560000000000000000e+02 4.734250725918444369e-02 1.767650805413722992e-02 2.014659003179986030e-05 2.149917418137192726e-05 2.081626189465168864e-05 2.021060208790004253e-05 1.882861943158786744e-05 2.043448512267787009e-05
3.570000000000000000e+02 4.707765459124826218e-02 1.761190406978130341e-02 1.998922016355209053e-05 2.135298200300894678e-05 2.069587208097800612e-05 2.006268005061428994e-05 1.869651350716594607e-05 2.027933442150242627e-05
3.580000000000000000e+02 4.681501825785711751e-02 1.754772663116455078e-02 1.983131733140908182e-05 2.122035766660701483e-05 2.057376332231797278e-05 1.991828685277141631e-05 1.857439929153770208e-05 2.012812547036446631e-05
3.590000000000000000e+02 4.655457359890131236e-02 1.748391985893249512e-02 1.966367017303127795e-05 2.105148814735002816e-05 2.043285530817229301e-05 1.974572114704642445e-05 1.845327278715558350e-05 1.997611798287834972e-05
3.600000000000000000e+02 4.629629629629629373e-02 1.742052100598812103e-02 1.948591489053796977e-05 2.090316957037430257e-05 2.030319774348754436e-05 1.960990448424126953e-05 1.832085581554565579e-05 1.982018511625938118e-05
3.610000000000000000e+02 4.604016236830595077e-02 1.735749840736389160e-02 1.931088627316057682e-05 2.075419433822389692e-05 2.017659789999015629e-05 1.945561780303250998e-05 1.818667988118249923e-05 1.967633943422697484e-05
3.620000000000000000e+02 4.578614816397545695e-02 1.729486510157585144e-02 1.913597770908381790e-05 2.059910548268817365e-05 2.004550879064481705e-05 1.929391692101489753e-05 1.805090869311243296e-05 1.951757440110668540e-05
3.630000000000000000e+02 4.553423035767138055e-02 1.723262667655944824e-02 1.896760659292340279e-05 2.043997665168717504e-05 1.989679549296852201e-05 1.914236418087966740e-05 1.792562579794321209e-05 1.935863656399305910e-05
3.640000000000000000e+02 4.528438594372660025e-02 1.717072725296020508e-02 1.878004331956617534e-05 2.026994479820132256e-05 1.975840132217854261e-05 1.898211485240608454e-05 1.779548802005592734e-05 1.920632712426595390e-05
3.650000000000000000e+02 4.503659223118784000e-02 1.710924319922924042e-02 1.858994983194861561e-05 2.011680771829560399e-05 1.961715315701439977e-05 1.883132244984153658e-05 1.766583773132879287e-05 1.904470445879269391e-05
3.660000000000000000e+02 4.479082683866344311e-02 1.704807765781879425e-02 1.840292316046543419e-05 1.996046194108203053e-05 1.947527380252722651e-05 1.865454396465793252e-05 1.752126627252437174e-05 1.888494989543687552e-05
3.670000000000000000e+02 4.454706768926935262e-02 1.698732376098632812e-02 1.821123078116215765e-05 1.980261731659993529e-05 1.933035127876792103e-05 1.850180706242099404e-05 1.738665741868317127e-05 1.872619941423181444e-05
3.680000000000000000e+02 4.430529300567107726e-02 1.692691072821617126e-02 1.801380494725890458e-05 1.963743670785333961e-05 1.917677218443714082e-05 1.833796159189660102e-05 1.725089532556012273e-05 1.857651113823521882e-05
3.690000000000000000e+02 4.406548130521955459e-02 1.686688326299190521e-02 1.782468279998283833e-05 1.947169039340224117e-05 1.902025360323023051e-05 1.817679185478482395e-05 1.711478398647159338e-05 1.840908953454345465e-05
3.700000000000000000e+02 4.382761139517896143e-02 1.680718734860420227e-02 1.761728344717994332e-05 1.930878352141007781e-05 1.887291546154301614e-05 1.801666985556948930e-05 1.698151390883140266e-05 1.825115032261237502e-05
3.710000000000000000e+02 4.359166236804440375e-02 1.674784906208515167e-02 1.741347659844905138e-05 1.912953121063765138e-05 1.872127904789522290e-05 1.785057247616350651e-05 1.683225673332344741e-05 1.809205787139944732e-05
3.720000000000000000e+02 4.335761359694762646e-02 1.668886654078960419e-02 1.722092383715789765e-05 1.897885704238433391e-05 1.855626396718434989e-05 1.767933463270310313e-05 1.670016536081675440e-05 1.792931107047479600e-05
3.730000000000000000e+02 4.312544473114879318e-02 1.663021929562091827e-02 1.700567918305750936e-05 1.880405579868238419e-05 1.839821925386786461e-05 1.751474701450206339e-05 1.655206324358005077e-05 1.776653880369849503e-05
3.740000000000000000e+02 4.289513569161257367e-02 1.657192781567573547e-02 1.680481000221334398e-05 1.863747638708446175e-05 1.823326783778611571e-05 1.735438672767486423e-05 1.641369635763112456e-05 1.759418228175491095e-05
3.750000000000000000e+02 4.266666666666666524e-02 1.651396416127681732e-02 1.660486123000737280e-05 1.847158637247048318e-05 1.806728505471255630e-05 1.719252941256854683e-05 1.627518395252991468e-05 1.743591019476298243e-05
3.760000000000000000e+02 4.244001810774106209e-02 1.645635440945625305e-02 1.639070433157030493e-05 1.829355460358783603e-05 1.791962677089031786e-05 1.702163899608422071e-05 1.612634878256358206e-05 1.726973641780205071e-05
3.770000000000000000e+02 4.221517072518627539e-02 1.639906875789165497e-02 1.619288195797707886e-05 1.813156814023386687e-05 1.774497650330886245e-05 1.683978734945412725e-05 1.598754897713661194e-05 1.711031109152827412e-05
3.780000000000000000e+02 4.199210548416897754e-02 1.634211465716362000e-02 1.598699236637912691e-05 1.795195930753834546e-05 1.758315011102240533e-05 1.667893229750916362e-05 1.583943958394229412e-05 1.694130514806602150e-05
3.790000000000000000e+02 4.177080360064327341e-02 1.628547534346580505e-02 1.578081173647660762e-05 1.778790829121135175e-05 1.741521009535063058e-05 1.650683589105028659e-05 1.568289917486254126e-05 1.677422733337152749e-05
3.800000000000000000e+02 4.155124653739612067e-02 1.622918620705604553e-02 1.557800169393885881e-05 1.762334250088315457e-05 1.724628600641153753e-05 1.634308682696428150e-05 1.555050948809366673e-05 1.660586895013693720e-05
3.810000000000000000e+02 4.133341600016533085e-02 1.617319881916046143e-02 1.537986645416822284e-05 1.744508517731446773e-05 1.707915726001374424e-05 1.617617272131610662e-05 1.540683842904400080e-05 1.643760879233013839e-05
3.820000000000000000e+02 4.111729393382856923e-02 1.611753925681114197e-02 1.518615954410051927e-05 1.726658047118689865e-05 1.690686804067809135e-05 1.599553979758638889e-05 1.525585503259208053e-05 1.626324774406384677e-05
3.830000000000000000e+02 4.090286251866193101e-02 1.606220006942749023e-02 1.499878362665185705e-05 1.709973730612546206e-05 1.674565100984182209e-05 1.582951699674595147e-05 1.510740003141108900e-05 1.609871105756610632e-05
3.840000000000000000e+02 4.069010416666666435e-02 1.600717194378376007e-02 1.480602986703161150e-05 1.692698788247071207e-05 1.657241591601632535e-05 1.566636819916311651e-05 1.495647666160948575e-05 1.592674743733368814e-05
3.850000000000000000e+02 4.047900151796255536e-02 1.595245487987995148e-02 1.461005922465119511e-05 1.675676139711868018e-05 1.640403024794068187e-05 1.549331682326737791e-05 1.481606705056037754e-05 1.575858186697587371e-05
3.860000000000000000e+02 4.026953743724663581e-02 1.589804515242576599e-02 1.442989014321938157e-05 1.657976281421724707e-05 1.622976742510218173e-05 1.532218084321357310e-05 1.465932564315153286e-05 1.558897383802104741e-05
3.870000000000000000e+02 4.006169501031588837e-02 1.584394089877605438e-02 1.424649872205918655e-05 1.640260961721651256e-05 1.606594923941884190e-05 1.516338215878931805e-05 1.449514911655569449e-05 1.541445089969784021e-05
3.880000000000000000e+02 3.985545754065256824e-02 1.579014211893081665e-02 1.406968203809810802e-05 1.623257412575185299e-05 1.588722807355225086e-05 1.498384881415404379e-05 1.435528702131705359e-05 1.524543677078327164e-05
3.890000000000000000e+02 3.965080854607093419e-02 1.573663949966430664e-02 1.389323460898594931e-05 1.607150261406786740e-05 1.572536893945652992e-05 1.482792686147149652e-05 1.420127227902412415e-05 1.506973876530537382e-05
3.900000000000000000e+02 3.944773175542406335e-02 1.568342372775077820e-02 1.371884809486800805e-05 1.588086161063984036e-05 1.555473681946750730e-05 1.465801597078097984e-05 1.405529656040016562e-05 1.488915313530014828e-05
3.910000000000000000e+02 3.924621110536953561e-02 1.563052833080291748e-02 1.355215135845355690e-05 1.571083339513279498e-05 1.538112883281428367e-05 1.448478724341839552e-05 1.390119723509997129e-05 1.471308860345743597e-05
3.920000000000000000e+02 3.904623073719283577e-02 1.557791605591773987e-02 1.339111804554704577e-05 1.555190101498737931e-05 1.521466856502229348e-05 1.432149747415678576e-05 1.375138890580274165e-05 1.454757602914469317e-05
3.930000000000000000e+02 3.884777499368723824e-02 1.552557665854692459e-02 1.322957905358634889e-05 1.537956268293783069e-05 1.504454576206626371e-05 1.414877533534308895e-05 1.360464102617697790e-05 1.437533046555472538e-05
3.940000000000000000e+02 3.865082841608905029e-02 1.547355391085147858e-02 1.307989350607385859e-05 1.520096520835068077e-05 1.487376539444085211e-05 1.399026859871810302e-05 1.345523742202203721e-05 1.419968702975893393e-05
3.950000000000000000e+02 3.845537574106713818e-02 1.542179472744464874e-02 1.292068918701261282e-05 1.502888335380703211e-05 1.471803261665627360e-05 1.383244216413004324e-05 1.330596569459885359e-05 1.402066391165135428e-05
3.960000000000000000e+02 3.826140189776553596e-02 1.537032146006822586e-02 1.278172021557111293e-05 1.487215467932401225e-05 1.455734491173643619e-05 1.367461391055257991e-05 1.314685050601838157e-05 1.385746236337581649e-05
3.970000000000000000e+02 3.806889200489819991e-02 1.531913038343191147e-02 1.264422189706237987e-05 1.470404185965890065e-05 1.438885283278068528e-05 1.350510683550965041e-05 1.299038467550417408e-05 1.368086122965905815e-05
3.980000000000000000e+02 3.787783136789475008e-02 1.526822056621313095e-02 1.249709657713538036e-05 1.453579352528322488e-05 1.422463355993386358e-05 1.334745593339903280e-05 1.283889832848217338e-05 1.352407707599923015e-05
3.990000000000000000e+02 3.768820547609625510e-02 1.521759293973445892e-02 1.235976196767296642e-05 1.436953152733622119e-05 1.405820603395113721e-05 1.319744842476211488e-05 1.269472795684123412e-05 1.335350589215522632e-05
4.000000000000000000e+02 3.749999999999999861e-02 1.516722608357667923e-02 1.222988339577568695e-05 1.421237720933277160e-05 1.390366833220468834e-05 1.304314628214342520e-05 1.254649669135687873e-05 1.317954047408420593e-05
4.010000000000000000e+02 3.731320078855231148e-02 1.511713024228811264e-02 1.209535275847883895e-05 1.404773774993373081e-05 1.375094871036708355e-05 1.289172723772935569e-05 1.240378242073347792e-05 1.300856183661380783e-05
4.020000000000000000e+02 3.712779386648845659e-02 1.506729330867528915e-02 1.197538131236797199e-05 1.388752389175351709e-05 1.359340240014716983e-05 1.273444195248885080e-05 1.225782034453004599e-05 1.285406324313953519e-05
4.030000000000000000e+02 3.694376543171868504e-02 1.501773297786712646e-02 1.184958273370284587e-05 1.373141003568889573e-05 1.342887662758585066e-05 1.258677821169840172e-05 1.210994014400057495e-05 1.269881977350451052e-05
4.040000000000000000e+02 3.676110185275953401e-02 1.496845297515392303e-02 1.172639258584240451e-05 1.358189365419093519e-05 1.328376947640208527e-05 1.244224586116615683e-05 1.196485209220554680e-05 1.254309700016165152e-05
4.050000000000000000e+02 3.657978966620942241e-02 1.491941139101982117e-02 1.161069940280867741e-05 1.343406529485946521e-05 1.312534823227906600e-05 1.229553890880197287e-05 1.181638253910932690e-05 1.239417815668275580e-05
4.060000000000000000e+02 3.639981557426776038e-02 1.487063243985176086e-02 1.150065872934646904e-05 1.328263715549837798e-05 1.298219376622000709e-05 1.215151496580801904e-05 1.168384824268287048e-05 1.223534854943864048e-05
4.070000000000000000e+02 3.622116644229666366e-02 1.482212077826261520e-02 1.138283278123708442e-05 1.313449502049479634e-05 1.282916946365730837e-05 1.201857867272337899e-05 1.154527399194194004e-05 1.207444347528507933e-05
4.080000000000000000e+02 3.604382929642445388e-02 1.477386709302663803e-02 1.128381427406566218e-05 1.299078303418355063e-05 1.268688538402784616e-05 1.188231999549316242e-05 1.140212498285109177e-05 1.193444950331468135e-05
4.090000000000000000e+02 3.586779132119009145e-02 1.472586300224065781e-02 1.118692762247519568e-05 1.284793961531249806e-05 1.254834751307498664e-05 1.175550642074085772e-05 1.128209351008990780e-05 1.180069830297725275e-05
4.100000000000000000e+02 3.569303985722784012e-02 1.467810478061437607e-02 1.106740546674700454e-05 1.270281882170820609e-05 1.240181063622003421e-05 1.161930322268744931e-05 1.113946473196847364e-05 1.165886169474106282e-05
4.110000000000000000e+02 3.551956239899124734e-02 1.463059615343809128e-02 1.097580116038443521e-05 1.257200892723631114e-05 1.226964468514779583e-05 1.149545823864173144e-05 1.101334146369481459e-05 1.152283584815450013e-05
4.120000000000000000e+02 3.534734659251578814e-02 1.458334177732467651e-02 1.087405962607590482e-05 1.244485974893905222e-05 1.214273106597829610e-05 1.137355502578429878e-05 1.089351735572563484e-05 1.139513369707856327e-05
4.130000000000000000e+02 3.517638023321940227e-02 1.453632488846778870e-02 1.077728211384965107e-05 1.231845453730784357e-05 1.200782753585372120e-05 1.125891776609933004e-05 1.076224270946113393e-05 1.125809194491012022e-05
4.140000000000000000e+02 3.500665126374011282e-02 1.448956225067377090e-02 1.068242090696003288e-05 1.218295619764830917e-05 1.188793976325541735e-05 1.113464713853318244e-05 1.064137450157431886e-05 1.114230690291151404e-05
4.150000000000000000e+02 3.483814777181012956e-02 1.444301940500736237e-02 1.058286852639866993e-05 1.205118041980313137e-05 1.175680245069088414e-05 1.101986435969593003e-05 1.052512197929900140e-05 1.101790076063480228e-05
4.160000000000000000e+02 3.467085798816568060e-02 1.439672708511352539e-02 1.049385173246264458e-05 1.194046490127220750e-05 1.164662171504460275e-05 1.091294416255550459e-05 1.041821906255790964e-05 1.089786928787361830e-05
4.170000000000000000e+02 3.450477028449182998e-02 1.435068156570196152e-02 1.040730512613663450e-05 1.181822153739631176e-05 1.152556797023862600e-05 1.079736011888599023e-05 1.030359908327227458e-05 1.079192225006408989e-05
4.180000000000000000e+02 3.433987317140175383e-02 1.430486701428890228e-02 1.031719602906377986e-05 1.171421263279626146e-05 1.140671429311623797e-05 1.070442522177472711e-05 1.019751107378397137e-05 1.067893299477873370e-05
4.190000000000000000e+02 3.417615529644967010e-02 1.425928995013237000e-02 1.023503773467382416e-05 1.160145802714396268e-05 1.129885004047537223e-05 1.060312661138596013e-05 1.008809158520307392e-05 1.056675955624086782e-05
4.200000000000000000e+02 3.401360544217687382e-02 1.421392709016799927e-02 1.015051293506985530e-05 1.149954550783149898e-05 1.118653199227992445e-05 1.050136052072048187e-05 9.979630704037845135e-06 1.046586658048909158e-05
4.210000000000000000e+02 3.385221252419022553e-02 1.416881009936332703e-02 1.006399270409019664e-05 1.138546303991461173e-05 1.108644482883391902e-05 1.040866663970518857e-05 9.893748028844129294e-06 1.035684817907167599e-05
4.220000000000000000e+02 3.369196558927247537e-02 1.412391476333141327e-02 9.977574336517136544e-06 1.129213524109218270e-05 1.098264328902587295e-05 1.032422460411908105e-05 9.800762200029566884e-06 1.027224698191275820e-05
4.230000000000000000e+02 3.353285381352379829e-02 1.407925318926572800e-02 9.900831173581536859e-06 1.120519664254970849e-05 1.089245142793515697e-05 1.022675951389828697e-05 9.705366210255306214e-06 1.017254271573619917e-05
4.240000000000000000e+02 3.337486650053399923e-02 1.403481140732765198e-02 9.825940651353448629e-06 1.110269295168109238e-05 1.079289359040558338e-05 1.013994460663525388e-05 9.612143912818282843e-06 1.008834715321427211e-05
4.250000000000000000e+02 3.321799307958477748e-02 1.399060245603322983e-02 9.743082955537829548e-06 1.101680027204565704e-05 1.069732934411149472e-05 1.006900856737047434e-05 9.528096597932744771e-06 9.997371307690627873e-06
4.260000000000000000e+02 3.306222310388150232e-02 1.394659839570522308e-02 9.662037882662843913e-06 1.092175989469978958e-05 1.060742306435713544e-05 9.979184142139274627e-06 9.431920261704362929e-06 9.913451322063338012e-06
4.270000000000000000e+02 3.290754624881395835e-02 1.390281040221452713e-02 9.591964044375345111e-06 1.084262112271972001e-05 1.053057167155202478e-05 9.910645530908368528e-06 9.354147550766356289e-06 9.834739103098399937e-06
4.280000000000000000e+02 3.275395231024543635e-02 1.385924778878688812e-02 9.516320460534188896e-06 1.075244836101774126e-05 1.043653901433572173e-05 9.827262147155124694e-06 9.279566256736870855e-06 9.752639925864059478e-06
4.290000000000000000e+02 3.260143120282980173e-02 1.381590403616428375e-02 9.440687790629453957e-06 1.067445919034071267e-05 1.035797504300717264e-05 9.758652595337480307e-06 9.200050044455565512e-06 9.680298717285040766e-06
4.300000000000000000e+02 3.244997295835586743e-02 1.377277076244354248e-02 9.365760888613294810e-06 1.059904570865910500e-05 1.029119175655068830e-05 9.681307346909306943e-06 9.122201845457311720e-06 9.592793503543362021e-06
4.310000000000000000e+02 3.229956772411862742e-02 1.372985634952783585e-02 9.302562830271199346e-06 1.052157585945678875e-05 1.020540094032185152e-05 9.605273589841090143e-06 9.054329893842805177e-06 9.525016139377839863e-06
4.320000000000000000e+02 3.215020576131687180e-02 1.368714682757854462e-02 9.230481737176887691e-06 1.045291173795703799e-05 1.013914970826590434e-05 9.545669854560401291e-06 8.971182978712022305e-06 9.454458449908997864e-06
4.330000000000000000e+02 3.200187744347668395e-02 1.364464592188596725e-02 9.164760740532074124e-06 1.038658956531435251e-05 1.006836009764811024e-05 9.473997124587185681e-06 8.904873538995161653e-06 9.381257768836803734e-06
4.340000000000000000e+02 3.185457325490029246e-02 1.360236108303070068e-02 9.101373507292009890e-06 1.031146621244261041e-05 9.995172149501740932e-06 9.419237358088139445e-06 8.852314749674405903e-06 9.329233762400690466e-06
4.350000000000000000e+02 3.170828378913990997e-02 1.356026995927095413e-02 9.036247320182155818e-06 1.023443655867595226e-05 9.936999958881642669e-06 9.352304914500564337e-06 8.776372851571068168e-06 9.255371878680307418e-06
4.360000000000000000e+02 3.156299974749600390e-02 1.351839210838079453e-02 8.962738320406060666e-06 1.017030535876983777e-05 9.867684639175422490e-06 9.289725312555674464e-06 8.721201083972118795e-06 9.190119271806906909e-06
4.370000000000000000e+02 3.141871193753960345e-02 1.347671914845705032e-02 8.895861355995293707e-06 1.010931464406894520e-05 9.799163308343850076e-06 9.232740012521389872e-06 8.650231393403373659e-06 9.122644769377075136e-06
4.380000000000000000e+02 3.127541127165821971e-02 1.343523710966110229e-02 8.837538189254701138e-06 1.005203739623539150e-05 9.751332072482910007e-06 9.175533705274574459e-06 8.594656719651538879e-06 9.065340236702468246e-06
4.390000000000000000e+02 3.113308876562491737e-02 1.339396648108959198e-02 8.782939403317868710e-06 9.985551514546386898e-06 9.688804311736021191e-06 9.110450264415703714e-06 8.538341717212460935e-06 8.993772098619956523e-06
4.400000000000000000e+02 3.099173553719008350e-02 1.335289329290390015e-02 8.723544851818587631e-06 9.917400348058436066e-06 9.637516996008343995e-06 9.048971151059959084e-06 8.477702976961154491e-06 8.949343282438348979e-06
4.410000000000000000e+02 3.085134280469557441e-02 1.331200636923313141e-02 8.662612344778608531e-06 9.863882951322011650e-06 9.575392141414340585e-06 9.003681952890474349e-06 8.423235158261377364e-06 8.879678716766647995e-06
4.420000000000000000e+02 3.071190188571077534e-02 1.327132899314165115e-02 8.603377864346839488e-06 9.805768058868125081e-06 9.525930181553121656e-06 8.943556167650967836e-06 8.364921086467802525e-06 8.819773938739672303e-06
4.430000000000000000e+02 3.057340419569016740e-02 1.323083601891994476e-02 8.548620826331898570e-06 9.743958798935636878e-06 9.473234058532398194e-06 8.894462553143966943e-06 8.314042133861221373e-06 8.757794603297952563e-06
4.440000000000000000e+02 3.043584124665205809e-02 1.319053862243890762e-02 8.489378160447813570e-06 9.696008419268764555e-06 9.428586054127663374e-06 8.843052455631550401e-06 8.250010978372301906e-06 8.708221685083117336e-06
4.450000000000000000e+02 3.029920464587804521e-02 1.315043959766626358e-02 8.427959983237087727e-06 9.632842193241231143e-06 9.374649380333721638e-06 8.781757060205563903e-06 8.201499440474435687e-06 8.652079486637376249e-06
4.460000000000000000e+02 3.016348609463290892e-02 1.311052031815052032e-02 8.378990060009527951e-06 9.584221515979152173e-06 9.318005140812601894e-06 8.729202818358317018e-06 8.146273103193379939e-06 8.589614481024909765e-06
4.470000000000000000e+02 3.002867738690449470e-02 1.307078171521425247e-02 8.333968253282364458e-06 9.529000635666307062e-06 9.272316674469038844e-06 8.674198397784493864e-06 8.097484169411472976e-06 8.533459549653343856e-06
4.480000000000000000e+02 2.989477040816326467e-02 1.303124614059925079e-02 8.277145752799697220e-06 9.474145372223574668e-06 9.224498171533923596e-06 8.627192983112763613e-06 8.051662007346749306e-06 8.474429705529473722e-06
4.490000000000000000e+02 2.976175713414120141e-02 1.299188937991857529e-02 8.225983037846162915e-06 9.415820386493578553e-06 9.166269592242315412e-06 8.576509571867063642e-06 7.997240572876762599e-06 8.428804903815034777e-06
4.500000000000000000e+02 2.962962962962963076e-02 1.295271702110767365e-02 8.176790288416668773e-06 9.361986485600937158e-06 9.120813956542406231e-06 8.518181857652962208e-06 7.942267984617501497e-06 8.370381692657247186e-06
4.510000000000000000e+02 2.949838004729573443e-02 1.291371975094079971e-02 8.124868145387154073e-06 9.305757885158527642e-06 9.068918188859242946e-06 8.468124178762082011e-06 7.893228939792606980e-06 8.310094926855526865e-06
4.520000000000000000e+02 2.936800062651734669e-02 1.287491898983716965e-02 8.076258382061496377e-06 9.260620572604238987e-06 9.021571713674347848e-06 8.422482096648309380e-06 7.841008482500910759e-06 8.261978109658230096e-06
4.530000000000000000e+02 2.923848369223571927e-02 1.283630076795816422e-02 8.033396625251043588e-06 9.205255992128513753e-06 8.977513971331063658e-06 8.371043804800137877e-06 7.788184120727237314e-06 8.206148777389898896e-06
4.540000000000000000e+02 2.910982165382600129e-02 1.279784366488456726e-02 7.985649062902666628e-06 9.159324690699577332e-06 8.927939234126824886e-06 8.312061254400759935e-06 7.747846211714204401e-06 8.153601811500266194e-06
4.550000000000000000e+02 2.898200700398502472e-02 1.275956351310014725e-02 7.935966095828916878e-06 9.100217539526056498e-06 8.888663614925462753e-06 8.269334102806169540e-06 7.683306648686993867e-06 8.101055755105335265e-06
4.560000000000000000e+02 2.885503231763619433e-02 1.272147893905639648e-02 7.887759238656144589e-06 9.045237675309181213e-06 8.837351742840837687e-06 8.211149179260246456e-06 7.653595275769475847e-06 8.054115824052132666e-06
4.570000000000000000e+02 2.872889025085109335e-02 1.268357597291469574e-02 7.845986147003713995e-06 9.003499144455417991e-06 8.790908395894803107e-06 8.166791303665377200e-06 7.590683253511087969e-06 8.006679308891762048e-06
4.580000000000000000e+02 2.860357353978757247e-02 1.264582015573978424e-02 7.789617484377231449e-06 8.947257811087183654e-06 8.737644748180173337e-06 8.116528078971896321e-06 7.545828339061699808e-06 7.947460289869923145e-06
4.590000000000000000e+02 2.847907499964400999e-02 1.260824315249919891e-02 7.744796675979159772e-06 8.899420208763331175e-06 8.699523277755361050e-06 8.057912054937332869e-06 7.502283096982864663e-06 7.894528607721440494e-06
4.600000000000000000e+02 2.835538752362948972e-02 1.257083285599946976e-02 7.705711141170468181e-06 8.847432582115288824e-06 8.650991730974055827e-06 8.011326826817821711e-06 7.445825758622959256e-06 7.843481398595031351e-06
4.610000000000000000e+02 2.823250408194954986e-02 1.253360509872436523e-02 7.659576112928334624e-06 8.790031643002294004e-06 8.594910468673333526e-06 7.958617970871273428e-06 7.391883627860806882e-06 7.799207196512725204e-06
4.620000000000000000e+02 2.811041772080733261e-02 1.249654684215784073e-02 7.607046427438035607e-06 8.731751222512684762e-06 8.554076885047834367e-06 7.909962732810527086e-06 7.340756383200641721e-06 7.746535629848949611e-06
4.630000000000000000e+02 2.798912156141979482e-02 1.245965529233217239e-02 7.564648967672837898e-06 8.688296475156676024e-06 8.497851922584231943e-06 7.863120117690414190e-06 7.300007382582407445e-06 7.700041351199615747e-06
4.640000000000000000e+02 2.786860879904875035e-02 1.242292765527963638e-02 7.517717676819302142e-06 8.641781278129201382e-06 8.458322554361075163e-06 7.804160304658580571e-06 7.247288067446788773e-06 7.653437933186069131e-06
4.650000000000000000e+02 2.774887270204648079e-02 1.238636393100023270e-02 7.456544153683353215e-06 8.590228389948606491e-06 8.414950571022927761e-06 7.753058525850065053e-06 7.206234840850811452e-06 7.587850632262416184e-06
4.660000000000000000e+02 2.762990661091565409e-02 1.234996411949396133e-02 7.428438038914464414e-06 8.540698217984754592e-06 8.357570550288073719e-06 7.704031304456293583e-06 7.160729637689655647e-06 7.553805971838301048e-06
4.670000000000000000e+02 2.751170393738336037e-02 1.231372728943824768e-02 7.367812941083684564e-06 8.491782864439301193e-06 8.309332770295441151e-06 7.652306521777063608e-06 7.104075848474167287e-06 7.498505965486401692e-06
4.680000000000000000e+02 2.739425816348893192e-02 1.227765344083309174e-02 7.325586466322420165e-06 8.434263691015075892e-06 8.267494195024482906e-06 7.608147825521882623e-06 7.061205906211398542e-06 7.441069101332686841e-06
4.690000000000000000e+02 2.727756284068539455e-02 1.224174909293651581e-02 7.269505204021697864e-06 8.388039532292168587e-06 8.209550287574529648e-06 7.544299478468019515e-06 7.014592938503483310e-06 7.398254638246726245e-06
4.700000000000000000e+02 2.716161158895427641e-02 1.220598816871643066e-02 7.219599410746013746e-06 8.344257366843521595e-06 8.168295607902109623e-06 7.500982064811978489e-06 6.972375558689236641e-06 7.344569894485175610e-06
4.710000000000000000e+02 2.704639809593357286e-02 1.217039488255977631e-02 7.160040695453062654e-06 8.294617146020755172e-06 8.118570804072078317e-06 7.446597464877413586e-06 6.917326118127675727e-06 7.303606707864673808e-06
4.720000000000000000e+02 2.693191611605860389e-02 1.213496178388595581e-02 7.120675491023575887e-06 8.238544069172348827e-06 8.070401236182078719e-06 7.406134045595536008e-06 6.868086074973689392e-06 7.253341209434438497e-06
4.730000000000000000e+02 2.681815946971559395e-02 1.209970004856586456e-02 7.060047664708690718e-06 8.192198947654105723e-06 8.023666850931476802e-06 7.348877261392772198e-06 6.840531568741425872e-06 7.209134764707414433e-06
4.740000000000000000e+02 2.670512204240773485e-02 1.206456311047077179e-02 7.009711680439068004e-06 8.136451469908934087e-06 7.973102583491709083e-06 7.308724434551550075e-06 6.787405709474114701e-06 7.158904281823197380e-06
4.750000000000000000e+02 2.659279778393351668e-02 1.202958449721336365e-02 6.952666353754466400e-06 8.090547453321050853e-06 7.923768862383440137e-06 7.243678737722802907e-06 6.740534445270895958e-06 7.115243079169886187e-06
4.760000000000000000e+02 2.648118070757714965e-02 1.199477165937423706e-02 6.901551387272775173e-06 8.032487130549270660e-06 7.873984941397793591e-06 7.192059456428978592e-06 6.693304840155178681e-06 7.054129127936903387e-06
4.770000000000000000e+02 2.637026488931081339e-02 1.196011528372764587e-02 6.852775186416693032e-06 7.990587619133293629e-06 7.815782737452536821e-06 7.142000868043396622e-06 6.642276730417506769e-06 7.010644822003087029e-06
4.780000000000000000e+02 2.626004446700862943e-02 1.192559115588665009e-02 6.798133654228877276e-06 7.943028322188183665e-06 7.774032383167650551e-06 7.087169706210261211e-06 6.597535957553191110e-06 6.965757165744435042e-06
4.790000000000000000e+02 2.615051363967207249e-02 1.189123652875423431e-02 6.736978775734314695e-06 7.895413546066265553e-06 7.728221135039348155e-06 7.035547241684980690e-06 6.557057076861383393e-06 6.928294624231057242e-06
4.800000000000000000e+02 2.604166666666666782e-02 1.185702253133058548e-02 6.681294053123565391e-06 7.849761459510773420e-06 7.676550012547522783e-06 6.991538612055592239e-06 6.511935680464375764e-06 6.866837338748155162e-06
4.810000000000000000e+02 2.593349786696980130e-02 1.182295102626085281e-02 6.620337444473989308e-06 7.792511496518272907e-06 7.632398592249955982e-06 6.932383257662877440e-06 6.466037575592054054e-06 6.832611688878387213e-06
4.820000000000000000e+02 2.582600161842943387e-02 1.178903039544820786e-02 6.568176559085259214e-06 7.743477908661589026e-06 7.578370059491135180e-06 6.880954060761723667e-06 6.413387836801121011e-06 6.784945981053169817e-06
4.830000000000000000e+02 2.571917235703355051e-02 1.175525411963462830e-02 6.509368176921270788e-06 7.694862688367720693e-06 7.532014933531172574e-06 6.827846846135798842e-06 6.376124929374782369e-06 6.734736871294444427e-06
4.840000000000000000e+02 2.561300457619014939e-02 1.172162871807813644e-02 6.450844011851586401e-06 7.647793609066866338e-06 7.480750355171039701e-06 6.777386715839384124e-06 6.325525191641645506e-06 6.687571385555202141e-06
4.850000000000000000e+02 2.550749282601764284e-02 1.168814674019813538e-02 6.393754119926597923e-06 7.599810032843379304e-06 7.434070539602544159e-06 6.729684173478744924e-06 6.278307409957051277e-06 6.633858902205247432e-06
4.860000000000000000e+02 2.540263171264543068e-02 1.165481563657522202e-02 6.346007012325571850e-06 7.546789220214122906e-06 7.382318017334910110e-06 6.679018952127080411e-06 6.241689789021620527e-06 6.591746114281704649e-06
4.870000000000000000e+02 2.529841589752454892e-02 1.162161305546760559e-02 6.286423285928322002e-06 7.493505563616054133e-06 7.332561381190316752e-06 6.632376425841357559e-06 6.188886345626087859e-06 6.544337338709738106e-06
4.880000000000000000e+02 2.519484009674818545e-02 1.158854924142360687e-02 6.228430265764473006e-06 7.452857516909716651e-06 7.280307272594654933e-06 6.578872671525459737e-06 6.146088253444759175e-06 6.499891696876147762e-06
4.890000000000000000e+02 2.509189908038189989e-02 1.155564468353986740e-02 6.183769983181264251e-06 7.398571142402943224e-06 7.234648819576250389e-06 6.521020168293034658e-06 6.095308890508022159e-06 6.452972229453735054e-06
4.900000000000000000e+02 2.498958767180341559e-02 1.152287051081657410e-02 6.128469067334663123e-06 7.350171927100745961e-06 7.182709396147402003e-06 6.470082553278189152e-06 6.049528110452229157e-06 6.403658062481554225e-06
4.910000000000000000e+02 2.488790074705182070e-02 1.149022672325372696e-02 6.062912689230870456e-06 7.301071946130832657e-06 7.123998329916503280e-06 6.418428711185697466e-06 5.999991117278113961e-06 6.354522611218271777e-06
4.920000000000000000e+02 2.478683323418600162e-02 1.145772170275449753e-02 6.008114269206998870e-06 7.248783731483854353e-06 7.081904641381697729e-06 6.364439741446403787e-06 5.960670478089014068e-06 6.299916549323825166e-06
4.930000000000000000e+02 2.468638011265218007e-02 1.142535544931888580e-02 5.959248483122792095e-06 7.205644578789360821e-06 7.027230822131969035e-06 6.311152901616878808e-06 5.916821010032435879e-06 6.252336788747925311e-06
4.940000000000000000e+02 2.458653641266042578e-02 1.139314379543066025e-02 5.898175913898739964e-06 7.152470516302855685e-06 6.977815246500540525e-06 6.259713700274005532e-06 5.866957963007735088e-06 6.207295427884673700e-06
4.950000000000000000e+02 2.448729721456994329e-02 1.136105135083198547e-02 5.842071914230473340e-06 7.105853910616133362e-06 6.935555575182661414e-06 6.208842933119740337e-06 5.827463155583245680e-06 6.154266884550452232e-06
4.960000000000000000e+02 2.438865764828303945e-02 1.132908742874860764e-02 5.796628556709038094e-06 7.054124125716043636e-06 6.872412541270023212e-06 6.153001777420286089e-06 5.778325885330559686e-06 6.109672085585771129e-06
4.970000000000000000e+02 2.429061289264763598e-02 1.129726041108369827e-02 5.734729256801074371e-06 6.987272627156926319e-06 6.824829142715316266e-06 6.107611170591553673e-06 5.735876129620010033e-06 6.059036877559265122e-06
4.980000000000000000e+02 2.419315817486814707e-02 1.126557122915983200e-02 5.684863026544917375e-06 6.947772362764226273e-06 6.773760105716064572e-06 6.053958713891915977e-06 5.679155037796590477e-06 6.003659109410364181e-06
4.990000000000000000e+02 2.409628876992461755e-02 1.123400405049324036e-02 5.634917670249706134e-06 6.896682862134184688e-06 6.719431439705658704e-06 6.004045644658617675e-06 5.638586571876658127e-06 5.951269031356787309e-06
5.000000000000000000e+02 2.400000000000000050e-02 1.120258774608373642e-02 5.581098321272293106e-06 6.848255452496232465e-06 6.665396540483925492e-06 5.941554718447150663e-06 5.593179594143293798e-06 5.904390945943305269e-06
5.010000000000000000e+02 2.390428723391540416e-02 1.117127761244773865e-02 5.535875970963388681e-06 6.796534762543160468e-06 6.613284767809091136e-06 5.899189545743865892e-06 5.544497980736196041e-06 5.849306035088375211e-06
5.020000000000000000e+02 2.380914588657322833e-02 1.114010997116565704e-02 5.486961072165286168e-06 6.749248314008582383e-06 6.577283329534111544e-06 5.842876817041542381e-06 5.500625320564722642e-06 5.798554866487393156e-06
5.030000000000000000e+02 2.371457141840804111e-02 1.110907178372144699e-02 5.442801921162754297e-06 6.693624982290202752e-06 6.513481821457389742e-06 5.793036507384385914e-06 5.443343525257660076e-06 5.743683232140028849e-06
5.040000000000000000e+02 2.362055933484505030e-02 1.107815373688936234e-02 5.390056685428135097e-06 6.636556463490705937e-06 6.460348231485113502e-06 5.739749212807510048e-06 5.409315235738176852e-06 5.696307653124677017e-06
5.050000000000000000e+02 2.352710518576609997e-02 1.104736048728227615e-02 5.343481007002992555e-06 6.591213150386465713e-06 6.416129053832264617e-06 5.685728410753654316e-06 5.359236183721804991e-06 5.648435035254806280e-06
5.060000000000000000e+02 2.343420456498305007e-02 1.101669296622276306e-02 5.303912530507659540e-06 6.530131940962746739e-06 6.357054189720656723e-06 5.637933099933434278e-06 5.307390438247239217e-06 5.597008112090406939e-06
5.070000000000000000e+02 2.334185310971837943e-02 1.098616048693656921e-02 5.253929430182324722e-06 6.488436611107317731e-06 6.303049303824082017e-06 5.575604973273584619e-06 5.263387720333412290e-06 5.541184691537637264e-06
5.080000000000000000e+02 2.325004650009300164e-02 1.095573976635932922e-02 5.203266482567414641e-06 6.445940016419626772e-06 6.249230864341370761e-06 5.534244337468408048e-06 5.214112206886056811e-06 5.502709427673835307e-06
5.090000000000000000e+02 2.315878045862104773e-02 1.092545408755540848e-02 5.158761268830858171e-06 6.390906037267995998e-06 6.198235041665611789e-06 5.495631285157287493e-06 5.165114544070092961e-06 5.455855898617301136e-06
5.100000000000000000e+02 2.306805074971165007e-02 1.089529227465391159e-02 5.120319656271021813e-06 6.333480087050702423e-06 6.148320608190260828e-06 5.431282716017449275e-06 5.119519300933461636e-06 5.406958280218532309e-06
5.110000000000000000e+02 2.297785317917747094e-02 1.086524128913879395e-02 5.071578470960957929e-06 6.286616098805097863e-06 6.104527074057841673e-06 5.389214948081644252e-06 5.077557943877764046e-06 5.353144842956680804e-06
5.120000000000000000e+02 2.288818359375000000e-02 1.083532627671957016e-02 5.037461505708051845e-06 6.236313311092089862e-06 6.051820491848047823e-06 5.335741207090904936e-06 5.037267328589223325e-06 5.302172212395817041e-06
5.130000000000000000e+02 2.279903788060144015e-02 1.080551557242870331e-02 4.989279659639578313e-06 6.189038231241283938e-06 6.000198936817469075e-06 5.285846327751642093e-06 4.986808562534861267e-06 5.263459115667501464e-06
5.140000000000000000e+02 2.271041196687307792e-02 1.077582221478223801e-02 4.937460289511363953e-06 6.136523552413564175e-06 5.947811587247997522e-06 5.245294232736341655e-06 4.933852778776781633e-06 5.207826689002104104e-06
5.150000000000000000e+02 2.262230181921010344e-02 1.074627321213483810e-02 4.913070824841270223e-06 6.087012479838449508e-06 5.899377811147132888e-06 5.193359356781002134e-06 4.890583113592583686e-06 5.167318249732488766e-06
5.160000000000000000e+02 2.253470344330268590e-02 1.071681734174489975e-02 4.868768883170560002e-06 6.043137545930221677e-06 5.849661647516768426e-06 5.143267571838805452e-06 4.851246558246202767e-06 5.127401436766376719e-06
5.170000000000000000e+02 2.244761288343328706e-02 1.068749651312828064e-02 4.834624178329249844e-06 5.999091627018060535e-06 5.801599400001578033e-06 5.093775143905077130e-06 4.813318355445517227e-06 5.078347385278902948e-06
5.180000000000000000e+02 2.236102622203008441e-02 1.065827626734972000e-02 4.789033937413478270e-06 5.953610980213852599e-06 5.755670827056746930e-06 5.050754680269164965e-06 4.766009169543394819e-06 5.031298314861487597e-06
5.190000000000000000e+02 2.227493957922638962e-02 1.062917895615100861e-02 4.758365776069695130e-06 5.897485152672743425e-06 5.700473593606147915e-06 5.005973434890620410e-06 4.724714926851447672e-06 4.987919055565726012e-06
5.200000000000000000e+02 2.218934911242603433e-02 1.060019433498382568e-02 4.720097422250546515e-06 5.851280548085924238e-06 5.652496383845573291e-06 4.964299023413332179e-06 4.676915523305069655e-06 4.944241936755133793e-06
5.210000000000000000e+02 2.210425101587453617e-02 1.057134289294481277e-02 4.685249223257414997e-06 5.805967248306842521e-06 5.605264504993101582e-06 4.920540959574282169e-06 4.636218363884836435e-06 4.902899036096641794e-06
5.220000000000000000e+02 2.201964152023605167e-02 1.054258365184068680e-02 4.658299531001830474e-06 5.764136403740849346e-06 5.556507858273107558e-06 4.879001153312856331e-06 4.602076387527631596e-06 4.866502422373741865e-06
5.230000000000000000e+02 2.193551689217596717e-02 1.051393989473581314e-02 4.618025286617921665e-06 5.721352863474749029e-06 5.510451956070028245e-06 4.834872015635482967e-06 4.563188213069224730e-06 4.828469172935001552e-06
5.240000000000000000e+02 2.185187343394907195e-02 1.048541255295276642e-02 4.593265657604206353e-06 5.678075012838235125e-06 5.466920356411719695e-06 4.797329893335700035e-06 4.515254659054335207e-06 4.782885753229493275e-06
5.250000000000000000e+02 2.176870748299319577e-02 1.045700348913669586e-02 4.551445272227283567e-06 5.644596512865973637e-06 5.425914878287585452e-06 4.748156698042294011e-06 4.479870767681859434e-06 4.748479568661423400e-06
5.260000000000000000e+02 2.168601541152828660e-02 1.042868196964263916e-02 4.518511104834033176e-06 5.594070898951031268e-06 5.383361894928384572e-06 4.704190359916538000e-06 4.444554178917314857e-06 4.713481303042499349e-06
5.270000000000000000e+02 2.160379362616075480e-02 1.040049456059932709e-02 4.495780103752622381e-06 5.555488314712420106e-06 5.339180461305659264e-06 4.667328539653681219e-06 4.417475793161429465e-06 4.673608600569423288e-06
5.280000000000000000e+02 2.152203856749311181e-02 1.037242356687784195e-02 4.466281552595319226e-06 5.513058113137958571e-06 5.292901278153294697e-06 4.633090156858088449e-06 4.374205218482529745e-06 4.636509856936754659e-06
5.290000000000000000e+02 2.144074670973874358e-02 1.034442614763975143e-02 4.434074526216136292e-06 5.481363587023224682e-06 5.256084023130824789e-06 4.591981451085302979e-06 4.334973255026852712e-06 4.601132332027191296e-06
5.300000000000000000e+02 2.135991456034175978e-02 1.031657774001359940e-02 4.404422270454233512e-06 5.437333584268344566e-06 5.208127277001040056e-06 4.555864506983198225e-06 4.302374691178556532e-06 4.558401997201144695e-06
5.310000000000000000e+02 2.127953865960185986e-02 1.028881687670946121e-02 4.370052010926883668e-06 5.397518634708831087e-06 5.168570169189479202e-06 4.520103175309486687e-06 4.260777132003568113e-06 4.526085376710398123e-06
5.320000000000000000e+02 2.119961558030414306e-02 1.026116497814655304e-02 4.340487521403701976e-06 5.355366738513112068e-06 5.133648755872854963e-06 4.483985776460031047e-06 4.239556801621802151e-06 4.495911070989677683e-06
5.330000000000000000e+02 2.112014192735375134e-02 1.023361925035715103e-02 4.315522801334736869e-06 5.313077963364776224e-06 5.092369065096136183e-06 4.453585006558569148e-06 4.196249392407480627e-06 4.460122909222263843e-06
5.340000000000000000e+02 2.104111433741531062e-02 1.020618993788957596e-02 4.286826424504397437e-06 5.282940037432126701e-06 5.055510428064735606e-06 4.420012373884674162e-06 4.167005045019323006e-06 4.427656676853075624e-06
5.350000000000000000e+02 2.096252947855707996e-02 1.017885375767946243e-02 4.256932243151823059e-06 5.243991836323402822e-06 5.012477231502998620e-06 4.388094566820655018e-06 4.139518296142341569e-06 4.399813406052999198e-06
5.360000000000000000e+02 2.088438404989975336e-02 1.015162840485572815e-02 4.225602424412500113e-06 5.220649200055049732e-06 4.986363819625694305e-06 4.347925823822151870e-06 4.113692739338148385e-06 4.368869667814578861e-06
5.370000000000000000e+02 2.080667478126983078e-02 1.012450642883777618e-02 4.199421709927264601e-06 5.173239514988381416e-06 4.947988600179087371e-06 4.321297183196293190e-06 4.076874574820976704e-06 4.334332970756804571e-06
5.380000000000000000e+02 2.072939843285747860e-02 1.009748876094818115e-02 4.174956302449572831e-06 5.140190296515356749e-06 4.911735231871716678e-06 4.282255758880637586e-06 4.053646080137696117e-06 4.305665697756921872e-06
5.390000000000000000e+02 2.065255179487885534e-02 1.007057167589664459e-02 4.146530955040361732e-06 5.108916411700192839e-06 4.867317784373881295e-06 4.252283815731061623e-06 4.018578238174086437e-06 4.275475930626271293e-06
5.400000000000000000e+02 2.057613168724279837e-02 1.004375983029603958e-02 4.125653958908515051e-06 5.079378297523362562e-06 4.833741968468530104e-06 4.219915808789664879e-06 3.985001512774033472e-06 4.242806880938587710e-06
5.410000000000000000e+02 2.050013495922181628e-02 1.001704111695289612e-02 4.101905233255820349e-06 5.041992608312284574e-06 4.805341177416266873e-06 4.191730567981721833e-06 3.960889898735331371e-06 4.220333721605129540e-06
5.420000000000000000e+02 2.042455848912732783e-02 9.990429505705833435e-03 4.065558186994167045e-06 5.008309472032124177e-06 4.774793069373117760e-06 4.152491783315781504e-06 3.941504473914392292e-06 4.188691946183098480e-06
5.430000000000000000e+02 2.034939918398909198e-02 9.963924065232276917e-03 4.045480636705178767e-06 4.987582997273420915e-06 4.741042175737675279e-06 4.123799044464249164e-06 3.913007731171092018e-06 4.164133770245825872e-06
5.440000000000000000e+02 2.027465397923875270e-02 9.937510825693607330e-03 4.016909315396333113e-06 4.954891210218193009e-06 4.700901627074927092e-06 4.099460966244805604e-06 3.880721124005503953e-06 4.129219632886815816e-06
5.450000000000000000e+02 2.020031983839743958e-02 9.911209344863891602e-03 3.995657152700005099e-06 4.922574134980095550e-06 4.681658538174815476e-06 4.070764589414466172e-06 3.855268460029037669e-06 4.101712420379044488e-06
5.460000000000000000e+02 2.012639375276737905e-02 9.884983301162719727e-03 3.974018000008072704e-06 4.885841008217539638e-06 4.651154540624702349e-06 4.038912720716325566e-06 3.829958131973398849e-06 4.075509878020966426e-06
5.470000000000000000e+02 2.005287274112744003e-02 9.858877398073673248e-03 3.948246103391284123e-06 4.862034984398633242e-06 4.614985300577245653e-06 4.017524588562082499e-06 3.795783641180605628e-06 4.057281330460682511e-06
5.480000000000000000e+02 1.997975384943257576e-02 9.832861833274364471e-03 3.922902124031679705e-06 4.827726570511003956e-06 4.585053375194547698e-06 3.995231509179575369e-06 3.771270712604746222e-06 4.029537194583099335e-06
5.490000000000000000e+02 1.990703415051708544e-02 9.806942194700241089e-03 3.888651008310262114e-06 4.800602255272679031e-06 4.551764504867605865e-06 3.963758899772074074e-06 3.753929604499717243e-06 3.998914962721755728e-06
5.500000000000000000e+02 1.983471074380165414e-02 9.781125001609325409e-03 3.869427018798887730e-06 4.764794539369177073e-06 4.522514245763886720e-06 3.933750576834427193e-06 3.725989699887577444e-06 3.972721060563344508e-06
5.510000000000000000e+02 1.976278075500410153e-02 9.755403734743595123e-03 3.851382643915712833e-06 4.736200480692787096e-06 4.499572241911664605e-06 3.908450253220507875e-06 3.706114966917084530e-06 3.949207894038408995e-06
5.520000000000000000e+02 1.969124133585381173e-02 9.729771874845027924e-03 3.821990048891166225e-06 4.712603640655288473e-06 4.465910024009644985e-06 3.892078439093893394e-06 3.685809360831626691e-06 3.922773430531378835e-06
5.530000000000000000e+02 1.962008966380976438e-02 9.704231284558773041e-03 3.794825261138612404e-06 4.672264367400202900e-06 4.432196419656975195e-06 3.856206149066565558e-06 3.660368065538932569e-06 3.898322574968915433e-06
5.540000000000000000e+02 1.954932294178211502e-02 9.678784757852554321e-03 3.775610139200580306e-06 4.646669367502909154e-06 4.400283160066464916e-06 3.824042778433067724e-06 3.642966021288884804e-06 3.872625711665023118e-06
5.550000000000000000e+02 1.947893839785731773e-02 9.653458371758460999e-03 3.742261469596996903e-06 4.625825567927677184e-06 4.375500793685205281e-06 3.807081156992353499e-06 3.603587401812546887e-06 3.840435965685173869e-06
5.560000000000000000e+02 1.940893328502665480e-02 9.628202766180038452e-03 3.725340548044187017e-06 4.595438440446741879e-06 4.353321855887770653e-06 3.782050271183834411e-06 3.585892955015879124e-06 3.818648565356852487e-06
5.570000000000000000e+02 1.933930488091822886e-02 9.603035636246204376e-03 3.686283207571250387e-06 4.566088591673178598e-06 4.321846517996164039e-06 3.754004865186288953e-06 3.561247922334587201e-06 3.799286560024484061e-06
5.580000000000000000e+02 1.927005048753227881e-02 9.577974677085876465e-03 3.662373728730017319e-06 4.531304512056522071e-06 4.300776254240190610e-06 3.737988663488067687e-06 3.539735871527227573e-06 3.770286184590077028e-06
5.590000000000000000e+02 1.920116743097980208e-02 9.552993811666965485e-03 3.645073547886568122e-06 4.511461611400591210e-06 4.264545623300364241e-06 3.702910362335387617e-06 3.513786396069917828e-06 3.749585175683023408e-06
5.600000000000000000e+02 1.913265306122449022e-02 9.528105147182941437e-03 3.611901547628804110e-06 4.489935690799029544e-06 4.233983872836688533e-06 3.682906253743567504e-06 3.494685643090633675e-06 3.723321242432575673e-06
5.610000000000000000e+02 1.906450475182780782e-02 9.503301233053207397e-03 3.591157110349740833e-06 4.455968337424565107e-06 4.208397513139061630e-06 3.653844260043115355e-06 3.471361878837342374e-06 3.689218601721222512e-06
5.620000000000000000e+02 1.899671989969731883e-02 9.478618390858173370e-03 3.564504822861636057e-06 4.427070962265133858e-06 4.181417352810967714e-06 3.633616870502009988e-06 3.447969902481418103e-06 3.665763642857200466e-06
5.630000000000000000e+02 1.892929592483807641e-02 9.454002603888511658e-03 3.540496209097909741e-06 4.402484591992106289e-06 4.156840077484957874e-06 3.606872269301675260e-06 3.427358251428813674e-06 3.642012643467751332e-06
5.640000000000000000e+02 1.886223027010713871e-02 9.429478086531162262e-03 3.518818175507476553e-06 4.375285698188235983e-06 4.123258804611396044e-06 3.581540795494220220e-06 3.398965191081515513e-06 3.621064024628140032e-06
5.650000000000000000e+02 1.879552040097110313e-02 9.405030868947505951e-03 3.486530431473511271e-06 4.347154572315048426e-06 4.108992015972035006e-06 3.560238610589294694e-06 3.382234581295051612e-06 3.598661805881420150e-06
5.660000000000000000e+02 1.872916380526664162e-02 9.380697272717952728e-03 3.463956772975507192e-06 4.314108991820830852e-06 4.073399395565502346e-06 3.532882828949368559e-06 3.355171656949096359e-06 3.571876050045830198e-06
5.670000000000000000e+02 1.866315799296398847e-02 9.356433525681495667e-03 3.441692570049781352e-06 4.287071988073876128e-06 4.040090971102472395e-06 3.513660431053722277e-06 3.338384658491122536e-06 3.548026370481238700e-06
5.680000000000000000e+02 1.859750049593334592e-02 9.332265704870223999e-03 3.406269115657778457e-06 4.267415988579159603e-06 4.020648702862672508e-06 3.491032202873611823e-06 3.308485929665039293e-06 3.523248096826137044e-06
5.690000000000000000e+02 1.853218886771414858e-02 9.308177046477794647e-03 3.383785724508925341e-06 4.237308985466370359e-06 3.993214249931043014e-06 3.467608621576800942e-06 3.287329718659748323e-06 3.506627990645938553e-06
5.700000000000000000e+02 1.846722068328716590e-02 9.284185245633125305e-03 3.359305992489680648e-06 4.210571660223649815e-06 3.962672963098157197e-06 3.450065378274302930e-06 3.257609932916238904e-06 3.472502612567041069e-06
5.710000000000000000e+02 1.840259353884940788e-02 9.260280057787895203e-03 3.328446382511174306e-06 4.173863544565392658e-06 3.942038347304333001e-06 3.417596417421009392e-06 3.249408564443001524e-06 3.454048965068068355e-06
5.720000000000000000e+02 1.833830505159176477e-02 9.236444719135761261e-03 3.304103756818221882e-06 4.148119387537008151e-06 3.907737664121668786e-06 3.402523816475877538e-06 3.223499334126245230e-06 3.430403467064024881e-06
5.730000000000000000e+02 1.827435285947936333e-02 9.212712757289409637e-03 3.280264536442700773e-06 4.130322849960066378e-06 3.885026671923696995e-06 3.379351710464106873e-06 3.195092176611069590e-06 3.407515805520233698e-06
5.740000000000000000e+02 1.821073462103461188e-02 9.189047850668430328e-03 3.255910996813327074e-06 4.090121819899650291e-06 3.849145741696702316e-06 3.349912276462418959e-06 3.174307721565128304e-06 3.378351721039507538e-06
5.750000000000000000e+02 1.814744801512287176e-02 9.165474213659763336e-03 3.222981376893585548e-06 4.062768766743829474e-06 3.835459665424423292e-06 3.326651267343549989e-06 3.156623279210180044e-06 3.360527216500486247e-06
5.760000000000000000e+02 1.808449074074074125e-02 9.141995571553707123e-03 3.196098759872256778e-06 4.037136932311113924e-06 3.817334800260141492e-06 3.305794052721466869e-06 3.126219553450937383e-06 3.335358996991999447e-06
5.770000000000000000e+02 1.802186051680688614e-02 9.118596091866493225e-03 3.172183824062813073e-06 4.010990323877194896e-06 3.782724661505199037e-06 3.284162858108174987e-06 3.104177267232444137e-06 3.313165279905661009e-06
5.780000000000000000e+02 1.795955508195543754e-02 9.095264598727226257e-03 3.148375753880827688e-06 3.985995135735720396e-06 3.754522822418948635e-06 3.252946498832898214e-06 3.081590648434939794e-06 3.292014525868580677e-06
5.790000000000000000e+02 1.789757219433183930e-02 9.072031825780868530e-03 3.132237907266244292e-06 3.962207301810849458e-06 3.733232915692497045e-06 3.238534645788604394e-06 3.060785957131884061e-06 3.261045549152186140e-06
5.800000000000000000e+02 1.783590963139120023e-02 9.048881009221076965e-03 3.108276587227010168e-06 3.926831595890689641e-06 3.700996103361831047e-06 3.206825340384966694e-06 3.041546733584254980e-06 3.242278353354777209e-06
5.810000000000000000e+02 1.777456518969904725e-02 9.025799110531806946e-03 3.074987262152717449e-06 3.902050593751482666e-06 3.674811296150437556e-06 3.194230203007464297e-06 3.017020844708895311e-06 3.207322151865810156e-06
5.820000000000000000e+02 1.771353668473447246e-02 9.002811275422573090e-03 3.052431793548748828e-06 3.876630671584280208e-06 3.645751121439388953e-06 3.172291144437622279e-06 3.000148581122630276e-06 3.197062142135109752e-06
5.830000000000000000e+02 1.765282195069566712e-02 8.979897014796733856e-03 3.026159447472309694e-06 3.854493570543127134e-06 3.625249973993049935e-06 3.137416342724463902e-06 2.968732360386638902e-06 3.168722741975216195e-06
5.840000000000000000e+02 1.759241884030774902e-02 8.957060985267162323e-03 3.010638920386554673e-06 3.821371592493960634e-06 3.592934490370680578e-06 3.119802840956253931e-06 2.950513362520723604e-06 3.157034825562732294e-06
5.850000000000000000e+02 1.753232522463291782e-02 8.934312500059604645e-03 2.980346380354603752e-06 3.798744046434876509e-06 3.572774176063830964e-06 3.094767862421576865e-06 2.933602445409633219e-06 3.127592663076939061e-06
5.860000000000000000e+02 1.747253899288285159e-02 8.911635726690292358e-03 2.959010544145712629e-06 3.771235469685052522e-06 3.554654313120408915e-06 3.071193532377947122e-06 2.911363480961881578e-06 3.103197741438634694e-06
5.870000000000000000e+02 1.741305805223336903e-02 8.889044634997844696e-03 2.940293143183225766e-06 3.747029722944716923e-06 3.519736992529942654e-06 3.049937504329136573e-06 2.886715947170159779e-06 3.077642304560868070e-06
5.880000000000000000e+02 1.735388032764125996e-02 8.866532705724239349e-03 2.922758767454070039e-06 3.720118456840282306e-06 3.497242005323641934e-06 3.031063897651620209e-06 2.870868456739117391e-06 3.056997911698999815e-06
5.890000000000000000e+02 1.729500376166331899e-02 8.844092488288879395e-03 2.894983481382951140e-06 3.694392944453284144e-06 3.481133944660541601e-06 3.013803961948724464e-06 2.857817662516026758e-06 3.041148829652229324e-06
5.900000000000000000e+02 1.723642631427750593e-02 8.821738883852958679e-03 2.873782250389922410e-06 3.664173163997475058e-06 3.452483724686317146e-06 2.994529495481401682e-06 2.829271807058830746e-06 3.018685447386815213e-06
5.910000000000000000e+02 1.717814596270624342e-02 8.799453265964984894e-03 2.860442236851667985e-06 3.635810799096361734e-06 3.430160404604976065e-06 2.966280817418009974e-06 2.815070729411672801e-06 2.990103212141548283e-06
5.920000000000000000e+02 1.712016070124178224e-02 8.777245879173278809e-03 2.844268237822689116e-06 3.617429229052504525e-06 3.404477411095285788e-06 2.949906729554641061e-06 2.794648253257037140e-06 2.969494744320400059e-06
5.930000000000000000e+02 1.706246854107362765e-02 8.755126036703586578e-03 2.828365495588514023e-06 3.595275302359368652e-06 3.374733978489530273e-06 2.936798182417987846e-06 2.766024636002839543e-06 2.947060238511767238e-06
5.940000000000000000e+02 1.700506751011801598e-02 8.733066730201244354e-03 2.798931518555036746e-06 3.568207148418878205e-06 3.350847009642166086e-06 2.908728674810845405e-06 2.748819042608374730e-06 2.930872597062261775e-06
5.950000000000000000e+02 1.694795565284937591e-02 8.711087517440319061e-03 2.791869519569445401e-06 3.538149258019984700e-06 3.327797003294108436e-06 2.888576091208960861e-06 2.735769840001012199e-06 2.915428240157780237e-06
5.960000000000000000e+02 1.689113103013377762e-02 8.689185604453086853e-03 2.767811338344472460e-06 3.519783149386057630e-06 3.305329300928860903e-06 2.878826308005955070e-06 2.714346237553399988e-06 2.893563987527159043e-06
5.970000000000000000e+02 1.683459171906433183e-02 8.667362853884696960e-03 2.745764277278794907e-06 3.496123781587812118e-06 3.283823616584413685e-06 2.858835387087310664e-06 2.694068598430021666e-06 2.868836418201681226e-06
5.980000000000000000e+02 1.677833581279851438e-02 8.645606227219104767e-03 2.732998837018385530e-06 3.476978463368141092e-06 3.263506641815183684e-06 2.836370185832493007e-06 2.674634970389888622e-06 2.843785978257074021e-06
5.990000000000000000e+02 1.672236142039737819e-02 8.623935282230377197e-03 2.716622248044586740e-06 3.456105559962452389e-06 3.246637788834050298e-06 2.810880459946929477e-06 2.658528501342516392e-06 2.825488309099455364e-06
6.000000000000000000e+02 1.666666666666666644e-02 8.602332323789596558e-03 2.705708993744337931e-06 3.433399115237989463e-06 3.221779479645192623e-06 2.795300815705559216e-06 2.641082119225757197e-06 2.815696234392817132e-06
6.010000000000000000e+02 1.661124969199974377e-02 8.580807596445083618e-03 2.685884510356117971e-06 3.410939370951382443e-06 3.197274281774298288e-06 2.768254034890560433e-06 2.629082928251591511e-06 2.794965212160605006e-06
6.020000000000000000e+02 1.655610865222238021e-02 8.559347130358219147e-03 2.673728658919571899e-06 3.393612587387906387e-06 3.172907554471748881e-06 2.756496769507066347e-06 2.611552872622269206e-06 2.781605871859937906e-06
6.030000000000000000e+02 1.650124171843931134e-02 8.537968620657920837e-03 2.661833605088759214e-06 3.366937107784906402e-06 3.159311745548620820e-06 2.735492444116971456e-06 2.588770257716532797e-06 2.751250576693564653e-06
6.040000000000000000e+02 1.644664707688259231e-02 8.516660891473293304e-03 2.634930297062965110e-06 3.351094392201048322e-06 3.141924253213801421e-06 2.719760232139378786e-06 2.565262775533483364e-06 2.731019776547327638e-06
6.050000000000000000e+02 1.639232292876169686e-02 8.495415560901165009e-03 2.625909928610781208e-06 3.326581463625188917e-06 3.118241465926985256e-06 2.697606532819918357e-06 2.552089881646679714e-06 2.718321411521174014e-06
6.060000000000000000e+02 1.633826749011534768e-02 8.474248461425304413e-03 2.614023287605959922e-06 3.302539880678523332e-06 3.099445166299119592e-06 2.688545464479830116e-06 2.533164433771162294e-06 2.691285317268921062e-06
6.070000000000000000e+02 1.628447899166506063e-02 8.453161455690860748e-03 2.600137577246641740e-06 3.280648343206848949e-06 3.076484517805511132e-06 2.664783551153959706e-06 2.524659521441208199e-06 2.677006250451086089e-06
6.080000000000000000e+02 1.623095567867036126e-02 8.432131260633468628e-03 2.589520818219170906e-06 3.270298520874348469e-06 3.058186848647892475e-06 2.656727474459330551e-06 2.503965788491768762e-06 2.655438265719567426e-06
6.090000000000000000e+02 1.617769581078567012e-02 8.411178365349769592e-03 2.579954525572247803e-06 3.241266995246405713e-06 3.045271114388015121e-06 2.630220933497184888e-06 2.490530732757179067e-06 2.648437430252670310e-06
6.100000000000000000e+02 1.612469766191883952e-02 8.390295319259166718e-03 2.559013182690250687e-06 3.227715069442638196e-06 3.020857093360973522e-06 2.617070776977925561e-06 2.469779246894177049e-06 2.626263039928744547e-06
6.110000000000000000e+02 1.607195952009128972e-02 8.369479328393936157e-03 2.549729060774552636e-06 3.213418494851794094e-06 3.002838184329448268e-06 2.603763277875259519e-06 2.446917278575710952e-06 2.610733872643322684e-06
6.120000000000000000e+02 1.601947968729975497e-02 8.348746225237846375e-03 2.536119836804573424e-06 3.185873083566548303e-06 2.988710775753133930e-06 2.590684289316413924e-06 2.447125325488741510e-06 2.594961188151501119e-06
6.130000000000000000e+02 1.596725647937961845e-02 8.328076452016830444e-03 2.524909405110520311e-06 3.178730821673525497e-06 2.968598664665478282e-06 2.567020374044659548e-06 2.424429339953348972e-06 2.584001094874111004e-06
6.140000000000000000e+02 1.591528822586977046e-02 8.307469077408313751e-03 2.516707581889932044e-06 3.159080506520695053e-06 2.943452955150860362e-06 2.562111376391840167e-06 2.419485554128186777e-06 2.571240884208236821e-06
6.150000000000000000e+02 1.586357326987904159e-02 8.286929689347743988e-03 2.496563638487714343e-06 3.136621671728789806e-06 2.927674813690828159e-06 2.547145186326815747e-06 2.393195700278738514e-06 2.552987325543654151e-06
6.160000000000000000e+02 1.581210996795412438e-02 8.266461081802845001e-03 2.498321919119916856e-06 3.124506747553823516e-06 2.910287093982333317e-06 2.524229103073594160e-06 2.379648094574804418e-06 2.533856104491860606e-06
6.170000000000000000e+02 1.576089668994901452e-02 8.246055804193019867e-03 2.478062924637924880e-06 3.112662170678959228e-06 2.899379524023970589e-06 2.501908284102682956e-06 2.381520744165754877e-06 2.516861968615557998e-06
6.180000000000000000e+02 1.570993181889590584e-02 8.225730620324611664e-03 2.462371185174561106e-06 3.082940565946046263e-06 2.878634404623880982e-06 2.496517254257923923e-06 2.358336359975510277e-06 2.515947016945574433e-06
6.190000000000000000e+02 1.565921375087757014e-02 8.205465041100978851e-03 2.451890850352356210e-06 3.076423809034167789e-06 2.863714144041296095e-06 2.478914666426135227e-06 2.340469563932856545e-06 2.494985892553813756e-06
6.200000000000000000e+02 1.560874089490114393e-02 8.185262791812419891e-03 2.438532419546390884e-06 3.056457671846146695e-06 2.855020511560724117e-06 2.471652578606153838e-06 2.325264631508616731e-06 2.478981059539364651e-06
6.210000000000000000e+02 1.555851167277338271e-02 8.165129460394382477e-03 2.427151457595755346e-06 3.037099986613611691e-06 2.839953822331153788e-06 2.450149167998461053e-06 2.311884372829808854e-06 2.461250460328301415e-06
6.220000000000000000e+02 1.550852451897726490e-02 8.145073428750038147e-03 2.410655497442348860e-06 3.017035623997799121e-06 2.827894149959320202e-06 2.444727215333841741e-06 2.307193653905414976e-06 2.455507456033956259e-06
6.230000000000000000e+02 1.545877788055002346e-02 8.125062100589275360e-03 2.395304136371123604e-06 3.000086508109234273e-06 2.805486474244389683e-06 2.432783503536484204e-06 2.290791826453641988e-06 2.441722472212859429e-06
6.240000000000000000e+02 1.540927021696252529e-02 8.105142973363399506e-03 2.389420387771679088e-06 2.996094281115802005e-06 2.787506673485040665e-06 2.415495600871508941e-06 2.279952468597912230e-06 2.433097733955946751e-06
6.250000000000000000e+02 1.536000000000000039e-02 8.085259236395359039e-03 2.377106511630699970e-06 2.978535803777049296e-06 2.780476279440335929e-06 2.400518496870063245e-06 2.273177187817054801e-06 2.412557478237431496e-06
6.260000000000000000e+02 1.531096571364411185e-02 8.065463043749332428e-03 2.360959570069098845e-06 2.966870852105785161e-06 2.763493739621480927e-06 2.389265546298702247e-06 2.254294486192520708e-06 2.405234454272431321e-06
6.270000000000000000e+02 1.526216585395633561e-02 8.045722730457782745e-03 2.352295268792659044e-06 2.943099616459221579e-06 2.747398866631556302e-06 2.379700617893831804e-06 2.239512923551956192e-06 2.384335630267742090e-06
6.280000000000000000e+02 1.521359892896263603e-02 8.026048541069030762e-03 2.333003976673353463e-06 2.928183448602794670e-06 2.734122290348750539e-06 2.360914095334010199e-06 2.220946953457314521e-06 2.374516725467401557e-06
6.290000000000000000e+02 1.516526345853943386e-02 8.006439544260501862e-03 2.328137497897841968e-06 2.915601271524792537e-06 2.719239319048938341e-06 2.359622612857492641e-06 2.217801466031232849e-06 2.367983597650891170e-06
6.300000000000000000e+02 1.511715797430083184e-02 7.986896671354770660e-03 2.301009772054385394e-06 2.903017275457386859e-06 2.707047997319023125e-06 2.348739144508726895e-06 2.203589701821329072e-06 2.346713699807878584e-06
6.310000000000000000e+02 1.506928101948709110e-02 7.967418991029262543e-03 2.295854756084736437e-06 2.883035449485760182e-06 2.690536121008335613e-06 2.330513325432548299e-06 2.196834657297586091e-06 2.340215814911061898e-06
6.320000000000000000e+02 1.502163114885434955e-02 7.947995327413082123e-03 2.285727305206819437e-06 2.875024392778868787e-06 2.674120423762360588e-06 2.326938329133554362e-06 2.184935510740615427e-06 2.330227971469867043e-06
6.330000000000000000e+02 1.497420692856554596e-02 7.928645238280296326e-03 2.279485670442227274e-06 2.859818323486251757e-06 2.669802825039369054e-06 2.319113036719500087e-06 2.177623855459387414e-06 2.316742211405653507e-06
6.340000000000000000e+02 1.492700693608255656e-02 7.909342646598815918e-03 2.247259999421657994e-06 2.850980081348097883e-06 2.653873480085167103e-06 2.303816245330381207e-06 2.165604655601782724e-06 2.300578898939420469e-06
6.350000000000000000e+02 1.488002976005952001e-02 7.890112698078155518e-03 2.240101366624003276e-06 2.832936388585949317e-06 2.632423502291203476e-06 2.292567160111502744e-06 2.153356945200357586e-06 2.295170133947976865e-06
6.360000000000000000e+02 1.483327400023733318e-02 7.870954461395740509e-03 2.222193415946094319e-06 2.811287913573323749e-06 2.625148908919072710e-06 2.277589373989030719e-06 2.142365474355756305e-06 2.288498535563121550e-06
6.370000000000000000e+02 1.478673826733929893e-02 7.851847447454929352e-03 2.199326900154119357e-06 2.806167231028666720e-06 2.619915903778746724e-06 2.265256398459314369e-06 2.127936340912128799e-06 2.265810508106369525e-06
6.380000000000000000e+02 1.474042118296793429e-02 7.832796312868595123e-03 2.197085677835275419e-06 2.786457571346545592e-06 2.603199163786484860e-06 2.250424358862801455e-06 2.122098521795123816e-06 2.262227326355059631e-06
6.390000000000000000e+02 1.469432137950289069e-02 7.813815958797931671e-03 2.173616394429700449e-06 2.776093879219843075e-06 2.583806690381607041e-06 2.238596380266244523e-06 2.106943156832130626e-06 2.244235247417236678e-06
6.400000000000000000e+02 1.464843750000000000e-02 7.794898469001054764e-03 2.162260443583363667e-06 2.754280558292521164e-06 2.573266328909085132e-06 2.229576011814060621e-06 2.097437572956550866e-06 2.232984343208954670e-06
6.410000000000000000e+02 1.460276819809141861e-02 7.776036392897367477e-03 2.144702193618286401e-06 2.747506414380040951e-06 2.550724730099318549e-06 2.214960204582894221e-06 2.089664349114173092e-06 2.218652298324741423e-06
6.420000000000000000e+02 1.455731213788686099e-02 7.757234387099742889e-03 2.121065790561260656e-06 2.721519877013633959e-06 2.540006335038924590e-06 2.202724772359943017e-06 2.077948920486960560e-06 2.212719437011401169e-06
6.430000000000000000e+02 1.451206799387590694e-02 7.738474756479263306e-03 2.110839204760850407e-06 2.719719304877799004e-06 2.529477114876499400e-06 2.190924988099141046e-06 2.060645329038379714e-06 2.195549541283980943e-06
6.440000000000000000e+02 1.446703445083137238e-02 7.719801738858222961e-03 2.093337570840958506e-06 2.706542545638512820e-06 2.518945166229968891e-06 2.184229515478364192e-06 2.044724169536493719e-06 2.185771336371544749e-06
6.450000000000000000e+02 1.442221020371371905e-02 7.701178081333637238e-03 2.079938212773413397e-06 2.683336560949101113e-06 2.504375061107566580e-06 2.173143911932129413e-06 2.033900955211720429e-06 2.168998662455123849e-06
6.460000000000000000e+02 1.437759395757651215e-02 7.682620547711849213e-03 2.066432671199436300e-06 2.675114501471398398e-06 2.488797463229275309e-06 2.160119038308039308e-06 2.029822780968970619e-06 2.163839553759316914e-06
6.470000000000000000e+02 1.433318442747289270e-02 7.664104923605918884e-03 2.050695684374659322e-06 2.661380676727276295e-06 2.481270712451077998e-06 2.140008064088760875e-06 2.006300292123341933e-06 2.144811105608823709e-06
6.480000000000000000e+02 1.428898033836305433e-02 7.645658683031797409e-03 2.027867822107509710e-06 2.649756879691267386e-06 2.462686779836076312e-06 2.132733698090305552e-06 2.002645715037942864e-06 2.120909130098880269e-06
6.490000000000000000e+02 1.424498042502273312e-02 7.627271115779876709e-03 2.015023483181721531e-06 2.628434231155551970e-06 2.443307266730698757e-06 2.117511257893056609e-06 1.986301640499732457e-06 2.111069079546723515e-06
6.500000000000000000e+02 1.420118343195266204e-02 7.608938962221145630e-03 2.000838549065520056e-06 2.607023134260089137e-06 2.427746494504390284e-06 2.107407681251061149e-06 1.979624357772991061e-06 2.101348854921525344e-06
6.510000000000000000e+02 1.415758811328901925e-02 7.590678520500659943e-03 1.978992713702609763e-06 2.589030145827564411e-06 2.413632728348602541e-06 2.088441988234990276e-06 1.961397174454759806e-06 2.097341848639189266e-06
6.520000000000000000e+02 1.411419323271481847e-02 7.572471164166927338e-03 1.969525328604504466e-06 2.582006572993122973e-06 2.398097876721294597e-06 2.078449597320286557e-06 1.949035777215613052e-06 2.071990593321970664e-06
6.530000000000000000e+02 1.407099756337225512e-02 7.554304786026477814e-03 1.960261215572245419e-06 2.557956349846790545e-06 2.385879042776650749e-06 2.068436742774792947e-06 1.934244892254355364e-06 2.061265604424988851e-06
6.540000000000000000e+02 1.402799988777600135e-02 7.536200340837240219e-03 1.945847998285898939e-06 2.550606495788088068e-06 2.374527639403822832e-06 2.061661461993935518e-06 1.923440322570968419e-06 2.039180344581836835e-06
6.550000000000000000e+02 1.398519899772740493e-02 7.518158759921789169e-03 1.927901848830515519e-06 2.536161673560854979e-06 2.368959258092218079e-06 2.038578713836614043e-06 1.909990487547474913e-06 2.036215391854057088e-06
6.560000000000000000e+02 1.394259369422962483e-02 7.500178646296262741e-03 1.909857473947340623e-06 2.519165718695148826e-06 2.343286496397922747e-06 2.025504954872303642e-06 1.898680352496739943e-06 2.015854988712817430e-06
6.570000000000000000e+02 1.390018278740365494e-02 7.482242770493030548e-03 1.901040263874165248e-06 2.502963070583064109e-06 2.327377615074510686e-06 2.011822971326182596e-06 1.892741124720487278e-06 2.007534021686296910e-06
6.580000000000000000e+02 1.385796509640524303e-02 7.464380934834480286e-03 1.881998514363658614e-06 2.479873273841803893e-06 2.308459443156607449e-06 1.988208850889350288e-06 1.874380700428446289e-06 1.997273102460894734e-06
6.590000000000000000e+02 1.381593944934270644e-02 7.446547504514455795e-03 1.866137381512089632e-06 2.457521986798383296e-06 2.297278797414037399e-06 1.978751697606639937e-06 1.862843646449618973e-06 1.981293053177068941e-06
6.600000000000000000e+02 1.377410468319559267e-02 7.428788580000400543e-03 1.856848371062369552e-06 2.446626922392169945e-06 2.281988827235181816e-06 1.966785703189088963e-06 1.847958060352539178e-06 1.958785333044943400e-06
6.610000000000000000e+02 1.373245964373422112e-02 7.411089725792407990e-03 1.844722646637819707e-06 2.427221033940440975e-06 2.260231894979369827e-06 1.960799409062019549e-06 1.832971634030400310e-06 1.950254500115988776e-06
6.620000000000000000e+02 1.369100318544007495e-02 7.393434178084135056e-03 1.818812734200037085e-06 2.415592234683572315e-06 2.254652372357668355e-06 1.934358124344726093e-06 1.820464490265294444e-06 1.934958390847896226e-06
6.630000000000000000e+02 1.364973417142701165e-02 7.375837303698062897e-03 1.813664539440651424e-06 2.392614987911656499e-06 2.239782361357356422e-06 1.928061919898027554e-06 1.807792614272329956e-06 1.923743184306658804e-06
6.640000000000000000e+02 1.360865147336333229e-02 7.358298171311616898e-03 1.796570018086640630e-06 2.391727775830077007e-06 2.223785031674196944e-06 1.908145350171253085e-06 1.794445893210649956e-06 1.909089633045368828e-06
6.650000000000000000e+02 1.356775397139465232e-02 7.340805605053901672e-03 1.788991312423604541e-06 2.369094318055431359e-06 2.207689021815895103e-06 1.891566398626309820e-06 1.772335508576361462e-06 1.893854573609132785e-06
6.660000000000000000e+02 1.352704055406758060e-02 7.323372177779674530e-03 1.771246843418339267e-06 2.351757302676560357e-06 2.188218786614015698e-06 1.888024826257606037e-06 1.759326892170065548e-06 1.876416376944689546e-06
6.670000000000000000e+02 1.348651011825421561e-02 7.305993698537349701e-03 1.761822659318568185e-06 2.333471229576389305e-06 2.172053655158379115e-06 1.865112267296353821e-06 1.749363150338467676e-06 1.861110604295390658e-06
6.680000000000000000e+02 1.344616156907741354e-02 7.288667839020490646e-03 1.748289832903537899e-06 2.320208977835136466e-06 2.148218982256366871e-06 1.861882083176169544e-06 1.740763877933204640e-06 1.852146056080528069e-06
6.690000000000000000e+02 1.340599381983684918e-02 7.271401118487119675e-03 1.734199713609996252e-06 2.294304749739239924e-06 2.141234290320426226e-06 1.837603008425503504e-06 1.724972776173672173e-06 1.839070819187327288e-06
6.700000000000000000e+02 1.336600579193584354e-02 7.254180032759904861e-03 1.713983124318474438e-06 2.280626404171925969e-06 2.121225406881421804e-06 1.821184014261234552e-06 1.704994815554528031e-06 1.818739292502868921e-06
6.710000000000000000e+02 1.332619641480895824e-02 7.237008307129144669e-03 1.708419745227729436e-06 2.268333219035412185e-06 2.101461177517194301e-06 1.811416836972057354e-06 1.704896931187249720e-06 1.808865249586233404e-06
6.720000000000000000e+02 1.328656462585033927e-02 7.219895720481872559e-03 1.693701392468938138e-06 2.243972403448424302e-06 2.091851001750910655e-06 1.801552230062952731e-06 1.682054971752222627e-06 1.794349486772262026e-06
6.730000000000000000e+02 1.324710937034281368e-02 7.202825974673032761e-03 1.676767283242952544e-06 2.232774477306520566e-06 2.070028813250246458e-06 1.784046276043227408e-06 1.667778064984304365e-06 1.771817665030539501e-06
6.740000000000000000e+02 1.320782960138770258e-02 7.185824215412139893e-03 1.676537181083403993e-06 2.212158051406731829e-06 2.053634261756087653e-06 1.769040977706026752e-06 1.646958139644993935e-06 1.766545778991712723e-06
6.750000000000000000e+02 1.316872427983539068e-02 7.168869953602552414e-03 1.653639287724217866e-06 2.207129909947980195e-06 2.047639327429351397e-06 1.754045229063194711e-06 1.633419742574915290e-06 1.751728404997265898e-06
6.760000000000000000e+02 1.312979237421658951e-02 7.151965051889419556e-03 1.639830770727712661e-06 2.178645672756829299e-06 2.029749566645477898e-06 1.743911298035527579e-06 1.624437118152854964e-06 1.731277507133199833e-06
6.770000000000000000e+02 1.309103286067431898e-02 7.135116029530763626e-03 1.633305259929329623e-06 2.170776724597089924e-06 2.008673618547618389e-06 1.728114398247271311e-06 1.618091459931747522e-06 1.721632997941924259e-06
6.780000000000000000e+02 1.305244472289659834e-02 7.118314970284700394e-03 1.619035629119025543e-06 2.146524366253288463e-06 1.998960442506358959e-06 1.713224946797708981e-06 1.601085841684835032e-06 1.708220452201203443e-06
6.790000000000000000e+02 1.301402695204981717e-02 7.101553957909345627e-03 1.618117494217585772e-06 2.129557287844363600e-06 1.983091124202474020e-06 1.696472736512077972e-06 1.586007215337303933e-06 1.691908664724905975e-06
6.800000000000000000e+02 1.297577854671280208e-02 7.084858138114213943e-03 1.600101427357003558e-06 2.109401748384698294e-06 1.970585799426771700e-06 1.693101580713118892e-06 1.574848056407063268e-06 1.675905764386698138e-06
6.810000000000000000e+02 1.293769851281155632e-02 7.068201899528503418e-03 1.590294232300948352e-06 2.094481942549464293e-06 1.956592996066319756e-06 1.667146079853409901e-06 1.557065843371674418e-06 1.660317366258823313e-06
6.820000000000000000e+02 1.289978586355466569e-02 7.051620166748762131e-03 1.579617787683673669e-06 2.081645789075992070e-06 1.938640707521699369e-06 1.654263883210660424e-06 1.549872308714839164e-06 1.657442339819681365e-06
6.830000000000000000e+02 1.286203961936937396e-02 7.035054732114076614e-03 1.574076350152608939e-06 2.069138417937210761e-06 1.915256234497064725e-06 1.648460397518647369e-06 1.527286372038361151e-06 1.644545022827514913e-06
6.840000000000000000e+02 1.282445880783830879e-02 7.018565200269222260e-03 1.551995069348777179e-06 2.058990730802179314e-06 1.895977106869395357e-06 1.633021724956051912e-06 1.528194047750730533e-06 1.628516542950819712e-06
6.850000000000000000e+02 1.278704246363684786e-02 7.002113852649927139e-03 1.552713797536853235e-06 2.042681671809987165e-06 1.893490093607397284e-06 1.617402631381992251e-06 1.524936919850006234e-06 1.614441998754045926e-06
6.860000000000000000e+02 1.274978962847113026e-02 6.985723040997982025e-03 1.534174543849076144e-06 2.023952674790052697e-06 1.887726398308586795e-06 1.602178258508502040e-06 1.499921950198768172e-06 1.599960455678228755e-06
6.870000000000000000e+02 1.271269935101669753e-02 6.969374604523181915e-03 1.534040961814753246e-06 2.011405058510717936e-06 1.865465151240641717e-06 1.596470383447012864e-06 1.488328280174755491e-06 1.593104684616264421e-06
6.880000000000000000e+02 1.267577068685776104e-02 6.953062023967504501e-03 1.523476726106309798e-06 2.006494014494819567e-06 1.857593474596797023e-06 1.577925786477862857e-06 1.476022703172930051e-06 1.573662984810653143e-06
6.890000000000000000e+02 1.263900269842707647e-02 6.936816498637199402e-03 1.510505398982786573e-06 1.979171884158859029e-06 1.843197424022946507e-06 1.570539893691602629e-06 1.471113364459597506e-06 1.563536898174788803e-06
6.900000000000000000e+02 1.260239445494643930e-02 6.920619867742061615e-03 1.495237142989935819e-06 1.976129169634077698e-06 1.832674115576082841e-06 1.554770051370724104e-06 1.462832074139441829e-06 1.557235918880905956e-06
6.910000000000000000e+02 1.256594503236778057e-02 6.904450245201587677e-03 1.492103933742328081e-06 1.962271426236839034e-06 1.818804889808234293e-06 1.551497803120582830e-06 1.449871660952339880e-06 1.550228716951096430e-06
6.920000000000000000e+02 1.252965351331484546e-02 6.888350006192922592e-03 1.478617946304439101e-06 1.939386720550828613e-06 1.808668343983299565e-06 1.531638417873182334e-06 1.434313730896974448e-06 1.529522137388994452e-06
6.930000000000000000e+02 1.249351898702548078e-02 6.872294470667839050e-03 1.477794512538821436e-06 1.943554480021703057e-06 1.785950530575064477e-06 1.526089590697665699e-06 1.436156253475928679e-06 1.530871713839587756e-06
6.940000000000000000e+02 1.245754054929448795e-02 6.856293417513370514e-03 1.472190319873334374e-06 1.923809577419888228e-06 1.777778720679634716e-06 1.513176130174542777e-06 1.410043751093326136e-06 1.518812155154591892e-06
6.950000000000000000e+02 1.242171730241705893e-02 6.840322166681289673e-03 1.458032556911348365e-06 1.915287157316925004e-06 1.763944283084128983e-06 1.504698616372479592e-06 1.408981347594817635e-06 1.500345547356118914e-06
6.960000000000000000e+02 1.238604835513277928e-02 6.824419368058443069e-03 1.450447484785399865e-06 1.900353822748002131e-06 1.757299173732462805e-06 1.503054477325349580e-06 1.398928020535095129e-06 1.493402692176459823e-06
6.970000000000000000e+02 1.235053282257018645e-02 6.808549165725708008e-03 1.445943098588031717e-06 1.887086227725376375e-06 1.745375470818544272e-06 1.484963490838708822e-06 1.392852595927251969e-06 1.483750338593381457e-06
6.980000000000000000e+02 1.231516982619190390e-02 6.792728323489427567e-03 1.434859541404875927e-06 1.879687829386966769e-06 1.732606278892490081e-06 1.474260557188245002e-06 1.385591531288810074e-06 1.481437379879935179e-06
6.990000000000000000e+02 1.227995849374029051e-02 6.776962894946336746e-03 1.425263121745956596e-06 1.866194679678301327e-06 1.737442971716518514e-06 1.467156039325345773e-06 1.371116013615392148e-06 1.460635303374147043e-06
7.000000000000000000e+02 1.224489795918367284e-02 6.761237047612667084e-03 1.416548911947757006e-06 1.856273456724011339e-06 1.721695298328995705e-06 1.458245606045238674e-06 1.360368742098216899e-06 1.457920916436705738e-06
7.010000000000000000e+02 1.220998736266308039e-02 6.745549384504556656e-03 1.413883865097886883e-06 1.843227323661267292e-06 1.699392669252119958e-06 1.443448695681581739e-06 1.364036847917304840e-06 1.444999270461266860e-06
7.020000000000000000e+02 1.217522585043952568e-02 6.729920860379934311e-03 1.404070189892081544e-06 1.836794581322465092e-06 1.693211288511520252e-06 1.432460521755274385e-06 1.345767941529629752e-06 1.444912641090922989e-06
7.030000000000000000e+02 1.214061257484181852e-02 6.714337505400180817e-03 1.392383751408488024e-06 1.825214326345303562e-06 1.689778741820191499e-06 1.417732732988952193e-06 1.335155502601992339e-06 1.429021267540520057e-06
7.040000000000000000e+02 1.210614669421487648e-02 6.698788143694400787e-03 1.384129291182034649e-06 1.812349296415050048e-06 1.675809812695661094e-06 1.422844775333942380e-06 1.338618176305317320e-06 1.433551574336888734e-06
7.050000000000000000e+02 1.207182737286856787e-02 6.683294661343097687e-03 1.383678409183630720e-06 1.809857280932192225e-06 1.670271672082890291e-06 1.409605715707584750e-06 1.327531435890705325e-06 1.421334900442161597e-06
7.060000000000000000e+02 1.203765378102705265e-02 6.667852867394685745e-03 1.375398483105527703e-06 1.794175545910547953e-06 1.660795987845631316e-06 1.405601324222516268e-06 1.320598016718577128e-06 1.417089151800610125e-06
7.070000000000000000e+02 1.200362509477862286e-02 6.652448792010545731e-03 1.364021954941563308e-06 1.787605583558615763e-06 1.650366243666212540e-06 1.392129661326180212e-06 1.323585138379712589e-06 1.398320023326959927e-06
7.080000000000000000e+02 1.196974049602604617e-02 6.637089885771274567e-03 1.361958425150078256e-06 1.778643650141020771e-06 1.638747448851063382e-06 1.391938099004619289e-06 1.318648401138489135e-06 1.404929548698419239e-06
7.090000000000000000e+02 1.193599917243738998e-02 6.621775683015584946e-03 1.354695541522232816e-06 1.774467250470479485e-06 1.642125198486610316e-06 1.385371888318331912e-06 1.303906628891127184e-06 1.386051849294744898e-06
7.100000000000000000e+02 1.190240031739734153e-02 6.606508977711200714e-03 1.352576191493426450e-06 1.753314109009806998e-06 1.628747099857719149e-06 1.366313199469004758e-06 1.303681301578762941e-06 1.382479126732505392e-06
7.110000000000000000e+02 1.186894312995899307e-02 6.591288372874259949e-03 1.346245085187547375e-06 1.755984726514725480e-06 1.622041168047871906e-06 1.372283691125630867e-06 1.297501057706540450e-06 1.380849198540090583e-06
7.120000000000000000e+02 1.183562681479611092e-02 6.576112005859613419e-03 1.339639652542246040e-06 1.743607754178810865e-06 1.602233965058985632e-06 1.362431248708162457e-06 1.276926923310384154e-06 1.368791345157660544e-06
7.130000000000000000e+02 1.180245058215587464e-02 6.560969166457653046e-03 1.331576754637353588e-06 1.737414663693925831e-06 1.594641275914909784e-06 1.348722435068339109e-06 1.286855194848612882e-06 1.361414092571067158e-06
7.140000000000000000e+02 1.176941364781206555e-02 6.545884069055318832e-03 1.312102767769829370e-06 1.728204665596422274e-06 1.583293283147213515e-06 1.353934976577875204e-06 1.275444901693845168e-06 1.358233134851616342e-06
7.150000000000000000e+02 1.173651523301872876e-02 6.530829239636659622e-03 1.320428964390885085e-06 1.709947923700383399e-06 1.581156539032235742e-06 1.342531163572857622e-06 1.258800239156698808e-06 1.354953724330698606e-06
7.160000000000000000e+02 1.170375456446427938e-02 6.515833549201488495e-03 1.318629983870778233e-06 1.716050064715091139e-06 1.579359832248883322e-06 1.330350528405688237e-06 1.256997165910433978e-06 1.335040451522218063e-06
7.170000000000000000e+02 1.167113087422605791e-02 6.500880699604749680e-03 1.300226927014591638e-06 1.702298845884797629e-06 1.570729068589571398e-06 1.324750201092683710e-06 1.252725155609368812e-06 1.336698687737225555e-06
7.180000000000000000e+02 1.163864339972532809e-02 6.485957186669111252e-03 1.299579821534280200e-06 1.695549485702940729e-06 1.563224486744729802e-06 1.317674104939214885e-06 1.241188101630541496e-06 1.326484721175802406e-06
7.190000000000000000e+02 1.160629138368271529e-02 6.471085827797651291e-03 1.291595822294766549e-06 1.691358875177684240e-06 1.551677428324182983e-06 1.318512886427924968e-06 1.244598024641163647e-06 1.316585439781192690e-06
7.200000000000000000e+02 1.157407407407407343e-02 6.456255447119474411e-03 1.286582005377567839e-06 1.676458396104862913e-06 1.554445248075353447e-06 1.308271635025448631e-06 1.236121079273289070e-06 1.315782355959527194e-06
7.210000000000000000e+02 1.154199072408678729e-02 6.441485136747360229e-03 1.284397285417071544e-06 1.678579224062559661e-06 1.545301529404241592e-06 1.298485585721209645e-06 1.233977968695398886e-06 1.310843799728900194e-06
7.220000000000000000e+02 1.151004059207648769e-02 6.426744628697633743e-03 1.272263375540205743e-06 1.663357011238986161e-06 1.529394921817583963e-06 1.298248548664560076e-06 1.222483774654392619e-06 1.302866735386487562e-06
7.230000000000000000e+02 1.147822294152419341e-02 6.412039510905742645e-03 1.269155632144247647e-06 1.656762265156430658e-06 1.527372774035029579e-06 1.287225131818559021e-06 1.219409568875562400e-06 1.293533500756893773e-06
7.240000000000000000e+02 1.144653704099386424e-02 6.397376768290996552e-03 1.267442712560296059e-06 1.652325408940669149e-06 1.521457761555211619e-06 1.286663177779701073e-06 1.212452048093837220e-06 1.284798258893715683e-06
7.250000000000000000e+02 1.141498216409036863e-02 6.382755003869533539e-03 1.260326939700462390e-06 1.643083010094414931e-06 1.518614226370118558e-06 1.276891566703852732e-06 1.209807692248432431e-06 1.290376303586526774e-06
7.260000000000000000e+02 1.138355758941784514e-02 6.368184927850961685e-03 1.247834461537422612e-06 1.627965957595733926e-06 1.508951754658482969e-06 1.271165615435165819e-06 1.199792905026697554e-06 1.285369648940104526e-06
7.270000000000000000e+02 1.135226260053847497e-02 6.353656761348247528e-03 1.235999661730602384e-06 1.629526082069787662e-06 1.503475459685432725e-06 1.259506007045274600e-06 1.195464392367284745e-06 1.276830403185158502e-06
7.280000000000000000e+02 1.132109648593165006e-02 6.339170038700103760e-03 1.225257392434286885e-06 1.617483462723612320e-06 1.491474677095538937e-06 1.260058525076601654e-06 1.190134639728057664e-06 1.266425329049525317e-06
7.290000000000000000e+02 1.129005853895352456e-02 6.324714981019496918e-03 1.232258910022210330e-06 1.600564132786530536e-06 1.487136159994406626e-06 1.248166995537758339e-06 1.176241880784800742e-06 1.258139377569023054e-06
7.300000000000000000e+02 1.125914805779696000e-02 6.310306489467620850e-03 1.223208982992218807e-06 1.601561166353349108e-06 1.475741555623244494e-06 1.250443915523646865e-06 1.179495029646204785e-06 1.257430426448991057e-06
7.310000000000000000e+02 1.122836434545185745e-02 6.295936647802591324e-03 1.216825353367312346e-06 1.593307956682110671e-06 1.467079755457234569e-06 1.238479740095499437e-06 1.178488105324504431e-06 1.249199840458459221e-06
7.320000000000000000e+02 1.119770670966586078e-02 6.281620822846889496e-03 1.210678192364866845e-06 1.583052267051243689e-06 1.464467345613229554e-06 1.241254039996420033e-06 1.164681293630565051e-06 1.246336296389927156e-06
7.330000000000000000e+02 1.116717446290543814e-02 6.267324555665254593e-03 1.210088612424442545e-06 1.576401359670853708e-06 1.459103373235848267e-06 1.232386694027809426e-06 1.158977966042584740e-06 1.243253791471943259e-06
7.340000000000000000e+02 1.113676692231733815e-02 6.253084633499383926e-03 1.202554813062306494e-06 1.574591124153812416e-06 1.452541482649394311e-06 1.227409711646032520e-06 1.155557242782379035e-06 1.242120902134047356e-06
7.350000000000000000e+02 1.110648340969040693e-02 6.238881964236497879e-03 1.194691208183940034e-06 1.571059442539990414e-06 1.436710022062470671e-06 1.225253754455479793e-06 1.146031877397035714e-06 1.228440396516816691e-06
7.360000000000000000e+02 1.107632325141776931e-02 6.224734243005514145e-03 1.187996872431540396e-06 1.558645180921303108e-06 1.425675463906372897e-06 1.209176730299077462e-06 1.144468342317850329e-06 1.223441927322710399e-06
7.370000000000000000e+02 1.104628577845937452e-02 6.210609804838895798e-03 1.177874878521834034e-06 1.549631406305707060e-06 1.431845021215849556e-06 1.198331801788299344e-06 1.136516289079736453e-06 1.215168254020682070e-06
7.380000000000000000e+02 1.101637032630488865e-02 6.196531467139720917e-03 1.162610487881465815e-06 1.538035462544939946e-06 1.422064315192983486e-06 1.200233896270219702e-06 1.135098500526510179e-06 1.211535732181800995e-06
7.390000000000000000e+02 1.098657623493694627e-02 6.182492710649967194e-03 1.162077637673064601e-06 1.535532305751985405e-06 1.417249450241797604e-06 1.193839466395729687e-06 1.119790454140456859e-06 1.196692892335704528e-06
7.400000000000000000e+02 1.095690284879474036e-02 6.168483756482601166e-03 1.156499024546064902e-06 1.524455228718579747e-06 1.410950289937318303e-06 1.181660422844288405e-06 1.121750869970128406e-06 1.199567805088008754e-06
7.410000000000000000e+02 1.092734951673796778e-02 6.154529750347137451e-03 1.152941877080593258e-06 1.515129497420275584e-06 1.400885480506985914e-06 1.176567366201197729e-06 1.109496224671602249e-06 1.184304210255504586e-06
7.420000000000000000e+02 1.089791559201110094e-02 6.140596233308315277e-03 1.136129981205158401e-06 1.506678700025076978e-06 1.390061697748024017e-06 1.172526935988571495e-06 1.110982111640623771e-06 1.183222479994583409e-06
7.430000000000000000e+02 1.086860043220800980e-02 6.126716267317533493e-03 1.140229869633913040e-06 1.508175273556844331e-06 1.390541456203209236e-06 1.161210548161761835e-06 1.104944203689228743e-06 1.172071620203496423e-06
7.440000000000000000e+02 1.083940339923690661e-02 6.112879142165184021e-03 1.120123329201305751e-06 1.486520659454981796e-06 1.381523134114104323e-06 1.153220637206686661e-06 1.096768414754478727e-06 1.171998746940516867e-06
7.450000000000000000e+02 1.081032385928561851e-02 6.099074613302946091e-03 1.121153900385252200e-06 1.485976781623321585e-06 1.370511199638713151e-06 1.146898057413636707e-06 1.094007757274084724e-06 1.170225345958897378e-06
7.460000000000000000e+02 1.078136118278719829e-02 6.085307337343692780e-03 1.118741693062474951e-06 1.476838633607258089e-06 1.362498323942418210e-06 1.143463236985553522e-06 1.083340634977503214e-06 1.153265088760235813e-06
7.470000000000000000e+02 1.075251474438584411e-02 6.071572192013263702e-03 1.104952389141544700e-06 1.459327677366673015e-06 1.343696908406855073e-06 1.131918793362274300e-06 1.080476295101107098e-06 1.152318077402014751e-06
7.480000000000000000e+02 1.072378392290314342e-02 6.057890132069587708e-03 1.093018568099068943e-06 1.459087002331216354e-06 1.336116838501766324e-06 1.133434807343292050e-06 1.067295556822500657e-06 1.153724724645144306e-06
7.490000000000000000e+02 1.069516810130463277e-02 6.044240668416023254e-03 1.090827481675660238e-06 1.449661340302554891e-06 1.335008505520818289e-06 1.126620986724446993e-06 1.066208255906531122e-06 1.138309585257957224e-06
7.500000000000000000e+02 1.066666666666666631e-02 6.030634045600891113e-03 1.080090555660717655e-06 1.438760591554455459e-06 1.331368252976972144e-06 1.113597932089760434e-06 1.057717668118129950e-06 1.133428895627730526e-06
7.510000000000000000e+02 1.063827901014359825e-02 6.017055362462997437e-03 1.070526195690035820e-06 1.428043788109789602e-06 1.319278680966817774e-06 1.097112999559612945e-06 1.051586650646640919e-06 1.126532993112050463e-06
7.520000000000000000e+02 1.061000452693526552e-02 6.003513932228088379e-03 1.060543013409187552e-06 1.425592699888511561e-06 1.301778524975816254e-06 1.097200311050983146e-06 1.053018991115095560e-06 1.114830297410662752e-06
7.530000000000000000e+02 1.058184261625476873e-02 5.990021396428346634e-03 1.045938347488117870e-06 1.408228058608074207e-06 1.300089707001461647e-06 1.095398033612582367e-06 1.027824509947095066e-06 1.104293914977461100e-06
7.540000000000000000e+02 1.055379268129656885e-02 5.976564250886440277e-03 1.038193772728845943e-06 1.406663386660511605e-06 1.293471768804010935e-06 1.087586269932216965e-06 1.026789277602802031e-06 1.103698082260962110e-06
7.550000000000000000e+02 1.052585412920485977e-02 5.963137838989496231e-03 1.041434302351262886e-06 1.402809743922261987e-06 1.278445665775507223e-06 1.080012907550553791e-06 1.022387209559383336e-06 1.090785758606216405e-06
7.560000000000000000e+02 1.049802637104224438e-02 5.949759855866432190e-03 1.020216586766764522e-06 1.387693600918282755e-06 1.277509682040545158e-06 1.073057774192420766e-06 1.013462110677210148e-06 1.086086172108480241e-06
7.570000000000000000e+02 1.047030882175869863e-02 5.936418194323778152e-03 1.016204123516217805e-06 1.380218577651248779e-06 1.271561586690950207e-06 1.067931862053228542e-06 1.007789364848576952e-06 1.072413283509376924e-06
7.580000000000000000e+02 1.044270090016081835e-02 5.923101678490638733e-03 1.011978724818618502e-06 1.367905383631295990e-06 1.254405901818245184e-06 1.063006152435264084e-06 1.001102646114304662e-06 1.080026891031593550e-06
7.590000000000000000e+02 1.041520202888135578e-02 5.909817758947610855e-03 9.974752401831210591e-07 1.361051999992923811e-06 1.256464088328357320e-06 1.059535293279623147e-06 9.985878932639025152e-07 1.068907977241906337e-06
7.600000000000000000e+02 1.038781163434903017e-02 5.896593909710645676e-03 9.884453220365685411e-07 1.357017026748508215e-06 1.249493266186618712e-06 1.053828327712835744e-06 9.897128165903268382e-07 1.063680201696115546e-06
7.610000000000000000e+02 1.036052914675862288e-02 5.883398000150918961e-03 9.723271432449109852e-07 1.339900222774303984e-06 1.235488298334530555e-06 1.042476242218981497e-06 9.808452432480407879e-07 1.051267531693156343e-06
7.620000000000000000e+02 1.033335400004133271e-02 5.870236083865165710e-03 9.687535111879697070e-07 1.334716330347873736e-06 1.223622575707850046e-06 1.026547806759481318e-06 9.719810805108863860e-07 1.042113694893487263e-06
7.630000000000000000e+02 1.030628563183542956e-02 5.857099778950214386e-03 9.655828989707515575e-07 1.319324383075581864e-06 1.217640374306938611e-06 1.017838940242654644e-06 9.674884040578035638e-07 1.034043293657305185e-06
7.640000000000000000e+02 1.027932348345714231e-02 5.844010505825281143e-03 9.606350204194313847e-07 1.314742576141725294e-06 1.206887191074201837e-06 1.009011157293571159e-06 9.632714181861956604e-07 1.022357423607900273e-06
7.650000000000000000e+02 1.025246699987184332e-02 5.830964539200067520e-03 9.518577144262962975e-07 1.306608965023769997e-06 1.205595822284522001e-06 1.006047682494681794e-06 9.538659924146486446e-07 1.021733623929321766e-06
7.660000000000000000e+02 1.022571562966548275e-02 5.817944649606943130e-03 9.459195666750019882e-07 1.298842562391655520e-06 1.187340330943698063e-06 9.916232102114008740e-07 9.451150049244461115e-07 1.011678591567033436e-06
7.670000000000000000e+02 1.019906882501627615e-02 5.804961547255516052e-03 9.323343874712008983e-07 1.288413272959587630e-06 1.188901819659804460e-06 9.948147408067598008e-07 9.368653195451770443e-07 9.930480473485658877e-07
7.680000000000000000e+02 1.017252604166666609e-02 5.792015232145786285e-03 9.282355222239857540e-07 1.276861326005018782e-06 1.176045657302893233e-06 9.927204018822521903e-07 9.261135573979117908e-07 9.984175903809955344e-07
7.690000000000000000e+02 1.014608673889553017e-02 5.779105238616466522e-03 9.113326200349547435e-07 1.270538291464617942e-06 1.155948893938330002e-06 9.748926004249369726e-07 9.154986742032633629e-07 9.944210432877298445e-07
7.700000000000000000e+02 1.011975037949063884e-02 5.766230635344982147e-03 9.100303941522724926e-07 1.259650616702856496e-06 1.154550773208029568e-06 9.667140830060816370e-07 9.213654834638873581e-07 9.819272008826374076e-07
7.710000000000000000e+02 1.009351642972136816e-02 5.753400735557079315e-03 9.021775895234895870e-07 1.249329898200812750e-06 1.141988491326628719e-06 9.595595429345848970e-07 9.077360800802125596e-07 9.754967322805896401e-07
7.720000000000000000e+02 1.006738435931165895e-02 5.740589927881956100e-03 8.893694030120968819e-07 1.240114443135098554e-06 1.146403405982709955e-06 9.515106853541510645e-07 9.103657134801323991e-07 9.688495765658444725e-07
7.730000000000000000e+02 1.004135364141322054e-02 5.727822426706552505e-03 8.870820238371379673e-07 1.240961523762962315e-06 1.130310124608513433e-06 9.425837106391554698e-07 8.964864832705643494e-07 9.534911100672616158e-07
7.740000000000000000e+02 1.001542375257897209e-02 5.715084262192249298e-03 8.769364967520232312e-07 1.230405814567347988e-06 1.124154209719563369e-06 9.330871648671745788e-07 8.885729698704381008e-07 9.531104865345696453e-07
7.750000000000000000e+02 9.989594172736732114e-03 5.702402908354997635e-03 8.681075769345625304e-07 1.216098667100595776e-06 1.103266754398646299e-06 9.260072602046420798e-07 8.796918677944631781e-07 9.453638654122187290e-07
7.760000000000000000e+02 9.963864385163142059e-03 5.689735524356365204e-03 8.678510994286625646e-07 1.202980115522223059e-06 1.106753302337892819e-06 9.153490623248217162e-07 8.665106179250869900e-07 9.309650863542628940e-07
7.770000000000000000e+02 9.938233876457815488e-03 5.677099339663982391e-03 8.553656130061426666e-07 1.199200141854817048e-06 1.090692194338771515e-06 9.061101309271180071e-07 8.634667096885095816e-07 9.209514928443240933e-07
7.780000000000000000e+02 9.912702136517733548e-03 5.664501339197158813e-03 8.552491976843157317e-07 1.195358777295041364e-06 1.089685838451259769e-06 9.004997991723939776e-07 8.617490721007925458e-07 9.183957558889233042e-07
7.790000000000000000e+02 9.887268658511867703e-03 5.651937797665596008e-03 8.488237881465465762e-07 1.175291686195123475e-06 1.072826307790819556e-06 8.971760507847648114e-07 8.438287295575719327e-07 9.152676625490130391e-07
7.800000000000000000e+02 9.861932938856015837e-03 5.639422219246625900e-03 8.374878461836487986e-07 1.172794668491405901e-06 1.063832655745500233e-06 8.947347396315308288e-07 8.424630095760221593e-07 9.043960176313703414e-07
7.810000000000000000e+02 9.836694477187886421e-03 5.626935046166181564e-03 8.389327490476716775e-07 1.160741021521971561e-06 1.059428768712677993e-06 8.716575621292577125e-07 8.416974992542236578e-07 8.957405839282728266e-07
7.820000000000000000e+02 9.811552776342383902e-03 5.614465102553367615e-03 8.376428013434633613e-07 1.151938363364024553e-06 1.054338895301043522e-06 8.708814789315511007e-07 8.286074262287002057e-07 8.945411877903097775e-07
7.830000000000000000e+02 9.786507342327133499e-03 5.602058488875627518e-03 8.260864206022233702e-07 1.144393309004954062e-06 1.049565526045626029e-06 8.654244538774946705e-07 8.165792451109155081e-07 8.860324669512920082e-07
7.840000000000000000e+02 9.761557684298208942e-03 5.589655134826898575e-03 8.249857614828215446e-07 1.135493675974430516e-06 1.043659040078637190e-06 8.581535553275898565e-07 8.198203431675210595e-07 8.697259090695297346e-07
7.850000000000000000e+02 9.736703314536087478e-03 5.577309522777795792e-03 8.195124223675520625e-07 1.133311684498039540e-06 1.025541450871969573e-06 8.479971143060538452e-07 8.060923164521227591e-07 8.694075290804903489e-07
7.860000000000000000e+02 9.711943748421809561e-03 5.564979743212461472e-03 8.178170105566096026e-07 1.116153384828066919e-06 1.029171585287258495e-06 8.471505452689598314e-07 7.928134664325625636e-07 8.593545999246998690e-07
7.870000000000000000e+02 9.687278504413362329e-03 5.552695132791996002e-03 8.187723778974032030e-07 1.113503003580262884e-06 1.012520783660875168e-06 8.436674079348449595e-07 7.837148814360261895e-07 8.553346333428635262e-07
7.880000000000000000e+02 9.662707104022262572e-03 5.540436133742332458e-03 8.035232212932896800e-07 1.106257968785939738e-06 1.009095626613998320e-06 8.301843195113178808e-07 7.843090088499593548e-07 8.511112241649243515e-07
7.890000000000000000e+02 9.638229071790349600e-03 5.528212990611791611e-03 8.029156788325053640e-07 1.095128595807182137e-06 9.962781177819124423e-07 8.245515914495626930e-07 7.807857969055476133e-07 8.379882387998804916e-07
7.900000000000000000e+02 9.613843935266784546e-03 5.516017321497201920e-03 7.991916959326772485e-07 1.077714614439173602e-06 9.945025567503762431e-07 8.153610906447283924e-07 7.800892944942461327e-07 8.300219747070514131e-07
7.910000000000000000e+02 9.589551224985256098e-03 5.503864027559757233e-03 7.877747520979028195e-07 1.072753775588353164e-06 9.769478310772683471e-07 8.069166028690233361e-07 7.690102847845992073e-07 8.272854756796732545e-07
7.920000000000000000e+02 9.565350474441383991e-03 5.491750314831733704e-03 7.957175967021612450e-07 1.069929339791997336e-06 9.773148121894337237e-07 8.083065949904266745e-07 7.638789725206152070e-07 8.226762702179257758e-07
7.930000000000000000e+02 9.541241220070318524e-03 5.479649174958467484e-03 7.915379569567448925e-07 1.061804141500033438e-06 9.750652907314361073e-07 8.022592510315007530e-07 7.524374154854740482e-07 8.148369374794128817e-07
7.940000000000000000e+02 9.517223001224549978e-03 5.467590410262346268e-03 7.735205826975288801e-07 1.067729385795246344e-06 9.631120292397099547e-07 7.937309192129760049e-07 7.551736871391767636e-07 8.139793408190598711e-07
7.950000000000000000e+02 9.493295360151893236e-03 5.455565173178911209e-03 7.781603699186234735e-07 1.047583623403625097e-06 9.599825716577470303e-07 7.912854016467463225e-07 7.504680183956224937e-07 8.129316029226174578e-07
7.960000000000000000e+02 9.469457841973687520e-03 5.443571135401725769e-03 7.754284183647541795e-07 1.044019768414727878e-06 9.548340358378482051e-07 7.807706765561306383e-07 7.396812975457578432e-07 8.040574357437435538e-07
7.970000000000000000e+02 9.445709994663173056e-03 5.431618075817823410e-03 7.666794772376306355e-07 1.039938638314197306e-06 9.429817851014377084e-07 7.779171369293180760e-07 7.410408784380706493e-07 7.925094678284949623e-07
7.980000000000000000e+02 9.422051369024063774e-03 5.419685505330562592e-03 7.627652962582942564e-07 1.035882178257452324e-06 9.397444955538958311e-07 7.812591888978204224e-07 7.299989306375209708e-07 7.938769499560294207e-07
7.990000000000000000e+02 9.398481518669300414e-03 5.407785531133413315e-03 7.581312502225046046e-07 1.046349552780156955e-06 9.397204507877177093e-07 7.764418228362046648e-07 7.255904961311898660e-07 7.846275593692553230e-07
8.000000000000000000e+02 9.374999999999999653e-03 5.395914427936077118e-03 7.614592618665483315e-07 1.032855607263627462e-06 9.335089430351217743e-07 7.655121407879050821e-07 7.207227099570445716e-07 7.764534757370711304e-07
8.010000000000000000e+02 9.351606372184581920e-03 5.384074058383703232e-03 7.619206030540226493e-07 1.030575845106795896e-06 9.237053291144547984e-07 7.650245379409170710e-07 7.255007403728086501e-07 7.805851396369689610e-07
8.020000000000000000e+02 9.328300197138077871e-03 5.372276995331048965e-03 7.487670927730505355e-07 1.014070335259020794e-06 9.216875582751526963e-07 7.468554485967615619e-07 7.166919431256246753e-07 7.789753908582497388e-07
8.030000000000000000e+02 9.305081039501620493e-03 5.360506940633058548e-03 7.486233357667515520e-07 1.008068238661508076e-06 9.208059168486215640e-07 7.565152486677106936e-07 7.141544529076782055e-07 7.591456778754945844e-07
8.040000000000000000e+02 9.281948466622114147e-03 5.348770413547754288e-03 7.454787009919527918e-07 1.003938564281270374e-06 9.059311878445441835e-07 7.516250093431153800e-07 7.121185490177595057e-07 7.660530627617845312e-07
8.050000000000000000e+02 9.258902048532078807e-03 5.337068811058998108e-03 7.487660127480921801e-07 9.985715223592706025e-07 9.013687645165191498e-07 7.413219691443373449e-07 7.101688197508337907e-07 7.592303177261783276e-07
8.060000000000000000e+02 9.235941357929671261e-03 5.325386300683021545e-03 7.430707569255901035e-07 1.000347424451319966e-06 9.001199714475660585e-07 7.448854262293025386e-07 6.993030297053337563e-07 7.558064112345164176e-07
8.070000000000000000e+02 9.213065970158879764e-03 5.313743837177753448e-03 7.385585831798380241e-07 9.889706689136801288e-07 8.947399692260660231e-07 7.419984626721998211e-07 6.992503358560497873e-07 7.575544032079051249e-07
8.080000000000000000e+02 9.190275463189883504e-03 5.302127916365861893e-03 7.435720021931047086e-07 9.898226380755659193e-07 8.896270742297929246e-07 7.218017117338604294e-07 6.912581511642201804e-07 7.480544468307925854e-07
8.090000000000000000e+02 9.167569417599594206e-03 5.290540866553783417e-03 7.339398848671407904e-07 9.814408485908643343e-07 8.934065931498480495e-07 7.251217084558447823e-07 6.881937224534340203e-07 7.443945264640206005e-07
8.100000000000000000e+02 9.144947416552355601e-03 5.278986878693103790e-03 7.215426762741117273e-07 9.701960834718192928e-07 8.832546427584020421e-07 7.331621532102872152e-07 6.860158805466198828e-07 7.455194008798571303e-07
8.110000000000000000e+02 9.122409045780809425e-03 5.267470143735408783e-03 7.205325118775363080e-07 9.745768920765840448e-07 8.786046237219125032e-07 7.251784950312867295e-07 6.855693186480493750e-07 7.369669106083165389e-07
8.120000000000000000e+02 9.099953893566940094e-03 5.255979485809803009e-03 7.336181511163886171e-07 9.661561080065439455e-07 8.697288080838916358e-07 7.150823648771620356e-07 6.727188406330242287e-07 7.334817269111226778e-07
8.130000000000000000e+02 9.077581550723256426e-03 5.244504660367965698e-03 7.226581146824173629e-07 9.646876151236938313e-07 8.735360665923508350e-07 7.092742180248023942e-07 6.859226004962692969e-07 7.238688795041525736e-07
8.140000000000000000e+02 9.055291610574165914e-03 5.233087576925754547e-03 7.162168458307860419e-07 9.584701956555363722e-07 8.707838219379482325e-07 7.090558256095391698e-07 6.764045110685401596e-07 7.296139301615767181e-07
8.150000000000000000e+02 9.033083668937484309e-03 5.221675615757703781e-03 7.165334068304218818e-07 9.522559594188351184e-07 8.632920867057691794e-07 7.074683026075945236e-07 6.594635806322912686e-07 7.245442930070566945e-07
8.160000000000000000e+02 9.010957324106113470e-03 5.210306029766798019e-03 7.167989224399207160e-07 9.443363069294719025e-07 8.581665156270901207e-07 7.002017241575231310e-07 6.654951221207738854e-07 7.313614673876145389e-07
8.170000000000000000e+02 8.988912176829880543e-03 5.198972765356302261e-03 7.154657168939593248e-07 9.397437565894506406e-07 8.517799301444028970e-07 7.023454600130207837e-07 6.644871746175340377e-07 7.258660730258270632e-07
8.180000000000000000e+02 8.966947830297522862e-03 5.187661387026309967e-03 7.103626558091491461e-07 9.374588785249216016e-07 8.486003935104236007e-07 6.959296001696202438e-07 6.705478199364733882e-07 7.252108957800373901e-07
8.190000000000000000e+02 8.945063890118835903e-03 5.176374688744544983e-03 7.068620675454440061e-07 9.345158673568221275e-07 8.472985655316733755e-07 6.936220984243846033e-07 6.631985911553783808e-07 7.200010259111877531e-07
8.200000000000000000e+02 8.923259964306960029e-03 5.165121518075466156e-03 6.995168178036692552e-07 9.370574503009265754e-07 8.425425903624272905e-07 6.853405807305534836e-07 6.649588044638221618e-07 7.164123871916672215e-07
8.210000000000000000e+02 8.901535663260840697e-03 5.153905134648084641e-03 6.994320074227289297e-07 9.267465657103457488e-07 8.424727298006473575e-07 6.828318532825505827e-07 6.547835482706432231e-07 7.110625119821634144e-07
8.220000000000000000e+02 8.879890599747811836e-03 5.142714828252792358e-03 7.022547947599377949e-07 9.261945024263695814e-07 8.385395631194114685e-07 6.802624170632043388e-07 6.602852522519242484e-07 7.100943548721261322e-07
8.230000000000000000e+02 8.858324388886345754e-03 5.131548270583152771e-03 6.940376806596759707e-07 9.193744858748686966e-07 8.308058454531419557e-07 6.821207989560207352e-07 6.508796559501206502e-07 7.114567210919631179e-07
8.240000000000000000e+02 8.836836648128947036e-03 5.120412912219762802e-03 6.895282922414480709e-07 9.163212553175981157e-07 8.262699111583060585e-07 6.806191663599747699e-07 6.448584031204518396e-07 7.053097306197742000e-07
8.250000000000000000e+02 8.815426997245178267e-03 5.109312478452920914e-03 6.823880767115042545e-07 9.149293873633723706e-07 8.298575266962870955e-07 6.696702712361002341e-07 6.430086614273022860e-07 7.007386102486634627e-07
8.260000000000000000e+02 8.794095058304850568e-03 5.098242778331041336e-03 6.853651370875013527e-07 9.155020279649761505e-07 8.181518751371186227e-07 6.692022225252003409e-07 6.418391080842411611e-07 6.952091666789783631e-07
8.270000000000000000e+02 8.772840455661333817e-03 5.087194032967090607e-03 6.730272730237629730e-07 9.090606454265071079e-07 8.262160804406448733e-07 6.644057179983064998e-07 6.421641955967061222e-07 6.934326393093215302e-07
8.280000000000000000e+02 8.751662815935028206e-03 5.076176486909389496e-03 6.763119131392159034e-07 9.022922426993318368e-07 8.121483574541343842e-07 6.763119131392159034e-07 6.391580882336711511e-07 6.818866040703142062e-07
8.290000000000000000e+02 8.730561767996962430e-03 5.065188277512788773e-03 6.708206115035864059e-07 9.060076422429119702e-07 8.071594947978155687e-07 6.736514706062735058e-07 6.274360089264519047e-07 6.903343319208943285e-07
8.300000000000000000e+02 8.709536942952532390e-03 5.054228007793426514e-03 6.607904765587591100e-07 8.882918223207525443e-07 8.109586246973776724e-07 6.602517146347963717e-07 6.295319394666876178e-07 6.858472261228598654e-07
8.310000000000000000e+02 8.688587974125385610e-03 5.043299403041601181e-03 6.656346727140771691e-07 9.020126299219555221e-07 8.121355108414718416e-07 6.733638997502566781e-07 6.363569013956293929e-07 6.868505124657531269e-07
8.320000000000000000e+02 8.667714497041420149e-03 5.032395478338003159e-03 6.493283990494091995e-07 8.862211302584910300e-07 8.044243031690712087e-07 6.733391728630522266e-07 6.267869707698991988e-07 6.817326152486202773e-07
8.330000000000000000e+02 8.646916149412946576e-03 5.021519493311643600e-03 6.579971341125201434e-07 8.878948278834286612e-07 8.090136134342174046e-07 6.609642468902166001e-07 6.267916887736646459e-07 6.736343607371964026e-07
8.340000000000000000e+02 8.626192571122957495e-03 5.010680295526981354e-03 6.444305995501053985e-07 8.817704042485274840e-07 8.001829883141908795e-07 6.605963562833494507e-07 6.305605211309739389e-07 6.611854814764228649e-07
8.350000000000000000e+02 8.605543404209544528e-03 4.999869037419557571e-03 6.419073770302929915e-07 8.772752835284336470e-07 7.983935574884526432e-07 6.528071594402717892e-07 6.186171503941295668e-07 6.678875479337875731e-07
8.360000000000000000e+02 8.584968292850438457e-03 4.989082925021648407e-03 6.474305678239034023e-07 8.769695796218002215e-07 8.008361191969015636e-07 6.521333943965146318e-07 6.157281404739478603e-07 6.657821245426021051e-07
8.370000000000000000e+02 8.564466883347679471e-03 4.978309385478496552e-03 6.314231768556055613e-07 8.743148782741627656e-07 7.986412242644291837e-07 6.464152875196305104e-07 6.081548349357035477e-07 6.619800956286781002e-07
8.380000000000000000e+02 8.544038824112417524e-03 4.967588931322097778e-03 6.311699962679995224e-07 8.712553380973986350e-07 7.762210429973492865e-07 6.375781254064349923e-07 6.008408490743022412e-07 6.584646712326502893e-07
8.390000000000000000e+02 8.523683765649839317e-03 4.956868011504411697e-03 6.305632496150792576e-07 8.636853294774482492e-07 7.805267046023800503e-07 6.361916575770010240e-07 6.012342623762378935e-07 6.620977046623011120e-07
8.400000000000000000e+02 8.503401360544218454e-03 4.946192260831594467e-03 6.258858320506988093e-07 8.699476552465057466e-07 7.766518024254764896e-07 6.387787720996129792e-07 6.010393462929641828e-07 6.540261097143229563e-07
8.410000000000000000e+02 8.483191263444090496e-03 4.935553763061761856e-03 6.208395006979117170e-07 8.599579928159073461e-07 7.665813654966768809e-07 6.343046834444976412e-07 6.018523777129303198e-07 6.458437269429850858e-07
8.420000000000000000e+02 8.463053131047556382e-03 4.924927372485399246e-03 6.180603691063879523e-07 8.563008009332406800e-07 7.766294061184453312e-07 6.286335292315925471e-07 6.015350777488492895e-07 6.341326184156059753e-07
8.430000000000000000e+02 8.442986622087696874e-03 4.914325661957263947e-03 6.162512136143050157e-07 8.493963719047314953e-07 7.573301559204992373e-07 6.301951316345366649e-07 5.979571255920745898e-07 6.388273732227389701e-07
8.440000000000000000e+02 8.422991397318118842e-03 4.903765860944986343e-03 6.007560955367807765e-07 8.507618076691869646e-07 7.602000096085248515e-07 6.254083473322680220e-07 5.898788799640897196e-07 6.362196813824994024e-07
8.450000000000000000e+02 8.403067119498617774e-03 4.893226549029350281e-03 5.993296099404687993e-07 8.325708904521889053e-07 7.471203957720717881e-07 6.241791652428219095e-07 5.924913466515135951e-07 6.344228040688904002e-07
8.460000000000000000e+02 8.383213453380949573e-03 4.882714711129665375e-03 5.930423867539502680e-07 8.300763738589012064e-07 7.401812922580575105e-07 6.140049322311824653e-07 5.876521527170552872e-07 6.245520580705488101e-07
8.470000000000000000e+02 8.363430065694742871e-03 4.872223827987909317e-03 5.925066943746060133e-07 8.352672011824324727e-07 7.415068239424726926e-07 6.121918545431981329e-07 5.820954243063169997e-07 6.304465500761580188e-07
8.480000000000000000e+02 8.343716625133499806e-03 4.861767869442701340e-03 5.807383445244340692e-07 8.146834602484887000e-07 7.347039172600489110e-07 6.038113724571303464e-07 5.793750119664764497e-07 6.246165185075369664e-07
8.490000000000000000e+02 8.324072802340728647e-03 4.851336125284433365e-03 5.807759748677199241e-07 8.152774171321652830e-07 7.349661927946726792e-07 6.117003295003087260e-07 5.757565304520539939e-07 6.150119133963016793e-07
8.500000000000000000e+02 8.304498269896194371e-03 4.840931855142116547e-03 5.813060965920158196e-07 8.178072334885655437e-07 7.306518909899750724e-07 5.995428296046156902e-07 5.748859734922007192e-07 6.073350959923118353e-07
8.510000000000000000e+02 8.284992702302261189e-03 4.830557387322187424e-03 5.698910285900637973e-07 8.147970333993725944e-07 7.355080242632539012e-07 5.939053266956761945e-07 5.698822747035592329e-07 6.024532694937079214e-07
8.520000000000000000e+02 8.265555775970375579e-03 4.820209462195634842e-03 5.594433218902850058e-07 8.073418484855210409e-07 7.286298000508395489e-07 5.928001769461843651e-07 5.609218192148546223e-07 6.017489226906036492e-07
8.530000000000000000e+02 8.246187169207637793e-03 4.809885285794734955e-03 5.565725587075576186e-07 7.991029065124166664e-07 7.261365908561856486e-07 5.849129820489906706e-07 5.645944725074514281e-07 5.972216285954345949e-07
8.540000000000000000e+02 8.226886562203489586e-03 4.799577873200178146e-03 5.502463409357005730e-07 7.901622893768944778e-07 7.188139079516986385e-07 5.763895387644879520e-07 5.529450390895362943e-07 5.965827654108579736e-07
8.550000000000000000e+02 8.207653637016518178e-03 4.789303056895732880e-03 5.549566139961825684e-07 7.856206138967536390e-07 7.094288321241037920e-07 5.803852332064707298e-07 5.484183702719747089e-07 5.928974360358552076e-07
8.560000000000000000e+02 8.188488077561359088e-03 4.779050592333078384e-03 5.408580250332306605e-07 7.817650384822627530e-07 7.060179996187798679e-07 5.731138799092150293e-07 5.435773573481128551e-07 5.814279688820533920e-07
8.570000000000000000e+02 8.169389569595709999e-03 4.768842365592718124e-03 5.364816502151370514e-07 7.806885946592956316e-07 6.942980235180584714e-07 5.654358687934291083e-07 5.397675977292237803e-07 5.844815404998371378e-07
8.580000000000000000e+02 8.150357800707450431e-03 4.758647643029689789e-03 5.359350438993715215e-07 7.720786356912867632e-07 6.956948936931439675e-07 5.490329613166977651e-07 5.386197017287486233e-07 5.722151854570256546e-07
8.590000000000000000e+02 8.131392460301863773e-03 4.748481791466474533e-03 5.271418217489554081e-07 7.615956292283954099e-07 6.905329996698128525e-07 5.489631575983366929e-07 5.356760084396228194e-07 5.691953219866263680e-07
8.600000000000000000e+02 8.112493239588966856e-03 4.738344345241785049e-03 5.256412123344489373e-07 7.610553325321234297e-07 6.887104859742976259e-07 5.551121375901857391e-07 5.316499596119683702e-07 5.722596938539936673e-07
8.610000000000000000e+02 8.093659831570938420e-03 4.728225525468587875e-03 5.236730089563934598e-07 7.512985007451788988e-07 6.866223998258647043e-07 5.472454063237819355e-07 5.219214358476165216e-07 5.587892815128725488e-07
8.620000000000000000e+02 8.074891931029656855e-03 4.718142561614513397e-03 5.133521767675119918e-07 7.416281846417405177e-07 6.799769494136853609e-07 5.509784273272089195e-07 5.272169119052705355e-07 5.633011141981114633e-07
8.630000000000000000e+02 8.056189234514326419e-03 4.708079155534505844e-03 5.148518198438978288e-07 7.442745868502242956e-07 6.707886655021866318e-07 5.401771545621159021e-07 5.193631977817858569e-07 5.538310006159008481e-07
8.640000000000000000e+02 8.037551440329217950e-03 4.698045551776885986e-03 5.089364094601478428e-07 7.288572305697016418e-07 6.602242024200677406e-07 5.370417852645914536e-07 5.166548362467437983e-07 5.527812163563794456e-07
8.650000000000000000e+02 8.018978248521501512e-03 4.688030574470758438e-03 5.040465680394845549e-07 7.374258643721987028e-07 6.537494527947274037e-07 5.236864808466634713e-07 5.152167545929842163e-07 5.447789703794114757e-07
8.660000000000000000e+02 8.000469360869170987e-03 4.678036086261272430e-03 4.922867447021417320e-07 7.258379923769098241e-07 6.466780746450240258e-07 5.312742814567172900e-07 5.021192350795899983e-07 5.394295499172585551e-07
8.670000000000000000e+02 7.982024480869083158e-03 4.668070934712886810e-03 5.024958795729617123e-07 7.156752985792991240e-07 6.424903062907105777e-07 5.113261636324750725e-07 4.923166443404625170e-07 5.361135890780133195e-07
8.680000000000000000e+02 7.963643313725073114e-03 4.658136982470750809e-03 4.924637551084742881e-07 7.063215434754965827e-07 6.431399697248707525e-07 5.149250910108094104e-07 4.896128871223481838e-07 5.386834232012915891e-07
8.690000000000000000e+02 7.945325566336185891e-03 4.648217465728521347e-03 4.953794814355205745e-07 7.064235205689328723e-07 6.426141112569894176e-07 5.063730554866197053e-07 4.887671138931182213e-07 5.205597517488058656e-07
8.700000000000000000e+02 7.927070947284977492e-03 4.638338927179574966e-03 4.824009351978020277e-07 7.008663374108436983e-07 6.326336574602464680e-07 5.027120550948893651e-07 4.876025059274979867e-07 5.301962460180220660e-07
8.710000000000000000e+02 7.908879166825942553e-03 4.628474824130535126e-03 4.762791832035873085e-07 6.966805585761903785e-07 6.281252922235580627e-07 5.002542025067668874e-07 4.876951607002411038e-07 5.217169700699741952e-07
8.720000000000000000e+02 7.890749936874000975e-03 4.618648439645767212e-03 4.801109412255755160e-07 6.861693009341252036e-07 6.195318746904376894e-07 4.940276880915916990e-07 4.692870447797758970e-07 5.131313400852377526e-07
8.730000000000000000e+02 7.872682970993099064e-03 4.608836956322193146e-03 4.684465579884999897e-07 6.796430511712969746e-07 6.089443900236801710e-07 4.907571451440162491e-07 4.789864078702521510e-07 5.093505137665488292e-07
8.740000000000000000e+02 7.854677984384900863e-03 4.599050153046846390e-03 4.766247911902610213e-07 6.732856263624853455e-07 6.072067435525241308e-07 4.869095278081658762e-07 4.635706432054575998e-07 5.086873215986997820e-07
8.750000000000000000e+02 7.836734693877550617e-03 4.589279182255268097e-03 4.549344794213538989e-07 6.742205869159079157e-07 5.996691925247432664e-07 4.877305173067725264e-07 4.511297504450340057e-07 5.004341687708802056e-07
8.760000000000000000e+02 7.818852817914554929e-03 4.579545464366674423e-03 4.557718398245924618e-07 6.727865979883063119e-07 6.030722943251021206e-07 4.741872032809624216e-07 4.563061111184651963e-07 4.963289939041715115e-07
8.770000000000000000e+02 7.801032076543726497e-03 4.569843411445617676e-03 4.479080359942599898e-07 6.652819024566269945e-07 5.974520718154963106e-07 4.813245482182537671e-07 4.466965890514984494e-07 4.873827492701821029e-07
8.780000000000000000e+02 7.783272191406229341e-03 4.560153000056743622e-03 4.446139314495667350e-07 6.599053108402586076e-07 5.947575800746562891e-07 4.779318487635464408e-07 4.505602646531770006e-07 4.879028665527584963e-07
8.790000000000000000e+02 7.765572885725712492e-03 4.550488200038671494e-03 4.472077819173136959e-07 6.536860155392787419e-07 5.941938638898136560e-07 4.676105049838952255e-07 4.454557824828953017e-07 4.829830118069367018e-07
8.800000000000000000e+02 7.747933884297520876e-03 4.540851339697837830e-03 4.466688778848038055e-07 6.483045353888883255e-07 5.813503776153083891e-07 4.670732209888228681e-07 4.352940550234052353e-07 4.809217557522060815e-07
8.810000000000000000e+02 7.730354913478002486e-03 4.531234037131071091e-03 4.378587163955671713e-07 6.433485282286710571e-07 5.733570560551015660e-07 4.590275466398452409e-07 4.282418331058579497e-07 4.753565576720575336e-07
8.820000000000000000e+02 7.712835701173893603e-03 4.521652124822139740e-03 4.301107026094541652e-07 6.439482262976525817e-07 5.697208393939945381e-07 4.568877614019584144e-07 4.303929586058075074e-07 4.667725761464680545e-07
8.830000000000000000e+02 7.695375976831788159e-03 4.512075800448656082e-03 4.317760726735286880e-07 6.309795708148158155e-07 5.706079946321551688e-07 4.469611667445860803e-07 4.269797670986008598e-07 4.759093599204788916e-07
8.840000000000000000e+02 7.677975471427693835e-03 4.502534866333007812e-03 4.490646574595302809e-07 6.346648433463997208e-07 5.625080348181654699e-07 4.425733948210108792e-07 4.253366796547197737e-07 4.673629518947564065e-07
8.850000000000000000e+02 7.660633917456669689e-03 4.493009764701128006e-03 4.403800346608477412e-07 6.283474363044661004e-07 5.546684747059771325e-07 4.447812784746929538e-07 4.260582500137388706e-07 4.599508827141107759e-07
8.860000000000000000e+02 7.643351048922541850e-03 4.483515862375497818e-03 4.353044289473473327e-07 6.215056487235415261e-07 5.488734018399554770e-07 4.453803796877764398e-07 4.118558933896565577e-07 4.508773940870014485e-07
8.870000000000000000e+02 7.626126601327708546e-03 4.474036861211061478e-03 4.214030013827141374e-07 6.193831723066978157e-07 5.551954131988168228e-07 4.364437700132839382e-07 4.250940719430218451e-07 4.526252155301335733e-07
8.880000000000000000e+02 7.608960311663014522e-03 4.464601166546344757e-03 4.320986874972732039e-07 6.087837505219795275e-07 5.562874321185518056e-07 4.338137387094320729e-07 4.130531010559934657e-07 4.408288418744632509e-07
8.890000000000000000e+02 7.591851918397713936e-03 4.455175250768661499e-03 4.209106521102512488e-07 6.116385407040070277e-07 5.407746357377618551e-07 4.306423875277687330e-07 4.120378207517205738e-07 4.487189642077282770e-07
8.900000000000000000e+02 7.574801161469511303e-03 4.445773549377918243e-03 4.233757238125690492e-07 6.030413715052418411e-07 5.413235726337006781e-07 4.357807483756914735e-07 4.049203710110305110e-07 4.430056605997378938e-07
8.910000000000000000e+02 7.557807782274673578e-03 4.436391871422529221e-03 4.206043797694292152e-07 6.026338610354287084e-07 5.382444214774295688e-07 4.258482420027576154e-07 4.017086041585571365e-07 4.393286019421793753e-07
8.920000000000000000e+02 7.540871523658227230e-03 4.427042789757251740e-03 4.136934137477510376e-07 5.946670853518298827e-07 5.330129511094128247e-07 4.142831357967224903e-07 4.010656482478225371e-07 4.328766465278022224e-07
8.930000000000000000e+02 7.523992129904232516e-03 4.417710006237030029e-03 4.133152913254889427e-07 5.824713298352435231e-07 5.205421871323778760e-07 4.148008940774161601e-07 3.907794621227367315e-07 4.385947534046863439e-07
8.940000000000000000e+02 7.507169346726123675e-03 4.408414009958505630e-03 4.121918095734145027e-07 5.873528152733342722e-07 5.202268766879569739e-07 4.046509616273397114e-07 3.881984582676523132e-07 4.303666685245843837e-07
8.950000000000000000e+02 7.490402921257139322e-03 4.399129655212163925e-03 4.064159213612583699e-07 5.869707138117519207e-07 5.190926231080084108e-07 4.035487108922097832e-07 3.856731041196326260e-07 4.315361650242266478e-07
8.960000000000000000e+02 7.473692602040816167e-03 4.389873705804347992e-03 4.091629932645446388e-07 5.845662371939397417e-07 5.191319587538600899e-07 4.121676511203986593e-07 3.775589618726371555e-07 4.182578834388550604e-07
8.970000000000000000e+02 7.457038139021561658e-03 4.380636382848024368e-03 3.984737872997357044e-07 5.796914024358557072e-07 5.053261133980413433e-07 4.106734650122234598e-07 3.781614736908522900e-07 4.302041247683519032e-07
8.980000000000000000e+02 7.440439283535300354e-03 4.371421877294778824e-03 4.040045666897640331e-07 5.781748768640682101e-07 5.061425554231391288e-07 4.008908263131161220e-07 3.827079240181774367e-07 4.175417132046277402e-07
8.990000000000000000e+02 7.423895788300187946e-03 4.362235777080059052e-03 4.011927217106858734e-07 5.743588644691044465e-07 5.075669946563721169e-07 3.940600095120316837e-07 3.723497457031044178e-07 4.180000985343212960e-07
9.000000000000000000e+02 7.407407407407407690e-03 4.353065043687820435e-03 3.986326930771610932e-07 5.766392519035434816e-07 4.946128910887637176e-07 3.964127586186805274e-07 3.750500070509588113e-07 4.078391668826952809e-07
9.010000000000000000e+02 7.390973896312027537e-03 4.343915730714797974e-03 4.002095295163599076e-07 5.755144911745446734e-07 4.976758418706594966e-07 3.893713653724262258e-07 3.739126555046823341e-07 4.032406764054030646e-07
9.020000000000000000e+02 7.374595011823933607e-03 4.334798548370599747e-03 3.979596954195585568e-07 5.611939286609413102e-07 4.971881821802526247e-07 3.916785829005675623e-07 3.754902593300357694e-07 4.164745632806443609e-07
9.030000000000000000e+02 7.358270512098836515e-03 4.325694870203733444e-03 3.872700347073987359e-07 5.614716656054952182e-07 4.948960850015282631e-07 3.941999011658481322e-07 3.690483083573781187e-07 4.035361200749321142e-07
9.040000000000000000e+02 7.342000156629336673e-03 4.316613078117370605e-03 3.911784460797207430e-07 5.578495461122656707e-07 4.862155833507131319e-07 3.957611909299885156e-07 3.697601016483531566e-07 4.098801866803114535e-07
9.050000000000000000e+02 7.325783706236073736e-03 4.307562950998544693e-03 3.891452422521979315e-07 5.469444772643328179e-07 4.805780804417736363e-07 3.849745269235427259e-07 3.707657185714197112e-07 4.006292044778092531e-07
9.060000000000000000e+02 7.309620923058929819e-03 4.298534709960222244e-03 3.849848724257753929e-07 5.461533874040469527e-07 4.847714762945543043e-07 3.947824609440431232e-07 3.636064889178669546e-07 4.023460746793716680e-07
9.070000000000000000e+02 7.293511570548314241e-03 4.289517644792795181e-03 3.893873667948355433e-07 5.504571163328364491e-07 4.830546913581201807e-07 3.829493948614981491e-07 3.647621724667260423e-07 4.011984628959908150e-07
9.080000000000000000e+02 7.277455413456500322e-03 4.280531778931617737e-03 3.832157062788610347e-07 5.399423343988019042e-07 4.814971248379151803e-07 3.709435816290351795e-07 3.606364202823897358e-07 3.926930105535575422e-07
9.090000000000000000e+02 7.261452217829043702e-03 4.271559882909059525e-03 3.749948689346638275e-07 5.392425919126253575e-07 4.789953891304321587e-07 3.770962564431101782e-07 3.625695512710080948e-07 3.845236165034293663e-07
9.100000000000000000e+02 7.245501750996256179e-03 4.262614063918590546e-03 3.825399517154437490e-07 5.403580871643498540e-07 4.773870045937655959e-07 3.793288385622872738e-07 3.627999092259415193e-07 3.951572011828830000e-07
9.110000000000000000e+02 7.229603781564751530e-03 4.253686871379613876e-03 3.749922825591056608e-07 5.317023124007391743e-07 4.775194497597112786e-07 3.699904311815771507e-07 3.616363812852796400e-07 3.820665028797520790e-07
9.120000000000000000e+02 7.213758079409048583e-03 4.244795534759759903e-03 3.774105437059915857e-07 5.298537644193856977e-07 4.752367601668083807e-07 3.646488266895175911e-07 3.519399740525841480e-07 3.888505375471140724e-07
9.130000000000000000e+02 7.197964415663250619e-03 4.235913511365652084e-03 3.657764580111688701e-07 5.343237035049241967e-07 4.731073204311542213e-07 3.723590680237975903e-07 3.593741269014572026e-07 3.913402224497986026e-07
9.140000000000000000e+02 7.182222562712773338e-03 4.227068275213241577e-03 3.729492448201199295e-07 5.305467425387178082e-07 4.686344254878349602e-07 3.686197942442959175e-07 3.517274080877541564e-07 3.773698153963778168e-07
9.150000000000000000e+02 7.166532294186150898e-03 4.218232352286577225e-03 3.746270920146343997e-07 5.258389137452468276e-07 4.609547943346115062e-07 3.623273698849516222e-07 3.491950621992145898e-07 3.817016533957939828e-07
9.160000000000000000e+02 7.150893384946893118e-03 4.209419246762990952e-03 3.611303043271618662e-07 5.131468583385867532e-07 4.502512638282496482e-07 3.646872528406674974e-07 3.360722757861367427e-07 3.793466305523907067e-07
9.170000000000000000e+02 7.135305611085411212e-03 4.200623836368322372e-03 3.646981383553793421e-07 5.235818321125407238e-07 4.655471173009573249e-07 3.561036692190100439e-07 3.479286760921240784e-07 3.763695985981030390e-07
9.180000000000000000e+02 7.119768749911002496e-03 4.191851709038019180e-03 3.654865565749787493e-07 5.207741082813299727e-07 4.566624909330130322e-07 3.600363527311856160e-07 3.405142763313051546e-07 3.769458203350950498e-07
9.190000000000000000e+02 7.104282579943900153e-03 4.183108452707529068e-03 3.606473057971015805e-07 5.151691198079788592e-07 4.537702409379562596e-07 3.554474972133903066e-07 3.379118709290196421e-07 3.738967677691107383e-07
9.200000000000000000e+02 7.088846880907372430e-03 4.174379166215658188e-03 3.581579051115113543e-07 5.169789574210881256e-07 4.602648289164790185e-07 3.542242552612151485e-07 3.375319863607728621e-07 3.735546556526969653e-07
9.210000000000000000e+02 7.073461433719898175e-03 4.165670368820428848e-03 3.590097605865594232e-07 5.114355872137821279e-07 4.515623288625647547e-07 3.566258044429559959e-07 3.349976793742825976e-07 3.708278768499440048e-07
9.220000000000000000e+02 7.058126020487387464e-03 4.156991839408874512e-03 3.627245916959509486e-07 5.126808559907658491e-07 4.533477522272733040e-07 3.458805792888597352e-07 3.338755618642608169e-07 3.660024106011405820e-07
9.230000000000000000e+02 7.042840424495468155e-03 4.148323554545640945e-03 3.610358021433057729e-07 5.132195610713097267e-07 4.499725037021562457e-07 3.465324596163554816e-07 3.350053532358288066e-07 3.663143672838486964e-07
9.240000000000000000e+02 7.027604430201833154e-03 4.139684606343507767e-03 3.567622854916407960e-07 5.024639335715619382e-07 4.398807504912838340e-07 3.460599202753655845e-07 3.294671273579297122e-07 3.605031224651611410e-07
9.250000000000000000e+02 7.012417823228633655e-03 4.131069872528314590e-03 3.506743269099388272e-07 5.149537969373341184e-07 4.377559434942668304e-07 3.462142501575726783e-07 3.349118742335122079e-07 3.676771314076177077e-07
9.260000000000000000e+02 6.997280390354948705e-03 4.122476559132337570e-03 3.508398265239520697e-07 5.072157023278123233e-07 4.440529153271199903e-07 3.397551893158379244e-07 3.319525490041996818e-07 3.592791415485407924e-07
9.270000000000000000e+02 6.982191919509291196e-03 4.113890696316957474e-03 3.419463041609560605e-07 5.077482114757003728e-07 4.385948955132334959e-07 3.465359839083248517e-07 3.327670583530561998e-07 3.609079328725783853e-07
9.280000000000000000e+02 6.967152199762187588e-03 4.105346743017435074e-03 3.487656954348494764e-07 4.931356443194090389e-07 4.461007563349994598e-07 3.425148804581112927e-07 3.178977010520611657e-07 3.565707231700798729e-07
9.290000000000000000e+02 6.952161021318801863e-03 4.096800461411476135e-03 3.423608632147079334e-07 4.953485586156602949e-07 4.366123391719156643e-07 3.430463948461692780e-07 3.209893009170627920e-07 3.532343555434636073e-07
9.300000000000000000e+02 6.937218175511620198e-03 4.088283516466617584e-03 3.368946863702149130e-07 4.903164381175884046e-07 4.363685093267122284e-07 3.375465951194200898e-07 3.266239616550592473e-07 3.636930898665013956e-07
9.310000000000000000e+02 6.922323454793189411e-03 4.079789388924837112e-03 3.345265611187642207e-07 4.899952728010248393e-07 4.249973528658301802e-07 3.447327969752222998e-07 3.184692047852877295e-07 3.590754715787625173e-07
9.320000000000000000e+02 6.907476652728913522e-03 4.071305505931377411e-03 3.310464649075584020e-07 4.831742899114033207e-07 4.295560813716292614e-07 3.383862576811225154e-07 3.177482312821666710e-07 3.579559120225894731e-07
9.330000000000000000e+02 6.892677563989895416e-03 4.062854684889316559e-03 3.305047471258149017e-07 4.809937195204838645e-07 4.238804081069247331e-07 3.411374791539856233e-07 3.212495869320264319e-07 3.515716286983661121e-07
9.340000000000000000e+02 6.877925984345840092e-03 4.054436460137367249e-03 3.352221540353639284e-07 4.797587962457328103e-07 4.171070600023085717e-07 3.199245099949621363e-07 3.260356606915593147e-07 3.527908063460927224e-07
9.350000000000000000e+02 6.863221710658011683e-03 4.046015907078981400e-03 3.279979523540532682e-07 4.785041483046370558e-07 4.233818344800965860e-07 3.360742368840874406e-07 3.116450386642100057e-07 3.439429008267325116e-07
9.360000000000000000e+02 6.848564540872232979e-03 4.037625156342983246e-03 3.264738381858478533e-07 4.738510881452384638e-07 4.177813934802543372e-07 3.288762400188716128e-07 3.220731628061912488e-07 3.408822806250100257e-07
9.370000000000000000e+02 6.833954274011952608e-03 4.029261879622936249e-03 3.254162947996519506e-07 4.748763444695214275e-07 4.146521916936762864e-07 3.215150172763969749e-07 3.244325910145562375e-07 3.464523956608900335e-07
9.380000000000000000e+02 6.819390710171348638e-03 4.020906053483486176e-03 3.251840610118961195e-07 4.716540047411399428e-07 4.135701487939513754e-07 3.140341959806391969e-07 3.145114817471039714e-07 3.364849305853567785e-07
9.390000000000000000e+02 6.804873650508493771e-03 4.012577235698699951e-03 3.218977724372962257e-07 4.608531298799789511e-07 4.055754914134013234e-07 3.200261460278852610e-07 3.166832982515188633e-07 3.445312302119418746e-07
9.400000000000000000e+02 6.790402897238569102e-03 4.004255402833223343e-03 3.160438666327536339e-07 4.624796474672621116e-07 4.115797480608307524e-07 3.236613395074527944e-07 3.116736024821875617e-07 3.463757138888468035e-07
9.410000000000000000e+02 6.775978253627124720e-03 3.995982930064201355e-03 3.128595267298805993e-07 4.636339383523591096e-07 4.040836927288182778e-07 3.122998748494865140e-07 3.030256436886702431e-07 3.463624977939616656e-07
9.420000000000000000e+02 6.761599523983393215e-03 3.987706266343593597e-03 3.058470667838264490e-07 4.627104885912558530e-07 4.025461066703428514e-07 3.171336118157341843e-07 2.971345622881926829e-07 3.236223733438237105e-07
9.430000000000000000e+02 6.747266513653656095e-03 3.979452420026063919e-03 3.139973046017985325e-07 4.642215287731232820e-07 4.119807783808937529e-07 3.068699925279361196e-07 3.017115091097366530e-07 3.311161265173723223e-07
9.440000000000000000e+02 6.732979029014650972e-03 3.971215337514877319e-03 3.099526395544671686e-07 4.484714395402988885e-07 3.976716698161908425e-07 3.159048276302200975e-07 3.021009433723520488e-07 3.276659867879061494e-07
9.450000000000000000e+02 6.718736877467035989e-03 3.963010385632514954e-03 3.022299779331660829e-07 4.449951802598661743e-07 3.965627399793447694e-07 3.027888624274055474e-07 2.887199173073895508e-07 3.236388579352933448e-07
9.460000000000000000e+02 6.704539867428898486e-03 3.954830113798379898e-03 2.924086572875239654e-07 4.555673456252407050e-07 3.888596324941318016e-07 2.997408614646701608e-07 2.950435487036884297e-07 3.261041285895771580e-07
9.470000000000000000e+02 6.690387808329309634e-03 3.946656826883554459e-03 3.049023007406503893e-07 4.452635948837269098e-07 3.871265334964846261e-07 3.092596330134256277e-07 2.839295518697326770e-07 3.119156701814063126e-07
9.480000000000000000e+02 6.676280510601933713e-03 3.938494715839624405e-03 2.996347348016570322e-07 4.392128687413787702e-07 3.814012643488240428e-07 3.020149961230345070e-07 2.917537642588285962e-07 3.188465029779763427e-07
9.490000000000000000e+02 6.662217785678674689e-03 3.930366598069667816e-03 2.956683431420970010e-07 4.395325561290519545e-07 3.793968801346636610e-07 2.989829397392895771e-07 2.919427686265407829e-07 3.180641101607761811e-07
9.500000000000000000e+02 6.648199445983379169e-03 3.922262694686651230e-03 2.943835681890050182e-07 4.388774073049717117e-07 3.819789640147064347e-07 2.957984577278693905e-07 2.874731990232248791e-07 3.213814068203646457e-07
9.510000000000000000e+02 6.634225304925580984e-03 3.914164379239082336e-03 2.862198584807629231e-07 4.291339337214594707e-07 3.823845986516971607e-07 2.972861636862944579e-07 2.761181292498804396e-07 3.153287764234846691e-07
9.520000000000000000e+02 6.620295176894287412e-03 3.906084923073649406e-03 2.799338858494593296e-07 4.246388982664939249e-07 3.699270223478379194e-07 2.909574163822981063e-07 2.727450976180989528e-07 3.062454538849124219e-07
9.530000000000000000e+02 6.606408877251821778e-03 3.898032940924167633e-03 2.830775542861374561e-07 4.264197173142747488e-07 3.727926127794489730e-07 2.916705170719069429e-07 2.820011957282986259e-07 3.120658504940365674e-07
9.540000000000000000e+02 6.592566222327703347e-03 3.890005173161625862e-03 2.822528983870142838e-07 4.260541572875808924e-07 3.642127524017269025e-07 2.966873466903052758e-07 2.781793568829016294e-07 3.064365046157035977e-07
9.550000000000000000e+02 6.578767029412570591e-03 3.881987649947404861e-03 2.688655627025582362e-07 4.225779548505670391e-07 3.697212491715617944e-07 2.862515486867778236e-07 2.768229023786261678e-07 3.108802957285661250e-07
9.560000000000000000e+02 6.565011116752157358e-03 3.873985027894377708e-03 2.684294884147675475e-07 4.235316737322136760e-07 3.623588895607099403e-07 2.777463805614388548e-07 2.775261691567720845e-07 3.019832206518913154e-07
9.570000000000000000e+02 6.551298303541304609e-03 3.866020124405622482e-03 2.764967632629122818e-07 4.312682619911356596e-07 3.605909739690105198e-07 2.777867678105394589e-07 2.715698599331517471e-07 2.989056042679294478e-07
9.580000000000000000e+02 6.537628409918018121e-03 3.858054289594292641e-03 2.689814095901965629e-07 4.120524863537866622e-07 3.615617458763153991e-07 2.776525604986090912e-07 2.679600186183961341e-07 2.927236266714317026e-07
9.590000000000000000e+02 6.524001256957575635e-03 3.850130364298820496e-03 2.707611486130190315e-07 4.109710118882503593e-07 3.547901599176839227e-07 2.770797777884581592e-07 2.640245213569869520e-07 2.927893376636347966e-07
9.600000000000000000e+02 6.510416666666666956e-03 3.842207603156566620e-03 2.611127172258420615e-07 4.121598919937241590e-07 3.559491403848369373e-07 2.799006892928446177e-07 2.629511755003477447e-07 2.908461453898780746e-07
9.610000000000000000e+02 6.496874461977583497e-03 3.834306495264172554e-03 2.575887663169851294e-07 4.102009825146524236e-07 3.467884823749045609e-07 2.635316320720448857e-07 2.560203711254871450e-07 2.823331897161551751e-07
9.620000000000000000e+02 6.483374466742450326e-03 3.826420288532972336e-03 2.618110670482565183e-07 4.026809108381712576e-07 3.544959099599509500e-07 2.665227611942100339e-07 2.475362919085455360e-07 2.773404048639349639e-07
9.630000000000000000e+02 6.469916505727493772e-03 3.818555502220988274e-03 2.501956544165295782e-07 3.947842515117372386e-07 3.518582900596811669e-07 2.651158297339861747e-07 2.577019984073558589e-07 2.818652546920930035e-07
9.640000000000000000e+02 6.456500404607358468e-03 3.810714464634656906e-03 2.576516351382451830e-07 3.939707937661296455e-07 3.430185415709274821e-07 2.625532715683220886e-07 2.512529704290500376e-07 2.825942146955640055e-07
9.650000000000000000e+02 6.443125989959461695e-03 3.802891820669174194e-03 2.552497448959911708e-07 3.947705806695012143e-07 3.356364004503120668e-07 2.595699584162503015e-07 2.535861653996107634e-07 2.781833359222218860e-07
9.660000000000000000e+02 6.429793089258387627e-03 3.795088734477758408e-03 2.430344352433166932e-07 3.905824996763840318e-07 3.416202787320798961e-07 2.571103721038525691e-07 2.532665064336470095e-07 2.690521512249688385e-07
9.670000000000000000e+02 6.416501530870323197e-03 3.787291236221790314e-03 2.393841782577510457e-07 3.862321307224192424e-07 3.328559046167356428e-07 2.517425627956981771e-07 2.498979085885366658e-07 2.794723172883095685e-07
9.680000000000000000e+02 6.403251144047537348e-03 3.779526799917221069e-03 2.430297172395512462e-07 3.860993160742509644e-07 3.425278691793209873e-07 2.608177851470827591e-07 2.367832934169200598e-07 2.760644406407664064e-07
9.690000000000000000e+02 6.390041758922894964e-03 3.771771676838397980e-03 2.470132471898978110e-07 3.877169945099012693e-07 3.256445495480875252e-07 2.555523508362966822e-07 2.418682356619683560e-07 2.666510852122883080e-07
9.700000000000000000e+02 6.376873206504410710e-03 3.764046821743249893e-03 2.344524148156779120e-07 3.702297988184000133e-07 3.233780319078505272e-07 2.520255577564967098e-07 2.346373122463774052e-07 2.689080531581566902e-07
9.710000000000000000e+02 6.363745318669849702e-03 3.756321733817458153e-03 2.376897754174933652e-07 3.670963621971168322e-07 3.244601316509942990e-07 2.483284333720803261e-07 2.311535638455097796e-07 2.690499059099238366e-07
9.720000000000000000e+02 6.350657928161357671e-03 3.748636459931731224e-03 2.362587565585272387e-07 3.633957987858593697e-07 3.209344754395715427e-07 2.465011732510902220e-07 2.299381094417185523e-07 2.567615808857226511e-07
9.730000000000000000e+02 6.337610868580131895e-03 3.740959567949175835e-03 2.367816165360636660e-07 3.710610769758204697e-07 3.090715097187057836e-07 2.466572368575725704e-07 2.339014173458053847e-07 2.479443708125472767e-07
9.740000000000000000e+02 6.324603974381137229e-03 3.733295947313308716e-03 2.259436797658054275e-07 3.681552982470748248e-07 3.133489769879815867e-07 2.406608814453647938e-07 2.298943257983410149e-07 2.495883677511301357e-07
9.750000000000000000e+02 6.311637080867849893e-03 3.725657006725668907e-03 2.256136752976090065e-07 3.642178967311338056e-07 3.096430987170606386e-07 2.376218333210999845e-07 2.243652801325879409e-07 2.563534735600114800e-07
9.760000000000000000e+02 6.298710024187046362e-03 3.718030173331499100e-03 2.248783772529350244e-07 3.565751285350415856e-07 3.121443512554833433e-07 2.321583991715669981e-07 2.244356664959923364e-07 2.516825077236717334e-07
9.770000000000000000e+02 6.285822641323626954e-03 3.710431745275855064e-03 2.175347333377430914e-07 3.606953953294578241e-07 3.005313828907674178e-07 2.239680583215886145e-07 2.194909853869830840e-07 2.480024932083324529e-07
9.780000000000000000e+02 6.272974770095474974e-03 3.702838439494371414e-03 2.154827711819962133e-07 3.519744495861232281e-07 3.032963888927042717e-07 2.316974700988794211e-07 2.165161987477404182e-07 2.449564817652571946e-07
9.790000000000000000e+02 6.260166249148356628e-03 3.695276100188493729e-03 2.091683057869886397e-07 3.508733641410799464e-07 3.039907312540890416e-07 2.262650014017708600e-07 2.136494572368974332e-07 2.365049596164681134e-07
9.800000000000000000e+02 6.247396917950853897e-03 3.687720047309994698e-03 2.118553794616673258e-07 3.472852938557480229e-07 3.017476615241321269e-07 2.269666055099150981e-07 2.142839576890764874e-07 2.349301553294935729e-07
9.810000000000000000e+02 6.234666616789333836e-03 3.680185880511999130e-03 2.179478570951687288e-07 3.450315659847547067e-07 2.998378647589561297e-07 2.241230134814031771e-07 2.130932585941991420e-07 2.371521787836172734e-07
9.820000000000000000e+02 6.221975186762955176e-03 3.672682447358965874e-03 2.054543983831536025e-07 3.402608967917331029e-07 2.933784628567082109e-07 2.188764369748241734e-07 2.097820157587193535e-07 2.327599730733709293e-07
9.830000000000000000e+02 6.209322469778710482e-03 3.665172029286623001e-03 2.104221579202203429e-07 3.372732351181184640e-07 2.853309410966176074e-07 2.169313688682450447e-07 2.049361995659637614e-07 2.245060528593967319e-07
9.840000000000000000e+02 6.196708308546500406e-03 3.657699329778552055e-03 2.047507621227850905e-07 3.364636143032839755e-07 2.838004036220809212e-07 2.122612556831882102e-07 2.018122842173397657e-07 2.229047737500877702e-07
9.850000000000000000e+02 6.184132546574247838e-03 3.650244325399398804e-03 2.027510248581165797e-07 3.350887425312976120e-07 2.837814747636002721e-07 2.056834631503079436e-07 2.070385249908213154e-07 2.255477795642946148e-07
9.860000000000000000e+02 6.171595028163045019e-03 3.642791416496038437e-03 2.026765599794089212e-07 3.362070799539651489e-07 2.811831905091821682e-07 2.108205023887421703e-07 1.979880437374959001e-07 2.157934204660705291e-07
9.870000000000000000e+02 6.159095598402331007e-03 3.635367145761847496e-03 2.008241182238634792e-07 3.260400376348115969e-07 2.809671570958016673e-07 2.123288709299231414e-07 2.006743073934558197e-07 2.214133019151631743e-07
9.880000000000000000e+02 6.146634103165106444e-03 3.627948695793747902e-03 2.050925189678309835e-07 3.326539399495231919e-07 2.866943873414129484e-07 2.036046709008587641e-07 1.974261465420568129e-07 2.184515750514037791e-07
9.890000000000000000e+02 6.134210389103189089e-03 3.620560746639966965e-03 2.015235054386721458e-07 3.254017144627141533e-07 2.839361172846111003e-07 2.063041080191396759e-07 1.920654710829694523e-07 2.201947211233346025e-07
9.900000000000000000e+02 6.121824303642485823e-03 3.613191656768321991e-03 2.000968208903941559e-07 3.278093743119825376e-07 2.719305030041141436e-07 2.081930432495937566e-07 1.962361011464963667e-07 2.142799928606109461e-07
9.910000000000000000e+02 6.109475694978316711e-03 3.605833742767572403e-03 1.985544457738797064e-07 3.165653197356732562e-07 2.650530461778544122e-07 2.065810491558295325e-07 1.903165696148789721e-07 2.111908230517656193e-07
9.920000000000000000e+02 6.097164412070759862e-03 3.598495153710246086e-03 2.010459354551130673e-07 3.161799781992158387e-07 2.727772141497553093e-07 1.968851535139037878e-07 1.853770896786954836e-07 2.086162709247219027e-07
9.930000000000000000e+02 6.084890304640032735e-03 3.591166110709309578e-03 2.064086572772794170e-07 3.174506275627209106e-07 2.654303727922524558e-07 1.992851679233353934e-07 1.828007754056670819e-07 2.082300767369815730e-07
9.940000000000000000e+02 6.072653223161908996e-03 3.583872225135564804e-03 1.953849846358934883e-07 3.075377605910034617e-07 2.639807803461735602e-07 1.901301232010155218e-07 1.843473000917583704e-07 2.055430599057217478e-07
9.950000000000000000e+02 6.060453018863159666e-03 3.576585557311773300e-03 1.955003625653262134e-07 3.116049072104942752e-07 2.584813785233563976e-07 1.967475782294059172e-07 1.856978855130364536e-07 2.082397543290426256e-07
9.960000000000000000e+02 6.048289543717036768e-03 3.569314023479819298e-03 1.960765700914635090e-07 3.042536320663202787e-07 2.520844759601459373e-07 1.892479275511504966e-07 1.842897461301618023e-07 2.094684532494284213e-07
9.970000000000000000e+02 6.036162650438778657e-03 3.562051570042967796e-03 1.891992980063150753e-07 3.023457963990949793e-07 2.568057482221774990e-07 1.897623178592766635e-07 1.809453635814861627e-07 2.008949735454734764e-07
9.980000000000000000e+02 6.024072192481154386e-03 3.554822411388158798e-03 1.856388962551136501e-07 2.996246735165186692e-07 2.695865646273887251e-07 1.838294991785005550e-07 1.754292213718144922e-07 2.036547783745845663e-07
9.990000000000000000e+02 6.012018024030035823e-03 3.547601634636521339e-03 1.881170277329147211e-07 3.032406254988018190e-07 2.527750098124670330e-07 1.857233797863955260e-07 1.808509608736130758e-07 1.899104518088279292e-07
1.000000000000000000e+03 6.000000000000000125e-03 3.540395293384790421e-03 1.901486115229999996e-07 2.908977592142036883e-07 2.615951757434231695e-07 1.799624271825450705e-07 1.776472799974726513e-07 1.979216648351211916e-07
1.001000000000000000e+03 5.988017976029964308e-03 3.533213632181286812e-03 1.898682739920332097e-07 3.001658797074924223e-07 2.491476607247022912e-07 1.806094331868735026e-07 1.683274319930205820e-07 1.943360530276549980e-07
