1.000000000000000000e+00 6.000000000000000000e+03 7.193381347656250000e+02 7.193381347656250000e+02 7.193381347656250000e+02 7.193381347656250000e+02 7.193381347656250000e+02 7.193381347656250000e+02 7.193381347656250000e+02 7.193381347656250000e+02 7.193381347656250000e+02 7.193381347656250000e+02 7.193381347656250000e+02 7.193381347656250000e+02 7.193381347656250000e+02 7.193381347656250000e+02 7.193381347656250000e+02 7.193381347656250000e+02 7.193381347656250000e+02 7.193381347656250000e+02 7.193381347656250000e+02 7.193381347656250000e+02 7.193381347656250000e+02 7.193381347656250000e+02 7.193381347656250000e+02 7.193381347656250000e+02 7.193381347656250000e+02 7.193381347656250000e+02 7.193381347656250000e+02 7.193381347656250000e+02 7.193381347656250000e+02 7.193381347656250000e+02 7.193381347656250000e+02 7.193381347656250000e+02
2.000000000000000000e+00 1.500000000000000000e+03 6.130058288574218750e+01 6.130058670043945312e+01 6.338353157043457031e+00 5.850482940673828125e+00 6.103609561920166016e+00 6.387547016143798828e+00 6.943884849548339844e+00 6.116279602050781250e+00 6.112204551696777344e+00 6.354505062103271484e+00 6.652022361755371094e+00 6.883084774017333984e+00 6.588955879211425781e+00 7.271751403808593750e+00 7.112496376037597656e+00 6.668500423431396484e+00 9.433320999145507812e+00 8.482232093811035156e+00 6.770488739013671875e+00 9.778189659118652344e+00 8.549812316894531250e+00 9.636509895324707031e+00 9.004095077514648438e+00 8.265498161315917969e+00 9.685440063476562500e+00 1.009651470184326172e+01 9.513630867004394531e+00 6.130058288574218750e+01 6.130058288574218750e+01 6.130058288574218750e+01 6.130058288574218750e+01 6.130058288574218750e+01
3.000000000000000000e+00 6.666666666666666288e+02 2.751275062561035156e+01 2.751274871826171875e+01 1.681225299835205078e+00 1.772350788116455078e+00 1.685243010520935059e+00 1.955094814300537109e+00 1.952762484550476074e+00 1.728338360786437988e+00 1.641293048858642578e+00 1.571575284004211426e+00 2.166016817092895508e+00 2.136837720870971680e+00 1.827306747436523438e+00 1.948007464408874512e+00 1.837770462036132812e+00 1.837436676025390625e+00 2.312272548675537109e+00 1.897735476493835449e+00 1.869064092636108398e+00 2.475408554077148438e+00 2.565761566162109375e+00 2.651659488677978516e+00 2.337227821350097656e+00 2.279700756072998047e+00 2.493358612060546875e+00 2.461581707000732422e+00 2.926148176193237305e+00 8.037555694580078125e+00 3.930423974990844727e+00 3.366051197052001953e+00 4.484447479248046875e+00 3.725000381469726562e+00
4.000000000000000000e+00 3.750000000000000000e+02 1.809429550170898438e+01 1.597881698608398438e+01 6.226906180381774902e-01 6.574308276176452637e-01 6.686463952064514160e-01 6.544262766838073730e-01 8.103021383285522461e-01 7.125529646873474121e-01 6.675649285316467285e-01 6.164480447769165039e-01 8.521121144294738770e-01 9.631691575050354004e-01 7.099567055702209473e-01 9.031128883361816406e-01 7.227556109428405762e-01 7.618462443351745605e-01 1.162656068801879883e+00 8.136337995529174805e-01 8.566806316375732422e-01 1.111337661743164062e+00 1.187945485115051270e+00 1.157072067260742188e+00 1.170030117034912109e+00 1.223018050193786621e+00 1.294958353042602539e+00 1.060447454452514648e+00 1.336284160614013672e+00 2.145789861679077148e+00 1.091465830802917480e+00 1.684430241584777832e+00 1.792711973190307617e+00 2.612183809280395508e+00
5.000000000000000000e+00 2.400000000000000000e+02 1.260236835479736328e+01 8.992395401000976562e+00 2.727522850036621094e-01 3.319980204105377197e-01 3.391371667385101318e-01 2.874116897583007812e-01 3.805252313613891602e-01 3.156328797340393066e-01 3.052057325839996338e-01 2.755562961101531982e-01 3.778866827487945557e-01 4.666076600551605225e-01 3.247902393341064453e-01 4.353078603744506836e-01 3.160590231418609619e-01 3.688052296638488770e-01 5.734725594520568848e-01 4.251193702220916748e-01 4.195184409618377686e-01 4.893282353878021240e-01 5.823752880096435547e-01 6.482517123222351074e-01 6.256471872329711914e-01 6.881523132324218750e-01 7.251760959625244141e-01 5.795448422431945801e-01 7.140241265296936035e-01 1.046065330505371094e+00 2.474129945039749146e-01 5.456739068031311035e-01 1.131238818168640137e+00 1.819675207138061523e+00
6.000000000000000000e+00 1.666666666666666572e+02 9.112482070922851562e+00 5.041270732879638672e+00 1.399507373571395874e-01 1.910471171140670776e-01 1.801076531410217285e-01 1.427596956491470337e-01 2.029767632484436035e-01 1.599620580673217773e-01 1.544238924980163574e-01 1.502840667963027954e-01 1.937099099159240723e-01 2.471971809864044189e-01 1.611823737621307373e-01 2.056066244840621948e-01 1.532418131828308105e-01 1.894053518772125244e-01 2.917110919952392578e-01 2.192944139242172241e-01 2.051957547664642334e-01 2.493775337934494019e-01 2.913510799407958984e-01 3.599028587341308594e-01 3.128709793090820312e-01 3.557996153831481934e-01 3.637221753597259521e-01 3.195851445198059082e-01 4.121435284614562988e-01 6.932089924812316895e-01 1.081452444195747375e-01 2.528121471405029297e-01 4.104300737380981445e-01 6.423070430755615234e-01
7.000000000000000000e+00 1.224489795918367321e+02 6.823735713958740234e+00 3.010597467422485352e+00 9.129633754491806030e-02 1.315831542015075684e-01 1.138217449188232422e-01 9.403425455093383789e-02 1.407656669616699219e-01 9.837873280048370361e-02 9.755399823188781738e-02 9.841892123222351074e-02 1.260856688022613525e-01 1.709177643060684204e-01 1.004853546619415283e-01 1.343549340963363647e-01 1.051864847540855408e-01 1.362674683332443237e-01 1.769644021987915039e-01 1.491278260946273804e-01 1.403089165687561035e-01 1.713744103908538818e-01 1.841372847557067871e-01 2.155450433492660522e-01 1.776098757982254028e-01 2.011861950159072876e-01 1.997008323669433594e-01 2.052159011363983154e-01 2.690330147743225098e-01 5.222965478897094727e-01 6.629603356122970581e-02 1.152900680899620056e-01 2.299471497535705566e-01 3.641330301761627197e-01
8.000000000000000000e+00 9.375000000000000000e+01 5.279049873352050781e+00 2.000269651412963867e+00 6.876895576715469360e-02 9.490462392568588257e-02 7.594706863164901733e-02 7.592573016881942749e-02 1.056752353906631470e-01 7.550390064716339111e-02 7.663193345069885254e-02 7.347380369901657104e-02 9.847128391265869141e-02 1.399989128112792969e-01 7.653919607400894165e-02 9.595415741205215454e-02 8.224707096815109253e-02 1.064323931932449341e-01 1.373507976531982422e-01 1.177359968423843384e-01 1.108419895172119141e-01 1.442556083202362061e-01 1.317700594663619995e-01 1.557471752166748047e-01 1.247770041227340698e-01 1.361881643533706665e-01 1.376214325428009033e-01 1.480004936456680298e-01 1.947504729032516479e-01 4.199137985706329346e-01 4.967184364795684814e-02 7.090006768703460693e-02 1.296208202838897705e-01 1.683518886566162109e-01
9.000000000000000000e+00 7.407407407407407618e+01 4.206309318542480469e+00 1.457538127899169922e+00 5.495190247893333435e-02 7.237619161605834961e-02 5.756876990199089050e-02 6.240741163492202759e-02 7.751799374818801880e-02 6.253921985626220703e-02 6.144483387470245361e-02 5.938585847616195679e-02 8.351978659629821777e-02 1.014274507761001587e-01 6.416136026382446289e-02 7.600586116313934326e-02 6.805568188428878784e-02 8.236369490623474121e-02 1.037181317806243896e-01 8.968700468540191650e-02 9.157703816890716553e-02 9.821916371583938599e-02 1.073857247829437256e-01 1.236808821558952332e-01 9.973841160535812378e-02 1.100370287895202637e-01 1.059218794107437134e-01 1.180195957422256470e-01 1.549596637487411499e-01 3.506386876106262207e-01 4.323752596974372864e-02 5.073882266879081726e-02 8.670438826084136963e-02 1.104227304458618164e-01
1.000000000000000000e+01 6.000000000000000000e+01 3.439881801605224609e+00 1.110847353935241699e+00 4.687789082527160645e-02 5.641976371407508850e-02 4.948498681187629700e-02 5.337769165635108948e-02 6.225040182471275330e-02 5.329716578125953674e-02 5.506600812077522278e-02 5.073839053511619568e-02 7.156657427549362183e-02 7.862441986799240112e-02 5.522521585226058960e-02 6.329699605703353882e-02 5.715923011302947998e-02 6.653907895088195801e-02 8.492702990770339966e-02 7.618127763271331787e-02 7.265562564134597778e-02 8.205541968345642090e-02 8.562189340591430664e-02 1.032373234629631042e-01 8.407554030418395996e-02 9.423545002937316895e-02 8.605157583951950073e-02 9.941031038761138916e-02 1.289081126451492310e-01 3.002949059009552002e-01 4.023167490959167480e-02 4.321635141968727112e-02 6.713617593050003052e-02 7.480040192604064941e-02
1.100000000000000000e+01 4.958677685950413405e+01 2.876910448074340820e+00 8.570836186408996582e-01 4.205039143562316895e-02 4.651157930493354797e-02 4.409026727080345154e-02 4.661142826080322266e-02 5.394808575510978699e-02 4.702976346015930176e-02 4.805760085582733154e-02 4.533073678612709045e-02 6.173925101757049561e-02 6.693592667579650879e-02 4.963437467813491821e-02 5.695001408457756042e-02 5.072017759084701538e-02 5.839402601122856140e-02 7.220865041017532349e-02 6.798786669969558716e-02 6.312760710716247559e-02 7.032110542058944702e-02 7.569337636232376099e-02 9.020866453647613525e-02 7.372488081455230713e-02 8.231417834758758545e-02 7.399117201566696167e-02 8.732315152883529663e-02 1.122500002384185791e-01 2.620092332363128662e-01 3.859432414174079895e-02 3.842360898852348328e-02 5.621108412742614746e-02 5.597623065114021301e-02
1.200000000000000000e+01 4.166666666666666430e+01 2.452294349670410156e+00 6.667465567588806152e-01 3.860860317945480347e-02 4.128759354352951050e-02 4.031969979405403137e-02 4.254148155450820923e-02 4.932070896029472351e-02 4.279482364654541016e-02 4.387885332107543945e-02 4.152309149503707886e-02 5.410024896264076233e-02 6.197842210531234741e-02 4.594929516315460205e-02 5.126572772860527039e-02 4.671355709433555603e-02 5.306412279605865479e-02 6.597704440355300903e-02 6.437218934297561646e-02 5.810896679759025574e-02 6.294205784797668457e-02 6.566872447729110718e-02 8.095864206552505493e-02 6.650226563215255737e-02 7.275678217411041260e-02 6.601130962371826172e-02 7.918827235698699951e-02 1.000381186604499817e-01 2.319589555263519287e-01 3.749438747763633728e-02 3.523098677396774292e-02 4.700971022248268127e-02 4.749428480863571167e-02
1.300000000000000000e+01 3.550295857988165693e+01 2.124032258987426758e+00 5.290225744247436523e-01 3.614049404859542847e-02 3.781625255942344666e-02 3.697205334901809692e-02 3.940076753497123718e-02 4.570459946990013123e-02 3.973448649048805237e-02 3.958597034215927124e-02 3.845368698239326477e-02 4.837744310498237610e-02 5.633548647165298462e-02 4.299338534474372864e-02 4.670462384819984436e-02 4.338767006993293762e-02 4.845657944679260254e-02 6.121632456779479980e-02 5.897459015250205994e-02 5.367033183574676514e-02 5.733622238039970398e-02 6.064085662364959717e-02 7.357557117938995361e-02 6.063332408666610718e-02 6.522473692893981934e-02 5.978828668594360352e-02 7.271875441074371338e-02 9.002665430307388306e-02 2.078070491552352905e-01 3.664141148328781128e-02 3.334726393222808838e-02 4.209978878498077393e-02 4.300888627767562866e-02
1.400000000000000000e+01 3.061224489795918302e+01 1.864506125450134277e+00 4.318467676639556885e-01 3.441151976585388184e-02 3.544906899333000183e-02 3.456892818212509155e-02 3.761647269129753113e-02 4.316104203462600708e-02 3.757367655634880066e-02 3.737474232912063599e-02 3.632540628314018250e-02 4.475599899888038635e-02 5.342714861035346985e-02 4.088980704545974731e-02 4.370076581835746765e-02 4.097333177924156189e-02 4.582647979259490967e-02 5.790995433926582336e-02 5.582188814878463745e-02 5.040692165493965149e-02 5.400567501783370972e-02 5.623445287346839905e-02 6.777609139680862427e-02 5.602434650063514709e-02 5.959248170256614685e-02 5.486535653471946716e-02 6.727568060159683228e-02 8.113817125558853149e-02 1.880278140306472778e-01 3.591755405068397522e-02 3.216762095689773560e-02 3.833953291177749634e-02 4.051111266016960144e-02
1.500000000000000000e+01 2.666666666666666785e+01 1.655174255371093750e+00 3.613919913768768311e-01 3.304455429315567017e-02 3.377868980169296265e-02 3.270380944013595581e-02 3.632434085011482239e-02 4.135985299944877625e-02 3.629085794091224670e-02 3.547649830579757690e-02 3.496048972010612488e-02 4.260086640715599060e-02 5.094614624977111816e-02 3.960107266902923584e-02 4.122029617428779602e-02 3.942964971065521240e-02 4.437163472175598145e-02 5.590058863162994385e-02 5.318951234221458435e-02 4.795529320836067200e-02 4.955929890275001526e-02 5.314641073346138000e-02 6.339210271835327148e-02 5.261933058500289917e-02 5.606474727392196655e-02 5.109951645135879517e-02 6.291367858648300171e-02 7.372397929430007935e-02 1.715776026248931885e-01 3.527238592505455017e-02 3.141181543469429016e-02 3.652019798755645752e-02 3.865243494510650635e-02
1.600000000000000000e+01 2.343750000000000000e+01 1.483337402343750000e+00 3.066616654396057129e-01 3.190355002880096436e-02 3.240757063031196594e-02 3.129212558269500732e-02 3.542524576187133789e-02 4.055910557508468628e-02 3.534330800175666809e-02 3.417964279651641846e-02 3.404600173234939575e-02 4.133999720215797424e-02 4.956248775124549866e-02 3.880313411355018616e-02 4.002504423260688782e-02 3.853450715541839600e-02 4.378464445471763611e-02 5.522853508591651917e-02 5.135307088494300842e-02 4.639175534248352051e-02 4.804842174053192139e-02 5.061537399888038635e-02 6.013982743024826050e-02 5.005330592393875122e-02 5.454446375370025635e-02 4.821434617042541504e-02 5.955022573471069336e-02 6.776878237724304199e-02 1.577164679765701294e-01 3.468245267868041992e-02 3.088100440800189972e-02 3.487626835703849792e-02 3.728335350751876831e-02
1.700000000000000000e+01 2.076124567474048277e+01 1.340109348297119141e+00 2.616873085498809814e-01 3.094900771975517273e-02 3.128953278064727783e-02 3.012002445757389069e-02 3.480247780680656433e-02 4.056173935532569885e-02 3.452199324965476990e-02 3.302601724863052368e-02 3.341623395681381226e-02 4.069578647613525391e-02 4.837843403220176697e-02 3.832184150815010071e-02 3.897504508495330811e-02 3.815636038780212402e-02 4.371474310755729675e-02 5.527871847152709961e-02 4.976989701390266418e-02 4.566561058163642883e-02 4.651051014661788940e-02 4.871266707777976990e-02 5.796666443347930908e-02 4.806469380855560303e-02 5.413382500410079956e-02 4.610653221607208252e-02 5.709861963987350464e-02 6.352502852678298950e-02 1.459056884050369263e-01 3.413566574454307556e-02 3.046496957540512085e-02 3.412849828600883484e-02 3.616132587194442749e-02
1.800000000000000000e+01 1.851851851851851904e+01 1.219139218330383301e+00 2.243527621030807495e-01 3.013922087848186493e-02 3.040326945483684540e-02 2.928241156041622162e-02 3.449961915612220764e-02 4.128007590770721436e-02 3.384489566087722778e-02 3.224702924489974976e-02 3.305607661604881287e-02 4.039027169346809387e-02 4.769776761531829834e-02 3.810534998774528503e-02 3.877798467874526978e-02 3.819734975695610046e-02 4.398514330387115479e-02 5.561827868223190308e-02 4.843334108591079712e-02 4.548619687557220459e-02 4.593238979578018188e-02 4.750716313719749451e-02 5.691699683666229248e-02 4.658068343997001648e-02 5.445203557610511780e-02 4.483868926763534546e-02 5.564614757895469666e-02 6.116291508078575134e-02 1.357435286045074463e-01 3.362476453185081482e-02 3.010748885571956635e-02 3.344542533159255981e-02 3.539374843239784241e-02
1.900000000000000000e+01 1.662049861495844993e+01 1.115792274475097656e+00 1.939870268106460571e-01 2.941069379448890686e-02 2.953848987817764282e-02 2.852921001613140106e-02 3.430046513676643372e-02 4.246959462761878967e-02 3.319552913308143616e-02 3.159071132540702820e-02 3.281648829579353333e-02 4.019561782479286194e-02 4.721328243613243103e-02 3.801718726754188538e-02 3.863866999745368958e-02 3.847090899944305420e-02 4.438574612140655518e-02 5.613130703568458557e-02 4.725527018308639526e-02 4.559662565588951111e-02 4.576202109456062317e-02 4.676192626357078552e-02 5.695052817463874817e-02 4.559317603707313538e-02 5.537272244691848755e-02 4.440044984221458435e-02 5.512504652142524719e-02 6.039278954267501831e-02 1.269247382879257202e-01 3.314484283328056335e-02 2.978497371077537537e-02 3.293379396200180054e-02 3.454970195889472961e-02
2.000000000000000000e+01 1.500000000000000000e+01 1.026619315147399902e+00 1.697283983230590820e-01 2.875016070902347565e-02 2.869658172130584717e-02 2.784315496683120728e-02 3.417010232806205750e-02 4.385263845324516296e-02 3.245325759053230286e-02 3.102658130228519440e-02 3.257596492767333984e-02 4.002516716718673706e-02 4.698041081428527832e-02 3.792880475521087646e-02 3.859393298625946045e-02 3.883155807852745056e-02 4.468087479472160339e-02 5.654689669609069824e-02 4.624503105878829956e-02 4.583496600389480591e-02 4.578615352511405945e-02 4.636205360293388367e-02 5.800828710198402405e-02 4.509257525205612183e-02 5.660792812705039978e-02 4.467740282416343689e-02 5.543338879942893982e-02 6.090315058827400208e-02 1.192133203148841858e-01 3.269217535853385925e-02 2.948493137955665588e-02 3.256463631987571716e-02 3.389103710651397705e-02
2.100000000000000000e+01 1.360544217687074742e+01 9.490059018135070801e-01 1.502065658569335938e-01 2.812651731073856354e-02 2.795852348208427429e-02 2.726607210934162140e-02 3.408899530768394470e-02 4.520369321107864380e-02 3.169250115752220154e-02 3.056562133133411407e-02 3.232037648558616638e-02 3.981792181730270386e-02 4.696123301982879639e-02 3.781071305274963379e-02 3.858660161495208740e-02 3.920542076230049133e-02 4.479048028588294983e-02 5.671196430921554565e-02 4.523935914039611816e-02 4.608316719532012939e-02 4.609770700335502625e-02 4.621072113513946533e-02 5.993735417723655701e-02 4.511076956987380981e-02 5.792161077260971069e-02 4.554402083158493042e-02 5.643741041421890259e-02 6.239277869462966919e-02 1.124240085482597351e-01 3.226390853524208069e-02 2.920049428939819336e-02 3.220824897289276123e-02 3.332306444644927979e-02
2.200000000000000000e+01 1.239669421487603351e+01 8.809346556663513184e-01 1.339832246303558350e-01 2.752036973834037781e-02 2.724137902259826660e-02 2.672886103391647339e-02 3.393739834427833557e-02 4.634626954793930054e-02 3.093980439007282257e-02 3.012268058955669403e-02 3.199177235364913940e-02 3.948147594928741455e-02 4.710132628679275513e-02 3.761108592152595520e-02 3.847752511501312256e-02 3.948437049984931946e-02 4.467925056815147400e-02 5.660266429185867310e-02 4.428363591432571411e-02 4.620135948061943054e-02 4.660389199852943420e-02 4.614585265517234802e-02 6.232411786913871765e-02 4.553878307342529297e-02 5.899863690137863159e-02 4.673329368233680725e-02 5.779074132442474365e-02 6.439697742462158203e-02 1.064096167683601379e-01 3.185759112238883972e-02 2.892777696251869202e-02 3.191627934575080872e-02 3.285220637917518616e-02
2.300000000000000000e+01 1.134215500945179578e+01 8.208251595497131348e-01 1.200103759765625000e-01 2.691085822880268097e-02 2.651763893663883209e-02 2.618558704853057861e-02 3.369324281811714172e-02 4.711033776402473450e-02 3.014650195837020874e-02 2.965241298079490662e-02 3.155151382088661194e-02 3.901170939207077026e-02 4.734196141362190247e-02 3.727811947464942932e-02 3.827035427093505859e-02 3.962486982345581055e-02 4.431835561990737915e-02 5.615716427564620972e-02 4.344159364700317383e-02 4.615442082285881042e-02 4.712229222059249878e-02 4.615442082285881042e-02 6.471595168113708496e-02 4.615163430571556091e-02 5.951445549726486206e-02 4.799539595842361450e-02 5.916036292910575867e-02 6.652787327766418457e-02 1.010515764355659485e-01 3.147113323211669922e-02 2.866439335048198700e-02 3.164226561784744263e-02 3.244654461741447449e-02
2.400000000000000000e+01 1.041666666666666607e+01 7.674222588539123535e-01 1.077473536133766174e-01 2.631401829421520233e-02 2.584773302078247070e-02 2.569884061813354492e-02 3.339159116148948669e-02 4.745610058307647705e-02 2.936102077364921570e-02 2.916828542947769165e-02 3.105266951024532318e-02 3.845531865954399109e-02 4.758548364043235779e-02 3.684796765446662903e-02 3.799806907773017883e-02 3.961839899420738220e-02 4.377059265971183777e-02 5.544945225119590759e-02 4.262278974056243896e-02 4.594657942652702332e-02 4.764023423194885254e-02 4.618349671363830566e-02 6.676090508699417114e-02 4.677078872919082642e-02 5.931805074214935303e-02 4.913747310638427734e-02 6.028341129422187805e-02 6.843922287225723267e-02 9.625381231307983398e-02 3.110276535153388977e-02 2.840890362858772278e-02 3.137347474694252014e-02 3.210290521383285522e-02
2.500000000000000000e+01 9.599999999999999645e+00 7.197155952453613281e-01 9.699314087629318237e-02 2.570542693138122559e-02 2.520885318517684937e-02 2.523862384259700775e-02 3.301026299595832825e-02 4.739617556333541870e-02 2.862612158060073853e-02 2.865229919552803040e-02 3.050095029175281525e-02 3.780884295701980591e-02 4.774563387036323547e-02 3.632985800504684448e-02 3.763163462281227112e-02 3.945272415876388550e-02 4.307015612721443176e-02 5.455657839775085449e-02 4.184095188975334167e-02 4.554606229066848755e-02 4.805205389857292175e-02 4.614784196019172668e-02 6.821593642234802246e-02 4.721406847238540649e-02 5.843962356448173523e-02 4.992179572582244873e-02 6.093615293502807617e-02 6.989871710538864136e-02 9.193737059831619263e-02 3.075099177658557892e-02 2.816031314432621002e-02 3.111542016267776489e-02 3.181115910410881042e-02
2.600000000000000000e+01 8.875739644970414233e+00 6.768851876258850098e-01 8.765190839767456055e-02 2.510141022503376007e-02 2.456778101623058319e-02 2.476934902369976044e-02 3.256531059741973877e-02 4.696739837527275085e-02 2.791988477110862732e-02 2.808572351932525635e-02 2.990293502807617188e-02 3.709821030497550964e-02 4.774715006351470947e-02 3.573526442050933838e-02 3.712158277630805969e-02 3.913910686969757080e-02 4.225006699562072754e-02 5.352895334362983704e-02 4.112773761153221130e-02 4.500784352421760559e-02 4.818483814597129822e-02 4.613588377833366394e-02 6.896959245204925537e-02 4.734418913722038269e-02 5.701126903295516968e-02 5.022649094462394714e-02 6.104273721575737000e-02 7.081998884677886963e-02 8.803701400756835938e-02 3.041440807282924652e-02 2.791797183454036713e-02 3.086479194462299347e-02 3.155630454421043396e-02
2.700000000000000000e+01 8.230452674897119181e+00 6.382569074630737305e-01 7.959187030792236328e-02 2.451532334089279175e-02 2.396338433027267456e-02 2.432030811905860901e-02 3.210351988673210144e-02 4.626447707414627075e-02 2.725454233586788177e-02 2.749949321150779724e-02 2.930246107280254364e-02 3.639954328536987305e-02 4.753462970256805420e-02 3.511953726410865784e-02 3.651469573378562927e-02 3.870427981019020081e-02 4.134792834520339966e-02 5.248263850808143616e-02 4.038364812731742859e-02 4.438628256320953369e-02 4.808938503265380859e-02 4.612287506461143494e-02 6.902869045734405518e-02 4.714388400316238403e-02 5.522016808390617371e-02 5.006152018904685974e-02 6.061238795518875122e-02 7.115656882524490356e-02 8.449843525886535645e-02 3.009181097149848938e-02 2.768138609826564789e-02 3.062073700129985809e-02 3.133472427725791931e-02
2.800000000000000000e+01 7.653061224489795755e+00 6.032724976539611816e-01 7.262298464775085449e-02 2.392075769603252411e-02 2.338538132607936859e-02 2.389342896640300751e-02 3.162809461355209351e-02 4.537784308195114136e-02 2.665115520358085632e-02 2.690652571618556976e-02 2.871761284768581390e-02 3.572535887360572815e-02 4.709421470761299133e-02 3.451340273022651672e-02 3.581980243325233459e-02 3.816774860024452209e-02 4.038827493786811829e-02 5.146439373493194580e-02 3.960273042321205139e-02 4.367181286215782166e-02 4.775072261691093445e-02 4.600509628653526306e-02 6.848355382680892944e-02 4.664259403944015503e-02 5.323700606822967529e-02 4.947417229413986206e-02 5.971455574035644531e-02 7.093573361635208130e-02 8.127586543560028076e-02 2.978215552866458893e-02 2.745023369789123535e-02 3.038368932902812958e-02 3.113367408514022827e-02
2.900000000000000000e+01 7.134363852556480090e+00 5.714654326438903809e-01 6.653925776481628418e-02 2.334353700280189514e-02 2.281690388917922974e-02 2.345639839768409729e-02 3.114241547882556915e-02 4.437752813100814819e-02 2.609292231500148773e-02 2.630447037518024445e-02 2.814372628927230835e-02 3.507981821894645691e-02 4.644217714667320251e-02 3.391572088003158569e-02 3.503410145640373230e-02 3.755293786525726318e-02 3.940334543585777283e-02 5.044174194335937500e-02 3.882036730647087097e-02 4.290730506181716919e-02 4.706971719861030579e-02 4.579200968146324158e-02 6.745643168687820435e-02 4.588172957301139832e-02 5.120184272527694702e-02 4.856999963521957397e-02 5.847708880901336670e-02 7.024457305669784546e-02 7.833082228899002075e-02 2.948451600968837738e-02 2.722417376935482025e-02 3.015351668000221252e-02 3.095272369682788849e-02
3.000000000000000000e+01 6.666666666666666963e+00 5.424438118934631348e-01 6.116294488310813904e-02 2.279029041528701782e-02 2.227914705872535706e-02 2.302233129739761353e-02 3.066724725067615509e-02 4.332691431045532227e-02 2.557491324841976166e-02 2.571474388241767883e-02 2.759947627782821655e-02 3.451228514313697815e-02 4.561135917901992798e-02 3.334939107298851013e-02 3.420719876885414124e-02 3.690391406416893005e-02 3.841334953904151917e-02 4.941801726818084717e-02 3.799219429492950439e-02 4.212253168225288391e-02 4.609564691781997681e-02 4.538514465093612671e-02 6.606152653694152832e-02 4.493458569049835205e-02 4.922971501946449280e-02 4.746469482779502869e-02 5.699991807341575623e-02 6.913089007139205933e-02 7.563057541847229004e-02 2.919798903167247772e-02 2.700299769639968872e-02 2.992986515164375305e-02 3.078461624681949615e-02
3.100000000000000000e+01 6.243496357960458099e+00 5.158758759498596191e-01 5.636265873908996582e-02 2.224038727581501007e-02 2.176315709948539734e-02 2.260296605527400970e-02 3.019784018397331238e-02 4.228026047348976135e-02 2.510522678494453430e-02 2.515204809606075287e-02 2.709984406828880310e-02 3.402859345078468323e-02 4.465176165103912354e-02 3.281647711992263794e-02 3.336400166153907776e-02 3.623477742075920105e-02 3.744495287537574768e-02 4.839087650179862976e-02 3.714362904429435730e-02 4.127236828207969666e-02 4.491524398326873779e-02 4.471689835190773010e-02 6.439456343650817871e-02 4.387032240629196167e-02 4.737259820103645325e-02 4.624165222048759460e-02 5.535951629281044006e-02 6.764901429414749146e-02 7.314713299274444580e-02 2.892183698713779449e-02 2.678641863167285919e-02 2.971222251653671265e-02 3.062937967479228973e-02
3.200000000000000000e+01 5.859375000000000000e+00 4.914788007736206055e-01 5.204800143837928772e-02 2.170173265039920807e-02 2.126054465770721436e-02 2.217477373778820038e-02 2.972217276692390442e-02 4.125518724322319031e-02 2.467314340174198151e-02 2.461135201156139374e-02 2.662875875830650330e-02 3.360301256179809570e-02 4.361325502395629883e-02 3.228740021586418152e-02 3.249530121684074402e-02 3.555807843804359436e-02 3.650926053524017334e-02 4.730028659105300903e-02 3.632858768105506897e-02 4.036321863532066345e-02 4.357280582189559937e-02 4.384828358888626099e-02 6.253471225500106812e-02 4.273428022861480713e-02 4.564897716045379639e-02 4.497350752353668213e-02 5.364387109875679016e-02 6.588124483823776245e-02 7.085642218589782715e-02 2.865535579621791840e-02 2.657426521182060242e-02 2.950006164610385895e-02 3.048336878418922424e-02
3.300000000000000000e+01 5.509641873278236623e+00 4.690107107162475586e-01 4.815544188022613525e-02 2.118999511003494263e-02 2.078443393111228943e-02 2.174178138375282288e-02 2.924778312444686890e-02 4.025481641292572021e-02 2.426869794726371765e-02 2.409942634403705597e-02 2.619223855435848236e-02 3.325207531452178955e-02 4.252728074789047241e-02 3.175899386405944824e-02 3.162987902760505676e-02 3.490570560097694397e-02 3.561622649431228638e-02 4.615280032157897949e-02 3.553427755832672119e-02 3.941186144948005676e-02 4.214371740818023682e-02 4.282391443848609924e-02 6.054086610674858093e-02 4.157117754220962524e-02 4.407262057065963745e-02 4.370107874274253845e-02 5.188767984509468079e-02 6.387186050415039062e-02 6.873776763677597046e-02 2.839792892336845398e-02 2.636633813381195068e-02 2.929294109344482422e-02 3.034614957869052887e-02
3.400000000000000000e+01 5.190311418685120692e+00 4.482634663581848145e-01 4.463734105229377747e-02 2.068533562123775482e-02 2.032797038555145264e-02 2.131764963269233704e-02 2.876967005431652069e-02 3.928909078240394592e-02 2.389565855264663696e-02 2.362491376698017120e-02 2.580090053379535675e-02 3.298916667699813843e-02 4.141703993082046509e-02 3.123493120074272156e-02 3.078651614487171173e-02 3.426701575517654419e-02 3.477252274751663208e-02 4.499796777963638306e-02 3.478039056062698364e-02 3.840316459536552429e-02 4.071210324764251709e-02 4.170190915465354919e-02 5.845459923148155212e-02 4.040617868304252625e-02 4.262622818350791931e-02 4.243219643831253052e-02 5.009581893682479858e-02 6.165897473692893982e-02 6.677327305078506470e-02 2.814896591007709503e-02 2.616249583661556244e-02 2.909045480191707611e-02 3.021591342985630035e-02
3.500000000000000000e+01 4.897959183673469497e+00 4.290559291839599609e-01 4.145567491650581360e-02 2.018287591636180878e-02 1.988448761403560638e-02 2.088828012347221375e-02 2.827597409486770630e-02 3.834500163793563843e-02 2.355032041668891907e-02 2.317986637353897095e-02 2.544245310127735138e-02 3.280000016093254089e-02 4.029991850256919861e-02 3.069298528134822845e-02 2.995402552187442780e-02 3.363814204931259155e-02 3.397037088871002197e-02 4.383677616715431213e-02 3.409437090158462524e-02 3.736602887511253357e-02 3.932149335741996765e-02 4.055158421397209167e-02 5.631474778056144714e-02 3.924683853983879089e-02 4.128375276923179626e-02 4.118240997195243835e-02 4.829832166433334351e-02 5.930253490805625916e-02 6.494715064764022827e-02 2.790796384215354919e-02 2.596254646778106689e-02 2.889229543507099152e-02 3.009202703833580017e-02
3.600000000000000000e+01 4.629629629629629761e+00 4.112325310707092285e-01 3.857921063899993896e-02 1.970374584197998047e-02 1.946372911334037781e-02 2.045357041060924530e-02 2.777446992695331573e-02 3.740585595369338989e-02 2.321937307715415955e-02 2.276367507874965668e-02 2.511560544371604919e-02 3.270722180604934692e-02 3.918286785483360291e-02 3.013129532337188721e-02 2.914402633905410767e-02 3.302980959415435791e-02 3.320710361003875732e-02 4.268046841025352478e-02 3.345140442252159119e-02 3.633270412683486938e-02 3.799587860703468323e-02 3.940334543585777283e-02 5.414707586169242859e-02 3.810585290193557739e-02 4.002861306071281433e-02 3.995351493358612061e-02 4.650387540459632874e-02 5.684060975909233093e-02 6.324581801891326904e-02 2.767444401979446411e-02 2.576637081801891327e-02 2.869814261794090271e-02 2.997351624071598053e-02
3.700000000000000000e+01 4.382761139517896254e+00 3.946562111377716064e-01 3.598134219646453857e-02 1.923352479934692383e-02 1.906245760619640350e-02 2.002413198351860046e-02 2.726512216031551361e-02 3.646924719214439392e-02 2.290680259466171265e-02 2.237922325730323792e-02 2.482718229293823242e-02 3.274732455611228943e-02 3.807491809129714966e-02 2.955918572843074799e-02 2.836875990033149719e-02 3.242070227861404419e-02 3.247254714369773865e-02 4.154857993125915527e-02 3.284731134772300720e-02 3.531552851200103760e-02 3.673633188009262085e-02 3.828332573175430298e-02 5.196741968393325806e-02 3.698440268635749817e-02 3.882944583892822266e-02 3.873080387711524963e-02 4.469972848892211914e-02 5.430265516042709351e-02 6.165726855397224426e-02 2.744795382022857666e-02 2.557379752397537231e-02 2.850787900388240814e-02 2.985973283648490906e-02
3.800000000000000000e+01 4.155124653739612484e+00 3.792072832584381104e-01 3.363792970776557922e-02 1.876024529337882996e-02 1.867028884589672089e-02 1.959624700248241425e-02 2.674088068306446075e-02 3.553177416324615479e-02 2.261252328753471375e-02 2.202104963362216949e-02 2.457282319664955139e-02 3.291981294751167297e-02 3.698720410466194153e-02 2.896584570407867432e-02 2.761355414986610413e-02 3.179802000522613525e-02 3.175827860832214355e-02 4.043652489781379700e-02 3.228299692273139954e-02 3.433145210146903992e-02 3.553934767842292786e-02 3.720554336905479431e-02 4.979563131928443909e-02 3.587252646684646606e-02 3.765715286135673523e-02 3.751600161194801331e-02 4.289988055825233459e-02 5.173092707991600037e-02 6.017096340656280518e-02 2.722810953855514526e-02 2.538473345339298248e-02 2.832126989960670471e-02 2.975009381771087646e-02
3.900000000000000000e+01 3.944773175542406474e+00 3.647803366184234619e-01 3.152576088905334473e-02 1.830342411994934082e-02 1.829468831419944763e-02 1.916487887501716614e-02 2.621037885546684265e-02 3.458424285054206848e-02 2.232197672128677368e-02 2.168437279760837555e-02 2.434280514717102051e-02 3.323348239064216614e-02 3.592471033334732056e-02 2.834720723330974579e-02 2.687790803611278534e-02 3.116233833134174347e-02 3.105543181300163269e-02 3.933082520961761475e-02 3.172886744141578674e-02 3.338360786437988281e-02 3.440359979867935181e-02 3.615679219365119934e-02 4.764314368367195129e-02 3.477090597152709961e-02 3.650016337633132935e-02 3.630851954221725464e-02 4.111426696181297302e-02 4.915511980652809143e-02 5.877751484513282776e-02 2.701454050838947296e-02 2.519903890788555145e-02 2.813819423317909241e-02 2.964409627020359039e-02
4.000000000000000000e+01 3.750000000000000000e+00 3.512823283672332764e-01 2.962206676602363586e-02 1.785879023373126984e-02 1.793518662452697754e-02 1.873807795345783234e-02 2.567645721137523651e-02 3.362620994448661804e-02 2.203694917261600494e-02 2.136955410242080688e-02 2.414253167808055878e-02 3.370548039674758911e-02 3.489312529563903809e-02 2.771478146314620972e-02 2.616832405328750610e-02 3.050065599381923676e-02 3.035773895680904388e-02 3.822893649339675903e-02 3.117427974939346313e-02 3.247073292732238770e-02 3.331029415130615234e-02 3.513777628540992737e-02 4.551421850919723511e-02 3.367743641138076782e-02 3.534229844808578491e-02 3.509599715471267700e-02 3.933614492416381836e-02 4.659737646579742432e-02 5.746871232986450195e-02 2.680691145360469818e-02 2.501658536493778229e-02 2.795847132802009583e-02 2.954133041203022003e-02
4.100000000000000000e+01 3.569303985722783956e+00 3.386313915252685547e-01 2.790502645075321198e-02 1.741038262844085693e-02 1.757937297224998474e-02 1.831853017210960388e-02 2.513528242707252502e-02 3.266910836100578308e-02 2.175742201507091522e-02 2.107029594480991364e-02 2.397095039486885071e-02 3.430181741714477539e-02 3.389820456504821777e-02 2.706760913133621216e-02 2.547186613082885742e-02 2.980363741517066956e-02 2.966175787150859833e-02 3.712925314903259277e-02 3.061586618423461914e-02 3.159336745738983154e-02 3.224603459239006042e-02 3.414424881339073181e-02 4.341908171772956848e-02 3.258041292428970337e-02 3.417107090353965759e-02 3.388087823987007141e-02 3.757542744278907776e-02 4.408450797200202942e-02 5.623715743422508240e-02 2.660491317510604858e-02 2.483726106584072113e-02 2.778198942542076111e-02 2.944140136241912842e-02
4.200000000000000000e+01 3.401360544217686854e+00 3.267540335655212402e-01 2.635389752686023712e-02 1.697208546102046967e-02 1.723182201385498047e-02 1.789859123528003693e-02 2.459290251135826111e-02 3.171568363904953003e-02 2.147118374705314636e-02 2.077830769121646881e-02 2.381384000182151794e-02 3.494413569569587708e-02 3.294127061963081360e-02 2.640325948596000671e-02 2.478547021746635437e-02 2.907881513237953186e-02 2.896196022629737854e-02 3.602403774857521057e-02 3.003238886594772339e-02 3.073977492749691010e-02 3.121257573366165161e-02 3.315568715333938599e-02 4.136530309915542603e-02 3.147967904806137085e-02 3.298859298229217529e-02 3.266692161560058594e-02 3.584406152367591858e-02 4.163450002670288086e-02 5.507633462548255920e-02 2.640823833644390106e-02 2.466097474098205566e-02 2.760864421725273132e-02 2.934405393898487091e-02
4.300000000000000000e+01 3.244997295835586826e+00 3.155850470066070557e-01 2.494904585182666779e-02 1.654948294162750244e-02 1.689381152391433716e-02 1.748386211693286896e-02 2.405349910259246826e-02 3.077020682394504547e-02 2.117385342717170715e-02 2.048807591199874878e-02 2.367209829390048981e-02 3.552285954356193542e-02 3.202345594763755798e-02 2.573244459927082062e-02 2.411421202123165131e-02 2.832884714007377625e-02 2.825862169265747070e-02 3.491461277008056641e-02 2.941916696727275848e-02 2.990281209349632263e-02 3.020044788718223572e-02 3.217319399118423462e-02 3.935471177101135254e-02 3.037921339273452759e-02 3.179346770048141479e-02 3.144884854555130005e-02 3.414112329483032227e-02 3.926113620400428772e-02 5.398038029670715332e-02 2.621661685407161713e-02 2.448765374720096588e-02 2.743830718100070953e-02 2.924903668463230133e-02
4.400000000000000000e+01 3.099173553719008378e+00 3.050663769245147705e-01 2.367171272635459900e-02 1.612650416791439056e-02 1.655645295977592468e-02 1.707885786890983582e-02 2.351403981447219849e-02 2.984568476676940918e-02 2.086416073143482208e-02 2.019057050347328186e-02 2.353962138295173645e-02 3.589724376797676086e-02 3.114559687674045563e-02 2.505985833704471588e-02 2.345202490687370300e-02 2.755129523575305939e-02 2.754910662770271301e-02 3.380133956670761108e-02 2.877672389149665833e-02 2.908203378319740295e-02 2.919716387987136841e-02 3.119539655745029449e-02 3.739302605390548706e-02 2.927258424460887909e-02 3.058448992669582367e-02 3.023112006485462189e-02 3.247415274381637573e-02 3.697773441672325134e-02 5.294403806328773499e-02 2.602981962263584137e-02 2.431716583669185638e-02 2.727083675563335419e-02 2.915611676871776581e-02
4.500000000000000000e+01 2.962962962962962798e+00 2.951454818248748779e-01 2.250390499830245972e-02 1.570959761738777161e-02 1.622031256556510925e-02 1.667726971209049225e-02 2.297664061188697815e-02 2.894952520728111267e-02 2.053423598408699036e-02 1.987630501389503479e-02 2.339707687497138977e-02 3.593925386667251587e-02 3.030568733811378479e-02 2.438278310000896454e-02 2.279695123434066772e-02 2.675937488675117493e-02 2.683294005692005157e-02 3.268477693200111389e-02 2.809427306056022644e-02 2.826618216931819916e-02 2.820936962962150574e-02 3.020736575126647949e-02 3.548611328005790710e-02 2.816114574670791626e-02 2.936998009681701660e-02 2.902101911604404449e-02 3.085317276418209076e-02 3.479227796196937561e-02 5.196260288357734680e-02 2.584760636091232300e-02 2.414942160248756409e-02 2.710618078708648682e-02 2.906514145433902740e-02
4.600000000000000000e+01 2.835538752362948944e+00 2.857754826545715332e-01 2.142858318984508514e-02 1.530999969691038132e-02 1.588933542370796204e-02 1.628174446523189545e-02 2.244597300887107849e-02 2.808259613811969757e-02 2.017630077898502350e-02 1.954016461968421936e-02 2.323279716074466705e-02 3.557788953185081482e-02 2.950130589306354523e-02 2.370760962367057800e-02 2.215363830327987671e-02 2.595975622534751892e-02 2.611040323972702026e-02 3.156756237149238586e-02 2.737485617399215698e-02 2.744849212467670441e-02 2.723696082830429077e-02 2.921433188021183014e-02 3.363609313964843750e-02 2.705358341336250305e-02 2.815459854900836945e-02 2.781783603131771088e-02 2.927963994443416595e-02 3.271100670099258423e-02 5.103183165192604065e-02 2.566975355148315430e-02 2.398436143994331360e-02 2.694419026374816895e-02 2.897598966956138611e-02
4.700000000000000000e+01 2.716161158895427974e+00 2.769141495227813721e-01 2.043005637824535370e-02 1.491546723991632462e-02 1.555954106152057648e-02 1.589646562933921814e-02 2.191863767802715302e-02 2.724898047745227814e-02 1.979161985218524933e-02 1.917826756834983826e-02 2.303160727024078369e-02 3.479479998350143433e-02 2.873022668063640594e-02 2.303830161690711975e-02 2.151994407176971436e-02 2.515117451548576355e-02 2.538139559328556061e-02 3.045201674103736877e-02 2.662243135273456573e-02 2.663202770054340363e-02 2.626931667327880859e-02 2.821937203407287598e-02 3.184734284877777100e-02 2.594902738928794861e-02 2.694152668118476868e-02 2.662601880729198456e-02 2.775754407048225403e-02 3.073752671480178833e-02 5.014785006642341614e-02 2.549606561660766602e-02 2.382187545299530029e-02 2.678482048213481903e-02 2.888851612806320190e-02
4.800000000000000000e+01 2.604166666666666519e+00 2.685230970382690430e-01 1.949469000101089478e-02 1.452533248811960220e-02 1.522828452289104462e-02 1.551815029233694077e-02 2.139459922909736633e-02 2.645374089479446411e-02 1.937990076839923859e-02 1.878826878964900970e-02 2.277324348688125610e-02 3.361683338880538940e-02 2.798926644027233124e-02 2.237320318818092346e-02 2.089485526084899902e-02 2.434417232871055603e-02 2.464762888848781586e-02 2.934121154248714447e-02 2.583395503461360931e-02 2.580990083515644073e-02 2.531245537102222443e-02 2.721354551613330841e-02 3.012366406619548798e-02 2.484934590756893158e-02 2.573907002806663513e-02 2.545346505939960480e-02 2.629351057112216949e-02 2.887223288416862488e-02 4.930721223354339600e-02 2.532636001706123352e-02 2.366190031170845032e-02 2.662792429327964783e-02 2.880261279642581940e-02
4.900000000000000000e+01 2.498958767180341489e+00 2.605679333209991455e-01 1.861143857240676880e-02 1.415180973708629608e-02 1.490134932100772858e-02 1.514593139290809631e-02 2.087720111012458801e-02 2.569529786705970764e-02 1.893705874681472778e-02 1.837261579930782318e-02 2.244328707456588745e-02 3.211540728807449341e-02 2.727524191141128540e-02 2.171457000076770782e-02 2.028165571391582489e-02 2.354322932660579681e-02 2.391039393842220306e-02 2.823968045413494110e-02 2.501752041280269623e-02 2.497767470777034760e-02 2.437105216085910797e-02 2.620341442525386810e-02 2.846731059253215790e-02 2.376355603337287903e-02 2.455322071909904480e-02 2.430132403969764709e-02 2.488850802183151245e-02 2.711634524166584015e-02 4.850682988762855530e-02 2.516046352684497833e-02 2.350436337292194366e-02 2.647347375750541687e-02 2.871821820735931396e-02
5.000000000000000000e+01 2.399999999999999911e+00 2.530169486999511719e-01 1.777193322777748108e-02 1.378797087818384171e-02 1.457778085023164749e-02 1.478384900838136673e-02 2.036372944712638855e-02 2.497271448373794556e-02 1.846909895539283752e-02 1.793429441750049591e-02 2.203557267785072327e-02 3.038522787392139435e-02 2.658439613878726959e-02 2.106463909149169922e-02 1.967791467905044556e-02 2.274758368730545044e-02 2.317148260772228241e-02 2.715014293789863586e-02 2.417916804552078247e-02 2.414098009467124939e-02 2.343707159161567688e-02 2.519510313868522644e-02 2.688158303499221802e-02 2.269428968429565430e-02 2.338776364922523499e-02 2.317274734377861023e-02 2.354389242827892303e-02 2.546794898808002472e-02 4.774379730224609375e-02 2.499817311763763428e-02 2.334919199347496033e-02 2.632137015461921692e-02 2.863523550331592560e-02
5.100000000000000000e+01 2.306805074971165048e+00 2.458419799804687500e-01 1.697031594812870026e-02 1.342816092073917389e-02 1.425420865416526794e-02 1.443085260689258575e-02 1.985339820384979248e-02 2.428793162107467651e-02 1.798289455473423004e-02 1.747715845704078674e-02 2.154626883566379547e-02 2.852723933756351471e-02 2.591116353869438171e-02 2.042238786816596985e-02 1.908366009593009949e-02 2.196245826780796051e-02 2.243270352482795715e-02 2.607430331408977509e-02 2.331924438476562500e-02 2.329763025045394897e-02 2.251342870295047760e-02 2.418441697955131531e-02 2.536796964704990387e-02 2.164318040013313293e-02 2.224881015717983246e-02 2.207334339618682861e-02 2.226198092103004456e-02 2.392329275608062744e-02 4.701549187302589417e-02 2.483938448131084442e-02 2.319632098078727722e-02 2.617155201733112335e-02 2.855360135436058044e-02
5.200000000000000000e+01 2.218934911242603558e+00 2.390169054269790649e-01 1.620271801948547363e-02 1.308180391788482666e-02 1.393557433038949966e-02 1.408487558364868164e-02 1.934828609228134155e-02 2.364065684378147125e-02 1.747933961451053619e-02 1.700751297175884247e-02 2.097987197339534760e-02 2.664297074079513550e-02 2.524940110743045807e-02 1.978820748627185822e-02 1.850030384957790375e-02 2.119067311286926270e-02 2.169635705649852753e-02 2.501628920435905457e-02 2.244804054498672485e-02 2.244639024138450623e-02 2.160691097378730774e-02 2.317788824439048767e-02 2.392753772437572479e-02 2.061596885323524475e-02 2.114117331802845001e-02 2.100517600774765015e-02 2.104323916137218475e-02 2.248020842671394348e-02 4.631965234875679016e-02 2.468390390276908875e-02 2.304568514227867126e-02 2.602394483983516693e-02 2.847326174378395081e-02
5.300000000000000000e+01 2.135991456034175950e+00 2.325179129838943481e-01 1.546672545373439789e-02 1.274758577346801758e-02 1.362269930541515350e-02 1.374828256666660309e-02 1.884729042649269104e-02 2.302879281342029572e-02 1.696568168699741364e-02 1.653047464787960052e-02 2.034786716103553772e-02 2.482161112129688263e-02 2.459169551730155945e-02 1.916254311800003052e-02 1.792502962052822113e-02 2.043139748275279999e-02 2.096394822001457214e-02 2.397807687520980835e-02 2.157138846814632416e-02 2.159347385168075562e-02 2.071258798241615295e-02 2.218273840844631195e-02 2.256184257566928864e-02 1.961668580770492554e-02 2.006805129349231720e-02 1.997028104960918427e-02 1.988737285137176514e-02 2.113438770174980164e-02 4.565401002764701843e-02 2.453162521123886108e-02 2.289721556007862091e-02 2.587847784161567688e-02 2.839416638016700745e-02
5.400000000000000000e+01 2.057613168724279795e+00 2.263233959674835205e-01 1.476088259369134903e-02 1.241825427860021591e-02 1.331251487135887146e-02 1.342109311372041702e-02 1.834967359900474548e-02 2.245308272540569305e-02 1.645003072917461395e-02 1.605044864118099213e-02 1.966369897127151489e-02 2.312978170812129974e-02 2.392976172268390656e-02 1.854413747787475586e-02 1.735797896981239319e-02 1.968596316874027252e-02 2.023739926517009735e-02 2.295986190438270569e-02 2.069030888378620148e-02 2.074049040675163269e-02 1.983130909502506256e-02 2.119818702340126038e-02 2.126995660364627838e-02 1.864698901772499084e-02 1.903257891535758972e-02 1.897111907601356506e-02 1.879317872226238251e-02 1.988054998219013214e-02 4.501663148403167725e-02 2.438243664801120758e-02 2.275087125599384308e-02 2.573510631918907166e-02 2.831627242267131805e-02
5.500000000000000000e+01 1.983471074380165344e+00 2.204134315252304077e-01 1.408420223742723465e-02 1.209862902760505676e-02 1.300795469433069229e-02 1.310142409056425095e-02 1.785699464380741119e-02 2.191544137895107269e-02 1.593526266515254974e-02 1.557283848524093628e-02 1.894366182386875153e-02 2.161081321537494659e-02 2.325548790395259857e-02 1.793401129543781281e-02 1.680043153464794159e-02 1.895634271204471588e-02 1.951812952756881714e-02 2.196369878947734833e-02 1.981478370726108551e-02 1.988840289413928986e-02 1.896949671208858490e-02 2.022959850728511810e-02 2.005125395953655243e-02 1.770913414657115936e-02 1.803711988031864166e-02 1.800970733165740967e-02 1.776005327701568604e-02 1.871472969651222229e-02 4.440568760037422180e-02 2.423621155321598053e-02 2.260657399892807007e-02 2.559374086558818817e-02 2.823954634368419647e-02
5.600000000000000000e+01 1.913265306122448939e+00 2.147698998451232910e-01 1.343608275055885315e-02 1.179125346243381500e-02 1.271038874983787537e-02 1.278992835432291031e-02 1.736938208341598511e-02 2.141732349991798401e-02 1.542480848729610443e-02 1.510151848196983337e-02 1.820471882820129395e-02 2.028508298099040985e-02 2.256123907864093781e-02 1.733162254095077515e-02 1.624956354498863220e-02 1.824077405035495758e-02 1.880704611539840698e-02 2.099172398447990417e-02 1.894903741776943207e-02 1.904259994626045227e-02 1.812567934393882751e-02 1.928269118070602417e-02 1.890508458018302917e-02 1.680577732622623444e-02 1.708371192216873169e-02 1.708741113543510437e-02 1.678708754479885101e-02 1.763172633945941925e-02 4.381949827075004578e-02 2.409278973937034607e-02 2.246429957449436188e-02 2.545433491468429565e-02 2.816395834088325500e-02
5.700000000000000000e+01 1.846722068328716437e+00 2.093759328126907349e-01 1.281603798270225525e-02 1.148980297148227692e-02 1.241813041269779205e-02 1.248735375702381134e-02 1.688656955957412720e-02 2.096034772694110870e-02 1.492452342063188553e-02 1.463861949741840363e-02 1.746292784810066223e-02 1.915045827627182007e-02 2.184163406491279602e-02 1.673538051545619965e-02 1.570506393909454346e-02 1.754002831876277924e-02 1.810526661574840546e-02 2.004353888332843781e-02 1.809334941208362579e-02 1.820668019354343414e-02 1.729983091354370117e-02 1.835869066417217255e-02 1.782889291644096375e-02 1.593871600925922394e-02 1.617336086928844452e-02 1.620393246412277222e-02 1.587075367569923401e-02 1.662620157003402710e-02 4.325656592845916748e-02 2.395211718976497650e-02 2.232398651540279388e-02 2.531683444976806641e-02 2.808946929872035980e-02
5.800000000000000000e+01 1.783590963139120023e+00 2.042162418365478516e-01 1.222366653382778168e-02 1.119545102119445801e-02 1.213173102587461472e-02 1.219214871525764465e-02 1.641001552343368530e-02 2.054699510335922241e-02 1.443646196275949478e-02 1.418722420930862427e-02 1.673273555934429169e-02 1.819053478538990021e-02 2.109500579535961151e-02 1.614728197455406189e-02 1.516947057098150253e-02 1.685502380132675171e-02 1.741348393261432648e-02 1.912027224898338318e-02 1.725604757666587830e-02 1.738219335675239563e-02 1.649622246623039246e-02 1.746045053005218506e-02 1.682041026651859283e-02 1.510820444673299789e-02 1.530589256435632706e-02 1.536015793681144714e-02 1.500907167792320251e-02 1.569357514381408691e-02 4.271543398499488831e-02 2.381406538188457489e-02 2.218554727733135223e-02 2.518120966851711273e-02 2.801604568958282471e-02
5.900000000000000000e+01 1.723642631427750649e+00 1.992765963077545166e-01 1.165856048464775085e-02 1.091151218861341476e-02 1.185236778110265732e-02 1.190376281738281250e-02 1.593998260796070099e-02 2.017681300640106201e-02 1.396074239164590836e-02 1.374892331659793854e-02 1.602585986256599426e-02 1.738069206476211548e-02 2.032327838242053986e-02 1.556759700179100037e-02 1.463973242789506912e-02 1.618412695825099945e-02 1.673278771340847015e-02 1.822373829782009125e-02 1.643951050937175751e-02 1.657338626682758331e-02 1.571573503315448761e-02 1.659153774380683899e-02 1.587724126875400543e-02 1.431446336209774017e-02 1.448208373039960861e-02 1.455691922456026077e-02 1.420096214860677719e-02 1.482875458896160126e-02 4.219481348991394043e-02 2.367854677140712738e-02 2.204898558557033539e-02 2.504737488925457001e-02 2.794368751347064972e-02
6.000000000000000000e+01 1.666666666666666741e+00 1.945438832044601440e-01 1.112015452235937119e-02 1.063414663076400757e-02 1.157937292009592056e-02 1.162315253168344498e-02 1.547668129205703735e-02 1.984539628028869629e-02 1.350046414881944656e-02 1.332392357289791107e-02 1.535078510642051697e-02 1.669060997664928436e-02 1.953246071934700012e-02 1.499399356544017792e-02 1.411547604948282242e-02 1.552856154739856720e-02 1.606383547186851501e-02 1.735471002757549286e-02 1.564334332942962646e-02 1.578370667994022369e-02 1.495830994099378586e-02 1.575332134962081909e-02 1.499606762081384659e-02 1.355882547795772552e-02 1.370173972100019455e-02 1.379248127341270447e-02 1.344254985451698303e-02 1.402664184570312500e-02 4.169358313083648682e-02 2.354544959962368011e-02 2.191421762108802795e-02 2.491530030965805054e-02 2.787234447896480560e-02
6.100000000000000000e+01 1.612469766191883869e+00 1.900058388710021973e-01 1.060773618519306183e-02 1.036235038191080093e-02 1.131215039640665054e-02 1.134901307523250580e-02 1.502163521945476532e-02 1.954391226172447205e-02 1.305611710995435715e-02 1.291305292397737503e-02 1.471324265003204346e-02 1.609167456626892090e-02 1.873216964304447174e-02 1.442872639745473862e-02 1.360043883323669434e-02 1.488864608108997345e-02 1.540751382708549500e-02 1.651368848979473114e-02 1.487309858202934265e-02 1.501472666859626770e-02 1.422623172402381897e-02 1.494666468352079391e-02 1.417359989136457443e-02 1.284067705273628235e-02 1.296293456107378006e-02 1.306648552417755127e-02 1.273098774254322052e-02 1.328265480697154999e-02 4.121051728725433350e-02 2.341472916305065155e-02 2.178121730685234070e-02 2.478495799005031586e-02 2.780198119580745697e-02
6.200000000000000000e+01 1.560874089490114525e+00 1.856514066457748413e-01 1.012044306844472885e-02 1.009893137961626053e-02 1.105103828012943268e-02 1.108114607632160187e-02 1.457496453076601028e-02 1.925965771079063416e-02 1.262622326612472534e-02 1.251643989235162735e-02 1.411720365285873413e-02 1.555802486836910248e-02 1.793331094086170197e-02 1.387368608266115189e-02 1.309195812791585922e-02 1.426342222839593887e-02 1.476455666124820709e-02 1.570196822285652161e-02 1.412984449416399002e-02 1.426905579864978790e-02 1.352079771459102631e-02 1.417326927185058594e-02 1.340657379478216171e-02 1.215869095176458359e-02 1.226515974849462509e-02 1.237897574901580811e-02 1.206461433321237564e-02 1.259207911789417267e-02 4.074464365839958191e-02 2.328624762594699860e-02 2.164995670318603516e-02 2.465626411139965057e-02 2.773260511457920074e-02
6.300000000000000000e+01 1.511715797430083219e+00 1.814701855182647705e-01 9.657085873186588287e-03 9.841766208410263062e-03 1.079628057777881622e-02 1.081928331404924393e-02 1.413666084408760071e-02 1.897454820573329926e-02 1.221193466335535049e-02 1.213283278048038483e-02 1.356209721416234970e-02 1.506680995225906372e-02 1.714748702943325043e-02 1.332646515220403671e-02 1.258960552513599396e-02 1.365424320101737976e-02 1.413551438599824905e-02 1.492040697485208511e-02 1.341282203793525696e-02 1.354881003499031067e-02 1.284222491085529327e-02 1.343391276895999908e-02 1.269141957163810730e-02 1.151305343955755234e-02 1.160760037600994110e-02 1.172788534313440323e-02 1.143994927406311035e-02 1.195030380040407181e-02 4.029501602053642273e-02 2.315996959805488586e-02 2.152035757899284363e-02 2.452921681106090546e-02 2.766417339444160461e-02
6.400000000000000000e+01 1.464843750000000000e+00 1.774524152278900146e-01 9.216293692588806152e-03 9.589524939656257629e-03 1.054699718952178955e-02 1.056316308677196503e-02 1.370817609131336212e-02 1.866749115288257599e-02 1.181283313781023026e-02 1.176205091178417206e-02 1.304632332175970078e-02 1.460147462785243988e-02 1.638527773320674896e-02 1.278833765536546707e-02 1.209717616438865662e-02 1.306147594004869461e-02 1.352121774107217789e-02 1.416949555277824402e-02 1.272481866180896759e-02 1.285511441528797150e-02 1.219104230403900146e-02 1.272813882678747177e-02 1.202457770705223083e-02 1.090285461395978928e-02 1.098782662302255630e-02 1.111189648509025574e-02 1.085406169295310974e-02 1.135300565510988235e-02 3.986071795225143433e-02 2.303578518331050873e-02 2.139241807162761688e-02 2.440376952290534973e-02 2.759668603539466858e-02
6.500000000000000000e+01 1.420118343195266197e+00 1.735892146825790405e-01 8.796571753919124603e-03 9.343859739601612091e-03 1.030261162668466568e-02 1.031230110675096512e-02 1.328919921070337296e-02 1.831889711320400238e-02 1.142730005085468292e-02 1.140338275581598282e-02 1.256870198994874954e-02 1.415063068270683289e-02 1.565475948154926300e-02 1.226237975060939789e-02 1.161347422748804092e-02 1.248464360833168030e-02 1.292241923511028290e-02 1.344990730285644531e-02 1.206619944423437119e-02 1.218890771269798279e-02 1.156809646636247635e-02 1.205631345510482788e-02 1.140259951353073120e-02 1.032587420195341110e-02 1.040434837341308594e-02 1.053041592240333557e-02 1.030488964170217514e-02 1.079603563994169235e-02 3.944095224142074585e-02 2.291364967823028564e-02 2.126605622470378876e-02 2.427987009286880493e-02 2.753004990518093109e-02
6.600000000000000000e+01 1.377410468319559156e+00 1.698722541332244873e-01 8.396363817155361176e-03 9.103653021156787872e-03 1.006364822387695312e-02 1.006637141108512878e-02 1.287939585745334625e-02 1.791348680853843689e-02 1.105487160384654999e-02 1.105533540248870850e-02 1.212402619421482086e-02 1.370523776859045029e-02 1.496120076626539230e-02 1.174704078584909439e-02 1.113759540021419525e-02 1.192469708621501923e-02 1.233965624123811722e-02 1.276189927011728287e-02 1.143605820834636688e-02 1.155115664005279541e-02 1.097347959876060486e-02 1.141835004091262817e-02 1.082208752632141113e-02 9.781493805348873138e-03 9.855937212705612183e-03 9.981355629861354828e-03 9.789329022169113159e-03 1.027546450495719910e-02 3.903496265411376953e-02 2.279350534081459045e-02 2.114128321409225464e-02 2.415749058127403259e-02 2.746434137225151062e-02
6.700000000000000000e+01 1.336600579193584215e+00 1.662936061620712280e-01 8.014066144824028015e-03 8.868113160133361816e-03 9.829470887780189514e-03 9.825453162193298340e-03 1.248000003397464752e-02 1.744201034307479858e-02 1.069547515362501144e-02 1.071725692600011826e-02 1.170731801539659500e-02 1.326099969446659088e-02 1.430744491517543793e-02 1.124220062047243118e-02 1.067298464477062225e-02 1.138240098953247070e-02 1.177351363003253937e-02 1.210558973252773285e-02 1.083520613610744476e-02 1.094224955886602402e-02 1.040665432810783386e-02 1.081285160034894943e-02 1.027964800596237183e-02 9.268635883927345276e-03 9.340187534689903259e-03 9.462985210120677948e-03 9.304747916758060455e-03 9.787577204406261444e-03 3.864194825291633606e-02 2.267525717616081238e-02 2.101803943514823914e-02 2.403658628463745117e-02 2.739948965609073639e-02
6.800000000000000000e+01 1.297577854671280173e+00 1.628462076187133789e-01 7.648150436580181122e-03 8.637865073978900909e-03 9.599223732948303223e-03 9.588731452822685242e-03 1.209062524139881134e-02 1.690507307648658752e-02 1.034704782068729401e-02 1.038838177919387817e-02 1.131625752896070480e-02 1.281734276562929153e-02 1.369379926472902298e-02 1.075087487697601318e-02 1.021945942193269730e-02 1.085702143609523773e-02 1.122449710965156555e-02 1.148081198334693909e-02 1.026325300335884094e-02 1.036195177584886551e-02 9.867736138403415680e-03 1.023951545357704163e-02 9.772044606506824493e-03 8.784986101090908051e-03 8.855105377733707428e-03 8.974326774477958679e-03 8.849008008837699890e-03 9.328993037343025208e-03 3.826133534312248230e-02 2.255887165665626526e-02 2.089628949761390686e-02 2.391712926328182220e-02 2.733546122908592224e-02
6.900000000000000000e+01 1.260239445494643951e+00 1.595231890678405762e-01 7.297214586287736893e-03 8.411975577473640442e-03 9.373249486088752747e-03 9.356549009680747986e-03 1.171046029776334763e-02 1.631306856870651245e-02 1.000873744487762451e-02 1.006737351417541504e-02 1.094606425613164902e-02 1.237298455089330673e-02 1.311880443245172501e-02 1.027273852378129959e-02 9.775941260159015656e-03 1.034931279718875885e-02 1.069310866296291351e-02 1.088729687035083771e-02 9.719515219330787659e-03 9.810186922550201416e-03 9.356328286230564117e-03 9.697605855762958527e-03 9.296170435845851898e-03 8.329176343977451324e-03 8.399276994168758392e-03 8.513431064784526825e-03 8.419677615165710449e-03 8.896667510271072388e-03 3.789250180125236511e-02 2.244427986443042755e-02 2.077600546181201935e-02 2.379909157752990723e-02 2.727227658033370972e-02
7.000000000000000000e+01 1.224489795918367374e+00 1.563183218240737915e-01 6.959971971809864044e-03 8.190370164811611176e-03 9.151474572718143463e-03 9.128343313932418823e-03 1.134004071354866028e-02 1.568323932588100433e-02 9.680829010903835297e-03 9.753527119755744934e-03 1.059147156774997711e-02 1.192834321409463882e-02 1.258031092584133148e-02 9.806834161281585693e-03 9.344862774014472961e-03 9.859990328550338745e-03 1.017959136515855789e-02 1.032433006912469864e-02 9.203473106026649475e-03 9.286702610552310944e-03 8.871077559888362885e-03 9.185235947370529175e-03 8.849107660353183746e-03 7.900158874690532684e-03 7.970602251589298248e-03 8.078387938439846039e-03 8.014476858079433441e-03 8.487811312079429626e-03 3.753479570150375366e-02 2.233142219483852386e-02 2.065716497600078583e-02 2.368243597447872162e-02 2.720989845693111420e-02
7.100000000000000000e+01 1.190240031739734139e+00 1.532256305217742920e-01 6.635306868702173233e-03 7.973381318151950836e-03 8.933059871196746826e-03 8.903671056032180786e-03 1.097971294075250626e-02 1.503728050738573074e-02 9.361443109810352325e-03 9.446230717003345490e-03 1.025079004466533661e-02 1.148642040789127350e-02 1.207536552101373672e-02 9.355124086141586304e-03 8.926362730562686920e-03 9.388229809701442719e-03 9.684261865913867950e-03 9.791083633899688721e-03 8.714376948773860931e-03 8.790389634668827057e-03 8.411463350057601929e-03 8.701490238308906555e-03 8.428060449659824371e-03 7.495775353163480759e-03 7.567123975604772568e-03 7.668000645935535431e-03 7.631517946720123291e-03 8.100000210106372833e-03 3.718774393200874329e-02 2.222024649381637573e-02 2.053971961140632629e-02 2.356711775064468384e-02 2.714828774333000183e-02
7.200000000000000000e+01 1.157407407407407440e+00 1.502396166324615479e-01 6.322281900793313980e-03 7.760457694530487061e-03 8.717941120266914368e-03 8.682929910719394684e-03 1.062838360667228699e-02 1.439823396503925323e-02 9.049528278410434723e-03 9.144674055278301239e-03 9.921799413859844208e-03 1.104848179966211319e-02 1.160067413002252579e-02 8.918153122067451477e-03 8.519751951098442078e-03 8.934197947382926941e-03 9.207333438098430634e-03 9.286557324230670929e-03 8.251556195318698883e-03 8.320698514580726624e-03 7.976826280355453491e-03 8.245327509939670563e-03 8.030520752072334290e-03 7.114346139132976532e-03 7.187322247773408890e-03 7.280565332621335983e-03 7.268991321325302124e-03 7.731174118816852570e-03 3.685076907277107239e-02 2.211071550846099854e-02 2.042364887893199921e-02 2.345311455428600311e-02 2.708745561540126801e-02
7.300000000000000000e+01 1.125914805779695937e+00 1.473550498485565186e-01 6.020180415362119675e-03 7.551131304353475571e-03 8.506506681442260742e-03 8.465628139674663544e-03 1.028603035956621170e-02 1.378670148551464081e-02 8.745853789150714874e-03 8.848119527101516724e-03 9.600753895938396454e-03 1.061529293656349182e-02 1.115307398140430450e-02 8.494888432323932648e-03 8.126306347548961639e-03 8.498781360685825348e-03 8.748791180551052094e-03 8.809627965092658997e-03 7.813631556928157806e-03 7.876874879002571106e-03 7.565453182905912399e-03 7.814709097146987915e-03 7.654190994799137115e-03 6.754870526492595673e-03 6.829558406025171280e-03 6.914396304637193680e-03 6.925106979906558990e-03 7.379435468465089798e-03 3.652346506714820862e-02 2.200276218354701996e-02 2.030892297625541687e-02 2.334042079746723175e-02 2.702738903462886810e-02
7.400000000000000000e+01 1.095690284879474063e+00 1.445672810077667236e-01 5.728450138121843338e-03 7.346330676227807999e-03 8.298167958855628967e-03 8.251475170254707336e-03 9.953107684850692749e-03 1.321856211870908737e-02 8.448919281363487244e-03 8.556514978408813477e-03 9.286128915846347809e-03 1.018944010138511658e-02 1.072938460856676102e-02 8.086123503744602203e-03 7.746053859591484070e-03 8.080957457423210144e-03 8.308693766593933105e-03 8.359026163816452026e-03 7.399673108011484146e-03 7.457399740815162659e-03 7.176316343247890472e-03 7.408321369439363480e-03 7.296999916434288025e-03 6.415701471269130707e-03 6.492007989436388016e-03 6.568163167685270309e-03 6.598221603780984879e-03 7.043312769383192062e-03 3.620534390211105347e-02 2.189636416733264923e-02 2.019552327692508698e-02 2.322899177670478821e-02 2.696803212165832520e-02
7.500000000000000000e+01 1.066666666666666652e+00 1.418713927268981934e-01 5.446735769510269165e-03 7.145241368561983109e-03 8.092364296317100525e-03 8.040567860007286072e-03 9.628848172724246979e-03 1.270387507975101471e-02 8.157668635249137878e-03 8.269329555332660675e-03 8.977945894002914429e-03 9.772418998181819916e-03 1.032653264701366425e-02 7.692337967455387115e-03 7.378641515970230103e-03 7.680341135710477829e-03 7.886940613389015198e-03 7.933360524475574493e-03 7.008871529251337051e-03 7.061401847749948502e-03 6.808683276176452637e-03 7.024979684501886368e-03 6.957094650715589523e-03 6.095167249441146851e-03 6.173212546855211258e-03 6.240660790354013443e-03 6.287219934165477753e-03 6.721527781337499619e-03 3.589597716927528381e-02 2.179144322872161865e-02 2.008341625332832336e-02 2.311880141496658325e-02 2.690940164029598236e-02
7.600000000000000000e+01 1.038781163434903121e+00 1.392633020877838135e-01 5.174827296286821365e-03 6.947105284780263901e-03 7.889795117080211639e-03 7.833003066480159760e-03 9.312935173511505127e-03 1.224688254296779633e-02 7.872544229030609131e-03 7.986291311681270599e-03 8.674057200551033020e-03 9.364361874759197235e-03 9.941801428794860840e-03 7.312993519008159637e-03 7.024669088423252106e-03 7.297476287931203842e-03 7.483338471502065659e-03 7.531227543950080872e-03 6.639672908931970596e-03 6.687940564006567001e-03 6.460709031671285629e-03 6.662863306701183319e-03 6.632929667830467224e-03 5.792160984128713608e-03 5.871873348951339722e-03 5.930365994572639465e-03 5.990842357277870178e-03 6.413068156689405441e-03 3.559499233961105347e-02 2.168800868093967438e-02 1.997254975140094757e-02 2.300981990993022919e-02 2.685147337615489960e-02
7.700000000000000000e+01 1.011975037949063960e+00 1.367389857769012451e-01 4.912594798952341080e-03 6.753408350050449371e-03 7.690170314162969589e-03 7.628445047885179520e-03 9.005730971693992615e-03 1.184648741036653519e-02 7.593519054353237152e-03 7.707369979470968246e-03 8.373415097594261169e-03 8.966570720076560974e-03 9.572656825184822083e-03 6.948237307369709015e-03 6.683841347694396973e-03 6.931525189429521561e-03 7.097590714693069458e-03 7.151241879910230637e-03 6.291115656495094299e-03 6.335502956062555313e-03 6.131146103143692017e-03 6.320529617369174957e-03 6.323105655610561371e-03 5.505628883838653564e-03 5.586538463830947876e-03 5.636014044284820557e-03 5.707812029868364334e-03 6.117067299783229828e-03 3.530201315879821777e-02 2.158597111701965332e-02 1.986292377114295959e-02 2.290204353630542755e-02 2.679422125220298767e-02
7.800000000000000000e+01 9.861932938856016184e-01 1.342946588993072510e-01 4.660008475184440613e-03 6.563429720699787140e-03 7.492699194699525833e-03 7.426616735756397247e-03 8.706950582563877106e-03 1.149760372936725616e-02 7.319149095565080643e-03 7.432587910443544388e-03 8.076713420450687408e-03 8.580410853028297424e-03 9.216756559908390045e-03 6.598072592169046402e-03 6.355964113026857376e-03 6.581785157322883606e-03 6.729407235980033875e-03 6.791912019252777100e-03 5.962242837995290756e-03 6.002910435199737549e-03 5.819190293550491333e-03 5.996881052851676941e-03 6.026467774063348770e-03 5.234122741967439651e-03 5.315998569130897522e-03 5.356726236641407013e-03 5.437333602458238602e-03 5.832865368574857712e-03 3.501667827367782593e-02 2.148531377315521240e-02 1.975452899932861328e-02 2.279542386531829834e-02 2.673766016960144043e-02
7.900000000000000000e+01 9.613843935266783713e-01 1.319265514612197876e-01 4.417079966515302658e-03 6.375839933753013611e-03 7.298074197024106979e-03 7.227983791381120682e-03 8.416286669671535492e-03 1.119271572679281235e-02 7.049755658954381943e-03 7.161947432905435562e-03 7.783593609929084778e-03 8.205619640648365021e-03 8.872127160429954529e-03 6.262203678488731384e-03 6.041201762855052948e-03 6.248231511563062668e-03 6.378375925123691559e-03 6.451813504099845886e-03 5.651501473039388657e-03 5.689243786036968231e-03 5.523434840142726898e-03 5.690421909093856812e-03 5.742101930081844330e-03 4.976511467248201370e-03 5.059191957116127014e-03 5.091373808681964874e-03 5.178688094019889832e-03 5.559961311519145966e-03 3.473864868283271790e-02 2.138599939644336700e-02 1.964731514453887939e-02 2.268994413316249847e-02 2.668173797428607941e-02
8.000000000000000000e+01 9.375000000000000000e-01 1.296315640211105347e-01 4.183816257864236832e-03 6.192202214151620865e-03 7.106410805135965347e-03 7.032273337244987488e-03 8.133933879435062408e-03 1.092313881963491440e-02 6.786264479160308838e-03 6.895581725984811783e-03 7.493327371776103973e-03 7.842572405934333801e-03 8.537139743566513062e-03 5.940587259829044342e-03 5.738948937505483627e-03 5.930400919169187546e-03 6.044011097401380539e-03 6.129677407443523407e-03 5.358063615858554840e-03 5.393109284341335297e-03 5.242681130766868591e-03 5.399899557232856750e-03 5.469228606671094894e-03 4.732131026685237885e-03 4.815149120986461639e-03 4.838816355913877487e-03 4.930995870381593704e-03 5.297837778925895691e-03 3.446764126420021057e-02 2.128797769546508789e-02 1.954127103090286255e-02 2.258557826280593872e-02 2.662645652890205383e-02
8.100000000000000000e+01 9.144947416552354769e-01 1.274063885211944580e-01 3.960270900279283524e-03 6.012589670717716217e-03 6.916960235685110092e-03 6.839307490736246109e-03 7.859718054533004761e-03 1.067990157753229141e-02 6.527534686028957367e-03 6.633569952100515366e-03 7.206783164292573929e-03 7.491960190236568451e-03 8.210371248424053192e-03 5.632744170725345612e-03 5.449105054140090942e-03 5.627334583550691605e-03 5.725845694541931152e-03 5.824252031743526459e-03 5.080894567072391510e-03 5.113319493830204010e-03 4.976181313395500183e-03 5.124344490468502045e-03 5.207194481045007706e-03 4.500029142946004868e-03 4.582757130265235901e-03 4.598404746502637863e-03 4.693644121289253235e-03 5.046185571700334549e-03 3.420333191752433777e-02 2.119123935699462891e-02 1.943636499345302582e-02 2.248233929276466370e-02 2.657179348170757294e-02
8.200000000000000000e+01 8.923259964306959890e-01 1.252479702234268188e-01 3.746467642486095428e-03 5.835392512381076813e-03 6.730178371071815491e-03 6.649175193160772324e-03 7.593398448079824448e-03 1.045480556786060333e-02 6.273550912737846375e-03 6.376256700605154037e-03 6.924694404006004333e-03 7.153463549911975861e-03 7.890665903687477112e-03 5.338386632502079010e-03 5.171589553356170654e-03 5.338673945516347885e-03 5.423355847597122192e-03 5.534272175282239914e-03 4.818581044673919678e-03 4.849069751799106598e-03 4.722876474261283875e-03 4.862657282501459122e-03 4.955524113029241562e-03 4.279016051441431046e-03 4.361292812973260880e-03 4.369405563920736313e-03 4.466257523745298386e-03 4.804632626473903656e-03 3.394546732306480408e-02 2.109572850167751312e-02 1.933260448276996613e-02 2.238016761839389801e-02 2.651777677237987518e-02
8.300000000000000000e+01 8.709536942952532668e-01 1.231535300612449646e-01 3.542407415807247162e-03 5.661605857312679291e-03 6.546305026859045029e-03 6.462146528065204620e-03 7.335015572607517242e-03 1.024070009589195251e-02 6.025161128491163254e-03 6.123670376837253571e-03 6.646639667451381683e-03 6.826921366155147552e-03 7.577254902571439743e-03 5.057311151176691055e-03 4.905786830931901932e-03 5.064021795988082886e-03 5.135929211974143982e-03 5.258649121969938278e-03 4.570491611957550049e-03 4.599122330546379089e-03 4.481703974306583405e-03 4.613782744854688644e-03 4.713784903287887573e-03 4.068638663738965988e-03 4.150087945163249969e-03 4.150924738496541977e-03 4.248209763318300247e-03 4.572888836264610291e-03 3.369376435875892639e-02 2.100142836570739746e-02 1.922991871833801270e-02 2.227903716266155243e-02 2.646433562040328979e-02
8.400000000000000000e+01 8.503401360544217136e-01 1.211203560233116150e-01 3.347993828356266022e-03 5.491802003234624863e-03 6.364725530147552490e-03 6.277903448790311813e-03 7.084578741341829300e-03 1.003199163824319839e-02 5.782147403806447983e-03 5.876083858311176300e-03 6.373321171849966049e-03 6.512541323900222778e-03 7.269588764756917953e-03 4.789066500961780548e-03 4.651394207030534744e-03 4.802439361810684204e-03 4.862929228693246841e-03 4.996359813958406448e-03 4.335624165832996368e-03 4.362339619547128677e-03 4.252049606293439865e-03 4.377039615064859390e-03 4.481679759919643402e-03 3.868298605084419250e-03 3.948338795453310013e-03 3.942436072975397110e-03 4.039030987769365311e-03 4.350600298494100571e-03 3.344800323247909546e-02 2.090830355882644653e-02 1.912833377718925476e-02 2.217895165085792542e-02 2.641146816313266754e-02
8.500000000000000000e+01 8.304498269896193330e-01 1.191460117697715759e-01 3.163117915391921997e-03 5.324919708073139191e-03 6.185644306242465973e-03 6.096438970416784286e-03 6.841853726655244827e-03 9.824580512940883636e-03 5.544270854443311691e-03 5.633936729282140732e-03 6.105555221438407898e-03 6.210145540535449982e-03 6.967402063310146332e-03 4.533130209892988205e-03 4.408301785588264465e-03 4.553475417196750641e-03 4.603756126016378403e-03 4.746431484818458557e-03 4.112855996936559677e-03 4.138164687901735306e-03 4.033310338854789734e-03 4.151689819991588593e-03 4.258887842297554016e-03 3.677132539451122284e-03 3.755382960662245750e-03 3.743509296327829361e-03 3.838530741631984711e-03 4.137482494115829468e-03 3.320791199803352356e-02 2.081630378961563110e-02 1.902780123054981232e-02 2.207990176975727081e-02 2.635919675230979919e-02
8.600000000000000000e+01 8.112493239588967064e-01 1.172279864549636841e-01 2.987606450915336609e-03 5.160746630281209946e-03 6.009104195982217789e-03 5.917943548411130905e-03 6.607051473110914230e-03 9.615765884518623352e-03 5.311977118253707886e-03 5.397340282797813416e-03 5.843426566570997238e-03 5.919226910918951035e-03 6.670592352747917175e-03 4.289200995117425919e-03 4.175882320851087570e-03 4.316606093198060989e-03 4.357844591140747070e-03 4.508042708039283752e-03 3.901676042005419731e-03 3.925567027181386948e-03 3.824730636551976204e-03 3.936898428946733475e-03 4.045145586133003235e-03 3.494649194180965424e-03 3.570904489606618881e-03 3.553475718945264816e-03 3.646275494247674942e-03 3.933235537260770798e-03 3.297329694032669067e-02 2.072544209659099579e-02 1.892831735312938690e-02 2.198183909058570862e-02 2.630746364593505859e-02
8.700000000000000000e+01 7.927070947284978741e-01 1.153639778494834900e-01 2.821253379806876183e-03 5.000534933060407639e-03 5.834818817675113678e-03 5.742589943110942841e-03 6.380005739629268646e-03 9.403984062373638153e-03 5.085705779492855072e-03 5.166382063180208206e-03 5.587357096374034882e-03 5.639814771711826324e-03 6.379172671586275101e-03 4.056917503476142883e-03 3.953896462917327881e-03 4.091119859367609024e-03 4.124563653022050858e-03 4.280430730432271957e-03 3.701311768963932991e-03 3.723640926182270050e-03 3.625714685767889023e-03 3.732226090505719185e-03 3.840249497443437576e-03 3.320564050227403641e-03 3.394372761249542236e-03 3.371922299265861511e-03 3.461903193965554237e-03 3.737518331035971642e-03 3.274392336606979370e-02 2.063564956188201904e-02 1.882983744144439697e-02 2.188475057482719421e-02 2.625630050897598267e-02
8.800000000000000000e+01 7.747933884297520946e-01 1.135518625378608704e-01 2.663754858076572418e-03 4.843537230044603348e-03 5.662946961820125580e-03 5.570095963776111603e-03 6.160593591630458832e-03 9.188531897962093353e-03 4.865102469921112061e-03 4.941395018249750137e-03 5.337807815521955490e-03 5.371632054448127747e-03 6.093268282711505890e-03 3.835771931335330009e-03 3.742032917216420174e-03 3.876499133184552193e-03 3.903327509760856628e-03 4.062874708324670792e-03 3.510841866955161095e-03 3.531849011778831482e-03 3.435824997723102570e-03 3.537140553817152977e-03 3.643933916464447975e-03 3.154223319143056870e-03 3.225298132747411728e-03 3.198551712557673454e-03 3.285244572907686234e-03 3.550017485395073891e-03 3.251959756016731262e-02 2.054693922400474548e-02 1.873237825930118561e-02 2.178861945867538452e-02 2.620567008852958679e-02
8.900000000000000000e+01 7.574801161469510991e-01 1.117897257208824158e-01 2.514826832339167595e-03 4.689162597060203552e-03 5.493348464369773865e-03 5.400630645453929901e-03 5.949028301984071732e-03 8.969230577349662781e-03 4.650460090488195419e-03 4.722481593489646912e-03 5.095180124044418335e-03 5.114054773002862930e-03 5.813114810734987259e-03 3.625391749665141106e-03 3.539684461429715157e-03 3.672204911708831787e-03 3.693498205393552780e-03 3.854818176478147507e-03 3.329844679683446884e-03 3.349512349814176559e-03 3.254629438742995262e-03 3.351040417328476906e-03 3.455986268818378448e-03 2.995155518874526024e-03 3.063439857214689255e-03 3.032888052985072136e-03 3.116054926067590714e-03 3.370418213307857513e-03 3.230016306042671204e-02 2.045924030244350433e-02 1.863589324057102203e-02 2.169344574213027954e-02 2.615557238459587097e-02
9.000000000000000000e+01 7.407407407407406996e-01 1.100754365324974060e-01 2.374141709879040718e-03 4.538656212389469147e-03 5.326041020452976227e-03 5.234402604401111603e-03 5.745120346546173096e-03 8.746237494051456451e-03 4.441959317773580551e-03 4.509681835770606995e-03 4.859565291553735733e-03 4.866940435022115707e-03 5.539003293961286545e-03 3.425300121307373047e-03 3.346768207848072052e-03 3.477761521935462952e-03 3.494389588013291359e-03 3.655687673017382622e-03 3.157809376716613770e-03 3.175912890583276749e-03 3.081691451370716095e-03 3.173579229041934013e-03 3.276162082329392433e-03 2.843165537342429161e-03 2.908462658524513245e-03 2.874538302421569824e-03 2.953971968963742256e-03 3.198375459760427475e-03 3.208537399768829346e-02 2.037258259952068329e-02 1.854036003351211548e-02 2.159918472170829773e-02 2.610598132014274597e-02
9.100000000000000000e+01 7.245501750996256041e-01 1.084071919322013855e-01 2.241340931504964828e-03 4.391544498503208160e-03 5.160997156053781509e-03 5.071189720183610916e-03 5.548613145947456360e-03 8.519876748323440552e-03 4.239636939018964767e-03 4.303136840462684631e-03 4.631392657756805420e-03 4.630004521459341049e-03 5.271280184388160706e-03 3.235178068280220032e-03 3.162814769893884659e-03 3.292558481916785240e-03 3.305552294477820396e-03 3.465041983872652054e-03 2.993968548253178596e-03 3.010681597515940666e-03 2.916774945333600044e-03 3.004461759701371193e-03 3.104196628555655479e-03 2.697974909096956253e-03 2.760025672614574432e-03 2.723399549722671509e-03 2.798827597871422768e-03 3.033567918464541435e-03 3.187511488795280457e-02 2.028689533472061157e-02 1.844581402838230133e-02 2.150584757328033447e-02 2.605690620839595795e-02
9.200000000000000000e+01 7.088846880907372361e-01 1.067833229899406433e-01 2.116070594638586044e-03 4.247080069035291672e-03 4.998078104108572006e-03 4.911140073090791702e-03 5.359553266316652298e-03 8.290452882647514343e-03 4.043625202029943466e-03 4.103029146790504456e-03 4.410772584378719330e-03 4.402770195156335831e-03 5.010358523577451706e-03 3.054687986150383949e-03 2.987339859828352928e-03 3.116263076663017273e-03 3.126354655250906944e-03 3.282448509708046913e-03 2.838087733834981918e-03 2.853320213034749031e-03 2.759522991254925728e-03 2.843238413333892822e-03 2.939844736829400063e-03 2.559111919254064560e-03 2.617942867800593376e-03 2.579123014584183693e-03 2.650436246767640114e-03 2.875700825825333595e-03 3.166919946670532227e-02 2.020217105746269226e-02 1.835218258202075958e-02 2.141340635716915131e-02 2.600830234587192535e-02
9.300000000000000000e+01 6.937218175511620233e-01 1.052020788192749023e-01 1.997939310967922211e-03 4.106273874640464783e-03 4.837533924728631973e-03 4.754264373332262039e-03 5.177928134799003601e-03 8.058320730924606323e-03 3.853934817016124725e-03 3.909327089786529541e-03 4.197721835225820541e-03 4.184988792985677719e-03 4.756608977913856506e-03 2.883214736357331276e-03 2.820253837853670120e-03 2.948346547782421112e-03 2.956269308924674988e-03 3.107521682977676392e-03 2.689765300601720810e-03 2.703318838030099869e-03 2.609548857435584068e-03 2.689620014280080795e-03 2.782854717224836349e-03 2.426378428936004639e-03 2.482027048245072365e-03 2.441334072500467300e-03 2.508539939299225807e-03 2.724532736465334892e-03 3.146743774414062500e-02 2.011840604245662689e-02 1.825949549674987793e-02 2.132183127105236053e-02 2.596017904579639435e-02
9.400000000000000000e+01 6.790402897238569935e-01 1.036618724465370178e-01 1.886611338704824448e-03 3.968906588852405548e-03 4.679461941123008728e-03 4.600664135068655014e-03 5.003352649509906769e-03 7.823812775313854218e-03 3.670509904623031616e-03 3.721958259120583534e-03 3.992321435362100601e-03 3.976334817707538605e-03 4.510341212153434753e-03 2.720501273870468140e-03 2.661115489900112152e-03 2.788360696285963058e-03 2.794774249196052551e-03 2.939977915957570076e-03 2.548455726355314255e-03 2.560392254963517189e-03 2.466656034812331200e-03 2.543418202549219131e-03 2.632939023897051811e-03 2.299661282449960709e-03 2.351965289562940598e-03 2.309942618012428284e-03 2.372924005612730980e-03 2.579814055934548378e-03 3.126976266503334045e-02 2.003556489944458008e-02 1.816769689321517944e-02 2.123113162815570831e-02 2.591254562139511108e-02
9.500000000000000000e+01 6.648199445983379308e-01 1.021612137556076050e-01 1.781734405085444450e-03 3.834469476714730263e-03 4.523904062807559967e-03 4.450326785445213318e-03 4.835688974708318710e-03 7.587183266878128052e-03 3.493523458018898964e-03 3.541080746799707413e-03 3.794602351263165474e-03 3.776435274630784988e-03 4.271888174116611481e-03 2.566377865150570869e-03 2.509546931833028793e-03 2.636009361594915390e-03 2.641429658979177475e-03 2.779514063149690628e-03 2.413903130218386650e-03 2.424238016828894615e-03 2.330651739612221718e-03 2.404265105724334717e-03 2.489869948476552963e-03 2.178598893806338310e-03 2.227646531537175179e-03 2.184708369895815849e-03 2.243456663563847542e-03 2.441309858113527298e-03 3.107599541544914246e-02 1.995361596345901489e-02 1.807679235935211182e-02 2.114127390086650848e-02 2.586538903415203094e-02
9.600000000000000000e+01 6.510416666666666297e-01 1.006986647844314575e-01 1.682957517914474010e-03 3.703311085700988770e-03 4.371039103716611862e-03 4.303282126784324646e-03 4.674891941249370575e-03 7.348684128373861313e-03 3.322758711874485016e-03 3.366534365341067314e-03 3.604423254728317261e-03 3.584869205951690674e-03 4.041547421365976334e-03 2.420176751911640167e-03 2.365411259233951569e-03 2.490841317921876907e-03 2.495737047865986824e-03 2.625907538458704948e-03 2.285891678184270859e-03 2.294481033459305763e-03 2.201199531555175781e-03 2.271888311952352524e-03 2.353363903239369392e-03 2.063004998490214348e-03 2.108943415805697441e-03 2.065291861072182655e-03 2.119901822879910469e-03 2.308829454705119133e-03 3.088594973087310791e-02 1.987256109714508057e-02 1.798674650490283966e-02 2.105225622653961182e-02 2.581867575645446777e-02
9.700000000000000000e+01 6.376873206504410918e-01 9.927283972501754761e-02 1.589972060173749924e-03 3.575732233002781868e-03 4.221207927912473679e-03 4.159766249358654022e-03 4.520555026829242706e-03 7.108640391379594803e-03 3.158156294375658035e-03 3.198326099663972855e-03 3.421679837629199028e-03 3.401477588340640068e-03 3.819634206593036652e-03 2.281493507325649261e-03 2.228431403636932373e-03 2.352604409679770470e-03 2.357280114665627480e-03 2.478947397321462631e-03 2.164012053981423378e-03 2.170887310057878494e-03 2.078111981973052025e-03 2.146103885024785995e-03 2.223212970420718193e-03 1.952830003574490547e-03 1.995650352910161018e-03 1.951606594957411289e-03 2.002068562433123589e-03 2.182222437113523483e-03 3.069955669343471527e-02 1.979235000908374786e-02 1.789757050573825836e-02 2.096407487988471985e-02 2.577242068946361542e-02
9.800000000000000000e+01 6.247396917950853723e-01 9.788245707750320435e-02 1.502439961768686771e-03 3.451241180300712585e-03 4.074464086443185806e-03 4.019543528556823730e-03 4.372395575046539307e-03 6.867398507893085480e-03 2.999787917360663414e-03 3.036364680156111717e-03 3.246356267482042313e-03 3.225872060284018517e-03 3.606328740715980530e-03 2.150334650650620461e-03 2.098165685310959816e-03 2.220906084403395653e-03 2.225746167823672295e-03 2.338438061997294426e-03 2.047989284619688988e-03 2.053271979093551636e-03 1.961249392479658127e-03 2.026580506935715675e-03 2.099146833643317223e-03 1.847781823016703129e-03 1.887604128569364548e-03 1.843471080064773560e-03 1.889870851300656796e-03 2.061379142105579376e-03 3.051670454442501068e-02 1.971298642456531525e-02 1.780923828482627869e-02 2.087670192122459412e-02 2.572659403085708618e-02
9.900000000000000000e+01 6.121824303642485754e-01 9.652619808912277222e-02 1.420029788278043270e-03 3.329806262627243996e-03 3.931073471903800964e-03 3.882746677845716476e-03 4.230234771966934204e-03 6.625289563089609146e-03 2.847604220733046532e-03 2.880489220842719078e-03 3.078281646594405174e-03 3.057838883250951767e-03 3.401766298338770866e-03 2.026187488809227943e-03 1.974434824660420418e-03 2.095450414344668388e-03 2.100734272971749306e-03 2.204201417043805122e-03 1.937748515047132969e-03 1.941346679814159870e-03 1.850242028012871742e-03 1.913111074827611446e-03 1.980986911803483963e-03 1.747669186443090439e-03 1.784709282219409943e-03 1.740661682561039925e-03 1.783119398169219494e-03 1.946167903952300549e-03 3.033721446990966797e-02 1.963447220623493195e-02 1.772174239158630371e-02 2.079011499881744385e-02 2.568118646740913391e-02
1.000000000000000000e+02 5.999999999999999778e-01 9.520293027162551880e-02 1.342450850643217564e-03 3.211983945220708847e-03 3.791148308664560318e-03 3.749441588297486305e-03 4.093647468835115433e-03 6.382757797837257385e-03 2.701265504583716393e-03 2.730717882513999939e-03 2.917138859629631042e-03 2.896971302106976509e-03 3.206103807315230370e-03 1.908487989567220211e-03 1.857122988440096378e-03 1.976066967472434044e-03 1.981958048418164253e-03 2.076142700389027596e-03 1.832962036132812500e-03 1.834907918237149715e-03 1.744913752190768719e-03 1.805502572096884251e-03 1.868572901003062725e-03 1.652435516007244587e-03 1.686816685833036900e-03 1.643000985495746136e-03 1.681640394963324070e-03 1.836482435464859009e-03 3.016102500259876251e-02 1.955675892531871796e-02 1.763506047427654266e-02 2.070434577763080597e-02 2.563622780144214630e-02
1.010000000000000000e+02 5.881776296441525442e-01 9.391152113676071167e-02 1.269426429644227028e-03 3.097281791269779205e-03 3.654866013675928116e-03 3.619587514549493790e-03 3.962317947298288345e-03 6.140215788036584854e-03 2.560843480750918388e-03 2.586868824437260628e-03 2.762893447652459145e-03 2.743094926699995995e-03 3.019375493749976158e-03 1.797237084247171879e-03 1.745785353705286980e-03 1.862497418187558651e-03 1.869099680334329605e-03 1.954082865267992020e-03 1.733358600176870823e-03 1.733840908855199814e-03 1.645140000618994236e-03 1.703475601971149445e-03 1.761687570251524448e-03 1.561950426548719406e-03 1.593772671185433865e-03 1.550373737700283527e-03 1.585316611453890800e-03 1.732261385768651962e-03 2.998802065849304199e-02 1.947982050478458405e-02 1.754918880760669708e-02 2.061933092772960663e-02 2.559168450534343719e-02
1.020000000000000000e+02 5.767012687427912621e-01 9.265074878931045532e-02 1.200705766677856445e-03 2.985611557960510254e-03 3.522481070831418037e-03 3.493109252303838730e-03 3.835878567770123482e-03 5.898150615394115448e-03 2.426237566396594048e-03 2.448775805532932281e-03 2.615424338728189468e-03 2.596041653305292130e-03 2.841582056134939194e-03 1.692161895334720612e-03 1.640271046198904514e-03 1.754414057359099388e-03 1.761916209943592548e-03 1.837873016484081745e-03 1.638847519643604755e-03 1.637917244806885719e-03 1.550676999613642693e-03 1.606809557415544987e-03 1.660198089666664600e-03 1.475967816077172756e-03 1.505439286120235920e-03 1.462640822865068913e-03 1.494050608016550541e-03 1.633438514545559883e-03 2.981806173920631409e-02 1.940367743372917175e-02 1.746409572660923004e-02 2.053507603704929352e-02 2.554753236472606659e-02
1.030000000000000000e+02 5.655575454802526103e-01 9.141986072063446045e-02 1.136013772338628769e-03 2.877440303564071655e-03 3.394108498468995094e-03 3.370164427906274796e-03 3.713892307132482529e-03 5.657147616147994995e-03 2.297174418345093727e-03 2.316462574526667595e-03 2.474436070770025253e-03 2.455472014844417572e-03 2.672664588317275047e-03 1.592706423252820969e-03 1.540382159873843193e-03 1.651674276217818260e-03 1.660131616517901421e-03 1.727434224449098110e-03 1.549232285469770432e-03 1.546914922073483467e-03 1.461277599446475506e-03 1.515312585979700089e-03 1.563976984471082687e-03 1.394433435052633286e-03 1.421721070073544979e-03 1.379581284709274769e-03 1.407699775882065296e-03 1.539941295050084591e-03 2.965113334357738495e-02 1.932829804718494415e-02 1.737980730831623077e-02 2.045156992971897125e-02 2.550377696752548218e-02
1.040000000000000000e+02 5.547337278106508895e-01 9.021759033203125000e-02 1.075137988664209843e-03 2.772315172478556633e-03 3.269961336627602577e-03 3.250699723139405251e-03 3.595998045057058334e-03 5.417756736278533936e-03 2.173665910959243774e-03 2.189763123169541359e-03 2.339725149795413017e-03 2.321232110261917114e-03 2.512497827410697937e-03 1.498716766946017742e-03 1.445897389203310013e-03 1.554153976030647755e-03 1.563533558510243893e-03 1.622618292458355427e-03 1.464246422983705997e-03 1.460739062167704105e-03 1.376831089146435261e-03 1.428758841939270496e-03 1.472892006859183311e-03 1.317258807830512524e-03 1.342480420134961605e-03 1.301073469221591949e-03 1.326106255874037743e-03 1.451681018806993961e-03 2.948707528412342072e-02 1.925365440547466278e-02 1.729627884924411774e-02 2.036879397928714752e-02 2.546043321490287781e-02
1.050000000000000000e+02 5.442176870748299811e-01 8.904311060905456543e-02 1.017880043946206570e-03 2.670277375727891922e-03 3.150118514895439148e-03 3.134711179882287979e-03 3.481876105070114136e-03 5.180622916668653488e-03 2.055477583780884743e-03 2.068464178591966629e-03 2.211312064900994301e-03 2.193108201026916504e-03 2.360902493819594383e-03 1.410103868693113327e-03 1.356549561023712158e-03 1.461575273424386978e-03 1.471936935558915138e-03 1.523297280073165894e-03 1.383815892040729523e-03 1.379233552142977715e-03 1.297108596190810204e-03 1.346924342215061188e-03 1.386849093250930309e-03 1.244217623025178909e-03 1.267536194063723087e-03 1.227019354701042175e-03 1.249214634299278259e-03 1.368592027574777603e-03 2.932580932974815369e-02 1.917975954711437225e-02 1.721349917352199554e-02 2.028675936162471771e-02 2.541746385395526886e-02
1.060000000000000000e+02 5.339978640085439876e-01 8.789550513029098511e-02 9.640544303692877293e-04 2.571603981778025627e-03 3.034705528989434242e-03 3.022155724465847015e-03 3.371111815795302391e-03 4.946372471749782562e-03 1.942502916790544987e-03 1.952500431798398495e-03 2.088873647153377533e-03 2.070904010906815529e-03 2.217623405158519745e-03 1.326422789134085178e-03 1.272176625207066536e-03 1.373803010210394859e-03 1.385105773806571960e-03 1.429340452887117863e-03 1.307682483457028866e-03 1.302217831835150719e-03 1.221887534484267235e-03 1.269650529138743877e-03 1.305684098042547703e-03 1.175227342173457146e-03 1.196836121380329132e-03 1.157203689217567444e-03 1.176846912130713463e-03 1.290560117922723293e-03 2.916725352406501770e-02 1.910655573010444641e-02 1.713147573173046112e-02 2.020541951060295105e-02 2.537489309906959534e-02
1.070000000000000000e+02 5.240632369639269816e-01 8.677391707897186279e-02 9.135173168033361435e-04 2.476013731211423874e-03 2.923840889707207680e-03 2.913095755502581596e-03 3.263266757130622864e-03 4.715632181614637375e-03 1.834560069255530834e-03 1.841767807491123676e-03 1.972108613699674606e-03 1.954440027475357056e-03 2.082358347252011299e-03 1.247468870133161545e-03 1.192568568512797356e-03 1.290781539864838123e-03 1.302861608564853668e-03 1.340630115009844303e-03 1.235735020600259304e-03 1.229576999321579933e-03 1.151060918346047401e-03 1.196782453916966915e-03 1.229322981089353561e-03 1.110192504711449146e-03 1.130255288444459438e-03 1.091533573344349861e-03 1.108889700844883919e-03 1.217474811710417271e-03 2.901132218539714813e-02 1.903407089412212372e-02 1.705017499625682831e-02 2.012480236589908600e-02 2.533266879618167877e-02
1.080000000000000000e+02 5.144032921810699488e-01 8.567740023136138916e-02 8.660795283503830433e-04 2.383499406278133392e-03 2.817515283823013306e-03 2.807411365211009979e-03 3.158014966174960136e-03 4.489113111048936844e-03 1.731637166813015938e-03 1.736095291562378407e-03 1.861053402535617352e-03 1.843561185523867607e-03 1.954823732376098633e-03 1.173058524727821350e-03 1.117583247832953930e-03 1.212231814861297607e-03 1.225058687850832939e-03 1.257025171071290970e-03 1.167843933217227459e-03 1.161124906502664089e-03 1.084448769688606262e-03 1.128084957599639893e-03 1.157627324573695660e-03 1.049005892127752304e-03 1.067579141817986965e-03 1.029908191412687302e-03 1.045219367370009422e-03 1.149191171862185001e-03 2.885792590677738190e-02 1.896227709949016571e-02 1.696959882974624634e-02 2.004486508667469025e-02 2.529083751142024994e-02
1.090000000000000000e+02 5.050079959599360624e-01 8.460526913404464722e-02 8.216723217628896236e-04 2.294094534590840340e-03 2.715743845328688622e-03 2.705113729462027550e-03 3.054929664358496666e-03 4.267404787242412567e-03 1.633530016988515854e-03 1.635296735912561417e-03 1.755416626110672951e-03 1.738091814331710339e-03 1.834694994613528252e-03 1.103028422221541405e-03 1.046969788148999214e-03 1.138060819357633591e-03 1.151537988334894180e-03 1.178375794552266598e-03 1.103848102502524853e-03 1.096731284633278847e-03 1.021828968077898026e-03 1.063481438905000687e-03 1.090471050702035427e-03 9.914448019117116928e-04 1.008739927783608437e-03 9.721010574139654636e-04 9.856830583885312080e-04 1.085564959794282913e-03 2.870702184736728668e-02 1.889115758240222931e-02 1.688972860574722290e-02 1.996560581028461456e-02 2.524933032691478729e-02
1.100000000000000000e+02 4.958677685950413361e-01 8.355665951967239380e-02 7.801408064551651478e-04 2.207670826464891434e-03 2.618599683046340942e-03 2.606198657304048538e-03 2.953656017780303955e-03 4.051145166158676147e-03 1.540045370347797871e-03 1.539350720122456551e-03 1.654925872571766376e-03 1.637844368815422058e-03 1.721624401398003101e-03 1.037125708535313606e-03 9.805711451917886734e-04 1.068159122951328754e-03 1.082151429727673531e-03 1.104511437006294727e-03 1.043591997586190701e-03 1.036250730976462364e-03 9.631235734559595585e-04 1.002800534479320049e-03 1.027732621878385544e-03 9.374381625093519688e-04 9.535795543342828751e-04 9.180023916997015476e-04 9.301384561695158482e-04 1.026397803798317909e-03 2.855852432548999786e-02 1.882069557905197144e-02 1.681057550013065338e-02 1.988702081143856049e-02 2.520820870995521545e-02
1.110000000000000000e+02 4.869734599464329294e-01 8.253094553947448730e-02 7.413779967464506626e-04 2.124246442690491676e-03 2.526037860661745071e-03 2.510596066713333130e-03 2.853967249393463135e-03 3.840891644358634949e-03 1.451126183383166790e-03 1.448058173991739750e-03 1.559498603455722332e-03 1.542654470540583134e-03 1.615212648175656796e-03 9.751763427630066872e-04 9.182706126011908054e-04 1.002312754280865192e-03 1.016768394038081169e-03 1.035296940244734287e-03 9.869688656181097031e-04 9.795550722628831863e-04 9.081236203201115131e-04 9.458804270252585411e-04 9.692754829302430153e-04 8.869034936651587486e-04 9.019582066684961319e-04 8.674751152284443378e-04 8.784098899923264980e-04 9.714910993352532387e-04 2.841234020888805389e-02 1.875087991356849670e-02 1.673211902379989624e-02 1.980910636484622955e-02 2.516739815473556519e-02
1.120000000000000000e+02 4.783163265306122347e-01 8.152736723423004150e-02 7.052764995023608208e-04 2.043818356469273567e-03 2.438021358102560043e-03 2.418198855593800545e-03 2.755636116489768028e-03 3.637205343693494797e-03 1.366595271974802017e-03 1.361329690553247929e-03 1.469077775254845619e-03 1.452442491427063942e-03 1.515129348263144493e-03 9.170355042442679405e-04 8.597869309596717358e-04 9.404128650203347206e-04 9.552183910273015499e-04 9.705453412607312202e-04 9.338610107079148293e-04 9.264927939511835575e-04 8.566991309635341167e-04 8.926337468437850475e-04 9.149271063506603241e-04 8.396435878239572048e-04 8.537466637790203094e-04 8.203586912713944912e-04 8.303523645736277103e-04 9.206519462168216705e-04 2.826843783259391785e-02 1.868172921240329742e-02 1.665432192385196686e-02 1.973182149231433868e-02 2.512695640325546265e-02
1.130000000000000000e+02 4.698880100242775470e-01 8.054525405168533325e-02 6.717477808706462383e-04 1.966251293197274208e-03 2.354512223973870277e-03 2.328972099348902702e-03 2.658492885529994965e-03 3.440633649006485939e-03 1.286262413486838341e-03 1.279040006920695305e-03 1.383322291076183319e-03 1.366960234008729458e-03 1.421037828549742699e-03 8.625618065707385540e-04 8.050756878219544888e-04 8.823855896480381489e-04 8.973610238172113895e-04 9.100831812247633934e-04 8.841180242598056793e-04 8.769264095462858677e-04 8.087226306088268757e-04 8.428904693573713303e-04 8.645292837172746658e-04 7.955486653372645378e-04 8.088061586022377014e-04 7.765079499222338200e-04 7.857878808863461018e-04 8.736454765312373638e-04 2.812672406435012817e-02 1.861319318413734436e-02 1.657721400260925293e-02 1.965521089732646942e-02 2.508684992790222168e-02
1.140000000000000000e+02 4.616805170821791093e-01 7.958395034074783325e-02 6.406918400898575783e-04 1.891554798930883408e-03 2.275473671033978462e-03 2.242984250187873840e-03 2.562492154538631439e-03 3.251535119488835335e-03 1.210124231874942780e-03 1.201027771458029747e-03 1.302048098295927048e-03 1.286095706745982170e-03 1.332538900896906853e-03 8.115574019029736519e-04 7.539920043200254440e-04 8.279641042463481426e-04 8.430637535639107227e-04 8.537452667951583862e-04 8.376344339922070503e-04 8.307348471134901047e-04 7.640308467671275139e-04 7.964993710629642010e-04 8.179061114788055420e-04 7.545016123913228512e-04 7.669980404898524284e-04 7.358096772804856300e-04 7.445727242156863213e-04 8.302418864332139492e-04 2.798713929951190948e-02 1.854527555406093597e-02 1.650075055658817291e-02 1.957922056317329407e-02 2.504706941545009613e-02
1.150000000000000000e+02 4.536862003780718355e-01 7.864277809858322144e-02 6.119930185377597809e-04 1.819825032725930214e-03 2.200742252171039581e-03 2.160097239539027214e-03 2.467656740918755531e-03 3.070266684517264366e-03 1.137981773354113102e-03 1.127189607359468937e-03 1.225247164256870747e-03 1.209651585668325424e-03 1.249341876246035099e-03 7.638774113729596138e-04 7.062517688609659672e-04 7.771199452690780163e-04 7.922140648588538170e-04 8.013610495254397392e-04 7.943143718875944614e-04 7.877342868596315384e-04 7.225291337817907333e-04 7.533553871326148510e-04 7.748528732918202877e-04 7.163748377934098244e-04 7.281944272108376026e-04 6.980903563089668751e-04 7.065150421112775803e-04 7.902255747467279434e-04 2.784963324666023254e-02 1.847795210778713226e-02 1.642494276165962219e-02 1.950385794043540955e-02 2.500761672854423523e-02
1.160000000000000000e+02 4.458977407847800056e-01 7.772123813629150391e-02 5.855674389749765396e-04 1.750768162310123444e-03 2.130142180249094963e-03 2.080236328765749931e-03 2.374000381678342819e-03 2.897023223340511322e-03 1.069689169526100159e-03 1.057366374880075455e-03 1.152703538537025452e-03 1.137501443736255169e-03 1.171118812635540962e-03 7.193491910584270954e-04 6.618055631406605244e-04 7.296911790035665035e-04 7.446598028764128685e-04 7.527383859269320965e-04 7.539997459389269352e-04 7.477962062694132328e-04 6.840288406237959862e-04 7.133362814784049988e-04 7.352036191150546074e-04 6.809930200688540936e-04 6.922479951754212379e-04 6.632190197706222534e-04 6.714506889693439007e-04 7.533484604209661484e-04 2.771414071321487427e-02 1.841123402118682861e-02 1.634979061782360077e-02 1.942912116646766663e-02 2.496844902634620667e-02
1.170000000000000000e+02 4.383081306158229107e-01 7.681868970394134521e-02 5.613057292066514492e-04 1.684415386989712715e-03 2.063598483800888062e-03 2.003444824367761612e-03 2.281734254211187363e-03 2.731933258473873138e-03 1.005108351819217205e-03 9.914231486618518829e-04 1.084178104065358639e-03 1.069469377398490906e-03 1.097611035220324993e-03 6.779007962904870510e-04 6.205516983754932880e-04 6.854527164250612259e-04 7.002528873272240162e-04 7.077103364281356335e-04 7.165935821831226349e-04 7.108156569302082062e-04 6.484409677796065807e-04 6.762972916476428509e-04 6.987400120124220848e-04 6.482767057605087757e-04 6.590093835256993771e-04 6.310400785878300667e-04 6.391956703737378120e-04 7.194053614512085915e-04 2.758063003420829773e-02 1.834510453045368195e-02 1.627526246011257172e-02 1.935497671365737915e-02 2.492963336408138275e-02
1.180000000000000000e+02 4.309106578569376622e-01 7.593454420566558838e-02 5.390924634411931038e-04 1.620861352421343327e-03 2.000793814659118652e-03 1.929526566527783871e-03 2.191034611314535141e-03 2.575024263933300972e-03 9.441616130061447620e-04 9.292800095863640308e-04 1.019553164951503277e-03 1.005354803055524826e-03 1.028565340675413609e-03 6.393401417881250381e-04 5.822235834784805775e-04 6.443670717999339104e-04 6.589074619114398956e-04 6.660984363406896591e-04 6.819763802923262119e-04 6.766241858713328838e-04 6.155982264317572117e-04 6.421108846552670002e-04 6.652827723883092403e-04 6.180900963954627514e-04 6.283647380769252777e-04 6.014310638420283794e-04 6.096040597185492516e-04 6.881416193209588528e-04 2.744901180267333984e-02 1.827953197062015533e-02 1.620136387646198273e-02 1.928143762052059174e-02 2.489111572504043579e-02
1.190000000000000000e+02 4.236988913212343943e-01 7.506833225488662720e-02 5.188217619433999062e-04 1.559844706207513809e-03 1.941487309522926807e-03 1.858545001596212387e-03 2.102165482938289642e-03 2.426268532872200012e-03 8.866704301908612251e-04 8.707743836566805840e-04 9.587062522768974304e-04 9.450085926800966263e-04 9.637649636715650558e-04 6.035406258888542652e-04 5.467708688229322433e-04 6.062526372261345387e-04 6.204586825333535671e-04 6.277275388129055500e-04 6.499972660094499588e-04 6.450595683418214321e-04 5.853896727785468102e-04 6.106533110141754150e-04 6.346058798953890800e-04 5.902297561988234520e-04 6.001497386023402214e-04 5.742272478528320789e-04 5.824989639222621918e-04 6.593697471544146538e-04 2.731926180422306061e-02 1.821454800665378571e-02 1.612809114158153534e-02 1.920847781002521515e-02 2.485289797186851501e-02
1.200000000000000000e+02 4.166666666666666852e-01 7.421953976154327393e-02 5.003909463994204998e-04 1.501329708844423294e-03 1.885444158688187599e-03 1.790399430319666862e-03 2.015458885580301285e-03 2.285530557855963707e-03 8.324817172251641750e-04 8.157190168276429176e-04 9.014512179419398308e-04 8.882826077751815319e-04 9.029860957525670528e-04 5.704014329239726067e-04 5.140597932040691376e-04 5.709894467145204544e-04 5.847889115102589130e-04 5.924393190070986748e-04 6.205643876455724239e-04 6.160547491163015366e-04 5.576824187301099300e-04 5.817575729452073574e-04 6.065387278795242310e-04 5.646731588058173656e-04 5.742698558606207371e-04 5.492928321473300457e-04 5.576958064921200275e-04 6.328940507955849171e-04 2.719131484627723694e-02 1.815008930861949921e-02 1.605540700256824493e-02 1.913610473275184631e-02 2.481498010456562042e-02
1.210000000000000000e+02 4.098080732190423903e-01 7.338762283325195312e-02 4.837295564357191324e-04 1.445347093977034092e-03 1.832311274483799934e-03 1.724894158542156219e-03 1.931192353367805481e-03 2.152614528313279152e-03 7.815354038029909134e-04 7.640404510311782360e-04 8.476172224618494511e-04 8.349951822310686111e-04 8.460800745524466038e-04 5.398239009082317352e-04 4.839204193558543921e-04 5.384328542277216911e-04 5.517943645827472210e-04 5.600618897005915642e-04 5.935774534009397030e-04 5.894253263249993324e-04 5.323248915374279022e-04 5.553368246182799339e-04 5.808856221847236156e-04 5.412286845967173576e-04 5.505431909114122391e-04 5.265336949378252029e-04 5.350503488443791866e-04 6.085149943828582764e-04 2.706511691212654114e-02 1.808620430529117584e-02 1.598333194851875305e-02 1.906431093811988831e-02 2.477736398577690125e-02
1.220000000000000000e+02 4.031174415479709672e-01 7.257211208343505859e-02 4.686936445068567991e-04 1.391734927892684937e-03 1.781861763447523117e-03 1.661991467699408531e-03 1.849714550189673901e-03 2.027306705713272095e-03 7.336710696108639240e-04 7.156571373343467712e-04 7.971409941092133522e-04 7.849871763028204441e-04 7.928713457658886909e-04 5.116428364999592304e-04 4.562488466035574675e-04 5.084772710688412189e-04 5.213262629695236683e-04 5.304408259689807892e-04 5.688529345206916332e-04 5.650523235090076923e-04 5.092078354209661484e-04 5.312306457199156284e-04 5.574618699029088020e-04 5.197757272981107235e-04 5.288453539833426476e-04 5.057624657638370991e-04 5.144279566593468189e-04 5.860578385181725025e-04 2.694065496325492859e-02 1.802284270524978638e-02 1.591182872653007507e-02 1.899307221174240112e-02 2.474003657698631287e-02
1.230000000000000000e+02 3.965893317469760260e-01 7.177259773015975952e-02 4.551802994683384895e-04 1.340444432571530342e-03 1.733780838549137115e-03 1.601689029484987259e-03 1.771305454894900322e-03 1.909309648908674717e-03 6.887577474117279053e-04 6.703478284180164337e-04 7.498090853914618492e-04 7.381013710983097553e-04 7.431932026520371437e-04 4.857316671404987574e-04 4.309149226173758507e-04 4.809170786757022142e-04 4.932475858367979527e-04 5.033909110352396965e-04 5.462976987473666668e-04 5.428101285360753536e-04 4.881951608695089817e-04 5.092906649224460125e-04 5.360801005735993385e-04 5.001919344067573547e-04 5.090854247100651264e-04 4.868516116403043270e-04 4.956455086357891560e-04 5.653717089444398880e-04 2.681786939501762390e-02 1.796000637114048004e-02 1.584094204008579254e-02 1.892241463065147400e-02 2.470299415290355682e-02
1.240000000000000000e+02 3.902185223725286312e-01 7.098861038684844971e-02 4.431079432833939791e-04 1.291404943913221359e-03 1.687754411250352859e-03 1.543810823932290077e-03 1.696214312687516212e-03 1.798302284441888332e-03 6.466978811658918858e-04 6.280227680690586567e-04 7.054445450194180012e-04 6.942605832591652870e-04 6.969459936954081059e-04 4.619983374141156673e-04 4.078015626873821020e-04 4.556827771011739969e-04 4.674360679928213358e-04 4.787951475009322166e-04 5.258149467408657074e-04 5.225885543040931225e-04 4.691748763434588909e-04 4.893900477327406406e-04 5.165867041796445847e-04 4.823700583074241877e-04 4.911157884635031223e-04 4.696857649832963943e-04 4.785624041687697172e-04 5.463064881041646004e-04 2.669669315218925476e-02 1.789768412709236145e-02 1.577061787247657776e-02 1.885230839252471924e-02 2.466622926294803619e-02
1.250000000000000000e+02 3.840000000000000080e-01 7.021966576576232910e-02 4.323529719840735197e-04 1.244624727405607700e-03 1.643635332584381104e-03 1.488337526097893715e-03 1.624751370400190353e-03 1.693936996161937714e-03 6.073651602491736412e-04 5.885704304091632366e-04 6.640449282713234425e-04 6.532151019200682640e-04 6.539716850966215134e-04 4.403435450512915850e-04 3.867732302751392126e-04 4.326702037360519171e-04 4.437931929714977741e-04 4.565039707813411951e-04 5.072216736152768135e-04 5.041881813667714596e-04 4.519939539022743702e-04 4.714099050033837557e-04 4.988136934116482735e-04 4.662095161620527506e-04 4.747627244796603918e-04 4.541580565273761749e-04 4.630589974112808704e-04 5.287337116897106171e-04 2.657714672386646271e-02 1.783588342368602753e-02 1.570086553692817688e-02 1.878272369503974915e-02 2.462974563241004944e-02
1.260000000000000000e+02 3.779289493575208048e-01 6.946544349193572998e-02 4.228110483381897211e-04 1.199960359372198582e-03 1.601111260242760181e-03 1.435091486200690269e-03 1.557077048346400261e-03 1.595856738276779652e-03 5.706461379304528236e-04 5.518685793504118919e-04 6.253861356526613235e-04 6.149153923615813255e-04 6.141707999631762505e-04 4.206084122415632010e-04 3.677626373246312141e-04 4.116834315937012434e-04 4.221963172312825918e-04 4.363455227576196194e-04 4.903972148895263672e-04 4.875481827184557915e-04 4.365064960438758135e-04 4.551826859824359417e-04 4.826177901122719049e-04 4.515645268838852644e-04 4.599847015924751759e-04 4.401033802423626184e-04 4.490126739256083965e-04 5.125330644659698009e-04 2.645912207663059235e-02 1.777458377182483673e-02 1.563164778053760529e-02 1.871369965374469757e-02 2.459353208541870117e-02
1.270000000000000000e+02 3.720007440014880262e-01 6.872546672821044922e-02 4.143789701629430056e-04 1.157335354946553707e-03 1.560050528496503830e-03 1.383994938805699348e-03 1.493291929364204407e-03 1.503720763139426708e-03 5.364232347346842289e-04 5.178101710043847561e-04 5.893381312489509583e-04 5.792019073851406574e-04 5.773912998847663403e-04 4.026744572911411524e-04 3.505820059217512608e-04 3.926336648873984814e-04 4.025136877316981554e-04 4.182141274213790894e-04 4.752748645842075348e-04 4.725336330011487007e-04 4.226258024573326111e-04 4.405951476655900478e-04 4.678698896896094084e-04 4.383249906823039055e-04 4.466381215024739504e-04 4.274584644008427858e-04 4.362843756098300219e-04 4.976085620000958443e-04 2.634260803461074829e-02 1.771377772092819214e-02 1.556301303207874298e-02 1.864518597722053528e-02 2.455759793519973755e-02
1.280000000000000000e+02 3.662109375000000000e-01 6.799942255020141602e-02 4.069457645528018475e-04 1.116702449508011341e-03 1.520300633274018764e-03 1.335064996965229511e-03 1.433491474017500877e-03 1.417194143868982792e-03 5.046005244366824627e-04 4.862409841734915972e-04 5.558167467825114727e-04 5.459571257233619690e-04 5.435036728158593178e-04 3.864988393615931273e-04 3.351473715156316757e-04 3.754264907911419868e-04 3.846270847134292126e-04 4.019749176222831011e-04 4.616710357367992401e-04 4.590176395140588284e-04 4.102344973944127560e-04 4.275091923773288727e-04 4.544359690044075251e-04 4.264228336978703737e-04 4.345897759776562452e-04 4.161004035267978907e-04 4.247994220349937677e-04 4.838773165829479694e-04 2.622757479548454285e-02 1.765344105660915375e-02 1.549489609897136688e-02 1.857720874249935150e-02 2.452191710472106934e-02
1.290000000000000000e+02 3.605552550928429745e-01 6.728689372539520264e-02 4.004129150416702032e-04 1.078001689165830612e-03 1.481693238019943237e-03 1.288153580389916897e-03 1.377610373310744762e-03 1.335938810370862484e-03 4.750294319819658995e-04 4.570276942104101181e-04 5.247027729637920856e-04 5.150321521796286106e-04 5.124121671542525291e-04 3.719379019457846880e-04 3.213839954696595669e-04 3.599400224629789591e-04 3.684671537484973669e-04 3.874580143019556999e-04 4.494845052249729633e-04 4.468924016691744328e-04 3.991813573520630598e-04 4.158257506787776947e-04 4.422120400704443455e-04 4.157250514253973961e-04 4.237676912453025579e-04 4.059119673911482096e-04 4.144553386140614748e-04 4.712620575446635485e-04 2.611398324370384216e-02 1.759360171854496002e-02 1.542733702808618546e-02 1.850974373519420624e-02 2.448648773133754730e-02
1.300000000000000000e+02 3.550295857988165493e-01 6.658755987882614136e-02 3.946851065848022699e-04 1.041133422404527664e-03 1.444099820218980312e-03 1.243113889358937740e-03 1.325593446381390095e-03 1.259643933735787868e-03 4.476894682738929987e-04 4.301103763282299042e-04 4.957829951308667660e-04 4.863262001890689135e-04 4.839752800762653351e-04 3.588245890568941832e-04 3.091309918090701103e-04 3.460070583969354630e-04 3.538986202329397202e-04 3.745644353330135345e-04 4.386079090181738138e-04 4.360696184448897839e-04 3.893932444043457508e-04 4.053825687151402235e-04 4.310980730224400759e-04 4.061382787767797709e-04 4.140583332628011703e-04 3.967908851336687803e-04 4.051337018609046936e-04 4.596960206981748343e-04 2.600179612636566162e-02 1.753420196473598480e-02 1.536031533032655716e-02 1.844279095530509949e-02 2.445132844150066376e-02
1.310000000000000000e+02 3.496299749431851511e-01 6.590103358030319214e-02 3.896648995578289032e-04 1.006039092317223549e-03 1.407442381605505943e-03 1.200012746267020702e-03 1.277270726859569550e-03 1.188012887723743916e-03 4.222844436299055815e-04 4.053351585753262043e-04 4.690608475357294083e-04 4.597240767907351255e-04 4.580412060022354126e-04 3.471311356406658888e-04 2.983031154144555330e-04 3.335851070005446672e-04 3.408004122320562601e-04 3.631644940469413996e-04 4.289345524739474058e-04 4.263921582605689764e-04 3.807713801506906748e-04 3.961257170885801315e-04 4.210112383589148521e-04 3.975915897171944380e-04 4.053549782838672400e-04 3.886835474986582994e-04 3.967794764321297407e-04 4.491250147111713886e-04 2.589099667966365814e-02 1.747530885040760040e-02 1.529380213469266891e-02 1.837633922696113586e-02 2.441641315817832947e-02
1.320000000000000000e+02 3.443526170798897890e-01 6.522697210311889648e-02 3.852791851386427879e-04 9.726747521199285984e-04 1.371533144265413284e-03 1.158791012130677700e-03 1.232487265951931477e-03 1.120760454796254635e-03 3.988913085777312517e-04 3.825896419584751129e-04 4.443934303708374500e-04 4.351368697825819254e-04 4.344837507233023643e-04 3.367524186614900827e-04 2.888493181671947241e-04 3.225631953682750463e-04 3.291073080617934465e-04 3.531356051098555326e-04 4.203182179480791092e-04 4.178093222435563803e-04 3.731741744559258223e-04 3.879183495882898569e-04 4.118793876841664314e-04 3.899795992765575647e-04 3.975935105700045824e-04 3.814713563770055771e-04 3.893193206749856472e-04 4.394959833007305861e-04 2.578148804605007172e-02 1.741684786975383759e-02 1.522783748805522919e-02 1.831039413809776306e-02 2.438174374401569366e-02
1.330000000000000000e+02 3.391938492848662889e-01 6.456513702869415283e-02 3.814532246906310320e-04 9.409763733856379986e-04 1.336350338533520699e-03 1.119304448366165161e-03 1.190986367873847485e-03 1.057678135111927986e-03 3.773607895709574223e-04 3.617612237576395273e-04 4.216292290948331356e-04 4.124427214264869690e-04 4.131744208279997110e-04 3.275260678492486477e-04 2.806108386721462011e-04 3.128095413558185101e-04 3.187385736964643002e-04 3.443704918026924133e-04 4.126935382373631001e-04 4.101990489289164543e-04 3.665249096229672432e-04 3.806583117693662643e-04 4.036242316942662001e-04 3.832165384665131569e-04 3.906814963556826115e-04 3.750768082682043314e-04 3.826643514912575483e-04 4.307631752453744411e-04 2.567331306636333466e-02 1.735883206129074097e-02 1.516233477741479874e-02 1.824492402374744415e-02 2.434733137488365173e-02
1.340000000000000000e+02 3.341501447983960538e-01 6.391511112451553345e-02 3.781044215429574251e-04 9.107549558393657207e-04 1.301795011386275291e-03 1.081657130271196365e-03 1.152498065494000912e-03 9.985414799302816391e-04 3.575846494641155005e-04 3.427771443966776133e-04 4.006969102192670107e-04 3.915279230568557978e-04 3.939670568797737360e-04 3.194386081304401159e-04 2.734943700488656759e-04 3.042270254809409380e-04 3.095793363172560930e-04 3.367567551322281361e-04 4.059796046931296587e-04 4.034498124383389950e-04 3.607419785112142563e-04 3.742622211575508118e-04 3.961831389460712671e-04 3.772570635192096233e-04 3.845526662189513445e-04 3.694452461786568165e-04 3.767603484448045492e-04 4.228885227348655462e-04 2.556642889976501465e-02 1.730126701295375824e-02 1.509736664593219757e-02 1.817995496094226837e-02 2.431315369904041290e-02
1.350000000000000000e+02 3.292181069958847739e-01 6.327668577432632446e-02 3.751866461243480444e-04 8.821075316518545151e-04 1.267806277610361576e-03 1.045770943164825439e-03 1.116762286983430386e-03 9.431829093955457211e-04 3.394118393771350384e-04 3.254803305026143789e-04 3.815029631368815899e-04 3.723013796843588352e-04 3.767147136386483908e-04 3.123547066934406757e-04 2.674716233741492033e-04 2.968079934362322092e-04 3.015531110577285290e-04 3.301773103885352612e-04 4.000092740170657635e-04 3.975191502831876278e-04 3.557232557795941830e-04 3.686525451485067606e-04 3.895198460668325424e-04 3.720162785612046719e-04 3.791227063629776239e-04 3.644924436230212450e-04 3.715582715813070536e-04 4.157810762990266085e-04 2.546076849102973938e-02 1.724412292242050171e-02 1.503289863467216492e-02 1.811545342206954956e-02 2.427922748029232025e-02
1.360000000000000000e+02 3.243944636678200433e-01 6.264948844909667969e-02 3.726387803908437490e-04 8.549747290089726448e-04 1.234392053447663784e-03 1.011649495922029018e-03 1.083466340787708759e-03 8.914473000913858414e-04 3.228383138775825500e-04 3.097995941061526537e-04 3.639362403191626072e-04 3.546879452187567949e-04 3.613063890952616930e-04 3.061924653593450785e-04 2.624122716952115297e-04 2.903564309235662222e-04 2.945890300907194614e-04 3.245605912525206804e-04 3.947992227040231228e-04 3.922804608009755611e-04 3.513985429890453815e-04 3.637388290371745825e-04 3.835705574601888657e-04 3.673894680105149746e-04 3.743321285583078861e-04 3.601716598495841026e-04 3.669872530736029148e-04 4.094532923772931099e-04 2.535633370280265808e-02 1.718742027878761292e-02 1.496893167495727539e-02 1.805143058300018311e-02 2.424554340541362762e-02
1.370000000000000000e+02 3.196760615909212122e-01 6.203332915902137756e-02 3.704059054143726826e-04 8.291426347568631172e-04 1.201504375785589218e-03 9.792186319828033447e-04 1.052333624102175236e-03 8.431646274402737617e-04 3.077494329772889614e-04 2.956341195385903120e-04 3.478840226307511330e-04 3.385866293683648109e-04 3.475729026831686497e-04 3.008992644026875496e-04 2.582232409622520208e-04 2.848409058060497046e-04 2.885808935388922691e-04 3.198022313881665468e-04 3.902085882145911455e-04 3.876957925967872143e-04 3.476908605080097914e-04 3.594474983401596546e-04 3.782747080549597740e-04 3.633724409155547619e-04 3.701141686178743839e-04 3.563892096281051636e-04 3.629918501246720552e-04 4.038137849420309067e-04 2.525310963392257690e-02 1.713112927973270416e-02 1.490542944520711899e-02 1.798789761960506439e-02 2.421206608414649963e-02
1.380000000000000000e+02 3.150598613736609876e-01 6.142784655094146729e-02 3.684586845338344574e-04 8.046297007240355015e-04 1.169239287264645100e-03 9.485485497862100601e-04 1.023068907670676708e-03 7.981820963323116302e-04 2.940173144452273846e-04 2.828763681463897228e-04 3.332619380671530962e-04 3.238980134483426809e-04 3.353887295816093683e-04 2.964040031656622887e-04 2.548386692069470882e-04 2.802089438773691654e-04 2.834581828210502863e-04 3.158051404170691967e-04 3.861695004161447287e-04 3.836516407318413258e-04 3.445323382038623095e-04 3.557213931344449520e-04 3.735873033292591572e-04 3.598714247345924377e-04 3.664098912850022316e-04 3.531280963215976954e-04 3.595280577428638935e-04 3.988624084740877151e-04 2.515103481709957123e-02 1.707527413964271545e-02 1.484242547303438187e-02 1.792480237782001495e-02 2.417883463203907013e-02
1.390000000000000000e+02 3.105429325604264768e-01 6.083284318447113037e-02 3.667426935862749815e-04 7.814840646460652351e-04 1.137531362473964691e-03 9.195751044899225235e-04 9.953915141522884369e-04 7.563629769720137119e-04 2.815945772454142570e-04 2.714810543693602085e-04 3.200079081580042839e-04 3.105766081716865301e-04 3.246305568609386683e-04 2.925810986198484898e-04 2.522173745092004538e-04 2.763185184448957443e-04 2.791708102449774742e-04 3.124915820080786943e-04 3.826625761575996876e-04 3.801250713877379894e-04 3.418549604248255491e-04 3.525167994666844606e-04 3.695012710522860289e-04 3.568397078197449446e-04 3.631686267908662558e-04 3.503144544083625078e-04 3.565456136129796505e-04 3.945363860111683607e-04 2.505009248852729797e-02 1.701981388032436371e-02 1.477991696447134018e-02 1.786217279732227325e-02 2.414583601057529449e-02
1.400000000000000000e+02 3.061224489795918435e-01 6.024802103638648987e-02 3.652294690255075693e-04 7.595812785439193249e-04 1.106434152461588383e-03 8.922052220441401005e-04 9.690541774034500122e-04 7.175662904046475887e-04 2.704066573642194271e-04 2.612872049212455750e-04 3.079840389546006918e-04 2.985184837598353624e-04 3.151575219817459583e-04 2.894205099437385798e-04 2.502456482034176588e-04 2.731440181378275156e-04 2.755984314717352390e-04 3.097933367826044559e-04 3.795888915192335844e-04 3.770491457544267178e-04 3.395974636077880859e-04 3.497539146337658167e-04 3.659361100289970636e-04 3.542144841048866510e-04 3.603531222324818373e-04 3.479009610600769520e-04 3.540013276506215334e-04 3.907753562089055777e-04 2.495028078556060791e-02 1.696475222706794739e-02 1.471784524619579315e-02 1.779999956488609314e-02 2.411303296685218811e-02
1.410000000000000000e+02 3.017956843217142193e-01 5.967311188578605652e-02 3.638723283074796200e-04 7.387273362837731838e-04 1.075959648005664349e-03 8.664454217068850994e-04 9.438177221454679966e-04 6.816639215685427189e-04 2.603566390462219715e-04 2.522583527024835348e-04 2.971004578284919262e-04 2.876586513593792915e-04 3.068762307520955801e-04 2.868477604351937771e-04 2.488376339897513390e-04 2.706422528717666864e-04 2.727221872191876173e-04 3.076428256463259459e-04 3.769086615648120642e-04 3.743481647688895464e-04 3.377341490704566240e-04 3.473708056844770908e-04 3.628643462434411049e-04 3.519558813422918320e-04 3.578900941647589207e-04 3.458434948697686195e-04 3.518497687764465809e-04 3.875532711390405893e-04 2.485155686736106873e-02 1.691009476780891418e-02 1.465625315904617310e-02 1.773826591670513153e-02 2.408048510551452637e-02
1.420000000000000000e+02 2.975600079349335347e-01 5.910791084170341492e-02 3.626463294494897127e-04 7.190903415903449059e-04 1.046122401021420956e-03 8.421445381827652454e-04 9.194808662869036198e-04 6.484958576038479805e-04 2.513726067263633013e-04 2.443307312205433846e-04 2.873622870538383722e-04 2.779045898932963610e-04 2.996495459228754044e-04 2.847948926500976086e-04 2.479864633642137051e-04 2.686484076548367739e-04 2.704594517126679420e-04 3.059715672861784697e-04 3.745651047211140394e-04 3.719759988598525524e-04 3.361818089615553617e-04 3.453600220382213593e-04 3.602510842029005289e-04 3.500200400594621897e-04 3.557519230525940657e-04 3.441025910433381796e-04 3.500736784189939499e-04 3.847980697173625231e-04 2.475389838218688965e-02 1.685583777725696564e-02 1.459511183202266693e-02 1.767696999013423920e-02 2.404812909662723541e-02
1.430000000000000000e+02 2.934128808254682363e-01 5.855224281549453735e-02 3.615361056290566921e-04 7.005893858149647713e-04 1.016984228044748306e-03 8.193452958948910236e-04 8.958700927905738354e-04 6.179244956001639366e-04 2.433560148347169161e-04 2.373693569097667933e-04 2.786088152788579464e-04 2.692159032449126244e-04 2.934145159088075161e-04 2.832122845575213432e-04 2.476036315783858299e-04 2.672103873919695616e-04 2.687458763830363750e-04 3.047117497771978378e-04 3.725181159097701311e-04 3.698797081597149372e-04 3.349147154949605465e-04 3.436441475059837103e-04 3.580615157261490822e-04 3.483619657345116138e-04 3.538932069204747677e-04 3.426447510719299316e-04 3.485871711745858192e-04 3.824572777375578880e-04 2.465729042887687683e-02 1.680196076631546021e-02 1.453441567718982697e-02 1.761610992252826691e-02 2.401598170399665833e-02
1.440000000000000000e+02 2.893518518518518601e-01 5.800577998161315918e-02 3.605049278121441603e-04 6.829687044955790043e-04 9.885998442769050598e-04 7.979117217473685741e-04 8.728427346795797348e-04 5.897983210161328316e-04 2.363111707381904125e-04 2.313144213985651731e-04 2.707814564928412437e-04 2.614826080389320850e-04 2.880780084524303675e-04 2.819991204887628555e-04 2.476098015904426575e-04 2.662059850990772247e-04 2.675247960723936558e-04 3.038259455934166908e-04 3.707229334395378828e-04 3.680225927382707596e-04 3.338682872708886862e-04 3.422024019528180361e-04 3.562442434486001730e-04 3.469371586106717587e-04 3.522874612826853991e-04 3.414149396121501923e-04 3.473824763204902411e-04 3.804778971243649721e-04 2.456168830394744873e-02 1.674847491085529327e-02 1.447419170290231705e-02 1.755568012595176697e-02 2.398406527936458588e-02
1.450000000000000000e+02 2.853745541022592036e-01 5.746833607554435730e-02 3.595230227801948786e-04 6.663728854618966579e-04 9.609802509658038616e-04 7.777392747811973095e-04 8.502635173499584198e-04 5.639444570988416672e-04 2.300922496942803264e-04 2.261171030113473535e-04 2.638667065184563398e-04 2.546797331888228655e-04 2.835393243003636599e-04 2.811971062328666449e-04 2.479961258359253407e-04 2.655760035850107670e-04 2.667392836883664131e-04 3.032648819498717785e-04 3.691560414154082537e-04 3.663570969365537167e-04 3.330423787701874971e-04 3.409906930755823851e-04 3.547550004441291094e-04 3.457299026194959879e-04 3.508949885144829750e-04 3.403826558496803045e-04 3.463866305537521839e-04 3.788066387642174959e-04 2.446712739765644073e-02 1.669535599648952484e-02 1.441439148038625717e-02 1.749567873775959015e-02 2.395235002040863037e-02
1.460000000000000000e+02 2.814787014449239844e-01 5.693975463509559631e-02 3.585712693165987730e-04 6.507815560325980186e-04 9.341908735223114491e-04 7.588191656395792961e-04 8.280721958726644516e-04 5.402301321737468243e-04 2.246667863801121712e-04 2.216916909674182534e-04 2.577240229584276676e-04 2.487037272658199072e-04 2.797517227008938789e-04 2.806799020618200302e-04 2.486544253770262003e-04 2.653284464031457901e-04 2.663299383129924536e-04 3.029515501111745834e-04 3.677789354696869850e-04 3.648523997981101274e-04 3.323673445265740156e-04 3.399671695660799742e-04 3.535464638844132423e-04 3.446685732342302799e-04 3.496545541565865278e-04 3.395120729692280293e-04 3.455813857726752758e-04 3.773816570173949003e-04 2.437351457774639130e-02 1.664261519908905029e-02 1.435504108667373657e-02 1.743609271943569183e-02 2.392083965241909027e-02
1.470000000000000000e+02 2.776620852422601593e-01 5.641978979110717773e-02 3.576467279344797134e-04 6.359778926707804203e-04 9.082431206479668617e-04 7.409905665554106236e-04 8.061924600042402744e-04 5.185122136026620865e-04 2.200040034949779510e-04 2.179444563807919621e-04 2.523081784602254629e-04 2.435045898891985416e-04 2.766108664218336344e-04 2.804205578286200762e-04 2.496000088285654783e-04 2.653892734088003635e-04 2.662597689777612686e-04 3.028952924069017172e-04 3.665149561129510403e-04 3.634905733633786440e-04 3.318326489534229040e-04 3.391364298295229673e-04 3.525823995005339384e-04 3.437546256463974714e-04 3.485522756818681955e-04 3.387826436664909124e-04 3.449198557063937187e-04 3.761534171644598246e-04 2.428087778389453888e-02 1.659022457897663116e-02 1.429612655192613602e-02 1.737692207098007202e-02 2.388952113687992096e-02
1.480000000000000000e+02 2.739225712198685159e-01 5.590821057558059692e-02 3.567051317077130079e-04 6.219965871423482895e-04 8.831243612803518772e-04 7.242350257001817226e-04 7.845733780413866043e-04 4.986284184269607067e-04 2.159415744245052338e-04 2.148593630408868194e-04 2.475929213687777519e-04 2.390355512034147978e-04 2.740834897849708796e-04 2.804101386573165655e-04 2.507273748051375151e-04 2.656630531419068575e-04 2.664592757355421782e-04 3.030168300028890371e-04 3.653833700809627771e-04 3.621997602749615908e-04 3.313818888273090124e-04 3.384288866072893143e-04 3.518027369864284992e-04 3.429093922022730112e-04 3.475522389635443687e-04 3.381226852070540190e-04 3.443417372182011604e-04 3.750923497136682272e-04 2.418917231261730194e-02 1.653819903731346130e-02 1.423762645572423935e-02 1.731815561652183533e-02 2.385841123759746552e-02
1.490000000000000000e+02 2.702580964821404419e-01 5.540488660335540771e-02 3.557422605808824301e-04 6.089449161663651466e-04 8.588799973949790001e-04 7.084598764777183533e-04 7.631647167727351189e-04 4.804574127774685621e-04 2.125427999999374151e-04 2.123308950103819370e-04 2.434957714285701513e-04 2.352294686716049910e-04 2.721076598390936852e-04 2.805716940201818943e-04 2.520270936656743288e-04 2.661665494088083506e-04 2.669112582225352526e-04 3.032906970474869013e-04 3.643308591563254595e-04 3.609952400438487530e-04 3.310017636977136135e-04 3.378079854883253574e-04 3.511831164360046387e-04 3.421543515287339687e-04 3.466370981186628342e-04 3.375475935172289610e-04 3.438460116740316153e-04 3.740978136193007231e-04 2.409839443862438202e-02 1.648654974997043610e-02 1.417955849319696426e-02 1.725982129573822021e-02 2.382749132812023163e-02
1.500000000000000000e+02 2.666666666666666630e-01 5.490957200527191162e-02 3.547313390299677849e-04 5.965984892100095749e-04 8.354902383871376514e-04 6.935421261005103588e-04 7.419741596095263958e-04 4.638002137653529644e-04 2.096765383612364531e-04 2.103243605233728886e-04 2.399412187514826655e-04 2.320003113709390163e-04 2.706422819755971432e-04 2.808763820212334394e-04 2.534615050535649061e-04 2.668465895112603903e-04 2.675331779755651951e-04 3.036854322999715805e-04 3.633325977716594934e-04 3.598360053729265928e-04 3.306741709820926189e-04 3.372806822881102562e-04 3.506530192680656910e-04 3.414098464418202639e-04 3.457765851635485888e-04 3.369910991750657558e-04 3.433861420489847660e-04 3.731800534296780825e-04 2.400851994752883911e-02 1.643523946404457092e-02 1.412189938127994537e-02 1.720186695456504822e-02 2.379676140844821930e-02
1.510000000000000000e+02 2.631463532301214769e-01 5.442214384675025940e-02 3.536537114996463060e-04 5.849334411323070526e-04 8.128873887471854687e-04 6.794250803068280220e-04 7.209887844510376453e-04 4.485359531827270985e-04 2.073229115922003984e-04 2.087898174067959189e-04 2.368925343034788966e-04 2.293608413310721517e-04 2.696432347875088453e-04 2.812707971315830946e-04 2.549630880821496248e-04 2.676318690646439791e-04 2.683037600945681334e-04 3.041700692847371101e-04 3.623620723374187946e-04 3.586849779821932316e-04 3.303609264548867941e-04 3.368011675775051117e-04 3.502117469906806946e-04 3.407006443012505770e-04 3.449180803727358580e-04 3.364612348377704620e-04 3.429145144764333963e-04 3.722738765645772219e-04 2.391953393816947937e-02 1.638427935540676117e-02 1.406466215848922729e-02 1.714431121945381165e-02 2.376624755561351776e-02
1.520000000000000000e+02 2.596952908587257802e-01 5.394235998392105103e-02 3.524587664287537336e-04 5.739964544773101807e-04 7.910845451988279819e-04 6.659705541096627712e-04 7.002245401963591576e-04 4.345524357631802559e-04 2.054045035038143396e-04 2.076673990814015269e-04 2.343171800021082163e-04 2.272055862704291940e-04 2.690602850634604692e-04 2.817659697029739618e-04 2.565284084994345903e-04 2.685219806153327227e-04 2.691864210646599531e-04 3.047041827812790871e-04 3.614001616369932890e-04 3.575427981559187174e-04 3.300557145848870277e-04 3.363479918334633112e-04 3.497863654047250748e-04 3.399704000912606716e-04 3.440444124862551689e-04 3.359094553161412477e-04 3.424244350753724575e-04 3.713308833539485931e-04 2.383141219615936279e-02 1.633367314934730530e-02 1.400781702250242233e-02 1.708715222775936127e-02 2.373590506613254547e-02
1.530000000000000000e+02 2.563116749967960795e-01 5.347007513046264648e-02 3.511508693918585777e-04 5.636704154312610626e-04 7.700413116253912449e-04 6.531164399348199368e-04 6.796827656216919422e-04 4.217149689793586731e-04 2.038976526819169521e-04 2.068956819130107760e-04 2.321598440175876021e-04 2.254982391605153680e-04 2.688582753762602806e-04 2.822816604748368263e-04 2.581295848358422518e-04 2.694753347896039486e-04 2.701523189898580313e-04 3.052778483834117651e-04 3.604419762268662453e-04 3.563734062481671572e-04 3.297027433291077614e-04 3.358838730491697788e-04 3.493638359941542149e-04 3.391869831830263138e-04 3.431371587794274092e-04 3.353145730216056108e-04 3.418854612391442060e-04 3.703421680256724358e-04 2.374414727091789246e-02 1.628338731825351715e-02 1.395139377564191818e-02 1.703038252890110016e-02 2.370576001703739166e-02
1.540000000000000000e+02 2.529937594872659901e-01 5.300520360469818115e-02 3.497046418488025665e-04 5.539105623029172421e-04 7.496994803659617901e-04 6.407831097021698952e-04 6.593990256078541279e-04 4.099149664398282766e-04 2.027897571679204702e-04 2.064615400740876794e-04 2.303754590684548020e-04 2.241812326246872544e-04 2.690165711101144552e-04 2.828094293363392353e-04 2.596850390546023846e-04 2.704458020161837339e-04 2.711517154239118099e-04 3.058565489482134581e-04 3.594200825318694115e-04 3.551589034032076597e-04 3.293189511168748140e-04 3.354152722749859095e-04 3.488915972411632538e-04 3.383520815987139940e-04 3.421909350436180830e-04 3.346503071952611208e-04 3.412495716474950314e-04 3.692690515890717506e-04 2.365770563483238220e-02 1.623344235122203827e-02 1.389537565410137177e-02 1.697399839758872986e-02 2.367580868303775787e-02
1.550000000000000000e+02 2.497398543184183028e-01 5.254747346043586731e-02 3.481198800727725029e-04 5.446898285299539566e-04 7.300394354388117790e-04 6.288782460615038872e-04 6.393885705620050430e-04 3.990306286141276360e-04 2.019392122747376561e-04 2.062763378489762545e-04 2.289325784659013152e-04 2.232272818218916655e-04 2.695003058761358261e-04 2.833560574799776077e-04 2.612433454487472773e-04 2.714243018999695778e-04 2.721673226915299892e-04 3.064058255404233932e-04 3.583572979550808668e-04 3.538906457833945751e-04 3.288613515906035900e-04 3.348934114910662174e-04 3.483590262476354837e-04 3.374468651600182056e-04 3.411651414353400469e-04 3.339100512675940990e-04 3.405166498851031065e-04 3.681041707750409842e-04 2.357208542525768280e-02 1.618382707238197327e-02 1.383972540497779846e-02 1.691800169646739960e-02 2.364600822329521179e-02
1.560000000000000000e+02 2.465483234714004046e-01 5.209673196077346802e-02 3.463441680651158094e-04 5.359628703445196152e-04 7.109856815077364445e-04 6.173448637127876282e-04 6.197113543748855591e-04 3.890187072101980448e-04 2.013944176724180579e-04 2.063105057459324598e-04 2.277585153933614492e-04 2.225523494416847825e-04 2.702396304812282324e-04 2.837976498994976282e-04 2.627209760248661041e-04 2.723897341638803482e-04 2.731726854108273983e-04 3.069001541007310152e-04 3.572264395188540220e-04 3.525553620420396328e-04 3.283136466052383184e-04 3.342871495988219976e-04 3.477519494481384754e-04 3.364438889548182487e-04 3.400457208044826984e-04 3.330713661853224039e-04 3.396604734007269144e-04 3.668057615868747234e-04 2.348727546632289886e-02 1.613454148173332214e-02 1.378448866307735443e-02 1.686236821115016937e-02 2.361642941832542419e-02
1.570000000000000000e+02 2.434175828634021765e-01 5.165292695164680481e-02 3.443888854235410690e-04 5.276884185150265694e-04 6.925440975464880466e-04 6.061264430172741413e-04 6.004084716551005840e-04 3.798083926085382700e-04 2.010952593991532922e-04 2.065928274532780051e-04 2.268432435812428594e-04 2.221665054094046354e-04 2.712226996663957834e-04 2.842109824996441603e-04 2.641145256347954273e-04 2.732966968324035406e-04 2.741249045357108116e-04 3.073366824537515640e-04 3.559844917617738247e-04 3.511403629090636969e-04 3.276623319834470749e-04 3.336048102937638760e-04 3.470002266112715006e-04 3.353197826072573662e-04 3.388201002962887287e-04 3.321024123579263687e-04 3.386732423678040504e-04 3.653542371466755867e-04 2.340324781835079193e-02 1.608558185398578644e-02 1.372961979359388351e-02 1.680709794163703918e-02 2.358701452612876892e-02
1.580000000000000000e+02 2.403460983816695928e-01 5.121580138802528381e-02 3.422349691390991211e-04 5.198428407311439514e-04 6.746600847691297531e-04 5.951399216428399086e-04 5.814960459247231483e-04 3.713345504365861416e-04 2.009823947446420789e-04 2.069848851533606648e-04 2.261459303554147482e-04 2.219922316726297140e-04 2.724057412706315517e-04 2.845581911969929934e-04 2.654198324307799339e-04 2.741506323218345642e-04 2.750340499915182590e-04 3.076899447478353977e-04 3.546474908944219351e-04 3.496266435831785202e-04 3.269200969953089952e-04 3.328129532746970654e-04 3.461343294475227594e-04 3.340593830216675997e-04 3.374666557647287846e-04 3.310030442662537098e-04 3.375192463863641024e-04 3.637482877820730209e-04 2.332000248134136200e-02 1.603690907359123230e-02 1.367514207959175110e-02 1.675220951437950134e-02 2.355777472257614136e-02
1.590000000000000000e+02 2.373323840037973309e-01 5.078526958823204041e-02 3.398769476916640997e-04 5.123625742271542549e-04 6.572823040187358856e-04 5.843672552146017551e-04 5.630287923850119114e-04 3.635447064880281687e-04 2.010550233535468578e-04 2.075461088679730892e-04 2.256227162433788180e-04 2.220057940576225519e-04 2.737287722993642092e-04 2.847801661118865013e-04 2.665979554876685143e-04 2.748947590589523315e-04 2.758437476586550474e-04 3.079375601373612881e-04 3.531929105520248413e-04 3.479950537439435720e-04 3.260154044255614281e-04 3.318999661132693291e-04 3.451028896961361170e-04 3.326655423734337091e-04 3.359734837431460619e-04 3.297647635918110609e-04 3.362018032930791378e-04 3.619634953793138266e-04 2.323753200471401215e-02 1.598858088254928589e-02 1.362104713916778564e-02 1.669767685234546661e-02 2.352871932089328766e-02
1.600000000000000000e+02 2.343750000000000000e-01 5.036120116710662842e-02 3.372773644514381886e-04 5.052363267168402672e-04 6.404286832548677921e-04 5.737807950936257839e-04 5.450459429994225502e-04 3.563886566553264856e-04 2.012651239056140184e-04 2.081850543618202209e-04 2.252546400995925069e-04 2.221593458671122789e-04 2.751726715359836817e-04 2.848811272997409105e-04 2.676236035767942667e-04 2.755296300165355206e-04 2.765542885754257441e-04 3.080545284319669008e-04 3.515902790240943432e-04 3.462377353571355343e-04 3.249924920964986086e-04 3.308418381493538618e-04 3.439022402744740248e-04 3.311093314550817013e-04 3.343345306348055601e-04 3.283651312813162804e-04 3.347165766172111034e-04 3.600253257900476456e-04 2.315577492117881775e-02 1.594054512679576874e-02 1.356730796396732330e-02 1.664350368082523346e-02 2.349982038140296936e-02
1.610000000000000000e+02 2.314725512133019580e-01 4.994340986013412476e-02 3.344688448123633862e-04 4.984023398719727993e-04 6.240142392925918102e-04 5.632981774397194386e-04 5.275733419694006443e-04 3.498463192954659462e-04 2.015508216572925448e-04 2.088923647534102201e-04 2.250105462735518813e-04 2.224231720902025700e-04 2.766909019555896521e-04 2.848593576345592737e-04 2.685041690710932016e-04 2.760531788226217031e-04 2.771290601231157780e-04 3.080492315348237753e-04 3.498395381029695272e-04 3.443471796344965696e-04 3.237940836697816849e-04 3.296345530543476343e-04 3.425346803851425648e-04 3.294055059086531401e-04 3.325474972371011972e-04 3.267988504376262426e-04 3.330448525957763195e-04 3.578944306354969740e-04 2.307475917041301727e-02 1.589283905923366547e-02 1.351395715028047562e-02 1.658968813717365265e-02 2.347110211849212646e-02
1.620000000000000000e+02 2.286236854138088692e-01 4.953178390860557556e-02 3.314373898319900036e-04 4.918829072266817093e-04 6.080618477426469326e-04 5.529217305593192577e-04 5.106799653731286526e-04 3.438996500335633755e-04 2.019616949837654829e-04 2.096155949402600527e-04 2.248450764454901218e-04 2.227515069535002112e-04 2.782358205877244473e-04 2.847031282726675272e-04 2.692212292458862066e-04 2.764209930319339037e-04 2.775995817501097918e-04 3.078762674704194069e-04 3.479482547845691442e-04 3.423057787586003542e-04 3.224313259124755859e-04 3.282588440924882889e-04 3.409701748751103878e-04 3.275175695307552814e-04 3.305764112155884504e-04 3.250553563702851534e-04 3.311749023851007223e-04 3.555911243893206120e-04 2.299446053802967072e-02 1.584540307521820068e-02 1.346096303313970566e-02 1.653620973229408264e-02 2.344253659248352051e-02
1.630000000000000000e+02 2.258270917234370956e-01 4.912620037794113159e-02 3.281593089923262596e-04 4.856455780100077391e-04 5.925405421294271946e-04 5.426436546258628368e-04 4.943378153257071972e-04 3.385307791177183390e-04 2.024042769335210323e-04 2.103876176988705993e-04 2.247840602649375796e-04 2.231500257039442658e-04 2.797820779960602522e-04 2.843794063664972782e-04 2.697608724702149630e-04 2.766570250969380140e-04 2.778887574095278978e-04 3.075583372265100479e-04 3.458854625932872295e-04 3.401408612262457609e-04 3.209181886631995440e-04 3.267115680500864983e-04 3.392227517906576395e-04 3.254579787608236074e-04 3.284403937868773937e-04 3.231340087950229645e-04 3.291220346000045538e-04 3.531099355313926935e-04 2.291485294699668884e-02 1.579828746616840363e-02 1.340833771973848343e-02 1.648308336734771729e-02 2.341416105628013611e-02
1.640000000000000000e+02 2.230814991076739973e-01 4.872656986117362976e-02 3.246722917538136244e-04 4.795762361027300358e-04 5.774005549028515816e-04 5.324073135852813721e-04 4.786395293194800615e-04 3.337305679451674223e-04 2.028803573921322823e-04 2.111211651936173439e-04 2.247390948468819261e-04 2.235570136690512300e-04 2.812981838360428810e-04 2.838844084180891514e-04 2.701036864891648293e-04 2.767445112112909555e-04 2.780268259812146425e-04 3.070608363486826420e-04 3.436504048295319080e-04 3.378003602847456932e-04 3.192019357811659575e-04 3.249811707064509392e-04 3.372719511389732361e-04 3.232298477087169886e-04 3.261272504460066557e-04 3.210330032743513584e-04 3.268803993705660105e-04 3.504477790556848049e-04 2.283595502376556396e-02 1.575145311653614044e-02 1.335606165230274200e-02 1.643031649291515350e-02 2.338592521846294403e-02
1.650000000000000000e+02 2.203856749311294827e-01 4.833268746733665466e-02 3.209584101568907499e-04 4.737066046800464392e-04 5.626440397463738918e-04 5.222178297117352486e-04 4.635399382095783949e-04 3.294717171229422092e-04 2.033816563198342919e-04 2.118275006068870425e-04 2.247433731099590659e-04 2.239652530988678336e-04 2.827185380738228559e-04 2.832647587638348341e-04 2.702625934034585953e-04 2.766316465567797422e-04 2.779891656246036291e-04 3.063869371544569731e-04 3.412478836253285408e-04 3.352995845489203930e-04 3.173286968376487494e-04 3.230630827601999044e-04 3.351157356519252062e-04 3.208072739653289318e-04 3.236297343391925097e-04 3.187330439686775208e-04 3.244406252633780241e-04 3.476032870821654797e-04 2.275774255394935608e-02 1.570490933954715729e-02 1.330413483083248138e-02 1.637788116931915283e-02 2.335787564516067505e-02
1.660000000000000000e+02 2.177384235738133167e-01 4.794452711939811707e-02 3.170269483234733343e-04 4.680528945755213499e-04 5.482848500832915306e-04 5.120629793964326382e-04 4.491008876357227564e-04 3.257428470533341169e-04 2.038711099885404110e-04 2.125040191458538175e-04 2.247330121463164687e-04 2.243455674033612013e-04 2.840419183485209942e-04 2.824334369506686926e-04 2.702231286093592644e-04 2.763758238870650530e-04 2.777746412903070450e-04 3.055225242860615253e-04 3.386628523003309965e-04 3.326518344692885876e-04 3.152544377371668816e-04 3.209423448424786329e-04 3.327792510390281677e-04 3.182049258612096310e-04 3.209635615348815918e-04 3.162412322126328945e-04 3.218291385564953089e-04 3.445882175583392382e-04 2.268017455935478210e-02 1.565866731107234955e-02 1.325256843119859695e-02 1.632578857243061066e-02 2.332998253405094147e-02
1.670000000000000000e+02 2.151385851052386167e-01 4.756187647581100464e-02 3.129015967715531588e-04 4.625054716598242521e-04 5.342683289200067520e-04 5.019373493269085884e-04 4.353355616331100464e-04 3.225214313715696335e-04 2.043307758867740631e-04 2.131007640855386853e-04 2.247126249130815268e-04 2.246900548925623298e-04 2.852423931472003460e-04 2.814097388181835413e-04 2.699455362744629383e-04 2.759370836429297924e-04 2.773735322989523411e-04 3.044644254259765148e-04 3.359015972819179296e-04 3.298353694844990969e-04 3.130024415440857410e-04 3.186411049682646990e-04 3.302414261270314455e-04 3.154155856464058161e-04 3.181030624546110630e-04 3.135730221401900053e-04 3.190013812854886055e-04 3.414035891182720661e-04 2.260326966643333435e-02 1.561270188540220261e-02 1.320134662091732025e-02 1.627401635050773621e-02 2.330222912132740021e-02
1.680000000000000000e+02 2.125850340136054284e-01 4.718472436070442200e-02 3.085820935666561127e-04 4.570937890093773603e-04 5.206245114095509052e-04 4.918198101222515106e-04 4.222440766170620918e-04 3.198336926288902760e-04 2.047523303190246224e-04 2.136389230145141482e-04 2.246785588795319200e-04 2.249867393402382731e-04 2.862710680346935987e-04 2.802362432703375816e-04 2.694709983188658953e-04 2.752836735453456640e-04 2.767624973785132170e-04 3.032072272617369890e-04 3.329538740217685699e-04 3.268616273999214172e-04 3.105590585619211197e-04 3.161368949804455042e-04 3.275132912676781416e-04 3.124585491605103016e-04 3.150661941617727280e-04 3.107140946667641401e-04 3.160060441587120295e-04 3.380405541975051165e-04 2.252701856195926666e-02 1.556701585650444031e-02 1.315047591924667358e-02 1.622257567942142487e-02 2.327464893460273743e-02
1.690000000000000000e+02 2.100766779874654322e-01 4.681286215782165527e-02 3.040726296603679657e-04 4.518359783105552197e-04 5.073305219411849976e-04 4.817712469957768917e-04 4.098372592125087976e-04 3.176347818225622177e-04 2.050950861303135753e-04 2.140857977792620659e-04 2.246048097731545568e-04 2.252071717521175742e-04 2.871262549888342619e-04 2.788708370644599199e-04 2.687954984139651060e-04 2.744493540376424789e-04 2.759714261628687382e-04 3.017558483406901360e-04 3.298007068224251270e-04 3.237019700463861227e-04 3.079255402553826571e-04 3.134490980301052332e-04 3.246076521463692188e-04 3.092853294219821692e-04 3.118499007541686296e-04 3.076696593780070543e-04 3.128267417196184397e-04 3.345126460772007704e-04 2.245140634477138519e-02 1.552160456776618958e-02 1.309993397444486618e-02 1.617147400975227356e-02 2.324721962213516235e-02
1.700000000000000000e+02 2.076124567474048332e-01 4.644626751542091370e-02 2.993962552864104509e-04 4.466809914447367191e-04 4.943751846440136433e-04 4.717532719951122999e-04 3.981257905252277851e-04 3.159253974445164204e-04 2.054174110526219010e-04 2.144117024727165699e-04 2.244709758087992668e-04 2.253521815873682499e-04 2.877652586903423071e-04 2.773289452306926250e-04 2.678988676052540541e-04 2.734350855462253094e-04 2.749657724052667618e-04 3.000836004503071308e-04 3.264981205575168133e-04 3.203782252967357635e-04 3.051011590287089348e-04 3.105514915660023689e-04 3.215043398085981607e-04 3.059692389797419310e-04 3.084590425714850426e-04 3.044507466256618500e-04 3.094674029853194952e-04 3.308371524326503277e-04 2.237641997635364532e-02 1.547647453844547272e-02 1.304972916841506958e-02 1.612069085240364075e-02 2.321994118392467499e-02
1.710000000000000000e+02 2.051913409254129406e-01 4.608477279543876648e-02 2.945691230706870556e-04 4.416281590238213539e-04 4.817750887013971806e-04 4.617967351805418730e-04 3.870993677992373705e-04 3.146486706100404263e-04 2.056357916444540024e-04 2.146463230019435287e-04 2.242972987005487084e-04 2.253952261526137590e-04 2.881771943066269159e-04 2.756057365331798792e-04 2.667762455530464649e-04 2.721983764786273241e-04 2.737519971560686827e-04 2.982127480208873749e-04 3.230175061617046595e-04 3.169096307829022408e-04 3.020995936822146177e-04 3.074815904255956411e-04 3.182297514285892248e-04 3.024849575012922287e-04 3.049020015168935061e-04 3.010430955328047276e-04 3.059389127884060144e-04 3.269729204475879669e-04 2.230203337967395782e-02 1.543160807341337204e-02 1.299985218793153763e-02 1.607020758092403412e-02 2.319283038377761841e-02
1.720000000000000000e+02 2.028123309897241766e-01 4.572833329439163208e-02 2.896033693104982376e-04 4.367110086604952812e-04 4.695141396950930357e-04 4.518971545621752739e-04 3.767636080738157034e-04 3.138368483632802963e-04 2.057234232779592276e-04 2.147477061953395605e-04 2.240238391095772386e-04 2.253459679195657372e-04 2.883478300645947456e-04 2.737077302299439907e-04 2.654512063600122929e-04 2.707943203859031200e-04 2.723234065342694521e-04 2.961374120786786079e-04 3.193579323124140501e-04 3.132773272227495909e-04 2.989015192724764347e-04 3.042158787138760090e-04 3.147794050164520741e-04 2.988069318234920502e-04 3.011682420037686825e-04 2.974598610308021307e-04 3.022382734343409538e-04 3.229689027648419142e-04 2.222825028002262115e-02 1.538701634854078293e-02 1.295032072812318802e-02 1.602005586028099060e-02 2.316585369408130646e-02
1.730000000000000000e+02 2.004744562130375274e-01 4.537678509950637817e-02 2.844991686288267374e-04 4.319004074204713106e-04 4.576229548547416925e-04 4.421070916578173637e-04 3.671102458611130714e-04 3.134048311039805412e-04 2.057486562989652157e-04 2.147128543583676219e-04 2.236716536572203040e-04 2.251818514196202159e-04 2.882602275349199772e-04 2.716291055548936129e-04 2.639171434566378593e-04 2.691902918741106987e-04 2.707037783693522215e-04 2.938665857072919607e-04 3.155287995468825102e-04 3.094776766374707222e-04 2.955483796540647745e-04 3.007760678883641958e-04 3.111553378403186798e-04 2.949933113995939493e-04 2.972812217194586992e-04 2.937174285762012005e-04 2.983804151881486177e-04 3.187937836628407240e-04 2.215506136417388916e-02 1.534269098192453384e-02 1.290110684931278229e-02 1.597023382782936096e-02 2.313903346657752991e-02
1.740000000000000000e+02 1.981767736821244685e-01 4.503011330962181091e-02 2.792815794236958027e-04 4.271628276910632849e-04 4.460835189092904329e-04 4.324275068938732147e-04 3.581230994313955307e-04 3.133447025902569294e-04 2.056946977972984314e-04 2.145268372260034084e-04 2.232210099464282393e-04 2.249033423140645027e-04 2.879213716369122267e-04 2.693705318961292505e-04 2.621425082907080650e-04 2.673720882739871740e-04 2.688710519578307867e-04 2.913907810579985380e-04 3.115690487902611494e-04 3.055302950087934732e-04 2.920186670962721109e-04 2.971637586597353220e-04 3.073607513215392828e-04 2.910034381784498692e-04 2.932474308181554079e-04 2.898224920500069857e-04 2.943763392977416515e-04 3.144604270346462727e-04 2.208246104419231415e-02 1.529862079769372940e-02 1.285221800208091736e-02 1.592068560421466827e-02 2.311235852539539337e-02
1.750000000000000000e+02 1.959183673469387654e-01 4.468816891312599182e-02 2.739672490861266851e-04 4.225049051456153393e-04 4.349142254795879126e-04 4.228455072734504938e-04 3.497571451589465141e-04 3.135954320896416903e-04 2.054754295386373997e-04 2.142179437214508653e-04 2.226894139312207699e-04 2.245049254270270467e-04 2.873453195206820965e-04 2.669594250619411469e-04 2.601927844807505608e-04 2.653699775692075491e-04 2.668159722816199064e-04 2.887107839342206717e-04 3.074182895943522453e-04 3.014377725776284933e-04 2.883075794670730829e-04 2.933849173132330179e-04 3.034062974620610476e-04 2.868843148462474346e-04 2.890467294491827488e-04 2.857750805560499430e-04 2.902085252571851015e-04 3.099894092883914709e-04 2.201045304536819458e-02 1.525481604039669037e-02 1.280364487320184708e-02 1.587148196995258331e-02 2.308581396937370300e-02
1.760000000000000000e+02 1.936983471074380236e-01 4.435084015130996704e-02 2.685672370716929436e-04 4.179766983725130558e-04 4.241004935465753078e-04 4.134162445552647114e-04 3.420091525185853243e-04 3.141342604067176580e-04 2.051563933491706848e-04 2.137577539542689919e-04 2.220280584879219532e-04 2.239746099803596735e-04 2.865050919353961945e-04 2.643730258569121361e-04 2.580293803475797176e-04 2.631867537274956703e-04 2.645796048454940319e-04 2.858451916836202145e-04 3.031254163943231106e-04 2.972135553136467934e-04 2.844630798790603876e-04 2.894503413699567318e-04 2.992860390804708004e-04 2.826346899382770061e-04 2.847261202987283468e-04 2.815803163684904575e-04 2.859141386579722166e-04 3.053816908504813910e-04 2.193897403776645660e-02 1.521125622093677521e-02 1.275538653135299683e-02 1.582254841923713684e-02 2.305944822728633881e-02
1.770000000000000000e+02 1.915158479364167388e-01 4.401808977127075195e-02 2.630922826938331127e-04 4.134762857574969530e-04 4.136833886150270700e-04 4.041388456244021654e-04 3.348686441313475370e-04 3.149180556647479534e-04 2.047303132712841034e-04 2.131356450263410807e-04 2.212569670518860221e-04 2.233390405308455229e-04 2.854053454939275980e-04 2.616292040329426527e-04 2.556744148023426533e-04 2.608012582641094923e-04 2.621464664116501808e-04 2.827801508828997612e-04 2.987047482747584581e-04 2.928490284830331802e-04 2.804423857014626265e-04 2.853568003047257662e-04 2.950274210888892412e-04 2.782371593639254570e-04 2.802614762913435698e-04 2.772566222120076418e-04 2.814901527017354965e-04 3.006201877724379301e-04 2.186808362603187561e-02 1.516795437783002853e-02 1.270744949579238892e-02 1.577392406761646271e-02 2.303319238126277924e-02
1.780000000000000000e+02 1.893700290367377748e-01 4.368979483842849731e-02 2.575615944806486368e-04 4.090630391146987677e-04 4.036377067677676678e-04 3.950305981561541557e-04 3.282831457909196615e-04 3.158593608532100916e-04 2.041490806732326746e-04 2.123845915775746107e-04 2.203603071393445134e-04 2.225503994850441813e-04 2.840745728462934494e-04 2.587474591564387083e-04 2.531074278522282839e-04 2.582423039712011814e-04 2.595177793409675360e-04 2.795296604745090008e-04 2.941476413980126381e-04 2.883732668124139309e-04 2.762963995337486267e-04 2.811233571264892817e-04 2.906229055952280760e-04 2.737196628004312515e-04 2.756872272584587336e-04 2.728012623265385628e-04 2.769267885014414787e-04 2.957249234896153212e-04 2.179772220551967621e-02 1.512491144239902496e-02 1.265982259064912796e-02 1.572562009096145630e-02 2.300710789859294891e-02
1.790000000000000000e+02 1.872600730314284700e-01 4.336586967110633850e-02 2.519893751014024019e-04 4.047213878948241472e-04 3.939263115171343088e-04 3.860953729599714279e-04 3.222343802917748690e-04 3.169355331920087337e-04 2.034278877545148134e-04 2.114778762916103005e-04 2.193544787587597966e-04 2.216419961769133806e-04 2.825034025590866804e-04 2.556899853516370058e-04 2.503916330169886351e-04 2.554993261583149433e-04 2.566984912846237421e-04 2.761046926025301218e-04 2.894567151088267565e-04 2.837725915014743805e-04 2.720057382248342037e-04 2.767469850368797779e-04 2.860791282728314400e-04 2.690997498575598001e-04 2.709897235035896301e-04 2.682316116988658905e-04 2.722708741202950478e-04 2.906940935645252466e-04 2.172788791358470917e-02 1.508209481835365295e-02 1.261250209063291550e-02 1.567758619785308838e-02 2.298112586140632629e-02
1.800000000000000000e+02 1.851851851851851749e-01 4.304628819227218628e-02 2.463988203089684248e-04 4.003798239864408970e-04 3.845984465442597866e-04 3.773258067667484283e-04 3.166517999488860369e-04 3.180926723871380091e-04 2.026029251283034682e-04 2.104173909174278378e-04 2.182142925448715687e-04 2.205987257184460759e-04 2.807257988024502993e-04 2.525107120163738728e-04 2.474576467648148537e-04 2.525821910239756107e-04 2.537081018090248108e-04 2.725032973103225231e-04 2.846650895662605762e-04 2.790670841932296753e-04 2.676014555618166924e-04 2.722487552091479301e-04 2.814005711115896702e-04 2.643638290464878082e-04 2.661976031959056854e-04 2.635542477946728468e-04 2.674911811482161283e-04 2.855441707652062178e-04 2.165861427783966064e-02 1.503953617066144943e-02 1.256548706442117691e-02 1.562985964119434357e-02 2.295530587434768677e-02
1.810000000000000000e+02 1.831445926559018278e-01 4.273087158799171448e-02 2.407779538771137595e-04 3.960838657803833485e-04 3.756093210540711880e-04 3.687598800752311945e-04 3.115484723821282387e-04 3.192904114257544279e-04 2.016355138039216399e-04 2.092049253406003118e-04 2.169307263102382421e-04 2.194148255512118340e-04 2.787168195936828852e-04 2.491974446456879377e-04 2.444021520204842091e-04 2.495091757737100124e-04 2.505287993699312210e-04 2.687373780645430088e-04 2.797606575768440962e-04 2.742551150731742382e-04 2.630717062857002020e-04 2.676372823771089315e-04 2.765879034996032715e-04 2.595433616079390049e-04 2.612875541672110558e-04 2.587731287349015474e-04 2.626210334710776806e-04 2.803050738293677568e-04 2.158983983099460602e-02 1.499722804874181747e-02 1.251877658069133759e-02 1.558241900056600571e-02 2.292960323393344879e-02
1.820000000000000000e+02 1.811375437749064010e-01 4.241962358355522156e-02 2.351445873500779271e-04 3.918172442354261875e-04 3.669923753477632999e-04 3.603826626203954220e-04 3.068707592319697142e-04 3.204711247235536575e-04 2.005241403821855783e-04 2.078378602163866162e-04 2.155486436095088720e-04 2.181043091695755720e-04 2.765001263469457626e-04 2.457259979564696550e-04 2.411565219517797232e-04 2.462705015204846859e-04 2.471987681929022074e-04 2.648087101988494396e-04 2.747522376012057066e-04 2.693751303013414145e-04 2.584327303338795900e-04 2.629259543027728796e-04 2.716830640565603971e-04 2.546551113482564688e-04 2.563247689977288246e-04 2.539132256060838699e-04 2.576646802481263876e-04 2.749506093095988035e-04 2.152158692479133606e-02 1.495515648275613785e-02 1.247235108166933060e-02 1.553525496274232864e-02 2.290404774248600006e-02
1.830000000000000000e+02 1.791633073546537724e-01 4.211245849728584290e-02 2.295228186994791031e-04 3.875707334373146296e-04 3.587160317692905664e-04 3.522361221257597208e-04 3.025897603947669268e-04 3.215913602616637945e-04 1.993133919313549995e-04 2.063455758616328239e-04 2.140214492101222277e-04 2.166568010579794645e-04 2.740946947596967220e-04 2.421405079076066613e-04 2.377624477958306670e-04 2.429003361612558365e-04 2.436922804918140173e-04 2.607323403935879469e-04 2.696722513064742088e-04 2.643972402438521385e-04 2.537147665861994028e-04 2.581044682301580906e-04 2.666666114237159491e-04 2.496851084288209677e-04 2.512677165213972330e-04 2.489781472831964493e-04 2.526424941606819630e-04 2.695131115615367889e-04 2.145383879542350769e-02 1.491329912096261978e-02 1.242622733116149902e-02 1.548838987946510315e-02 2.287861146032810211e-02
1.840000000000000000e+02 1.772211720226843090e-01 4.180923476815223694e-02 2.239056339021772146e-04 3.833475639112293720e-04 3.507782821543514729e-04 3.443245659582316875e-04 2.986449981108307838e-04 3.226235276088118553e-04 1.979158987523987889e-04 2.046983136096969247e-04 2.123765880241990089e-04 2.150927030015736818e-04 2.714997681323438883e-04 2.384335530223324895e-04 2.342359948670491576e-04 2.393514587311074138e-04 2.400412049610167742e-04 2.565224713180214167e-04 2.644973283167928457e-04 2.593637036625295877e-04 2.488912723492830992e-04 2.532028302084654570e-04 2.615448611322790384e-04 2.446370490361005068e-04 2.461566764395684004e-04 2.439704112475737929e-04 2.475373621564358473e-04 2.639908052515238523e-04 2.138659358024597168e-02 1.487170904874801636e-02 1.238039415329694748e-02 1.544178463518619537e-02 2.285332046449184418e-02
1.850000000000000000e+02 1.753104455807158457e-01 4.150996357202529907e-02 2.183133765356615186e-04 3.790989285334944725e-04 3.432091325521469116e-04 3.366101882420480251e-04 2.950222697108983994e-04 3.234999021515250206e-04 1.964020339073613286e-04 2.029155002674087882e-04 2.105930470861494541e-04 2.133862581104040146e-04 2.687553642317652702e-04 2.346376568311825395e-04 2.305626549059525132e-04 2.356802287977188826e-04 2.362589730182662606e-04 2.521871065255254507e-04 2.592615783214569092e-04 2.542523434385657310e-04 2.440063108224421740e-04 2.482109703123569489e-04 2.563407470006495714e-04 2.395541814621537924e-04 2.409905428066849709e-04 2.388969151070341468e-04 2.423740952508524060e-04 2.583960304036736488e-04 2.131983824074268341e-02 1.483033318072557449e-02 1.233487110584974289e-02 1.539547089487314224e-02 2.282815799117088318e-02
1.860000000000000000e+02 1.734304543877905058e-01 4.121449962258338928e-02 2.127655025105923414e-04 3.748813760466873646e-04 3.359437978360801935e-04 3.291485190857201815e-04 2.916765224654227495e-04 3.242022648919373751e-04 1.948049757629632950e-04 2.010045282077044249e-04 2.087057364406064153e-04 2.115529205184429884e-04 2.658423618413507938e-04 2.307127579115331173e-04 2.267789532197639346e-04 2.319005288882181048e-04 2.323481749044731259e-04 2.477232774253934622e-04 2.539554843679070473e-04 2.490949118509888649e-04 2.390477311564609408e-04 2.431557077215984464e-04 2.510551130399107933e-04 2.344252716284245253e-04 2.357777411816641688e-04 2.337818150408565998e-04 2.371868758928030729e-04 2.527594042476266623e-04 2.125355787575244904e-02 1.478918176144361496e-02 1.228961441665887833e-02 1.534942537546157837e-02 2.280311100184917450e-02
1.870000000000000000e+02 1.715805427664502947e-01 4.092285409569740295e-02 2.072616189252585173e-04 3.706471179611980915e-04 3.290130116511136293e-04 3.219150530640035868e-04 2.885723661165684462e-04 3.247170825488865376e-04 1.930354774231091142e-04 1.989591401070356369e-04 2.066873712465167046e-04 2.095815580105409026e-04 2.627653302624821663e-04 2.266797528136521578e-04 2.228775119874626398e-04 2.279888140037655830e-04 2.283075737068429589e-04 2.431605680612847209e-04 2.486254961695522070e-04 2.439002273604273796e-04 2.340328064747154713e-04 2.380497171543538570e-04 2.457118825986981392e-04 2.292661083629354835e-04 2.305427333340048790e-04 2.286374510731548071e-04 2.319472987437620759e-04 2.470696636009961367e-04 2.118775807321071625e-02 1.474826969206333160e-02 1.224464178085327148e-02 1.530365739017724991e-02 2.277820557355880737e-02
1.880000000000000000e+02 1.697600724309642484e-01 4.063485935330390930e-02 2.018037048401311040e-04 3.663776442408561707e-04 3.223812673240900040e-04 3.149180847685784101e-04 2.856712962966412306e-04 3.250244481023401022e-04 1.911616709548979998e-04 1.967939606402069330e-04 2.045601722784340382e-04 2.074860531138256192e-04 2.595568657852709293e-04 2.225815551355481148e-04 2.188777143601328135e-04 2.239950554212555289e-04 2.241647598566487432e-04 2.384892140980809927e-04 2.432422770652920008e-04 2.386810811003670096e-04 2.289826225023716688e-04 2.328899281565099955e-04 2.403204853180795908e-04 2.240906324004754424e-04 2.252868434879928827e-04 2.234680141555145383e-04 2.266903466079384089e-04 2.413562615402042866e-04 2.112243697047233582e-02 1.470758579671382904e-02 1.219995692372322083e-02 1.525816507637500763e-02 2.275342121720314026e-02
1.890000000000000000e+02 1.679684219366759101e-01 4.035054519772529602e-02 1.964023540494963527e-04 3.621029027272015810e-04 3.160669584758579731e-04 3.081493196077644825e-04 2.829395525623112917e-04 3.250733716413378716e-04 1.891786087071523070e-04 1.945086260093376040e-04 2.022969711106270552e-04 2.052720083156600595e-04 2.561971487011760473e-04 2.184006152674555779e-04 2.147720952052623034e-04 2.198896108893677592e-04 2.199269802076742053e-04 2.337344631087034941e-04 2.378376520937308669e-04 2.334345044801011682e-04 2.238880406366661191e-04 2.276983286719769239e-04 2.348844427615404129e-04 2.189018414355814457e-04 2.200134331360459328e-04 2.182843600166961551e-04 2.214214036939665675e-04 2.356287441216409206e-04 2.105757035315036774e-02 1.466710865497589111e-02 1.215554587543010712e-02 1.521293446421623230e-02 2.272875979542732239e-02
1.900000000000000000e+02 1.662049861495844827e-01 4.006978124380111694e-02 1.910752907861024141e-04 3.578207979444414377e-04 3.100247122347354889e-04 3.016021801158785820e-04 2.803538809530436993e-04 3.248810535296797752e-04 1.870733685791492462e-04 1.921257935464382172e-04 1.999514061026275158e-04 2.029322786256670952e-04 2.527118776924908161e-04 2.141484583262354136e-04 2.106000174535438418e-04 2.156966947950422764e-04 2.155850816052407026e-04 2.289092662977054715e-04 2.324058878002688289e-04 2.281693305121734738e-04 2.187764912378042936e-04 2.224782074335962534e-04 2.294169244123622775e-04 2.137154515367001295e-04 2.147496270481497049e-04 2.130994253093376756e-04 2.161643642466515303e-04 2.299057232448831201e-04 2.099315449595451355e-02 1.462686900049448013e-02 1.211141422390937805e-02 1.516797393560409546e-02 2.270422317087650299e-02
1.910000000000000000e+02 1.644691757353142769e-01 3.979254886507987976e-02 1.858250907389447093e-04 3.534998977556824684e-04 3.042614553123712540e-04 2.953111543320119381e-04 2.778865455184131861e-04 3.244153922423720360e-04 1.848636165959760547e-04 1.896560570457950234e-04 1.974887418327853084e-04 2.004743582801893353e-04 2.490996266715228558e-04 2.098243858199566603e-04 2.063465799437835813e-04 2.114158851327374578e-04 2.111898211296647787e-04 2.240130997961387038e-04 2.269903197884559631e-04 2.229111414635553956e-04 2.136498951585963368e-04 2.172418171539902687e-04 2.239310560980811715e-04 2.085377636831253767e-04 2.095084055326879025e-04 2.079210098600015044e-04 2.109006891259923577e-04 2.241955517092719674e-04 2.092919126152992249e-02 1.458683516830205917e-02 1.206756848841905594e-02 1.512328349053859711e-02 2.267982065677642822e-02
1.920000000000000000e+02 1.627604166666666574e-01 3.951872885227203369e-02 1.806589425541460514e-04 3.491392999421805143e-04 2.987473853863775730e-04 2.892221964430063963e-04 2.755023015197366476e-04 3.236948978155851364e-04 1.825475046643987298e-04 1.870602427516132593e-04 1.949462894117459655e-04 1.979011722141876817e-04 2.453573106322437525e-04 2.054633223451673985e-04 2.020499377977102995e-04 2.070951741188764572e-04 2.067129971692338586e-04 2.190775267081335187e-04 2.215679123764857650e-04 2.176462148781865835e-04 2.085148444166406989e-04 2.119982964359223843e-04 2.184465411119163036e-04 2.033947530435398221e-04 2.042796404566615820e-04 2.027431328315287828e-04 2.056606754194945097e-04 2.184991026297211647e-04 2.086567506194114685e-02 1.454701460897922516e-02 1.202397979795932770e-02 1.507883332669734955e-02 2.265552803874015808e-02
1.930000000000000000e+02 1.610781497489865433e-01 3.924831748008728027e-02 1.755832490744069219e-04 3.447630442678928375e-04 2.934792137239128351e-04 2.833488688338547945e-04 2.731863060034811497e-04 3.227074339520186186e-04 1.801337493816390634e-04 1.843628851929679513e-04 1.922876690514385700e-04 1.952244638232514262e-04 2.414950431557372212e-04 2.010507014347240329e-04 1.976753410417586565e-04 2.027200825978070498e-04 2.021844120463356376e-04 2.141045115422457457e-04 2.161522861570119858e-04 2.124161255778744817e-04 2.033897180808708072e-04 2.067676105070859194e-04 2.129721251549199224e-04 1.982717221835628152e-04 1.990724413190037012e-04 1.976232888409867883e-04 2.004616253543645144e-04 2.128413325408473611e-04 2.080259844660758972e-02 1.450742781162261963e-02 1.198066584765911102e-02 1.503465138375759125e-02 2.263135462999343872e-02
1.940000000000000000e+02 1.594218301626102730e-01 3.898121416568756104e-02 1.706014299998059869e-04 3.403285809326916933e-04 2.884195127990096807e-04 2.776687615551054478e-04 2.709098625928163528e-04 3.214300959371030331e-04 1.776360149960964918e-04 1.816060539567843080e-04 1.895497844088822603e-04 1.924502284964546561e-04 2.375261101406067610e-04 1.965972769539803267e-04 1.932823652168735862e-04 1.982876710826531053e-04 1.976266648853197694e-04 2.090909692924469709e-04 2.107674954459071159e-04 2.072235511150211096e-04 1.982975372811779380e-04 2.015461213886737823e-04 2.075402881018817425e-04 1.931952865561470389e-04 1.939237990882247686e-04 1.925289980135858059e-04 1.953127357410266995e-04 2.072539500659331679e-04 2.073994092643260956e-02 1.446802914142608643e-02 1.193761825561523438e-02 1.499072741717100143e-02 2.260729484260082245e-02
1.950000000000000000e+02 1.577909270216962534e-01 3.871741145849227905e-02 1.657399552641436458e-04 3.358519461471587420e-04 2.835629566106945276e-04 2.721894416026771069e-04 2.686528896447271109e-04 3.199360799044370651e-04 1.750604860717430711e-04 1.787787186913192272e-04 1.867584796855226159e-04 1.895698660518974066e-04 2.334346645511686802e-04 1.921249640872702003e-04 1.888489350676536560e-04 1.938396599143743515e-04 1.930309808813035488e-04 2.040723920799791813e-04 2.054211072390899062e-04 2.020488318521529436e-04 1.932193263201043010e-04 1.963538379641249776e-04 2.021275722654536366e-04 1.881751813925802708e-04 1.888358674477785826e-04 1.874840090749785304e-04 1.901971554616466165e-04 2.017336664721369743e-04 2.067771740257740021e-02 1.442885398864746094e-02 1.189482584595680237e-02 1.494706142693758011e-02 2.258336916565895081e-02
1.960000000000000000e+02 1.561849229487713431e-01 3.845677152276039124e-02 1.609815953997895122e-04 3.313480701763182878e-04 2.788896381389349699e-04 2.668919914867728949e-04 2.664007770363241434e-04 3.181626670993864536e-04 1.724050816847011447e-04 1.758696598699316382e-04 1.838819007389247417e-04 1.866019883891567588e-04 2.292449353262782097e-04 1.876331225503236055e-04 1.843967183958739042e-04 1.893589942483231425e-04 1.884199591586366296e-04 1.990567543543875217e-04 2.001272805500775576e-04 1.969370205188170075e-04 1.881851640064269304e-04 1.912190346047282219e-04 1.967567368410527706e-04 1.832209236454218626e-04 1.838120369939133525e-04 1.825107756303623319e-04 1.851679262472316623e-04 1.962736569112166762e-04 2.061591856181621552e-02 1.438988931477069855e-02 1.185229327529668808e-02 1.490362919867038727e-02 2.255954593420028687e-02
1.970000000000000000e+02 1.546033136643562012e-01 3.819931298494338989e-02 1.563338155392557383e-04 3.268225991632789373e-04 2.743817458394914865e-04 2.617714926600456238e-04 2.641312894411385059e-04 3.161794738844037056e-04 1.696633116807788610e-04 1.729102950775995851e-04 1.809343375498428941e-04 1.835546427173539996e-04 2.249439421575516462e-04 1.831497502280399203e-04 1.799404562916606665e-04 1.848757965490221977e-04 1.837986783357337117e-04 1.940388756338506937e-04 1.948797143995761871e-04 1.918815105454996228e-04 1.831868430599570274e-04 1.861206837929785252e-04 1.914513413794338703e-04 1.783275656634941697e-04 1.788519002730026841e-04 1.775869750417768955e-04 1.802056067390367389e-04 1.909068960230797529e-04 2.055450901389122009e-02 1.435112394392490387e-02 1.181002706289291382e-02 1.486045960336923599e-02 2.253584004938602448e-02
1.980000000000000000e+02 1.530456075910621438e-01 3.794496133923530579e-02 1.518166245659813285e-04 3.222423838451504707e-04 2.700451877899467945e-04 2.568231138866394758e-04 2.618324360810220242e-04 3.139828622806817293e-04 1.668711629463359714e-04 1.698805717751383781e-04 1.779352460289373994e-04 1.804306230042129755e-04 2.205505734309554100e-04 1.786622160580009222e-04 1.754834956955164671e-04 1.803997874958440661e-04 1.791850663721561432e-04 1.890587445814162493e-04 1.896931935334578156e-04 1.868822582764551044e-04 1.782618783181533217e-04 1.810791291063651443e-04 1.862160424934700131e-04 1.735166006255894899e-04 1.739751605782657862e-04 1.727447815937921405e-04 1.753191318130120635e-04 1.856298913480713964e-04 2.049353159964084625e-02 1.431255694478750229e-02 1.176802348345518112e-02 1.481754705309867859e-02 2.251223661005496979e-02
1.990000000000000000e+02 1.515113254715790003e-01 3.769365698099136353e-02 1.474290038459002972e-04 3.176433383487164974e-04 2.658371813595294952e-04 2.520222624298185110e-04 2.594860852696001530e-04 3.115868312306702137e-04 1.640042610233649611e-04 1.668214972596615553e-04 1.748814684106037021e-04 1.772428950062021613e-04 2.160687872674316168e-04 1.741945889079943299e-04 1.710356445983052254e-04 1.759277947712689638e-04 1.745937915984541178e-04 1.841041084844619036e-04 1.845937076723203063e-04 1.819563476601615548e-04 1.734050019877031446e-04 1.761061139404773712e-04 1.810649409890174866e-04 1.687836775090545416e-04 1.691931538516655564e-04 1.680013519944623113e-04 1.705344620859250426e-04 1.804604689823463559e-04 2.043294161558151245e-02 1.427418831735849380e-02 1.172627415508031845e-02 1.477484777569770813e-02 2.248877100646495819e-02
2.000000000000000000e+02 1.499999999999999944e-01 3.744530677795410156e-02 1.431672426406294107e-04 3.130201948806643486e-04 2.617621794342994690e-04 2.473636122886091471e-04 2.571064396761357784e-04 3.089930978603661060e-04 1.611099578440189362e-04 1.637019158806651831e-04 1.717719569569453597e-04 1.739973085932433605e-04 2.115129173034802079e-04 1.697380939731374383e-04 1.666027819737792015e-04 1.714858080958947539e-04 1.700183202046900988e-04 1.791945105651393533e-04 1.795679272618144751e-04 1.771270326571539044e-04 1.686034374870359898e-04 1.712178054731339216e-04 1.759960432536900043e-04 1.641676208237186074e-04 1.645164447836577892e-04 1.633468637010082603e-04 1.658393302932381630e-04 1.754137483658269048e-04 2.037273347377777100e-02 1.423604134470224380e-02 1.168478094041347504e-02 1.473239623010158539e-02 2.246540226042270660e-02
2.010000000000000000e+02 1.485111754659538263e-01 3.719995915889739990e-02 1.390448014717549086e-04 3.083694027736783028e-04 2.577995473984628916e-04 2.428502484690397978e-04 2.546602336224168539e-04 3.062479372601956129e-04 1.581706892466172576e-04 1.605563593329861760e-04 1.686369796516373754e-04 1.707038463791832328e-04 2.068735484499484301e-04 1.653332728892564774e-04 1.622160343686118722e-04 1.670632191235199571e-04 1.654866791795939207e-04 1.743415050441399217e-04 1.746284688124433160e-04 1.723848545225337148e-04 1.638992107473313808e-04 1.664234441705048084e-04 1.710152719169855118e-04 1.596469373907893896e-04 1.599403622094541788e-04 1.587933511473238468e-04 1.612651249160990119e-04 1.704751484794542193e-04 2.031291835010051727e-02 1.419807970523834229e-02 1.164351496845483780e-02 1.469020266085863113e-02 2.244214341044425964e-02
2.020000000000000000e+02 1.470444074110381361e-01 3.695745021104812622e-02 1.350534876110032201e-04 3.037019923795014620e-04 2.539533888921141624e-04 2.384654508205130696e-04 2.521502028685063124e-04 3.033363318536430597e-04 1.551571185700595379e-04 1.573897170601412654e-04 1.654789375606924295e-04 1.673517544986680150e-04 2.021684049395844340e-04 1.609754399396479130e-04 1.578540104674175382e-04 1.626746379770338535e-04 1.609906321391463280e-04 1.695426908554509282e-04 1.698043779470026493e-04 1.677281106822192669e-04 1.592875923961400986e-04 1.617085363250225782e-04 1.661560090724378824e-04 1.552281028125435114e-04 1.554753980599343777e-04 1.543394464533776045e-04 1.567820145282894373e-04 1.656701351748779416e-04 2.025351859629154205e-02 1.416029781103134155e-02 1.160250790417194366e-02 1.464824192225933075e-02 2.241898514330387115e-02
2.030000000000000000e+02 1.455992622970710415e-01 3.671782463788986206e-02 1.311926607741042972e-04 2.990360371768474579e-04 2.501949784345924854e-04 2.341949002584442496e-04 2.495745429769158363e-04 3.002965240739285946e-04 1.521645463071763515e-04 1.541901583550497890e-04 1.622752606635913253e-04 1.639914698898792267e-04 1.974097394850105047e-04 1.566669670864939690e-04 1.535522169433534145e-04 1.583502162247896194e-04 1.565653074067085981e-04 1.648237084737047553e-04 1.650785416131839156e-04 1.631770574022084475e-04 1.547604479128494859e-04 1.571061438880860806e-04 1.614093489479273558e-04 1.509252033429220319e-04 1.511384907644242048e-04 1.500018988735973835e-04 1.524308900116011500e-04 1.609845203347504139e-04 2.019447088241577148e-02 1.412271521985530853e-02 1.156175509095191956e-02 1.460650656372308731e-02 2.239596843719482422e-02
2.040000000000000000e+02 1.441753171856978155e-01 3.648098185658454895e-02 1.275001122849062085e-04 2.943610306829214096e-04 2.465093566570430994e-04 2.300254418514668941e-04 2.469361061230301857e-04 2.971217327285557985e-04 1.491120347054675221e-04 1.509881840320304036e-04 1.590651663718745112e-04 1.605917786946520209e-04 1.926134573295712471e-04 1.523963146610185504e-04 1.493002928327769041e-04 1.540798402857035398e-04 1.521819212939590216e-04 1.601826515980064869e-04 1.604675053386017680e-04 1.587438455317169428e-04 1.503473758930340409e-04 1.526135893072932959e-04 1.567720319144427776e-04 1.467425026930868626e-04 1.469134149374440312e-04 1.457980542909353971e-04 1.481978979427367449e-04 1.564433332532644272e-04 2.013582177460193634e-02 1.408534776419401169e-02 1.152123603969812393e-02 1.456501521170139313e-02 2.237302623689174652e-02
2.050000000000000000e+02 1.427721594289113605e-01 3.624688833951950073e-02 1.239381235791370273e-04 2.896778751164674759e-04 2.429147280054166913e-04 2.259501779917627573e-04 2.441797114443033934e-04 2.938320976682007313e-04 1.460524799767881632e-04 1.477680198149755597e-04 1.558364747324958444e-04 1.571911852806806564e-04 1.877907488960772753e-04 1.482281513744965196e-04 1.451052667107433081e-04 1.498643541708588600e-04 1.478918566135689616e-04 1.556514180265367031e-04 1.559773227199912071e-04 1.544172555441036820e-04 1.460304047213867307e-04 1.482394145568832755e-04 1.522638631286099553e-04 1.426906237611547112e-04 1.428198447683826089e-04 1.417078310623764992e-04 1.440947526134550571e-04 1.520351361250504851e-04 2.007753588259220123e-02 1.404814142733812332e-02 1.148096378892660141e-02 1.452375855296850204e-02 2.235020138323307037e-02
2.060000000000000000e+02 1.413893863700631526e-01 3.601549938321113586e-02 1.205177686642855406e-04 2.850060991477221251e-04 2.393707109149545431e-04 2.219800953753292561e-04 2.413920301478356123e-04 2.904040156863629818e-04 1.430027623428031802e-04 1.445584057364612818e-04 1.526095729786902666e-04 1.537625503260642290e-04 1.829504180932417512e-04 1.441300410078838468e-04 1.409867400070652366e-04 1.457304024370387197e-04 1.436827296856790781e-04 1.512035669293254614e-04 1.516156771685928106e-04 1.502151862950995564e-04 1.418477622792124748e-04 1.439820771338418126e-04 1.478712802054360509e-04 1.387692173011600971e-04 1.388559176120907068e-04 1.377291628159582615e-04 1.401113258907571435e-04 1.477573678130283952e-04 2.001960389316082001e-02 1.401114370673894882e-02 1.144092623144388199e-02 1.448271702975034714e-02 2.232747524976730347e-02
2.070000000000000000e+02 1.400266050549604513e-01 3.578677773475646973e-02 1.172450211015529931e-04 2.803276001941412687e-04 2.358718338655307889e-04 2.180711016990244389e-04 2.385042316745966673e-04 2.868876908905804157e-04 1.399358880007639527e-04 1.413479476468637586e-04 1.493714662501588464e-04 1.503552630310878158e-04 1.781198516255244613e-04 1.400961482431739569e-04 1.369482488371431828e-04 1.416715967934578657e-04 1.395422732457518578e-04 1.468511327402666211e-04 1.473715383326634765e-04 1.461200445191934705e-04 1.377727749058976769e-04 1.398553722538053989e-04 1.436316670151427388e-04 1.349709200439974666e-04 1.350267266388982534e-04 1.339094887953251600e-04 1.362598850391805172e-04 1.436406600987538695e-04 1.996203698217868805e-02 1.397432480007410049e-02 1.140111219137907028e-02 1.444192789494991302e-02 2.230487577617168427e-02
2.080000000000000000e+02 1.386834319526627224e-01 3.556066751480102539e-02 1.141132233897224069e-04 2.756883332040160894e-04 2.324316155863925815e-04 2.142334124073386192e-04 2.355586475459858775e-04 2.832591417245566845e-04 1.368617377011105418e-04 1.381476904498413205e-04 1.461429783375933766e-04 1.469497947255149484e-04 1.732826058287173510e-04 1.361695904051885009e-04 1.329845690634101629e-04 1.377006119582802057e-04 1.355048152618110180e-04 1.426176895620301366e-04 1.432637363905087113e-04 1.421717024641111493e-04 1.338316506007686257e-04 1.358685549348592758e-04 1.395155413774773479e-04 1.313091488555073738e-04 1.313560205744579434e-04 1.302098971791565418e-04 1.325516495853662491e-04 1.396580482833087444e-04 1.990481838583946228e-02 1.393769029527902603e-02 1.136155892163515091e-02 1.440133620053529739e-02 2.228235639631748199e-02
2.090000000000000000e+02 1.373594926856070153e-01 3.533714637160301208e-02 1.111093151848763227e-04 2.710771223064512014e-04 2.290412667207419872e-04 2.104821905959397554e-04 2.325496607227250934e-04 2.795241889543831348e-04 1.338071451755240560e-04 1.349519880022853613e-04 1.429285184713080525e-04 1.435517478967085481e-04 1.684841699898242950e-04 1.323366013821214437e-04 1.291095250053331256e-04 1.338200963800773025e-04 1.315669942414388061e-04 1.384920906275510788e-04 1.393051643390208483e-04 1.383274648105725646e-04 1.300101575907319784e-04 1.320028823101893067e-04 1.355286221951246262e-04 1.277861010748893023e-04 1.277993433177471161e-04 1.266498438781127334e-04 1.289842766709625721e-04 1.358131848974153399e-04 1.984796859323978424e-02 1.390124298632144928e-02 1.132222265005111694e-02 1.436096709221601486e-02 2.225993946194648743e-02
2.100000000000000000e+02 1.360544217687074953e-01 3.511613607406616211e-02 1.082631933968514204e-04 2.664851490408182144e-04 2.256863517686724663e-04 2.067712484858930111e-04 2.294678706675767899e-04 2.756846370175480843e-04 1.307438360527157784e-04 1.318033464485779405e-04 1.397415035171434283e-04 1.401930785505101085e-04 1.637333189137279987e-04 1.285895123146474361e-04 1.253203226951882243e-04 1.300243166042491794e-04 1.277402479900047183e-04 1.344891788903623819e-04 1.354782289126887918e-04 1.346236676909029484e-04 1.263314625248312950e-04 1.282814482692629099e-04 1.316838315688073635e-04 1.243931765202432871e-04 1.243945589521899819e-04 1.232295180670917034e-04 1.255361275980249047e-04 1.321175077464431524e-04 1.979145035147666931e-02 1.386497169733047485e-02 1.128311920911073685e-02 1.432084199041128159e-02 2.223764173686504364e-02
2.110000000000000000e+02 1.347678623570899015e-01 3.489761427044868469e-02 1.055575266946107149e-04 2.619137521833181381e-04 2.223530173068866134e-04 2.031159237958490849e-04 2.263264759676530957e-04 2.717495663091540337e-04 1.277344272239133716e-04 1.286641199840232730e-04 1.365562784485518932e-04 1.368466619169339538e-04 1.590065949130803347e-04 1.249700726475566626e-04 1.216586824739351869e-04 1.263276499230414629e-04 1.240015990333631635e-04 1.306117192143574357e-04 1.317775604547932744e-04 1.310549414483830333e-04 1.227662869496271014e-04 1.246903411811217666e-04 1.279851276194676757e-04 1.211346898344345391e-04 1.211199924000538886e-04 1.199452090077102184e-04 1.222319260705262423e-04 1.285655162064358592e-04 1.973527669906616211e-02 1.382889691740274429e-02 1.124425604939460754e-02 1.428093016147613525e-02 2.221543900668621063e-02
2.120000000000000000e+02 1.334994660021359969e-01 3.468155488371849060e-02 1.029789709718897939e-04 2.573839738033711910e-04 2.190570376114919782e-04 1.995122001972049475e-04 2.231199032394215465e-04 2.677084121387451887e-04 1.247347536263987422e-04 1.255591341760009527e-04 1.334170374320819974e-04 1.335481210844591260e-04 1.543638936709612608e-04 1.214449293911457062e-04 1.180928811663761735e-04 1.227542670676484704e-04 1.203911015181802213e-04 1.268555788556113839e-04 1.282477460335940123e-04 1.276314287679269910e-04 1.193504140246659517e-04 1.212516581290401518e-04 1.244224258698523045e-04 1.180303224828094244e-04 1.179926184704527259e-04 1.168042581412009895e-04 1.190506663988344371e-04 1.251540379598736763e-04 1.967946067452430725e-02 1.379298046231269836e-02 1.120561081916093826e-02 1.424122694879770279e-02 2.219332754611968994e-02
2.130000000000000000e+02 1.322488924155260093e-01 3.446790575981140137e-02 1.005391241051256657e-04 2.528843178879469633e-04 2.157727576559409499e-04 1.959400979103520513e-04 2.198580768890678883e-04 2.635646669659763575e-04 1.217673780047334731e-04 1.224957959493622184e-04 1.302962627960368991e-04 1.302810269407927990e-04 1.497784542152658105e-04 1.180355684482492507e-04 1.146183276432566345e-04 1.192728377645835280e-04 1.168951421277597547e-04 1.232223148690536618e-04 1.248386397492140532e-04 1.243203441845253110e-04 1.160597530542872846e-04 1.179442842840217054e-04 1.210020127473399043e-04 1.150400130427442491e-04 1.150052921730093658e-04 1.137943909270688891e-04 1.160224419436417520e-04 1.218820689246058464e-04 1.962395571172237396e-02 1.375724375247955322e-02 1.116719748824834824e-02 1.420173048973083496e-02 2.217131480574607849e-02
2.140000000000000000e+02 1.310158092409817454e-01 3.425662592053413391e-02 9.821694402489811182e-05 2.484381257090717554e-04 2.125030296156182885e-04 1.924104872159659863e-04 2.165563346352428198e-04 2.593142562545835972e-04 1.188360984087921679e-04 1.194704891531728208e-04 1.272195659112185240e-04 1.270623906748369336e-04 1.453068252885714173e-04 1.147347065852954984e-04 1.112634126911871135e-04 1.159100938821211457e-04 1.135093407356180251e-04 1.197122255689464509e-04 1.215794618474319577e-04 1.211428680107928813e-04 1.129156153183430433e-04 1.147930015577003360e-04 1.177188751171343029e-04 1.122149988077580929e-04 1.121504392358474433e-04 1.109226068365387619e-04 1.131181488744914532e-04 1.187574816867709160e-04 1.956879720091819763e-02 1.372167561203241348e-02 1.112899370491504669e-02 1.416246965527534485e-02 2.214940823614597321e-02
2.150000000000000000e+02 1.297998918334234697e-01 3.404768556356430054e-02 9.602944919606670737e-05 2.440392709104344249e-04 2.092598733725026250e-04 1.889254053821787238e-04 2.132134250132367015e-04 2.549483324401080608e-04 1.159475214080885053e-04 1.164991554105654359e-04 1.241848513018339872e-04 1.239027915289625525e-04 1.409095129929482937e-04 1.115595368901267648e-04 1.080338552128523588e-04 1.126416900660842657e-04 1.102511814679019153e-04 1.163389388239011168e-04 1.184718421427533031e-04 1.181023108074441552e-04 1.099045985029079020e-04 1.117694337153807282e-04 1.145744754467159510e-04 1.095086554414592683e-04 1.094337640097364783e-04 1.081993759726174176e-04 1.103561153286136687e-04 1.157593869720585644e-04 1.951395533978939056e-02 1.368629373610019684e-02 1.109100971370935440e-02 1.412340719252824783e-02 2.212758734822273254e-02
2.160000000000000000e+02 1.286008230452674872e-01 3.384104743599891663e-02 9.394269000040367246e-05 2.397107164142653346e-04 2.060428087133914232e-04 1.854703150456771255e-04 2.098387049045413733e-04 2.504792064428329468e-04 1.130946329794824123e-04 1.135651837103068829e-04 1.212005299748852849e-04 1.207909372169524431e-04 1.366059586871415377e-04 1.084945106413215399e-04 1.049176935339346528e-04 1.094880499294959009e-04 1.071247243089601398e-04 1.130912423832342029e-04 1.154821002273820341e-04 1.152020195149816573e-04 1.070335420081391931e-04 1.088817734853364527e-04 1.115679187932983041e-04 1.069305944838561118e-04 1.068457495421171188e-04 1.055955217452719808e-04 1.077121414709836245e-04 1.128956646425649524e-04 1.945943385362625122e-02 1.365106273442506790e-02 1.105325762182474136e-02 1.408455986529588699e-02 2.210587076842784882e-02
2.170000000000000000e+02 1.274182930196011698e-01 3.363668546080589294e-02 9.199464693665504456e-05 2.354405442019924521e-04 2.028485323535278440e-04 1.820666511775925756e-04 2.064451109617948532e-04 2.459267852827906609e-04 1.103193353628739715e-04 1.106959825847297907e-04 1.182513806270435452e-04 1.177255617221817374e-04 1.324268669122830033e-04 1.055404427461326122e-04 1.019038245431147516e-04 1.064498501364141703e-04 1.040910283336415887e-04 1.099726432585157454e-04 1.126482893596403301e-04 1.124230911955237389e-04 1.042899530148133636e-04 1.061407892848365009e-04 1.086976117221638560e-04 1.044892633217386901e-04 1.043972515617497265e-04 1.031248393701389432e-04 1.052057268680073321e-04 1.101704474422149360e-04 1.940524578094482422e-02 1.361602917313575745e-02 1.101571600884199142e-02 1.404593233019113541e-02 2.208425290882587433e-02
2.180000000000000000e+02 1.262519989899840156e-01 3.343451768159866333e-02 9.015782416099682450e-05 2.312410506419837475e-04 1.996614882955327630e-04 1.786856446415185928e-04 2.030418836511671543e-04 2.412598114460706711e-04 1.075701729860156775e-04 1.078952336683869362e-04 1.153808989329263568e-04 1.147398943430744112e-04 1.283576712012290955e-04 1.027239850373007357e-04 9.901628800434991717e-05 1.035444220178760588e-04 1.012055508908815682e-04 1.069754434865899384e-04 1.099469373002648354e-04 1.097767162718810141e-04 1.016839960357174277e-04 1.035290842992253602e-04 1.059568021446466446e-04 1.021760472212918103e-04 1.020633280859328806e-04 1.007827595458365977e-04 1.028177575790323317e-04 1.075821564882062376e-04 1.935134083032608032e-02 1.358114741742610931e-02 1.097840536385774612e-02 1.400749664753675461e-02 2.206272445619106293e-02
2.190000000000000000e+02 1.251016450866328789e-01 3.323456272482872009e-02 8.841438102535903454e-05 2.270964178023859859e-04 1.964983093785122037e-04 1.753440446918830276e-04 1.996006612898781896e-04 2.364908868912607431e-04 1.048771882778964937e-04 1.051340077538043261e-04 1.125369308283552527e-04 1.118045984185300767e-04 1.244165468961000443e-04 1.000125994323752820e-04 9.625859820516780019e-05 1.007417231448926032e-04 9.843357111094519496e-05 1.041130672092549503e-04 1.073804742190986872e-04 1.072560480679385364e-04 9.920980664901435375e-05 1.010482737910933793e-04 1.033509543049149215e-04 9.999372559832409024e-05 9.987031808122992516e-05 9.857800614554435015e-05 1.005508020170964301e-04 1.051064318744465709e-04 1.929778046905994415e-02 1.354644168168306351e-02 1.094129495322704315e-02 1.396927051246166229e-02 2.204130031168460846e-02
2.200000000000000000e+02 1.239669421487603340e-01 3.303675726056098938e-02 8.677256118971854448e-05 2.230382960988208652e-04 1.933641324285417795e-04 1.720591390039771795e-04 1.961651432793587446e-04 2.316435711691156030e-04 1.022635115077719092e-04 1.024418961605988443e-04 1.097750064218416810e-04 1.089396755560301244e-04 1.206138986162841320e-04 9.742320253280922771e-05 9.360307740280404687e-05 9.806187154026702046e-05 9.578339813742786646e-05 1.013695000438019633e-04 1.049485144903883338e-04 1.048540143528953195e-04 9.685874101705849171e-05 9.870237408904358745e-05 1.008695980999618769e-04 9.791660704649984837e-05 9.778268577065318823e-05 9.648831473896279931e-05 9.840939310379326344e-05 1.027602411340922117e-04 1.924452185630798340e-02 1.351189427077770233e-02 1.090439036488533020e-02 1.393126416951417923e-02 2.201996557414531708e-02
2.210000000000000000e+02 1.228476075428431014e-01 3.284107521176338196e-02 8.523096039425581694e-05 2.190581726608797908e-04 1.902481599245220423e-04 1.687885669525712729e-04 1.927322591654956341e-04 2.267161326017230749e-04 9.968618542188778520e-05 9.983389463741332293e-05 1.070773141691461205e-04 1.061452858266420662e-04 1.169179304270073771e-04 9.494347614236176014e-05 9.109210077440366149e-05 9.548902744427323341e-05 9.324628626927733421e-05 9.875349496724084020e-05 1.026456884574145079e-04 1.025871024467051029e-04 9.464056347496807575e-05 9.648432751419022679e-05 9.852190123638138175e-05 9.595626033842563629e-05 9.582428901921957731e-05 9.450979996472597122e-05 9.637789480620995164e-05 1.005496014840900898e-04 1.919154077768325806e-02 1.347751915454864502e-02 1.086770370602607727e-02 1.389344036579132080e-02 2.199870161712169647e-02
2.220000000000000000e+02 1.217433649866082324e-01 3.264746814966201782e-02 8.378112397622317076e-05 2.151534426957368851e-04 1.871383428806439042e-04 1.655761734582483768e-04 1.892929576570168138e-04 2.217095025116577744e-04 9.718446381157264113e-05 9.728078293846920133e-05 1.044356395141221583e-04 1.034272136166691780e-04 1.133631958509795368e-04 9.258486534235998988e-05 8.867646101862192154e-05 9.302785474574193358e-05 9.085095371119678020e-05 9.624949598219245672e-05 1.004600708256475627e-04 1.004144069156609476e-04 9.254078759113326669e-05 9.438100823899731040e-05 9.629757551010698080e-05 9.410688653588294983e-05 9.397129906574264169e-05 9.265202243113890290e-05 9.445515752304345369e-05 9.844128362601622939e-05 1.913888193666934967e-02 1.344329584389925003e-02 1.083122845739126205e-02 1.385582610964775085e-02 2.197753638029098511e-02
2.230000000000000000e+02 1.206539443785316357e-01 3.245594725012779236e-02 8.242634794441983104e-05 2.113274094881489873e-04 1.840758195612579584e-04 1.623981224838644266e-04 1.858770701801404357e-04 2.166585327358916402e-04 9.474090620642527938e-05 9.479613072471693158e-05 1.018538678181357682e-04 1.007798782666213810e-04 1.099392247851938009e-04 9.033743117470294237e-05 8.637017162982374430e-05 9.068127110367640853e-05 8.854711632011458278e-05 9.386595775140449405e-05 9.839830454438924789e-05 9.837832476478070021e-05 9.056267299456521869e-05 9.239382052328437567e-05 9.417335968464612961e-05 9.237536141881719232e-05 9.221772779710590839e-05 9.090450475923717022e-05 9.263984247809275985e-05 9.644478996051475406e-05 1.908651925623416901e-02 1.340925320982933044e-02 1.079494040459394455e-02 1.381838973611593246e-02 2.195647358894348145e-02
2.240000000000000000e+02 1.195790816326530587e-01 3.226643428206443787e-02 8.116537355817854404e-05 2.075986412819474936e-04 1.810357498470693827e-04 1.592841290403157473e-04 1.824946666602045298e-04 2.115418174071237445e-04 9.240034705726429820e-05 9.240915824193507433e-05 9.934979607351124287e-05 9.821123967412859201e-05 1.066613986040465534e-04 8.819568756734952331e-05 8.420558151556178927e-05 8.844656258588656783e-05 8.638040162622928619e-05 9.159678302239626646e-05 9.646675607655197382e-05 9.643586963647976518e-05 8.868810255080461502e-05 9.053704707184806466e-05 9.217928163707256317e-05 9.074647823581472039e-05 9.057467104867100716e-05 8.926894224714487791e-05 9.093482367461547256e-05 9.457661508349701762e-05 1.903443969786167145e-02 1.337535586208105087e-02 1.075888611376285553e-02 1.378117222338914871e-02 2.193550392985343933e-02
2.250000000000000000e+02 1.185185185185185230e-01 3.207890689373016357e-02 7.997267675818875432e-05 2.039425162365660071e-04 1.780061720637604594e-04 1.562064426252618432e-04 1.791181130101904273e-04 2.063935535261407495e-04 9.010019130073487759e-05 9.007638436742126942e-05 9.692907769931480289e-05 9.571683767717331648e-05 1.035069290082901716e-04 8.618641004431992769e-05 8.215763227781280875e-05 8.631651871837675571e-05 8.431353489868342876e-05 8.944112778408452868e-05 9.462686284678056836e-05 9.460739238420501351e-05 8.694818097865208983e-05 8.877775690052658319e-05 9.030877117766067386e-05 8.921186235966160893e-05 8.904626884032040834e-05 8.772336877882480621e-05 8.932585478760302067e-05 9.280288941226899624e-05 1.898266002535820007e-02 1.334161777049303055e-02 1.072302181273698807e-02 1.374414283782243729e-02 2.191462181508541107e-02
2.260000000000000000e+02 1.174720025060693868e-01 3.189336508512496948e-02 7.884664955781772733e-05 2.003782137762755156e-04 1.750324154272675514e-04 1.531836023787036538e-04 1.757770660333335400e-04 2.012105833273380995e-04 8.787350816419348121e-05 8.783247903920710087e-05 9.456810221308842301e-05 9.329983731731772423e-05 1.004678997560404241e-04 8.426157728536054492e-05 8.020198583835735917e-05 8.429952140431851149e-05 8.235934365075081587e-05 8.740575867705047131e-05 9.290564048569649458e-05 9.288433648180216551e-05 8.529882325092330575e-05 8.714297291589900851e-05 8.853579493006691337e-05 8.777310722507536411e-05 8.758879266679286957e-05 8.629201329313218594e-05 8.781359065324068069e-05 9.112757106777280569e-05 1.893115602433681488e-02 1.330804824829101562e-02 1.068735495209693909e-02 1.370731648057699203e-02 2.189380116760730743e-02
2.270000000000000000e+02 1.164392866153040051e-01 3.170976787805557251e-02 7.780739542795345187e-05 1.968962751561775804e-04 1.720759901218116283e-04 1.502040540799498558e-04 1.724706962704658508e-04 1.960334775503724813e-04 8.573960803914815187e-05 8.566233009332790971e-05 9.228608541889116168e-05 9.096055146073922515e-05 9.757919906405732036e-05 8.242422336479648948e-05 7.837028533685952425e-05 8.237749716499820352e-05 8.051734766922891140e-05 8.547584002371877432e-05 9.128684177994728088e-05 9.126002987613901496e-05 8.376406185561791062e-05 8.559179696021601558e-05 8.687434456078335643e-05 8.643267938168719411e-05 8.624171459814533591e-05 8.493836503475904465e-05 8.639051520731300116e-05 8.956899546319618821e-05 1.887994445860385895e-02 1.327463146299123764e-02 1.065189018845558167e-02 1.367067545652389526e-02 2.187309600412845612e-02
2.280000000000000000e+02 1.154201292705447773e-01 3.152805566787719727e-02 7.683737931074574590e-05 1.935322798090055585e-04 1.691637153271585703e-04 1.472852891311049461e-04 1.692137884674593806e-04 1.908585400087758899e-04 8.365383837372064590e-05 8.356361649930477142e-05 9.006740583572536707e-05 8.870119199855253100e-05 9.481977031100541353e-05 8.070999319897964597e-05 7.663942233193665743e-05 8.056298975134268403e-05 7.877238385844975710e-05 8.363735105376690626e-05 8.976436220109462738e-05 8.972088107839226723e-05 8.232155960286036134e-05 8.415999764110893011e-05 8.531143976142629981e-05 8.516831439919769764e-05 8.496963710058480501e-05 8.367366535821929574e-05 8.505635923938825727e-05 8.808607526589184999e-05 1.882901601493358612e-02 1.324136275798082352e-02 1.061661075800657272e-02 1.363421045243740082e-02 2.185246907174587250e-02
2.290000000000000000e+02 1.144142941591502899e-01 3.134823217988014221e-02 7.593660120619460940e-05 1.902367075672373176e-04 1.662822614889591932e-04 1.444366935174912214e-04 1.659895933698862791e-04 1.857068418757990003e-04 8.164349128492176533e-05 8.155540126608684659e-05 8.794233144726604223e-05 8.652792894281446934e-05 9.218364721164107323e-05 7.909151463536545634e-05 7.501022628275677562e-05 7.885644299676641822e-05 7.713346712989732623e-05 8.190258085960522294e-05 8.834885375108569860e-05 8.828729187371209264e-05 8.098451507976278663e-05 8.280377369374036789e-05 8.384593093069270253e-05 8.398004138143733144e-05 8.378668280784040689e-05 8.250221435446292162e-05 8.380228246096521616e-05 8.669867384014651179e-05 1.877836510539054871e-02 1.320824585855007172e-02 1.058155857026576996e-02 1.359796244651079178e-02 2.183192968368530273e-02
2.300000000000000000e+02 1.134215500945179589e-01 3.117024712264537811e-02 7.509616989409551024e-05 1.870458072517067194e-04 1.634465297684073448e-04 1.416355225956067443e-04 1.628212630748748779e-04 1.805937790777534246e-04 7.973500032676383853e-05 7.962460949784144759e-05 8.588189666625112295e-05 8.441246609436348081e-05 8.965870802057906985e-05 7.756400736980140209e-05 7.348533836193382740e-05 7.723367161815986037e-05 7.559375808341428638e-05 8.026283467188477516e-05 8.701879414729773998e-05 8.693519339431077242e-05 7.971601007739081979e-05 8.153582894010469317e-05 8.246916695497930050e-05 8.286481170216575265e-05 8.266873192042112350e-05 8.141302532749250531e-05 8.262805931735783815e-05 8.540632552467286587e-05 1.872799731791019440e-02 1.317528542131185532e-02 1.054667122662067413e-02 1.356188487261533737e-02 2.181148156523704529e-02
2.310000000000000000e+02 1.124416708832293305e-01 3.099410980939865112e-02 7.430724508594721556e-05 1.839317410485818982e-04 1.606486621312797070e-04 1.389099634252488613e-04 1.597012596903368831e-04 1.755285629769787192e-04 7.787112554069608450e-05 7.777207065373659134e-05 8.390752918785437942e-05 8.240164606831967831e-05 8.726626401767134666e-05 7.612646004417911172e-05 7.205593283288180828e-05 7.571215246571227908e-05 7.415007712552323937e-05 7.872533024055883288e-05 8.577549306210130453e-05 8.567053009755909443e-05 7.855830335756763816e-05 8.035070641199126840e-05 8.119115955196321011e-05 8.183310274034738541e-05 8.163091843016445637e-05 8.039716340135782957e-05 8.153257658705115318e-05 8.418130164500325918e-05 1.867787167429924011e-02 1.314247958362102509e-02 1.051199715584516525e-02 1.352599728852510452e-02 2.179110050201416016e-02
2.320000000000000000e+02 1.114744351961950014e-01 3.081973828375339508e-02 7.356946298386901617e-05 1.808935630833730102e-04 1.578874944243580103e-04 1.362375041935592890e-04 1.566371356602758169e-04 1.705437462078407407e-04 7.608811574755236506e-05 7.599950913572683930e-05 8.201013406505808234e-05 8.046071161516010761e-05 8.498497481923550367e-05 7.477018516510725021e-05 7.071681466186419129e-05 7.429682591464370489e-05 7.277476106537505984e-05 7.727617776254191995e-05 8.460289245704188943e-05 8.448478183709084988e-05 7.746644405415281653e-05 7.925835234345868230e-05 7.999302761163562536e-05 8.086589514277875423e-05 8.065839210757985711e-05 7.944497338030487299e-05 8.050409815041348338e-05 8.304396033054217696e-05 1.862804032862186432e-02 1.310981251299381256e-02 1.047750003635883331e-02 1.349028013646602631e-02 2.177080325782299042e-02
2.330000000000000000e+02 1.105196264436626163e-01 3.064715489745140076e-02 7.289396307896822691e-05 1.779562735464423895e-04 1.551701861899346113e-04 1.336281420662999153e-04 1.536228664917871356e-04 1.656101958360522985e-04 7.437768363161012530e-05 7.430715777445584536e-05 8.017134678084403276e-05 7.858827302698045969e-05 8.281467307824641466e-05 7.350285886786878109e-05 6.946784560568630695e-05 7.295122486539185047e-05 7.150736200856044888e-05 7.591772009618580341e-05 8.352372969966381788e-05 8.335278835147619247e-05 7.644682045793160796e-05 7.823621126590296626e-05 7.888308027759194374e-05 7.995561463758349419e-05 7.974987238412722945e-05 7.855594594730064273e-05 7.955307955853641033e-05 8.197661372832953930e-05 1.857846044003963470e-02 1.307730749249458313e-02 1.044320315122604370e-02 1.345475856214761734e-02 2.175059914588928223e-02
2.340000000000000000e+02 1.095770326539557277e-01 3.047629445791244507e-02 7.226084562717005610e-05 1.750836818246170878e-04 1.524991239421069622e-04 1.310819934587925673e-04 1.506642438471317291e-04 1.607664598850533366e-04 7.276154065039008856e-05 7.267243927344679832e-05 7.843409548513591290e-05 7.682272553211078048e-05 8.075469668256118894e-05 7.229141920106485486e-05 6.831918290117755532e-05 7.167285366449505091e-05 7.032649591565132141e-05 7.463001384167000651e-05 8.249733946286141872e-05 8.232318941736593843e-05 7.550840382464230061e-05 7.729142816970124841e-05 7.782390457578003407e-05 7.910108251962810755e-05 7.889555126894265413e-05 7.773037214064970613e-05 7.864210783736780286e-05 8.096843521343544126e-05 1.852915622293949127e-02 1.304493565112352371e-02 1.040908880531787872e-02 1.341941952705383301e-02 2.173047512769699097e-02
2.350000000000000000e+02 1.086464463558171056e-01 3.030717000365257263e-02 7.166849536588415504e-05 1.722844899632036686e-04 1.498889614595100284e-04 1.286091282963752747e-04 1.477573823649436235e-04 1.560244563734158874e-04 7.119689689716324210e-05 7.112234743544831872e-05 7.675229426240548491e-05 7.511470175813883543e-05 7.879754411987960339e-05 7.119207293726503849e-05 6.723750266246497631e-05 7.049857231322675943e-05 6.921718158992007375e-05 7.343624747591093183e-05 8.154392708092927933e-05 8.134502422763034701e-05 7.463357906090095639e-05 7.640421245014294982e-05 7.686687604291364551e-05 7.830621325410902500e-05 7.810512761352583766e-05 7.696430111536756158e-05 7.780061423545703292e-05 8.001628884812816978e-05 1.848008856177330017e-02 1.301272213459014893e-02 1.037516351789236069e-02 1.338425371795892715e-02 2.171043865382671356e-02
2.360000000000000000e+02 1.077276644642344156e-01 3.013975359499454498e-02 7.112276944098994136e-05 1.695995306363329291e-04 1.472967996960505843e-04 1.262078440049663186e-04 1.449312403565272689e-04 1.513920433353632689e-04 6.971102993702515960e-05 6.964387284824624658e-05 7.514918979723006487e-05 7.348170765908434987e-05 7.695309614064171910e-05 7.014357834123075008e-05 6.624383240705356002e-05 6.938748265383765101e-05 6.817471876274794340e-05 7.230792107293382287e-05 8.065729343798011541e-05 8.042615081649273634e-05 7.382522744592279196e-05 7.557705248473212123e-05 7.595995703013613820e-05 7.755339174764230847e-05 7.736516272416338325e-05 7.623974670423194766e-05 7.701074355281889439e-05 7.912253931863233447e-05 1.843128912150859833e-02 1.298064738512039185e-02 1.034143008291721344e-02 1.334926765412092209e-02 2.169046737253665924e-02
2.370000000000000000e+02 1.068204881696309394e-01 2.997396513819694519e-02 7.059880590531975031e-05 1.669666817178949714e-04 1.447642280254513025e-04 1.238651748280972242e-04 1.421560300514101982e-04 1.468831324018537998e-04 6.829627091065049171e-05 6.824901356594637036e-05 7.361832831520587206e-05 7.191909389803186059e-05 7.519572682213038206e-05 6.915182166267186403e-05 6.531502003781497478e-05 6.836422835476696491e-05 6.721539830323308706e-05 7.125659612938761711e-05 7.981893577380105853e-05 7.957393972901627421e-05 7.308593922061845660e-05 7.481050124624744058e-05 7.512429874623194337e-05 7.683935109525918961e-05 7.666464080102741718e-05 7.556610216852277517e-05 7.626841397723183036e-05 7.830155664123594761e-05 1.838273927569389343e-02 1.294872723519802094e-02 1.030787825584411621e-02 1.331445947289466858e-02 2.167058549821376801e-02
2.380000000000000000e+02 1.059247228303085986e-01 2.980984374880790710e-02 7.012341666268184781e-05 1.644125877646729350e-04 1.422835484845563769e-04 1.215902666444890201e-04 1.394345163134858012e-04 1.424787187715992332e-04 6.693592149531468749e-05 6.692358874715864658e-05 7.216600351966917515e-05 7.043467485345900059e-05 7.355255365837365389e-05 6.825019227107986808e-05 6.446340557886287570e-05 6.739811942679807544e-05 6.630037387367337942e-05 7.028930849628522992e-05 7.903856749180704355e-05 7.877815369283780456e-05 7.239194383146241307e-05 7.410092803183943033e-05 7.433383143506944180e-05 7.617795199621468782e-05 7.600108074257150292e-05 7.494265446439385414e-05 7.556373020634055138e-05 7.751947123324498534e-05 1.833444461226463318e-02 1.291692815721035004e-02 1.027450710535049438e-02 1.327983755618333817e-02 2.165077254176139832e-02
2.390000000000000000e+02 1.050401778680345177e-01 2.964735403656959534e-02 6.966823275433853269e-05 1.619489194126799703e-04 1.398374297423288226e-04 1.193818534375168383e-04 1.367816003039479256e-04 1.382157206535339355e-04 6.565584044437855482e-05 6.564440991496667266e-05 7.076959445839747787e-05 6.901919550728052855e-05 7.199055835371837020e-05 6.738556112395599484e-05 6.367816968122497201e-05 6.649627903243526816e-05 6.547009252244606614e-05 6.936520367162302136e-05 7.832446863176301122e-05 7.802258187439292669e-05 7.174064376158639789e-05 7.343279139604419470e-05 7.359922892646864057e-05 7.554966578027233481e-05 7.538610952906310558e-05 7.433963037328794599e-05 7.490451389458030462e-05 7.676429231651127338e-05 1.828642748296260834e-02 1.288527902215719223e-02 1.024132221937179565e-02 1.324537023901939392e-02 2.163106761872768402e-02
2.400000000000000000e+02 1.041666666666666713e-01 2.948642894625663757e-02 6.924132321728393435e-05 1.595305657247081399e-04 1.374365529045462608e-04 1.172413176391273737e-04 1.341797760687768459e-04 1.340805174550041556e-04 6.441878940677270293e-05 6.444684549933299422e-05 6.944165215827524662e-05 6.766941078240051866e-05 7.052397268125787377e-05 6.658112397417426109e-05 6.294876220636069775e-05 6.566928641404956579e-05 6.470007792813703418e-05 6.850439967820420861e-05 7.764290785416960716e-05 7.730304059805348516e-05 7.114346954040229321e-05 7.281087891897186637e-05 7.292389636859297752e-05 7.494345481973141432e-05 7.480007479898631573e-05 7.379737508017569780e-05 7.427957461914047599e-05 7.607063162140548229e-05 1.823861524462699890e-02 1.285377237945795059e-02 1.020831055939197540e-02 1.321108732372522354e-02 2.161140553653240204e-02
2.410000000000000000e+02 1.033040064737177355e-01 2.932708896696567535e-02 6.882473826408386230e-05 1.571769971633329988e-04 1.350828097201883793e-04 1.151641263277269900e-04 1.316474372288212180e-04 1.300734875258058310e-04 6.326269067358225584e-05 6.331467011477798223e-05 6.818655674578621984e-05 6.638488412136211991e-05 6.915268022567033768e-05 6.584451330127194524e-05 6.226947880350053310e-05 6.489599763881415129e-05 6.397459947038441896e-05 6.771076004952192307e-05 7.700403511989861727e-05 7.664903387194499373e-05 7.057525363052263856e-05 7.223742431960999966e-05 7.229089533211663365e-05 7.437461317749693990e-05 7.424618524964898825e-05 7.326312334043905139e-05 7.367435318883508444e-05 7.539740909123793244e-05 1.819106936454772949e-02 1.282241847366094589e-02 1.017548050731420517e-02 1.317696366459131241e-02 2.159184031188488007e-02
2.420000000000000000e+02 1.024520183047605976e-01 2.916930615901947021e-02 6.844744348200038075e-05 1.549059234093874693e-04 1.327738718828186393e-04 1.131594108301214874e-04 1.291803782805800438e-04 1.261879078811034560e-04 6.216647307155653834e-05 6.223423406481742859e-05 6.699215009575709701e-05 6.517241854453459382e-05 6.786069570807740092e-05 6.515005225082859397e-05 6.164607475511729717e-05 6.417284021154046059e-05 6.330481119221076369e-05 6.697168282698839903e-05 7.640451804036274552e-05 7.601878314744681120e-05 7.005113729974254966e-05 7.169135642470791936e-05 7.168942101998254657e-05 7.384180207736790180e-05 7.371858373517170548e-05 7.276833639480173588e-05 7.312323577934876084e-05 7.476806058548390865e-05 1.814375631511211395e-02 1.279118191450834274e-02 1.014283206313848495e-02 1.314301416277885437e-02 2.157235704362392426e-02
2.430000000000000000e+02 1.016105268505817227e-01 2.901304513216018677e-02 6.806368764955550432e-05 1.526825944893062115e-04 1.305151963606476784e-04 1.111961028072983027e-04 1.267575571546331048e-04 1.224531151819974184e-04 6.110800313763320446e-05 6.122565537225455046e-05 6.585432129213586450e-05 6.402458529919385910e-05 6.665154069196432829e-05 6.449573265854269266e-05 6.108159141149371862e-05 6.349451723508536816e-05 6.267295248107984662e-05 6.628655683016404510e-05 7.582757825730368495e-05 7.543059473391622305e-05 6.955520802875980735e-05 7.116935012163594365e-05 7.112531602615490556e-05 7.331812958000227809e-05 7.321705197682604194e-05 7.229669427033513784e-05 7.256911339936777949e-05 7.416387961711734533e-05 1.809667982161045074e-02 1.276009529829025269e-02 1.011035311967134476e-02 1.310924720019102097e-02 2.155294083058834076e-02
2.440000000000000000e+02 1.007793603869927418e-01 2.885829657316207886e-02 6.769636092940345407e-05 1.505166874267160892e-04 1.283087622141465545e-04 1.093066384783014655e-04 1.243859296664595604e-04 1.188427195302210748e-04 6.012756421114318073e-05 6.025950278853997588e-05 6.478499562945216894e-05 6.292360194493085146e-05 6.552421837113797665e-05 6.389819463947787881e-05 6.056675556465052068e-05 6.286614370765164495e-05 6.210106221260502934e-05 6.564018985955044627e-05 7.528897549491375685e-05 7.486935646738857031e-05 6.909276999067515135e-05 7.068074773997068405e-05 7.059181371005252004e-05 7.280866702785715461e-05 7.273365190485492349e-05 7.183675188571214676e-05 7.204829307738691568e-05 7.357630238402634859e-05 1.804985292255878448e-02 1.272913254797458649e-02 1.007805857807397842e-02 1.307563669979572296e-02 2.153359912335872650e-02
2.450000000000000000e+02 9.995835068721366234e-02 2.870503626763820648e-02 6.733098416589200497e-05 1.484010135754942894e-04 1.261163124581798911e-04 1.074632164090871811e-04 1.220844424096867442e-04 1.153726188931614161e-04 5.917499947827309370e-05 5.934470391366630793e-05 6.375602242769673467e-05 6.188640691107138991e-05 6.447624764405190945e-05 6.333515921141952276e-05 6.008585478411987424e-05 6.228290294529870152e-05 6.156387826194986701e-05 6.503963959403336048e-05 7.477643521269783378e-05 7.434077269863337278e-05 6.866484181955456734e-05 7.022887439234182239e-05 7.007791282376274467e-05 7.231631752802059054e-05 7.226188608910888433e-05 7.139689842006191611e-05 7.155013736337423325e-05 7.302618178073316813e-05 1.800324395298957825e-02 1.269831880927085876e-02 1.004592794924974442e-02 1.304219476878643036e-02 2.151433005928993225e-02
2.460000000000000000e+02 9.914733293674400649e-02 2.855323255062103271e-02 6.696882337564602494e-05 1.463272637920454144e-04 1.239839475601911545e-04 1.056916444213129580e-04 1.198336394736543298e-04 1.120257511502131820e-04 5.827957647852599621e-05 5.848364162375219166e-05 6.278591172304004431e-05 6.089665112085640430e-05 6.350819603540003300e-05 6.281771493377164006e-05 5.963389048702083528e-05 6.174208829179406166e-05 6.105375359766185284e-05 6.446667248383164406e-05 7.428784010699018836e-05 7.382180046988651156e-05 6.824202864663675427e-05 6.978714372962713242e-05 6.959617894608527422e-05 7.184088462963700294e-05 7.181319961091503501e-05 7.097877096384763718e-05 7.105578697519376874e-05 7.247193570947274566e-05 1.795687712728977203e-02 1.266761776059865952e-02 1.001396868377923965e-02 1.300890371203422546e-02 2.149514295160770416e-02
2.470000000000000000e+02 9.834614565064170311e-02 2.840288914740085602e-02 6.662026135018095374e-05 1.443123037461191416e-04 1.218862089444883168e-04 1.039623602991923690e-04 1.176277146441861987e-04 1.088040589820593596e-04 5.745158341596834362e-05 5.767150287283584476e-05 6.187090184539556503e-05 5.996550316922366619e-05 6.259059591684490442e-05 6.230374856386333704e-05 5.921943375142291188e-05 6.123656930867582560e-05 6.058398867025971413e-05 6.394923548214137554e-05 7.381226896541193128e-05 7.332642417168244720e-05 6.785413279430940747e-05 6.936738645890727639e-05 6.913704419275745749e-05 7.138272485462948680e-05 7.137551438063383102e-05 7.055731111904606223e-05 7.058306800900027156e-05 7.195731450337916613e-05 1.791073381900787354e-02 1.263705547899007797e-02 9.982188232243061066e-03 1.297579891979694366e-02 2.147601731121540070e-02
2.480000000000000000e+02 9.755463059313215779e-02 2.825396135449409485e-02 6.625477544730529189e-05 1.423373905709013343e-04 1.198341342387720942e-04 1.022909491439349949e-04 1.154792844317853451e-04 1.057259360095486045e-04 5.664533819071948528e-05 5.690183024853467941e-05 6.100079554016701877e-05 5.907998274778947234e-05 6.176529132062569261e-05 6.184358790051192045e-05 5.884466372663155198e-05 6.075534474803134799e-05 6.014000973664224148e-05 6.345560541376471519e-05 7.335068221436813474e-05 7.286626350833103061e-05 6.746900908183306456e-05 6.895446131238713861e-05 6.869129720143973827e-05 7.091571023920550942e-05 7.093593012541532516e-05 7.014890434220433235e-05 7.011397974565625191e-05 7.145213749026879668e-05 1.786482147872447968e-02 1.260664127767086029e-02 9.950569830834865570e-03 1.294283382594585419e-02 2.145697921514511108e-02
2.490000000000000000e+02 9.677263269947258828e-02 2.810643613338470459e-02 6.589210534002631903e-05 1.404060749337077141e-04 1.178229358629323542e-04 1.006612583296373487e-04 1.133619007305242121e-04 1.027545440592803061e-04 5.588707790593616664e-05 5.616919588646851480e-05 6.017582200001925230e-05 5.823711762786842883e-05 6.099060919950716197e-05 6.139741162769496441e-05 5.849992885487154126e-05 6.031634984537959099e-05 5.973278894089162350e-05 6.299739470705389977e-05 7.291570364031940699e-05 7.239766273414716125e-05 6.709931039949879050e-05 6.854932144051417708e-05 6.826029857620596886e-05 7.047302642604336143e-05 7.051013380987569690e-05 6.975090946070849895e-05 6.963936175452545285e-05 7.096050831023603678e-05 1.781912706792354584e-02 1.257634535431861877e-02 9.919113479554653168e-03 1.291004009544849396e-02 2.143800258636474609e-02
2.500000000000000000e+02 9.600000000000000200e-02 2.796029858291149139e-02 6.551956903422251344e-05 1.385173527523875237e-04 1.158315935754217207e-04 9.908516949508339167e-05 1.113074758904986084e-04 9.991686965804547071e-05 5.515437442227266729e-05 5.548793706111609936e-05 5.938892718404531479e-05 5.743442670791409910e-05 6.027867129887454212e-05 6.097921141190454364e-05 5.816365592181682587e-05 5.988749398966319859e-05 5.934384171268902719e-05 6.255904008867219090e-05 7.247484609251841903e-05 7.194879435701295733e-05 6.673939060419797897e-05 6.816560198785737157e-05 6.783390563214197755e-05 7.001498306635767221e-05 7.008708780631422997e-05 6.933994154678657651e-05 6.918553845025599003e-05 7.046809332678094506e-05 1.777367666363716125e-02 1.254618633538484573e-02 9.887827560305595398e-03 1.287741120904684067e-02 2.141909860074520111e-02
2.510000000000000000e+02 9.523658354629291334e-02 2.781553938984870911e-02 6.512896652566269040e-05 1.366359501844272017e-04 1.138925072154961526e-04 9.756887448020279408e-05 1.092887468985281885e-04 9.719709487399086356e-05 5.446904833661392331e-05 5.483255517901852727e-05 5.864514241693541408e-05 5.667975710821337998e-05 5.961547140032052994e-05 6.059760198695585132e-05 5.784806126030161977e-05 5.949946717009879649e-05 5.897158553125336766e-05 6.214043969521299005e-05 7.204175199149176478e-05 7.150800956878811121e-05 6.638177728746086359e-05 6.778424722142517567e-05 6.741964170942083001e-05 6.957231380511075258e-05 6.966265209484845400e-05 6.894518446642905474e-05 6.873489473946392536e-05 6.998469325480982661e-05 1.772841066122055054e-02 1.251615025103092194e-02 9.856713004410266876e-03 1.284493505954742432e-02 2.140027843415737152e-02
2.520000000000000000e+02 9.448223733938020119e-02 2.767210826277732849e-02 6.472988752648234367e-05 1.348060905002057552e-04 1.119829394156113267e-04 9.606977982912212610e-05 1.073138118954375386e-04 9.458979911869391799e-05 5.383069583331234753e-05 5.422359026852063835e-05 5.794053504359908402e-05 5.596144910668954253e-05 5.902116026845760643e-05 6.022145316819660366e-05 5.756739847129210830e-05 5.912825145060196519e-05 5.861610770807601511e-05 6.173650763230398297e-05 7.163076952565461397e-05 7.105869735823944211e-05 6.602254870813339949e-05 6.740434037055820227e-05 6.702655809931457043e-05 6.912126991664990783e-05 6.923601176822558045e-05 6.852714432170614600e-05 6.827126344433054328e-05 6.952468538656830788e-05 1.768338121473789215e-02 1.248624082654714584e-02 9.825764223933219910e-03 1.281260699033737183e-02 2.138152346014976501e-02
2.530000000000000000e+02 9.373681825993220029e-02 2.753003314137458801e-02 6.431135989259928465e-05 1.330136583419516683e-04 1.101138041121885180e-04 9.463306923862546682e-05 1.053858359227888286e-04 9.210555435856804252e-05 5.319603951647877693e-05 5.363638410926796496e-05 5.726430754293687642e-05 5.527246321435086429e-05 5.846458589076064527e-05 5.985477037029340863e-05 5.729575059376657009e-05 5.876985233044251800e-05 5.828349821968004107e-05 6.136174488347023726e-05 7.121562521206215024e-05 7.062732765916734934e-05 6.568107346538454294e-05 6.701509846607223153e-05 6.661742372671142220e-05 6.867337651783600450e-05 6.880966247990727425e-05 6.812687206547707319e-05 6.780488911317661405e-05 6.904638576088473201e-05 1.763857901096343994e-02 1.245646178722381592e-02 9.794965386390686035e-03 1.278046332299709320e-02 2.136284671723842621e-02
2.540000000000000000e+02 9.300018600037200656e-02 2.738925628364086151e-02 6.388883775798603892e-05 1.312332897214218974e-04 1.082734015653841197e-04 9.322757250629365444e-05 1.034981323755346239e-04 8.973025251179933548e-05 5.261016121949069202e-05 5.307563333190046251e-05 5.661633986164815724e-05 5.461239925352856517e-05 5.795986726297996938e-05 5.951315688434988260e-05 5.701908594346605241e-05 5.842917380505241454e-05 5.795452307211235166e-05 6.098495578044094145e-05 7.076933979988098145e-05 7.019549229880794883e-05 6.533377018058672547e-05 6.663585372734814882e-05 6.621440115850418806e-05 6.819835834903642535e-05 6.836478860350325704e-05 6.770825712010264397e-05 6.733985355822369456e-05 6.857921835035085678e-05 1.759398728609085083e-02 1.242681033909320831e-02 9.764337912201881409e-03 1.274845190346240997e-02 2.134423702955245972e-02
2.550000000000000000e+02 9.227220299884660026e-02 2.724975161254405975e-02 6.342808046611025929e-05 1.294861867791041732e-04 1.064670068444684148e-04 9.186269744532182813e-05 1.016325913951732218e-04 8.746524690650403500e-05 5.205439083511009812e-05 5.253370181890204549e-05 5.599845826509408653e-05 5.399403016781434417e-05 5.749010961153544486e-05 5.917910675634630024e-05 5.675370266544632614e-05 5.811363007524050772e-05 5.763677836512215436e-05 6.062645115889608860e-05 7.036667375359684229e-05 6.975528231123462319e-05 6.498076254501938820e-05 6.625262903980910778e-05 6.582582136616110802e-05 6.774039502488449216e-05 6.793447391828522086e-05 6.728829612256959081e-05 6.686281267320737243e-05 6.810510240029543638e-05 1.754959486424922943e-02 1.239727810025215149e-02 9.733877144753932953e-03 1.271659694612026215e-02 2.132567763328552246e-02
2.560000000000000000e+02 9.155273437500000000e-02 2.711155079305171967e-02 6.295873026829212904e-05 1.277431729249656200e-04 1.046780889737419784e-04 9.053137910086661577e-05 9.982098708860576153e-05 8.530622289981693029e-05 5.150432843947783113e-05 5.202562897466123104e-05 5.542299186345189810e-05 5.339458220987580717e-05 5.705537114408798516e-05 5.883612175239250064e-05 5.650392631650902331e-05 5.777699334430508316e-05 5.733456782763823867e-05 6.028886491549201310e-05 6.992819544393569231e-05 6.932171527296304703e-05 6.462154124164953828e-05 6.585281516890972853e-05 6.541350740008056164e-05 6.728038715664297342e-05 6.748308805981650949e-05 6.684970867354422808e-05 6.637074693571776152e-05 6.763512647012248635e-05 1.750542037189006805e-02 1.236787904053926468e-02 9.703558869659900665e-03 1.268489379435777664e-02 2.130719274282455444e-02
2.570000000000000000e+02 9.084164786749231169e-02 2.697459422051906586e-02 6.245873373700305820e-05 1.260308345081284642e-04 1.029297927743755281e-04 8.923053974285721779e-05 9.804448200156912208e-05 8.325225644512102008e-05 5.099211557535454631e-05 5.154576865606941283e-05 5.485089059220626950e-05 5.281332778395153582e-05 5.665730714099481702e-05 5.850378875038586557e-05 5.625026824418455362e-05 5.746401802753098309e-05 5.703024362446740270e-05 5.994282764731906354e-05 6.949622911633923650e-05 6.886433402542024851e-05 6.424809544114395976e-05 6.545446376549080014e-05 6.500424933619797230e-05 6.678389036096632481e-05 6.702625250909477472e-05 6.640155334025621414e-05 6.588944961549714208e-05 6.716139614582061768e-05 1.746144518256187439e-02 1.233858987689018250e-02 9.673423133790493011e-03 1.265335083007812500e-02 2.128879539668560028e-02
2.580000000000000000e+02 9.013881377321074362e-02 2.683890238404273987e-02 6.194557499838992953e-05 1.243247679667547345e-04 1.012009379337541759e-04 8.795539906714111567e-05 9.628563566366210580e-05 8.131118374876677990e-05 5.047526792623102665e-05 5.106538083055056632e-05 5.430855162558145821e-05 5.226997745921835303e-05 5.629231236525811255e-05 5.819028956466354430e-05 5.602442251984030008e-05 5.715609222534112632e-05 5.673138730344362557e-05 5.960202906862832606e-05 6.906052294652909040e-05 6.840583955636247993e-05 6.387096800608560443e-05 6.504659540951251984e-05 6.459038559114560485e-05 6.629695417359471321e-05 6.654078606516122818e-05 6.595568265765905380e-05 6.538190791616216302e-05 6.669268623227253556e-05 1.741768047213554382e-02 1.230943668633699417e-02 9.643415920436382294e-03 1.262195222079753876e-02 2.127045392990112305e-02
2.590000000000000000e+02 8.944410488812033766e-02 2.670440636575222015e-02 6.140589539427310228e-05 1.226361782755702734e-04 9.949713421519845724e-05 8.671683463035151362e-05 9.457099804421886802e-05 7.946386176627129316e-05 5.000003511668182909e-05 5.061628326075151563e-05 5.378930654842406511e-05 5.173696263227611780e-05 5.594355752691626549e-05 5.786901965620927513e-05 5.576939656748436391e-05 5.685332143912091851e-05 5.643703843816183507e-05 5.926715675741434097e-05 6.860015128040686250e-05 6.795086665078997612e-05 6.349028990371152759e-05 6.462391320383176208e-05 6.417470285668969154e-05 6.579091859748587012e-05 6.605823728023096919e-05 6.547949305968359113e-05 6.486503843916580081e-05 6.620714702876284719e-05 1.737412437796592712e-02 1.228039432317018509e-02 9.613599628210067749e-03 1.259069796651601791e-02 2.125217206776142120e-02
2.600000000000000000e+02 8.875739644970413733e-02 2.657114714384078979e-02 6.083422704250551760e-05 1.209656038554385304e-04 9.782945562619715929e-05 8.550965867470949888e-05 9.288949513575062156e-05 7.771436503389850259e-05 4.953221650794148445e-05 5.017506555304862559e-05 5.328952829586341977e-05 5.123248411109670997e-05 5.563124796026386321e-05 5.754415178671479225e-05 5.552229777094908059e-05 5.654475535266101360e-05 5.612357199424877763e-05 5.891658656764775515e-05 6.812911306042224169e-05 6.747579755028709769e-05 6.308232696028426290e-05 6.418053817469626665e-05 6.374681106535717845e-05 6.526458309963345528e-05 6.555411528097465634e-05 6.499264418380334973e-05 6.434057286242023110e-05 6.571309495484456420e-05 1.733077131211757660e-02 1.225146837532520294e-02 9.583900682628154755e-03 1.255959458649158478e-02 2.123397402465343475e-02
2.610000000000000000e+02 8.807856608094420670e-02 2.643905393779277802e-02 6.026153278071433306e-05 1.193122225231491029e-04 9.616808529244735837e-05 8.432612230535596609e-05 9.124243661062791944e-05 7.606417784700170159e-05 4.908996561425738037e-05 4.974469993612729013e-05 5.280520417727530003e-05 5.074591899756342173e-05 5.532609429792501032e-05 5.722755668102763593e-05 5.526670429389923811e-05 5.623908873531036079e-05 5.581891673500649631e-05 5.857651194673962891e-05 6.767259037587791681e-05 6.698778452118858695e-05 6.267840944929048419e-05 6.372622010530903935e-05 6.331286567728966475e-05 6.475699774455279112e-05 6.504329940071329474e-05 6.448509520851075649e-05 6.378769467119127512e-05 6.520716124214231968e-05 1.728760451078414917e-02 1.222267094999551773e-02 9.554374963045120239e-03 1.252863835543394089e-02 2.121581323444843292e-02
2.620000000000000000e+02 8.740749373579628778e-02 2.630815282464027405e-02 5.965505624772049487e-05 1.176613732241094112e-04 9.453570964979007840e-05 8.316367166116833687e-05 8.962052379501983523e-05 7.450499833794310689e-05 4.863999492954462767e-05 4.933705349685624242e-05 5.232565308688208461e-05 5.026378858019597828e-05 5.504894943442195654e-05 5.690646503353491426e-05 5.500365296029485762e-05 5.593082823907025158e-05 5.552830043598078191e-05 5.822742969030514359e-05 6.718288932461291552e-05 6.647623376920819283e-05 6.224944809218868613e-05 6.326583388727158308e-05 6.286498683039098978e-05 6.420491990866139531e-05 6.452550587709993124e-05 6.397492688847705722e-05 6.324311107164248824e-05 6.470245716627687216e-05 1.724466122686862946e-02 1.219398528337478638e-02 9.524993598461151123e-03 1.249782834202051163e-02 2.119774185121059418e-02
2.630000000000000000e+02 8.674406164611314640e-02 2.617842517793178558e-02 5.902634438825771213e-05 1.160311803687363863e-04 9.292962204199284315e-05 8.203355537261813879e-05 8.802705997368320823e-05 7.304007885977625847e-05 4.820804679184220731e-05 4.893034201813861728e-05 5.186199996387585998e-05 4.978546348866075277e-05 5.477423837874084711e-05 5.656319262925535440e-05 5.474525096360594034e-05 5.560948193306103349e-05 5.520971899386495352e-05 5.787328700534999371e-05 6.667227717116475105e-05 6.597195897484198213e-05 6.181441131047904491e-05 6.277922511799260974e-05 6.241419760044664145e-05 6.364592991303652525e-05 6.396699609467759728e-05 6.345051224343478680e-05 6.267250864766538143e-05 6.417285476345568895e-05 1.720189861953258514e-02 1.216543558984994888e-02 9.495764039456844330e-03 1.246716640889644623e-02 2.117974124848842621e-02
2.640000000000000000e+02 8.608815426997244724e-02 2.604982070624828339e-02 5.838820288772694767e-05 1.144038906204514205e-04 9.134593710768967867e-05 8.091027120826765895e-05 8.647618233226239681e-05 7.167701551225036383e-05 4.778894435730762780e-05 4.852337951888330281e-05 5.140579014550894499e-05 4.933193122269585729e-05 5.450813478091731668e-05 5.623115066555328667e-05 5.445681381388567388e-05 5.529181726160459220e-05 5.488598617375828326e-05 5.751373100792989135e-05 6.616345490328967571e-05 6.542910705320537090e-05 6.135007424745708704e-05 6.228333222679793835e-05 6.194189336383715272e-05 6.307456351350992918e-05 6.340363324852660298e-05 6.289390148594975471e-05 6.209484854480251670e-05 6.364678847603499889e-05 1.715934090316295624e-02 1.213697064667940140e-02 9.466701187193393707e-03 1.243664789944887161e-02 2.116179652512073517e-02
2.650000000000000000e+02 8.543965824136703913e-02 2.592235431075096130e-02 5.771801806986331940e-05 1.127924915635958314e-04 8.978677215054631233e-05 7.981660019140690565e-05 8.494573557982221246e-05 7.039688352961093187e-05 4.738206916954368353e-05 4.813136911252513528e-05 5.095476444694213569e-05 4.888635157840326428e-05 5.424885603133589029e-05 5.588341809925623238e-05 5.417818465502932668e-05 5.496107041835784912e-05 5.455921564134769142e-05 5.714801955036818981e-05 6.562986527569591999e-05 6.487831706181168556e-05 6.087711881264112890e-05 6.177535397000610828e-05 6.144698272692039609e-05 6.248895806493237615e-05 6.283267430262640119e-05 6.232054147403687239e-05 6.149649561848491430e-05 6.309164018603041768e-05 1.711697503924369812e-02 1.210864912718534470e-02 9.437762200832366943e-03 1.240627281367778778e-02 2.114390581846237183e-02
2.660000000000000000e+02 8.479846232121657224e-02 2.579601481556892395e-02 5.702798080164939165e-05 1.111949823098257184e-04 8.823895768728107214e-05 7.874109724070876837e-05 8.345727110281586647e-05 6.919592851772904396e-05 4.695498500950634480e-05 4.774826447828672826e-05 5.050775871495716274e-05 4.844573413720354438e-05 5.399689325713552535e-05 5.553065784624777734e-05 5.387441342463716865e-05 5.462297849589958787e-05 5.421771857072599232e-05 5.676186265191063285e-05 6.508679507533088326e-05 6.432669761124998331e-05 6.039818981662392616e-05 6.125179061200469732e-05 6.095275603001937270e-05 6.188499537529423833e-05 6.222876254469156265e-05 6.174032751005142927e-05 6.088090231060050428e-05 6.252754974411800504e-05 1.707477681338787079e-02 1.208043191581964493e-02 9.408986195921897888e-03 1.237604115158319473e-02 2.112608589231967926e-02
2.670000000000000000e+02 8.416445734966124248e-02 2.567077241837978363e-02 5.633026012219488621e-05 1.095843763323500752e-04 8.671462273923680186e-05 7.768395880702883005e-05 8.198073919629678130e-05 6.807813042541965842e-05 4.656092642107978463e-05 4.736567643703892827e-05 5.007943400414660573e-05 4.800885653821751475e-05 5.375170439947396517e-05 5.516057353815995157e-05 5.357178451959043741e-05 5.428157965070568025e-05 5.386709381127730012e-05 5.636841160594485700e-05 6.453713285736739635e-05 6.375743396347388625e-05 5.989282726659439504e-05 6.069692608434706926e-05 6.044201654731296003e-05 6.126975495135411620e-05 6.161795317893847823e-05 6.114108691690489650e-05 6.024650792824104428e-05 6.194232264533638954e-05 1.703279092907905579e-02 1.205233111977577209e-02 9.380348958075046539e-03 1.234594639390707016e-02 2.110834419727325439e-02
2.680000000000000000e+02 8.353753619959901344e-02 2.554661594331264496e-02 5.561788566410541534e-05 1.080021902453154325e-04 8.520691335434094071e-05 7.663512951694428921e-05 8.053423516685143113e-05 6.703843973809853196e-05 4.615183570422232151e-05 4.697147960541769862e-05 4.965116386301815510e-05 4.757267379318363965e-05 5.349840284907259047e-05 5.478834282257594168e-05 5.325329766492359340e-05 5.391452941694296896e-05 5.351450818125158548e-05 5.596822302322834730e-05 6.395977834472432733e-05 6.315617065411061049e-05 5.937516471021808684e-05 6.014442260493524373e-05 5.990999852656386793e-05 6.063358159735798836e-05 6.098789162933826447e-05 6.051171294529922307e-05 5.959558257018215954e-05 6.136142474133521318e-05 1.699099130928516388e-02 1.202434208244085312e-02 9.351870976388454437e-03 1.231600157916545868e-02 2.109062857925891876e-02
2.690000000000000000e+02 8.291759373142991441e-02 2.542355842888355255e-02 5.488698661793023348e-05 1.064194293576292694e-04 8.372606680495664477e-05 7.561621168861165643e-05 7.914731395430862904e-05 6.608662806684151292e-05 4.576081846607849002e-05 4.659303886000998318e-05 4.922585867461748421e-05 4.715345494332723320e-05 5.323901496012695134e-05 5.438692096504382789e-05 5.291778506943956017e-05 5.354206223273649812e-05 5.312749999575316906e-05 5.555278403335250914e-05 6.337580998660996556e-05 6.254675099626183510e-05 5.884245183551684022e-05 5.955896267550997436e-05 5.936998786637559533e-05 5.998537744744680822e-05 6.033908721292391419e-05 5.986358155496418476e-05 5.894108107895590365e-05 6.073898839531466365e-05 1.694937795400619507e-02 1.199646480381488800e-02 9.323516860604286194e-03 1.228619180619716644e-02 2.107301726937294006e-02
2.700000000000000000e+02 8.230452674897119347e-02 2.530152350664138794e-02 5.414916813606396317e-05 1.048437115969136357e-04 8.224467455875128508e-05 7.459829066647216678e-05 7.776233542244881392e-05 6.518740701721981168e-05 4.537255153991281986e-05 4.621725383913144469e-05 4.879976404481567442e-05 4.672275463235564530e-05 5.297304960549809039e-05 5.399027213570661843e-05 5.255671931081451476e-05 5.317149771144613624e-05 5.273969873087480664e-05 5.512673669727519155e-05 6.276997737586498260e-05 6.192713772179558873e-05 5.829441215610131621e-05 5.897290611756034195e-05 5.881317338207736611e-05 5.933105057920329273e-05 5.966653407085686922e-05 5.922468699282035232e-05 5.826354390592314303e-05 6.011466393829323351e-05 1.690795086324214935e-02 1.196869555860757828e-02 9.295327588915824890e-03 1.225650124251842499e-02 2.105544507503509521e-02
2.710000000000000000e+02 8.169823395650931130e-02 2.518054656684398651e-02 5.339782364899292588e-05 1.032743020914494991e-04 8.078826795099303126e-05 7.358735456364229321e-05 7.643185381311923265e-05 6.436254625441506505e-05 4.496604015002958477e-05 4.582385736284777522e-05 4.837082451558671892e-05 4.630587864085100591e-05 5.270358451525680721e-05 5.356919064070098102e-05 5.218937803874723613e-05 5.276722731650806963e-05 5.234507261775434017e-05 5.468368181027472019e-05 6.214329187059774995e-05 6.128042150521650910e-05 5.771990254288539290e-05 5.835166302858851850e-05 5.822914317832328379e-05 5.864182094228453934e-05 5.898988456465303898e-05 5.853793845744803548e-05 5.756538303103297949e-05 5.946856617811135948e-05 1.686671935021877289e-02 1.194105111062526703e-02 9.267264045774936676e-03 1.222695969045162201e-02 2.103794366121292114e-02
2.720000000000000000e+02 8.109861591695501082e-02 2.506063133478164673e-02 5.263588900561444461e-05 1.017165923258289695e-04 7.934850145829841495e-05 7.260737038450315595e-05 7.511873991461470723e-05 6.360563565976917744e-05 4.457122122403234243e-05 4.544001058093272150e-05 4.795015411218628287e-05 4.588503725244663656e-05 5.244959902483969927e-05 5.314949885359965265e-05 5.181219239602796733e-05 5.235457501839846373e-05 5.191716627450659871e-05 5.421666355687193573e-05 6.150257831905037165e-05 6.063181717763654888e-05 5.713363134418614209e-05 5.772484655608423054e-05 5.762833825428970158e-05 5.795933975605294108e-05 5.829324436490423977e-05 5.785990651929751039e-05 5.685060386895202100e-05 5.880050593987107277e-05 1.682564057409763336e-02 1.191351562738418579e-02 9.239358827471733093e-03 1.219755411148071289e-02 2.102048695087432861e-02
2.730000000000000000e+02 8.050557501106951619e-02 2.494171261787414551e-02 5.186709677218459547e-05 1.001639102469198406e-04 7.793839904479682446e-05 7.162335532484576106e-05 7.384023047052323818e-05 6.290259625529870391e-05 4.417057789396494627e-05 4.505178367253392935e-05 4.752275708597153425e-05 4.545868432614952326e-05 5.217107172938995063e-05 5.270821930025704205e-05 5.140475695952773094e-05 5.194184268475510180e-05 5.149525895831175148e-05 5.375310138333588839e-05 6.086595385568216443e-05 5.996135951136238873e-05 5.653496191371232271e-05 5.708527896786108613e-05 5.702024282072670758e-05 5.724815855501219630e-05 5.757801773143000901e-05 5.715938095818273723e-05 5.613324174191802740e-05 5.811818846268579364e-05 1.678476110100746155e-02 1.188607234507799149e-02 9.211581200361251831e-03 1.216828543692827225e-02 2.100310474634170532e-02
2.740000000000000000e+02 7.991901539773030305e-02 2.482380904257297516e-02 5.108867117087356746e-05 9.860882710199803114e-05 7.653261855011805892e-05 7.064499368425458670e-05 7.259628910105675459e-05 6.225989636732265353e-05 4.378727317089214921e-05 4.465302845346741378e-05 4.709553468273952603e-05 4.502834781305864453e-05 5.188040449866093695e-05 5.224756750976666808e-05 5.099480767967179418e-05 5.150093420525081456e-05 5.104362207930535078e-05 5.326759128365665674e-05 6.019044303684495389e-05 5.928232349106110632e-05 5.592557135969400406e-05 5.642585892928764224e-05 5.639509254251606762e-05 5.653522384818643332e-05 5.684146890416741371e-05 5.642596443067304790e-05 5.538955883821472526e-05 5.742484063375741243e-05 1.674404554069042206e-02 1.185874734073877335e-02 9.183946065604686737e-03 1.213915739208459854e-02 2.098578587174415588e-02
2.750000000000000000e+02 7.933884297520661655e-02 2.470689453184604645e-02 5.030845932196825743e-05 9.707693243399262428e-05 7.514247408835217357e-05 6.967916124267503619e-05 7.137403008528053761e-05 6.167052924865856767e-05 4.337918289820663631e-05 4.425017687026411295e-05 4.665875167120248079e-05 4.459859337657690048e-05 5.158150452189147472e-05 5.179179788683541119e-05 5.056297595729120076e-05 5.105322634335607290e-05 5.058560054749250412e-05 5.276537194731645286e-05 5.950553168077021837e-05 5.858586155227385461e-05 5.528882684302516282e-05 5.574519673245958984e-05 5.575186150963418186e-05 5.580315337283536792e-05 5.609769505099393427e-05 5.568419146584346890e-05 5.464918285724706948e-05 5.670809332514181733e-05 1.670351997017860413e-02 1.183153782039880753e-02 9.156454354524612427e-03 1.211015041917562485e-02 2.096851915121078491e-02
2.760000000000000000e+02 7.876496534341524691e-02 2.459096349775791168e-02 4.953184907208196819e-05 9.553650306770578027e-05 7.378496229648590088e-05 6.872349331388249993e-05 7.019098120508715510e-05 6.111940456321462989e-05 4.298148633097298443e-05 4.385296779219061136e-05 4.623797940439544618e-05 4.418861135491169989e-05 5.127043914399109781e-05 5.131991201778873801e-05 5.012442488805390894e-05 5.058233364252373576e-05 5.010193490306846797e-05 5.224897540756501257e-05 5.882204641238786280e-05 5.787166810478083789e-05 5.463968773256056011e-05 5.505336957867257297e-05 5.509008406079374254e-05 5.505679291673004627e-05 5.534279262064956129e-05 5.494262222782708704e-05 5.388989666244015098e-05 5.598458301392383873e-05 1.666316017508506775e-02 1.180441677570343018e-02 9.129095822572708130e-03 1.208129618316888809e-02 2.095131762325763702e-02
2.770000000000000000e+02 7.819729176712846008e-02 2.447600476443767548e-02 4.874370279139839113e-05 9.401005081599578261e-05 7.244004518724977970e-05 6.776872032787650824e-05 6.904039037181064487e-05 6.062349348212592304e-05 4.257426553522236645e-05 4.345225897850468755e-05 4.579978485708124936e-05 4.374538912088610232e-05 5.095869710203260183e-05 5.080208939034491777e-05 4.966698907082900405e-05 5.009991582483053207e-05 4.961165177519433200e-05 5.172271266928873956e-05 5.810827497043646872e-05 5.714932922273874283e-05 5.398754001362249255e-05 5.434518607216887176e-05 5.441353641799651086e-05 5.432035686681047082e-05 5.458272062242031097e-05 5.418871660367585719e-05 5.311934000928886235e-05 5.525210144696757197e-05 1.662297546863555908e-02 1.177741773426532745e-02 9.101871401071548462e-03 1.205254159867763519e-02 2.093416452407836914e-02
2.780000000000000000e+02 7.763573314010661919e-02 2.436200715601444244e-02 4.796299617737531662e-05 9.249215509044006467e-05 7.111950253602117300e-05 6.683923857053741813e-05 6.792161730118095875e-05 6.016712723067030311e-05 4.217828245600685477e-05 4.303886817069724202e-05 4.536150299827568233e-05 4.331997115514241159e-05 5.062486525275744498e-05 5.030250031268224120e-05 4.918859849567525089e-05 4.960889782523736358e-05 4.910841380478814244e-05 5.117216278449632227e-05 5.738433173974044621e-05 5.641783718601800501e-05 5.330359999788925052e-05 5.364264507079496980e-05 5.372741361497901380e-05 5.355020039132796228e-05 5.379602953325957060e-05 5.340369534678757191e-05 5.234696436673402786e-05 5.449012678582221270e-05 1.658298261463642120e-02 1.175052113831043243e-02 9.074794128537178040e-03 1.202393695712089539e-02 2.091708779335021973e-02
2.790000000000000000e+02 7.708020195012911524e-02 2.424894645810127258e-02 4.718251511803828180e-05 9.097546717384830117e-05 6.979870522627606988e-05 6.590781413251534104e-05 6.683954416075721383e-05 5.973651786916889250e-05 4.177206938038580120e-05 4.261794310878030956e-05 4.492027073865756392e-05 4.288860873202793300e-05 5.028070154367014766e-05 4.977966091246344149e-05 4.870112388744018972e-05 4.911378346150740981e-05 4.859162072534672916e-05 5.062571290181949735e-05 5.665949356625787914e-05 5.566764957620762289e-05 5.262123158900067210e-05 5.290836998028680682e-05 5.303317084326408803e-05 5.277600212139077485e-05 5.300535849528387189e-05 5.262699414743110538e-05 5.155325561645440757e-05 5.372379746404476464e-05 1.654313690960407257e-02 1.172372885048389435e-02 9.047844447195529938e-03 1.199544779956340790e-02 2.090004272758960724e-02
2.800000000000000000e+02 7.653061224489796088e-02 2.413683943450450897e-02 4.639667895389720798e-05 8.946767047746106982e-05 6.851210491731762886e-05 6.496319110738113523e-05 6.578686588909476995e-05 5.935356239206157625e-05 4.136536517762579024e-05 4.219858965370804071e-05 4.448392428457736969e-05 4.245030140737071633e-05 4.992254980606958270e-05 4.924840686726383865e-05 4.820169488084502518e-05 4.857780368183739483e-05 4.805095522897318006e-05 5.004910053685307503e-05 5.591336230281740427e-05 5.492234049597755075e-05 5.191197124077007174e-05 5.215730925556272268e-05 5.231410250416956842e-05 5.199712541070766747e-05 5.220797902438789606e-05 5.182968379813246429e-05 5.075948865851387382e-05 5.294401853461749852e-05 1.650348491966724396e-02 1.169704087078571320e-02 9.021029807627201080e-03 1.196708623319864273e-02 2.088308148086071014e-02
2.810000000000000000e+02 7.598687959878927534e-02 2.402563020586967468e-02 4.562980029731988907e-05 8.796380279818549752e-05 6.724524428136646748e-05 6.405261228792369366e-05 6.475925329141318798e-05 5.898225572309456766e-05 4.095124313607811928e-05 4.177357550361193717e-05 4.403621278470382094e-05 4.200782859697937965e-05 4.956031261826865375e-05 4.870256088906899095e-05 4.768198414240032434e-05 4.804546915693208575e-05 4.751448068418540061e-05 4.947170964442193508e-05 5.515445081982761621e-05 5.416534258984029293e-05 5.120915375300683081e-05 5.140456778462976217e-05 5.159229112905450165e-05 5.121107824379578233e-05 5.139942732057534158e-05 5.103291186969727278e-05 4.995970812160521746e-05 5.214662814978510141e-05 1.646398939192295074e-02 1.167046371847391129e-02 8.994351141154766083e-03 1.193887274712324142e-02 2.086616493761539459e-02
2.820000000000000000e+02 7.544892108042855483e-02 2.391535043716430664e-02 4.486022226046770811e-05 8.647773938719183207e-05 6.599159678444266319e-05 6.313415360637009144e-05 6.377093086484819651e-05 5.863908154424279928e-05 4.052921212860383093e-05 4.134410482947714627e-05 4.359269223641604185e-05 4.155533315497450531e-05 4.917612750432454050e-05 4.816307409782893956e-05 4.716498006018809974e-05 4.750628431793302298e-05 4.694480230682529509e-05 4.887740578851662576e-05 5.440207314677536488e-05 5.339012932381592691e-05 5.049396713729947805e-05 5.064801007392816246e-05 5.086150486022233963e-05 5.042984048486687243e-05 5.058083479525521398e-05 5.022537516197189689e-05 4.916195030091330409e-05 5.136077379574999213e-05 1.642464846372604370e-02 1.164397504180669785e-02 8.967791683971881866e-03 1.191078778356313705e-02 2.084929868578910828e-02
2.830000000000000000e+02 7.491665522106656649e-02 2.380597218871116638e-02 4.409490065881982446e-05 8.500140393152832985e-05 6.477697752416133881e-05 6.223299715202301741e-05 6.281955575104802847e-05 5.831904854858294129e-05 4.010985139757394791e-05 4.090644870302639902e-05 4.313654426368884742e-05 4.112329406780190766e-05 4.877954052062705159e-05 4.759169678436592221e-05 4.661785715143196285e-05 4.694688686868175864e-05 4.638075552065856755e-05 4.826859367312863469e-05 5.364108801586553454e-05 5.260975376586429775e-05 4.977330536348745227e-05 4.988148066331632435e-05 5.010867243981920183e-05 4.963639366906136274e-05 4.976653872290626168e-05 4.941416045767255127e-05 4.835136132896877825e-05 5.056363079347647727e-05 1.638548821210861206e-02 1.161759812384843826e-02 8.941366337239742279e-03 1.188279781490564346e-02 2.083251439034938812e-02
2.840000000000000000e+02 7.439000198373338368e-02 2.369747497141361237e-02 4.335360063123516738e-05 8.353114390047267079e-05 6.356545054586604238e-05 6.133419810794293880e-05 6.188832048792392015e-05 5.801477891509421170e-05 3.969108729506842792e-05 4.046390313305892050e-05 4.268359407433308661e-05 4.067087502335198224e-05 4.837966116610914469e-05 4.701046054833568633e-05 4.606123548001050949e-05 4.638430982595309615e-05 4.579609230859205127e-05 4.765632183989509940e-05 5.285791485221125185e-05 5.182877794140949845e-05 4.903402805211953819e-05 4.910281859338283539e-05 4.935971082886680961e-05 4.882997745880857110e-05 4.894363883067853749e-05 4.859749242314137518e-05 4.754893234348855913e-05 4.976303171133622527e-05 1.634648628532886505e-02 1.159131992608308792e-02 8.915074169635772705e-03 1.185496710240840912e-02 2.081575803458690643e-02
2.850000000000000000e+02 7.386888273314866360e-02 2.358985133469104767e-02 4.259874549461528659e-05 8.207852079067379236e-05 6.239252979867160320e-05 6.045131885912269354e-05 6.097549703554250300e-05 5.771637734142132103e-05 3.927873694919981062e-05 4.001794513897038996e-05 4.222717689117416739e-05 4.022320354124531150e-05 4.795538188773207366e-05 4.643971624318510294e-05 4.548717697616666555e-05 4.580668974085710943e-05 4.519251888268627226e-05 4.702927617472596467e-05 5.207749927649274468e-05 5.105015588924288750e-05 4.828437886317260563e-05 4.831643673242069781e-05 4.861101479036733508e-05 4.803857882507145405e-05 4.813268242287449539e-05 4.777046342496760190e-05 4.674806041293777525e-05 4.896069003734737635e-05 1.630764827132225037e-02 1.156515255570411682e-02 8.888925425708293915e-03 1.182723324745893478e-02 2.079906314611434937e-02
2.860000000000000000e+02 7.335322020636705909e-02 2.348312363028526306e-02 4.188064485788345337e-05 8.062757115112617612e-05 6.123236380517482758e-05 5.955680899205617607e-05 6.010937431710772216e-05 5.743437213823199272e-05 3.883496538037434220e-05 3.956911677960306406e-05 4.177040318609215319e-05 3.977461892645806074e-05 4.752152744913473725e-05 4.583941699820570648e-05 4.491933214012533426e-05 4.521668597590178251e-05 4.459216143004596233e-05 4.638623431674204767e-05 5.128892735228873789e-05 5.026346480008214712e-05 4.754600740852765739e-05 4.752416862174868584e-05 4.783836266142316163e-05 4.724742393591441214e-05 4.730536602437496185e-05 4.695543248089961708e-05 4.593118137563578784e-05 4.814676140085794032e-05 1.626897230744361877e-02 1.153906248509883881e-02 8.862874470651149750e-03 1.179964002221822739e-02 2.078242041170597076e-02
2.870000000000000000e+02 7.284293848413844752e-02 2.337722480297088623e-02 4.116835043532773852e-05 7.918672054074704647e-05 6.009335265844129026e-05 5.868223524885252118e-05 5.926148878643289208e-05 5.716376472264528275e-05 3.840935823973268270e-05 3.911695603164844215e-05 4.130775050725787878e-05 3.930681850761175156e-05 4.706400068243965507e-05 4.525572876445949078e-05 4.433501089806668460e-05 4.462584183784201741e-05 4.397797238198108971e-05 4.575006460072472692e-05 5.050194522482343018e-05 4.947537672705948353e-05 4.679779522120952606e-05 4.674302181228995323e-05 4.707940752268768847e-05 4.645170702133327723e-05 4.648126923711970448e-05 4.613858982338570058e-05 4.514482861850410700e-05 4.734487447421997786e-05 1.623045094311237335e-02 1.151309348642826080e-02 8.836975321173667908e-03 1.177216600626707077e-02 2.076584659516811371e-02
2.880000000000000000e+02 7.233796296296296502e-02 2.327218465507030487e-02 4.044689558213576674e-05 7.775844278512522578e-05 5.898694871575571597e-05 5.782592779723927379e-05 5.843116014148108661e-05 5.689940735464915633e-05 3.798926263698376715e-05 3.866810220642946661e-05 4.083550447830930352e-05 3.885180922225117683e-05 4.661300408770330250e-05 4.463855657377280295e-05 4.375724529381841421e-05 4.403211278258822858e-05 4.335660923970863223e-05 4.508945130510255694e-05 4.971513772034086287e-05 4.868409814662300050e-05 4.605119465850293636e-05 4.594532947521656752e-05 4.631198316928930581e-05 4.565044946502894163e-05 4.566208008327521384e-05 4.531941885943524539e-05 4.434417496668174863e-05 4.654583244700916111e-05 1.619209162890911102e-02 1.148722227662801743e-02 8.811205625534057617e-03 1.174480933696031570e-02 2.074931561946868896e-02
2.890000000000000000e+02 7.183822032782175016e-02 2.316796407103538513e-02 3.975946310674771667e-05 7.633908535353839397e-05 5.790120849269442260e-05 5.694910214515402913e-05 5.763574881711974740e-05 5.663875344907864928e-05 3.754023055080324411e-05 3.820516576524823904e-05 4.037854887428693473e-05 3.839305645669810474e-05 4.614138742908835411e-05 4.401519981911405921e-05 4.315459955250844359e-05 4.341633029980584979e-05 4.273058948456309736e-05 4.443918078322894871e-05 4.892438664683140814e-05 4.789176455233246088e-05 4.529746001935563982e-05 4.515709224506281316e-05 4.554968472803011537e-05 4.487258775043301284e-05 4.485273893806152046e-05 4.450997221283614635e-05 4.355615237727761269e-05 4.574773629428818822e-05 1.615389622747898102e-02 1.146144140511751175e-02 8.785550482571125031e-03 1.171758398413658142e-02 2.073284052312374115e-02
2.900000000000000000e+02 7.134363852556480090e-02 2.306460216641426086e-02 3.908147482434287667e-05 7.493836892535910010e-05 5.683589188265614212e-05 5.611017695628106594e-05 5.685144788003526628e-05 5.638392394757829607e-05 3.711017052410170436e-05 3.773965363507159054e-05 3.990765981143340468e-05 3.793560972553677857e-05 4.566278948914259672e-05 4.341217572800815105e-05 4.254912346368655562e-05 4.280280700186267495e-05 4.208772588754072785e-05 4.376751530799083412e-05 4.813217674382030964e-05 4.710814391728490591e-05 4.455222369870170951e-05 4.436592280399054289e-05 4.478849950828589499e-05 4.409983012010343373e-05 4.405533400131389499e-05 4.369591988506726921e-05 4.278118285583332181e-05 4.496337714954279363e-05 1.611586101353168488e-02 1.143576204776763916e-02 8.760024793446063995e-03 1.169045921415090561e-02 2.071643248200416565e-02
2.910000000000000000e+02 7.085414673893788984e-02 2.296203933656215668e-02 3.841674697468988597e-05 7.355313573498278856e-05 5.579716525971889496e-05 5.527268513105809689e-05 5.610063089989125729e-05 5.612793756881728768e-05 3.667052806122228503e-05 3.727748844539746642e-05 3.944544732803478837e-05 3.748050221474841237e-05 4.515951513894833624e-05 4.278579945093952119e-05 4.195616565993987024e-05 4.220007031108252704e-05 4.144818376516923308e-05 4.310929216444492340e-05 4.734461981570348144e-05 4.634287324734032154e-05 4.379674646770581603e-05 4.357532088761217892e-05 4.403557613841257989e-05 4.332072785473428667e-05 4.325537884142249823e-05 4.289326898287981749e-05 4.201770934741944075e-05 4.418198295752517879e-05 1.607797481119632721e-02 1.141017675399780273e-02 8.734616450965404510e-03 1.166345737874507904e-02 2.070005983114242554e-02
2.920000000000000000e+02 7.036967536123099609e-02 2.286027744412422180e-02 3.777653182623907924e-05 7.217253005364909768e-05 5.479688115883618593e-05 5.443966074381023645e-05 5.536527532967738807e-05 5.587186751654371619e-05 3.623858719947747886e-05 3.681155794765800238e-05 3.896615089615806937e-05 3.701591776916757226e-05 4.466205427888780832e-05 4.218007234157994390e-05 4.134461778448894620e-05 4.157187504461035132e-05 4.079216887475922704e-05 4.243159855832345784e-05 4.657759563997387886e-05 4.555447958409786224e-05 4.305098627810366452e-05 4.280064968043006957e-05 4.328411523601971567e-05 4.255703242961317301e-05 4.246991011314094067e-05 4.211324267089366913e-05 4.125929990550503135e-05 4.340413943282328546e-05 1.604023575782775879e-02 1.138470321893692017e-02 8.709343150258064270e-03 1.163659058511257172e-02 2.068375423550605774e-02
2.930000000000000000e+02 6.989015597153140635e-02 2.275934070348739624e-02 3.713069236255250871e-05 7.081922376528382301e-05 5.381129085435532033e-05 5.362325828173197806e-05 5.466425136546604335e-05 5.560306453844532371e-05 3.579936310416087508e-05 3.635149550973437726e-05 3.851016663247719407e-05 3.655449836514890194e-05 4.413584611029364169e-05 4.155069473199546337e-05 4.071667717653326690e-05 4.094940231880173087e-05 4.015101876575499773e-05 4.176084985374473035e-05 4.580191307468339801e-05 4.478685514186508954e-05 4.230836930219084024e-05 4.201981209916993976e-05 4.252550206729210913e-05 4.181403710390441120e-05 4.168078885413706303e-05 4.133019319851882756e-05 4.050996358273550868e-05 4.264866220182739198e-05 1.600266806781291962e-02 1.135930512100458145e-02 8.684182539582252502e-03 1.160982996225357056e-02 2.066748775541782379e-02
2.940000000000000000e+02 6.941552131056503983e-02 2.265916019678115845e-02 3.652282612165436149e-05 6.948818918317556381e-05 5.286398300086148083e-05 5.281118501443415880e-05 5.395084008341655135e-05 5.533879084396176040e-05 3.536085569066926837e-05 3.588304389268159866e-05 3.804021616815589368e-05 3.609310078900307417e-05 4.360686943982727826e-05 4.092728704563342035e-05 4.011320925201289356e-05 4.033856748719699681e-05 3.950239261030219495e-05 4.110307054361328483e-05 4.503093077801167965e-05 4.404062929097563028e-05 4.158771844231523573e-05 4.125291889067739248e-05 4.180092219030484557e-05 4.107236600248143077e-05 4.092440212843939662e-05 4.055716999573633075e-05 3.977829328505322337e-05 4.191760672256350517e-05 1.596523821353912354e-02 1.133401319384574890e-02 8.659141138195991516e-03 1.158318948000669479e-02 2.065128274261951447e-02
2.950000000000000000e+02 6.894570525711002373e-02 2.255976758897304535e-02 3.592638677218928933e-05 6.814899097662419081e-05 5.192901880946010351e-05 5.200536179472692311e-05 5.327364124241285026e-05 5.506367597263306379e-05 3.492517862468957901e-05 3.541490514180622995e-05 3.757287413463927805e-05 3.563179780030623078e-05 4.306868504500016570e-05 4.031615753774531186e-05 3.950792233808897436e-05 3.971957994508557022e-05 3.886796912411227822e-05 4.044666275149211287e-05 4.425926454132422805e-05 4.328731665736995637e-05 4.084016836713999510e-05 4.049495692015625536e-05 4.107345375814475119e-05 4.033651930512860417e-05 4.016071761725470424e-05 3.979166649514809251e-05 3.906085476046428084e-05 4.118513243156485260e-05 1.592795923352241516e-02 1.130881905555725098e-02 8.634231984615325928e-03 1.155666448175907135e-02 2.063512988388538361e-02
2.960000000000000000e+02 6.848064280496712897e-02 2.246114425361156464e-02 3.534928691806271672e-05 6.686324195470660925e-05 5.102599607198499143e-05 5.121383583173155785e-05 5.260335092316381633e-05 5.478974344441667199e-05 3.448612551437690854e-05 3.495439159451052547e-05 3.711650424520485103e-05 3.517659206409007311e-05 4.252032886142842472e-05 3.970259786001406610e-05 3.888245919370092452e-05 3.910302621079608798e-05 3.821010614046826959e-05 3.978086897404864430e-05 4.351454117568209767e-05 4.254546365700662136e-05 4.013090074295178056e-05 3.974649735027924180e-05 4.034993980894796550e-05 3.962631308240815997e-05 3.943006231565959752e-05 3.904675759258680046e-05 3.835454117506742477e-05 4.047488619107753038e-05 1.589082926511764526e-02 1.128371059894561768e-02 8.609429001808166504e-03 1.153024565428495407e-02 2.061901614069938660e-02
2.970000000000000000e+02 6.802027004047206393e-02 2.236330322921276093e-02 3.479788938420824707e-05 6.557515007443726063e-05 5.015788701712153852e-05 5.044268618803471327e-05 5.194602636038325727e-05 5.451477045426145196e-05 3.404652670724317431e-05 3.449442010605707765e-05 3.664222822408191860e-05 3.471302261459641159e-05 4.196394365862943232e-05 3.908190046786330640e-05 3.827006003120914102e-05 3.848474807455204427e-05 3.756192381842993200e-05 3.912016472895629704e-05 4.278161213733255863e-05 4.180915857432410121e-05 3.942006878787651658e-05 3.900432056980207562e-05 3.964945062762126327e-05 3.893319808412343264e-05 3.871059016091749072e-05 3.832246147794649005e-05 3.767335874726995826e-05 3.976995139964856207e-05 1.585385389626026154e-02 1.125868689268827438e-02 8.584757335484027863e-03 1.150394696742296219e-02 2.060296386480331421e-02
2.980000000000000000e+02 6.756452412053511047e-02 2.226620353758335114e-02 3.424092210480012000e-05 6.430484791053459048e-05 4.931370494887232780e-05 4.966989945387467742e-05 5.130370846018195152e-05 5.422445610747672617e-05 3.360726987011730671e-05 3.401357753318734467e-05 3.618153641582466662e-05 3.426074181334115565e-05 4.140532473684288561e-05 3.848534106509760022e-05 3.767182352021336555e-05 3.788139656535349786e-05 3.692474638228304684e-05 3.846893741865642369e-05 4.204514698358252645e-05 4.110948793822899461e-05 3.872621527989394963e-05 3.826633110293187201e-05 3.896476482623256743e-05 3.824445957434363663e-05 3.800179911195300519e-05 3.760849358513951302e-05 3.700167508213780820e-05 3.908849612344056368e-05 1.581702567636966705e-02 1.123376563191413879e-02 8.560189045965671539e-03 1.147776469588279724e-02 2.058695256710052490e-02
2.990000000000000000e+02 6.711334325119405753e-02 2.216984331607818604e-02 3.372141145518980920e-05 6.305476563284173608e-05 4.849847027799114585e-05 4.892136348644271493e-05 5.068397877039387822e-05 5.392658204073086381e-05 3.318347808090038598e-05 3.356871093274094164e-05 3.572895002434961498e-05 3.379663758096285164e-05 4.082661325810477138e-05 3.787628156715072691e-05 3.706087227328680456e-05 3.727140938281081617e-05 3.627377736847847700e-05 3.781947089009918272e-05 4.133191760047338903e-05 4.040254134451970458e-05 3.803600702667608857e-05 3.756481964956037700e-05 3.827176988124847412e-05 3.757409649551846087e-05 3.730932803591713309e-05 3.691426172736100852e-05 3.635442408267408609e-05 3.842663136310875416e-05 1.578034088015556335e-02 1.120894681662321091e-02 8.535753004252910614e-03 1.145169232040643692e-02 2.057101950049400330e-02
3.000000000000000000e+02 6.666666666666666574e-02 2.207421883940696716e-02 3.321052281535230577e-05 6.183428922668099403e-05 4.770330633618868887e-05 4.817202716367319226e-05 5.005676575819961727e-05 5.363316449802368879e-05 3.274794653407298028e-05 3.310357715236023068e-05 3.527287117321975529e-05 3.334996290504932404e-05 4.024400186608545482e-05 3.728010051418095827e-05 3.646613913588225842e-05 3.667206692625768483e-05 3.564335929695516825e-05 3.718783773365430534e-05 4.062459629494696856e-05 3.971147452830336988e-05 3.735836071427911520e-05 3.686832496896386147e-05 3.762273263419046998e-05 3.691994788823649287e-05 3.664422547444701195e-05 3.623372322181239724e-05 3.573625508579425514e-05 3.777438541874289513e-05 1.574380882084369659e-02 1.118420809507369995e-02 8.511427789926528931e-03 1.142573822289705276e-02 2.055511437356472015e-02
3.010000000000000000e+02 6.622443460888952083e-02 2.197933383285999298e-02 3.271736204624176025e-05 6.062860484234988689e-05 4.692789298132993281e-05 4.744092439068481326e-05 4.945660839439369738e-05 5.330962812877260149e-05 3.232383096474222839e-05 3.265704071964137256e-05 3.482352258288301528e-05 3.290509994258172810e-05 3.966537769883871078e-05 3.668926729005761445e-05 3.587070023058913648e-05 3.608092083595693111e-05 3.502644176478497684e-05 3.655890759546309710e-05 3.995151200797408819e-05 3.903945253114216030e-05 3.669623038149438798e-05 3.617645415943115950e-05 3.697334614116698503e-05 3.630025094025768340e-05 3.599305637180805206e-05 3.556631781975738704e-05 3.512551120365969837e-05 3.714653212227858603e-05 1.570740155875682831e-02 1.115955784916877747e-02 8.487218990921974182e-03 1.139989122748374939e-02 2.053927257657051086e-02
3.020000000000000000e+02 6.578658830753036924e-02 2.188516035676002502e-02 3.224020110792480409e-05 5.945104567217640579e-05 4.618951788870617747e-05 4.671328133554197848e-05 4.884949157712981105e-05 5.298762698657810688e-05 3.190460120094940066e-05 3.219943755539134145e-05 3.437875784584321082e-05 3.245763582526706159e-05 3.907316568074747920e-05 3.611477222875691950e-05 3.529376408550888300e-05 3.549539906089194119e-05 3.439770807744935155e-05 3.594217560021206737e-05 3.927777288481593132e-05 3.839266719296574593e-05 3.606002428568899632e-05 3.551601912477053702e-05 3.635332541307434440e-05 3.568670945242047310e-05 3.536389704095199704e-05 3.492731411824934185e-05 3.452470991760492325e-05 3.654504689620807767e-05 1.567114889621734619e-02 1.113500539213418961e-02 8.463133126497268677e-03 1.137415878474712372e-02 2.052345685660839081e-02
3.030000000000000000e+02 6.535306996046139072e-02 2.179169282317161560e-02 3.179411578457802534e-05 5.828816938446834683e-05 4.547185380943119526e-05 4.600048123393207788e-05 4.824710777029395103e-05 5.266094740363769233e-05 3.147421011817641556e-05 3.174803350702859461e-05 3.393654333194717765e-05 3.201485742465592921e-05 3.849126369459554553e-05 3.554458089638501406e-05 3.470230512903071940e-05 3.491346069495193660e-05 3.378946348675526679e-05 3.533519702614285052e-05 3.862049197778105736e-05 3.774967990466393530e-05 3.542799458955414593e-05 3.486928835627622902e-05 3.573333378881216049e-05 3.509717862471006811e-05 3.474562618066556752e-05 3.430572178331203759e-05 3.395729800104163587e-05 3.595708039938472211e-05 1.563504338264465332e-02 1.111055444926023483e-02 8.439143188297748566e-03 1.134852226823568344e-02 2.050771936774253845e-02
3.040000000000000000e+02 6.492382271468144506e-02 2.169891633093357086e-02 3.135482620564289391e-05 5.715136649087071419e-05 4.478405753616243601e-05 4.529454599833115935e-05 4.766710117110051215e-05 5.231930117588490248e-05 3.106089934590272605e-05 3.131165067316032946e-05 3.349503094796091318e-05 3.157217361149378121e-05 3.790178016060963273e-05 3.498526712064631283e-05 3.413606464164331555e-05 3.435257531236857176e-05 3.319172174087725580e-05 3.474081313470378518e-05 3.799436308327130973e-05 3.712600664584897459e-05 3.481773819657973945e-05 3.423651287448592484e-05 3.515082789817824960e-05 3.451259908615611494e-05 3.415908940951339900e-05 3.369749902049079537e-05 3.340617695357650518e-05 3.540185571182519197e-05 1.559907663613557816e-02 1.108617614954710007e-02 8.415292017161846161e-03 1.132300961762666702e-02 2.049199491739273071e-02
3.050000000000000000e+02 6.449879064767535808e-02 2.160684764385223389e-02 3.093569830525666475e-05 5.604153193417005241e-05 4.411531335790641606e-05 4.460176205611787736e-05 4.708838969236239791e-05 5.196568235987797379e-05 3.065196506213396788e-05 3.087536606471985579e-05 3.306973303551785648e-05 3.113707498414441943e-05 3.730391472345218062e-05 3.443098466959781945e-05 3.358514368301257491e-05 3.379810368642210960e-05 3.260744779254309833e-05 3.415349056012928486e-05 3.737420411198399961e-05 3.652953091659583151e-05 3.421890869503840804e-05 3.362735515111126006e-05 3.456211925367824733e-05 3.396604006411507726e-05 3.358619505888782442e-05 3.311913314973935485e-05 3.287451909272931516e-05 3.484711487544700503e-05 1.556324772536754608e-02 1.106187142431735992e-02 8.391520008444786072e-03 1.129759475588798523e-02 2.047634497284889221e-02
3.060000000000000000e+02 6.407791874919901987e-02 2.151546254754066467e-02 3.052630563615821302e-05 5.496052108355797827e-05 4.347540016169659793e-05 4.391803304315544665e-05 4.650789196603000164e-05 5.160092405276373029e-05 3.023936187673825771e-05 3.044515869987662882e-05 3.264589031459763646e-05 3.070769525947980583e-05 3.671618833323009312e-05 3.389740959391929209e-05 3.304057827335782349e-05 3.325536090414971113e-05 3.202344669261947274e-05 3.359105539857409894e-05 3.678126449813134968e-05 3.594158624764531851e-05 3.363786890986375511e-05 3.303280391264706850e-05 3.402251968509517610e-05 3.343678690725937486e-05 3.304093843325972557e-05 3.256399577367119491e-05 3.236588963773101568e-05 3.431379809626378119e-05 1.552755385637283325e-02 1.103767938911914825e-02 8.367893286049365997e-03 1.127230096608400345e-02 2.046073786914348602e-02
3.070000000000000000e+02 6.366115290347908184e-02 2.142474427819252014e-02 3.014036337845027447e-05 5.388936187955550849e-05 4.285839895601384342e-05 4.324805922806262970e-05 4.594193160301074386e-05 5.122731818119063973e-05 2.982747355417814106e-05 3.002399171236902475e-05 3.222147643100470304e-05 3.028402716154232621e-05 3.612887303461320698e-05 3.337108137202449143e-05 3.250467125326395035e-05 3.271941750426776707e-05 3.145898881484754384e-05 3.303719131508842111e-05 3.619722701841965318e-05 3.539647150319069624e-05 3.307584483991377056e-05 3.246397682232782245e-05 3.347918391227722168e-05 3.292447581770829856e-05 3.251287125749513507e-05 3.202444713679142296e-05 3.189515336998738348e-05 3.380819907761178911e-05 1.549199596047401428e-02 1.101356744766235352e-02 8.344359695911407471e-03 1.124709192663431168e-02 2.044518664479255676e-02
3.080000000000000000e+02 6.324843987181649752e-02 2.133473008871078491e-02 2.976998621306847781e-05 5.285515726427547634e-05 4.226592136546969414e-05 4.259169145370833576e-05 4.537739005172625184e-05 5.083253563498146832e-05 2.943870822491589934e-05 2.960435813292860985e-05 3.180193743901327252e-05 2.986147592309862375e-05 3.553697752067819238e-05 3.286757782916538417e-05 3.198757258360274136e-05 3.220089274691417813e-05 3.091555845458060503e-05 3.250133522669784725e-05 3.564005601219832897e-05 3.484635453787632287e-05 3.253572504036128521e-05 3.191491850884631276e-05 3.296123395557515323e-05 3.243038008804433048e-05 3.199971979483962059e-05 3.149951589875854552e-05 3.141057095490396023e-05 3.333151107653975487e-05 1.545659080147743225e-02 1.098954491317272186e-02 8.320931345224380493e-03 1.122201606631278992e-02 2.042965218424797058e-02
3.090000000000000000e+02 6.283972727558362337e-02 2.124534547328948975e-02 2.940976082754787058e-05 5.184286783332936466e-05 4.169799649389460683e-05 4.194095527054741979e-05 4.482633084990084171e-05 5.043424971518106759e-05 2.904272696468979120e-05 2.918611244240310043e-05 3.139192995149642229e-05 2.945427877421025187e-05 3.495946657494641840e-05 3.237561395508237183e-05 3.148129326291382313e-05 3.169872434227727354e-05 3.036690759472548962e-05 3.197983824065886438e-05 3.510025271680206060e-05 3.433223537285812199e-05 3.201379877282306552e-05 3.138894680887460709e-05 3.247071435907855630e-05 3.195999306626617908e-05 3.151236523990519345e-05 3.101111724390648305e-05 3.096915315836668015e-05 3.285571074229665101e-05 1.542130392044782639e-02 1.096561364829540253e-02 8.297634311020374298e-03 1.119701657444238663e-02 2.041419036686420441e-02
3.100000000000000000e+02 6.243496357960457571e-02 2.115662954747676849e-02 2.907046473410446197e-05 5.084888471174053848e-05 4.114451076020486653e-05 4.129777516936883330e-05 4.427276144269853830e-05 5.001922545488923788e-05 2.866254180844407529e-05 2.878404484363272786e-05 3.099974856013432145e-05 2.904635948652867228e-05 3.438390922383405268e-05 3.188725531799718738e-05 3.098234083154238760e-05 3.121451300103217363e-05 2.983741251227911562e-05 3.147007009829394519e-05 3.460471998550929129e-05 3.382468639756552875e-05 3.151384225930087268e-05 3.088049925281666219e-05 3.200158243998885155e-05 3.150889824610203505e-05 3.105000359937548637e-05 3.054062835872173309e-05 3.053765976801514626e-05 3.241404556320048869e-05 1.538615301251411438e-02 1.094175316393375397e-02 8.274416439235210419e-03 1.117213629186153412e-02 2.039876393973827362e-02
3.110000000000000000e+02 6.203409807590905961e-02 2.106856368482112885e-02 2.874122583307325840e-05 4.987915235687978566e-05 4.062143489136360586e-05 4.067225745529867709e-05 4.373687261249870062e-05 4.959818397765047848e-05 2.828134893206879497e-05 2.839377157215494663e-05 3.061099414480850101e-05 2.864446469175163656e-05 3.380743510206229985e-05 3.141575143672525883e-05 3.051462590519804507e-05 3.073691186727955937e-05 2.932694587798323482e-05 3.097732042078860104e-05 3.410767749301157892e-05 3.333739732624962926e-05 3.102737900917418301e-05 3.039349394384771585e-05 3.152976205456070602e-05 3.106966323684900999e-05 3.060803646803833544e-05 3.008093153766822070e-05 3.013916102645453066e-05 3.197808109689503908e-05 1.535114459693431854e-02 1.091799419373273849e-02 8.251329883933067322e-03 1.114737056195735931e-02 2.038341015577316284e-02
3.120000000000000000e+02 6.163708086785010115e-02 2.098114043474197388e-02 2.843299444066360593e-05 4.894801531918346882e-05 4.011115379398688674e-05 4.005707887699827552e-05 4.319043364375829697e-05 4.915459066978655756e-05 2.790752841974608600e-05 2.800445145112462342e-05 3.021439260919578373e-05 2.824986586347222328e-05 3.324780482216738164e-05 3.097470471402630210e-05 3.004956124641466886e-05 3.026501690328586847e-05 2.883719935198314488e-05 3.050737541343551129e-05 3.363330688443966210e-05 3.287339495727792382e-05 3.055311753996647894e-05 2.991553083120379597e-05 3.108469900325872004e-05 3.065849523409269750e-05 3.018675488419830799e-05 2.964472332678269595e-05 2.974888593598734587e-05 3.155598460580222309e-05 1.531626749783754349e-02 1.089430879801511765e-02 8.228349499404430389e-03 1.112269517034292221e-02 2.036807313561439514e-02
3.130000000000000000e+02 6.124386285457644741e-02 2.089435420930385590e-02 2.811498052324168384e-05 4.804378477274440229e-05 3.963171911891549826e-05 3.945412026951089501e-05 4.265438474249094725e-05 4.869752228842116892e-05 2.754685556283220649e-05 2.762604708550497890e-05 2.984544880746398121e-05 2.786509321595076472e-05 3.269153239671140909e-05 3.053278487641364336e-05 2.959339326480403543e-05 2.981826401082798839e-05 2.835314080584794283e-05 3.004696372954640538e-05 3.319192546769045293e-05 3.242672755732201040e-05 3.010892942256759852e-05 2.947182656498625875e-05 3.065616328967735171e-05 3.026690865226555616e-05 2.978423071908764541e-05 2.924442742369137704e-05 2.937370300060138106e-05 3.116323932772502303e-05 1.528151985257863998e-02 1.087071001529693604e-02 8.205465972423553467e-03 1.109812874346971512e-02 2.035278826951980591e-02
3.140000000000000000e+02 6.085439571585054414e-02 2.080818451941013336e-02 2.782126102829352021e-05 4.714774331660009921e-05 3.915927663911134005e-05 3.886069316649809480e-05 4.213852298562414944e-05 4.823687413590960205e-05 2.718745417951140553e-05 2.723748912103474140e-05 2.946864151454064995e-05 2.748175211308989674e-05 3.212884985259734094e-05 3.011533408425748348e-05 2.915578079409897327e-05 2.939099977083969861e-05 2.789109930745325983e-05 2.960722122224979103e-05 3.274974369560368359e-05 3.200540595571510494e-05 2.968329135910607874e-05 2.905446490331087261e-05 3.026173180842306465e-05 2.988478809129446745e-05 2.939618207165040076e-05 2.885108006012160331e-05 2.902884079958312213e-05 3.078768349951133132e-05 1.524690631777048111e-02 1.084719132632017136e-02 8.182694204151630402e-03 1.107366289943456650e-02 2.033757045865058899e-02
3.150000000000000000e+02 6.046863189720332737e-02 2.072264999151229858e-02 2.754650631686672568e-05 4.629529939847998321e-05 3.870733053190633655e-05 3.827168984571471810e-05 4.162443656241521239e-05 4.775250636157579720e-05 2.682826561795081943e-05 2.688214044610504061e-05 2.911109004344325513e-05 2.710534863581415266e-05 3.159644620609469712e-05 2.970448804262559861e-05 2.874403071473352611e-05 2.896825208154041320e-05 2.745895653788466007e-05 2.917790334322489798e-05 3.232705421396531165e-05 3.159164407406933606e-05 2.927202331193257123e-05 2.864254201995208859e-05 2.986890831380151212e-05 2.952987051685340703e-05 2.903499262174591422e-05 2.847296491381712258e-05 2.869396485039032996e-05 3.043164724658709019e-05 1.521241851150989532e-02 1.082377135753631592e-02 8.160022087395191193e-03 1.104930508881807327e-02 2.032236196100711823e-02
3.160000000000000000e+02 6.008652459541739821e-02 2.063772454857826233e-02 2.727160790527705103e-05 4.546407217276282609e-05 3.828121407423168421e-05 3.770513649214990437e-05 4.109683504793792963e-05 4.726129554910585284e-05 2.649713678692933172e-05 2.652106195455417037e-05 2.875497193599585444e-05 2.674547613423783332e-05 3.107553493464365602e-05 2.931966992036905140e-05 2.833972575899679214e-05 2.856171886378433555e-05 2.701741505006793886e-05 2.877571932913269848e-05 3.195280805812217295e-05 3.120903056696988642e-05 2.887452683353330940e-05 2.825896626745816320e-05 2.951182977994903922e-05 2.919157304859254509e-05 2.868744013539981097e-05 2.812019010889343917e-05 2.836407111317384988e-05 3.008983367180917412e-05 1.517806109040975571e-02 1.080042961984872818e-02 8.137461729347705841e-03 1.102502550929784775e-02 2.030722610652446747e-02
3.170000000000000000e+02 5.970802774433022625e-02 2.055340632796287537e-02 2.700932964216917753e-05 4.465855090529657900e-05 3.786722299992106855e-05 3.714209742611274123e-05 4.060148421558551490e-05 4.676366734202019870e-05 2.614785262267105281e-05 2.617436985019594431e-05 2.839766057149972767e-05 2.639013109728693962e-05 3.054009357583709061e-05 2.895500438171438873e-05 2.794564716168679297e-05 2.817120548570528626e-05 2.660678364918567240e-05 2.837797183019574732e-05 3.156535967718809843e-05 3.084322088398039341e-05 2.849957490980159491e-05 2.789924656099174172e-05 2.914626020356081426e-05 2.887077062041498721e-05 2.835311352100688964e-05 2.778413909254595637e-05 2.806127849908079952e-05 2.975634015456307679e-05 1.514383312314748764e-02 1.077717076987028122e-02 8.115004748106002808e-03 1.100085396319627762e-02 2.029213309288024902e-02
3.180000000000000000e+02 5.933309600094933273e-02 2.046967670321464539e-02 2.675829455256462097e-05 4.388246816233731806e-05 3.747384471353143454e-05 3.659318826976232231e-05 4.010398697573691607e-05 4.624149369192309678e-05 2.583674540801439434e-05 2.583976493042428046e-05 2.805910844472236931e-05 2.604628207336645573e-05 3.004318750754464418e-05 2.858278639905620366e-05 2.757518814178183675e-05 2.780357499432284385e-05 2.620490158733446151e-05 2.800489528453908861e-05 3.121645568171516061e-05 3.048343569389544427e-05 2.815050356730353087e-05 2.754756133072078228e-05 2.881411455746274441e-05 2.855498678400181234e-05 2.803336246870458126e-05 2.746335121628362685e-05 2.778177076834253967e-05 2.943459367088507861e-05 1.510973181575536728e-02 1.075398828834295273e-02 8.092655800282955170e-03 1.097679976373910904e-02 2.027707360684871674e-02
3.190000000000000000e+02 5.896168473187173714e-02 2.038655430078506470e-02 2.650924034242052585e-05 4.313295721658505499e-05 3.708590520545840263e-05 3.605080564739182591e-05 3.962135815527290106e-05 4.571097815642133355e-05 2.551067336753476411e-05 2.551486068114172667e-05 2.772629522951319814e-05 2.569564458099193871e-05 2.955002310045529157e-05 2.825104638759512454e-05 2.721305463637690991e-05 2.744869925663806498e-05 2.582227716629859060e-05 2.763754309853538871e-05 3.088091398240067065e-05 3.015408947248943150e-05 2.781086368486285210e-05 2.721678538364358246e-05 2.848830081347841769e-05 2.826700983860064298e-05 2.773499181785155088e-05 2.716126437007915229e-05 2.751284046098589897e-05 2.913652315328363329e-05 1.507576368749141693e-02 1.073088962584733963e-02 8.070405572652816772e-03 1.095282007008790970e-02 2.026206068694591522e-02
3.200000000000000000e+02 5.859375000000000000e-02 2.030401304364204407e-02 2.627141293487511575e-05 4.241413262207061052e-05 3.672573075164109468e-05 3.553564965841360390e-05 3.912996180588379502e-05 4.516553599387407303e-05 2.519650661270134151e-05 2.519764348107855767e-05 2.739839146670419723e-05 2.537078580644447356e-05 2.907518137362785637e-05 2.791213228192646056e-05 2.686946027097292244e-05 2.709923319343943149e-05 2.545808092691004276e-05 2.729062362050171942e-05 3.056179775740019977e-05 2.982758633152116090e-05 2.748590122791938484e-05 2.690380279091186821e-05 2.817860877257771790e-05 2.799172943923622370e-05 2.744701487245038152e-05 2.688290078367572278e-05 2.724450132518541068e-05 2.884848618123214692e-05 1.504190638661384583e-02 1.070787478238344193e-02 8.048268035054206848e-03 1.092895586043596268e-02 2.024710364639759064e-02
3.210000000000000000e+02 5.822924855154744395e-02 2.022204734385013580e-02 2.603417124191764742e-05 4.170721877017058432e-05 3.636760084191337228e-05 3.501955870888195932e-05 3.866874976665712893e-05 4.461335993255488575e-05 2.490005499566905200e-05 2.487291567376814783e-05 2.707265957724303007e-05 2.504519397916737944e-05 2.860817585315089673e-05 2.759638846328016371e-05 2.654670970514416695e-05 2.677032898645848036e-05 2.511131424398627132e-05 2.696649607969447970e-05 3.026699414476752281e-05 2.953331932076252997e-05 2.717853567446582019e-05 2.661238977452740073e-05 2.788588244584389031e-05 2.772032348730135709e-05 2.717647839745040983e-05 2.660023346834350377e-05 2.700715413084253669e-05 2.857804975064937025e-05 1.500818785279989243e-02 1.068492792546749115e-02 8.026212453842163086e-03 1.090519409626722336e-02 2.023217640817165375e-02
3.220000000000000000e+02 5.786813780332548951e-02 2.014065906405448914e-02 2.580582440714351833e-05 4.102866660105064511e-05 3.602293872972950339e-05 3.452154487604275346e-05 3.820397250819951296e-05 4.405690924613736570e-05 2.459973620716482401e-05 2.457701521052513272e-05 2.676535223145037889e-05 2.473158019711263478e-05 2.815611514961346984e-05 2.730646883719600737e-05 2.624320222821552306e-05 2.644402411533519626e-05 2.477837188052944839e-05 2.665602551132906228e-05 2.997748924826737493e-05 2.923756255768239498e-05 2.689531174837611616e-05 2.634060365380719304e-05 2.761913492577150464e-05 2.748056613199878484e-05 2.692621637834236026e-05 2.634463817230425775e-05 2.677763040992431343e-05 2.831118399626575410e-05 1.497457455843687057e-02 1.066207420080900192e-02 8.004272356629371643e-03 1.088151894509792328e-02 2.021728642284870148e-02
3.230000000000000000e+02 5.751037583030604861e-02 2.005985379219055176e-02 2.559345011832192540e-05 4.039524719701148570e-05 3.569460386643186212e-05 3.402748916414566338e-05 3.775583900278434157e-05 4.348649599705822766e-05 2.432325345580466092e-05 2.428467087156604975e-05 2.646333814482204616e-05 2.442096047161612660e-05 2.771556137304287404e-05 2.701396260818000883e-05 2.593641147541347891e-05 2.615662742755375803e-05 2.445653808536008000e-05 2.634935299283824861e-05 2.970713467220775783e-05 2.896774458349682391e-05 2.660816244315356016e-05 2.608192517072893679e-05 2.734826921368949115e-05 2.723625220824033022e-05 2.667380795173812658e-05 2.611108538985718042e-05 2.655866228451486677e-05 2.805665644700638950e-05 1.494110748171806335e-02 1.063929311931133270e-02 7.982434704899787903e-03 1.085794251412153244e-02 2.020245417952537537e-02
3.240000000000000000e+02 5.715592135345221730e-02 1.997959427535533905e-02 2.538269109209068120e-05 3.977024607593193650e-05 3.538500459399074316e-05 3.355336593813262880e-05 3.730559183168224990e-05 4.290822835173457861e-05 2.404142833256628364e-05 2.399700679234229028e-05 2.617029713292140514e-05 2.411391869827639312e-05 2.729978768911678344e-05 2.674286770343314856e-05 2.565255999797955155e-05 2.586377377156168222e-05 2.416058669041376561e-05 2.606552880024537444e-05 2.944714105979073793e-05 2.870341450034175068e-05 2.635119926708284765e-05 2.582984598120674491e-05 2.709978616621810943e-05 2.700230470509268343e-05 2.645305175974499434e-05 2.588711322459857911e-05 2.633827352838125080e-05 2.782116098387632519e-05 1.490774471312761307e-02 1.061659678816795349e-02 7.960679940879344940e-03 1.083445642143487930e-02 2.018766477704048157e-02
3.250000000000000000e+02 5.680473372781064817e-02 1.989991031587123871e-02 2.517171742510981858e-05 3.917159119737334549e-05 3.507527071633376181e-05 3.310004831291735172e-05 3.687665957841090858e-05 4.232262290315702558e-05 2.376294833084102720e-05 2.371945447521284223e-05 2.588128154457081109e-05 2.382334605499636382e-05 2.688608401513192803e-05 2.648567169671878219e-05 2.538735861890017986e-05 2.558005689934361726e-05 2.385982952546328306e-05 2.579059946583583951e-05 2.921338818850927055e-05 2.847379801096394658e-05 2.610148840176407248e-05 2.560110442573204637e-05 2.684815626707859337e-05 2.678785131138283759e-05 2.622716237965505570e-05 2.566118200775235891e-05 2.613934884720947593e-05 2.759345443337224424e-05 1.487453002482652664e-02 1.059397868812084198e-02 7.939042523503303528e-03 1.081108301877975464e-02 2.017291821539402008e-02
3.260000000000000000e+02 5.645677293085927390e-02 1.982076093554496765e-02 2.496157685527577996e-05 3.860479773720726371e-05 3.478016515146009624e-05 3.264219049015082419e-05 3.643954551080241799e-05 4.172614353592507541e-05 2.351033981540240347e-05 2.346435212530195713e-05 2.559165841375943273e-05 2.354728712816722691e-05 2.649784801178611815e-05 2.623220279929228127e-05 2.511639650037977844e-05 2.532209146011155099e-05 2.358504207222722471e-05 2.552352816564962268e-05 2.897756712627597153e-05 2.822685928549617529e-05 2.586608025012537837e-05 2.537979889893904328e-05 2.663248415046837181e-05 2.657715958775952458e-05 2.601889900688547641e-05 2.545947427279315889e-05 2.595533260318916291e-05 2.736043279583100230e-05 1.484141498804092407e-02 1.057142112404108047e-02 7.917499169707298279e-03 1.078777294605970383e-02 2.015820704400539398e-02
3.270000000000000000e+02 5.611199955110400539e-02 1.974216289818286896e-02 2.476836016285233200e-05 3.805840242421254516e-05 3.450696749496273696e-05 3.221872611902654171e-05 3.602664219215512276e-05 4.112233000341802835e-05 2.324200249859131873e-05 2.320073144801426679e-05 2.533044607844203711e-05 2.327063521079253405e-05 2.610884439491201192e-05 2.600965854071546346e-05 2.488511563569772989e-05 2.506897362763993442e-05 2.333133670617826283e-05 2.527720425860024989e-05 2.875228165066801012e-05 2.800445690809283406e-05 2.563337329775094986e-05 2.517188841011375189e-05 2.640445200086105615e-05 2.637280886119697243e-05 2.580341970315203071e-05 2.526224852772429585e-05 2.577143823145888746e-05 2.715062692004721612e-05 1.480842195451259613e-02 1.054896973073482513e-02 7.896048948168754578e-03 1.076459512114524841e-02 2.014353498816490173e-02
3.280000000000000000e+02 5.577037477691849932e-02 1.966411620378494263e-02 2.456812035234179348e-05 3.753605415113270283e-05 3.421525252633728087e-05 3.179030682076700032e-05 3.562125857570208609e-05 4.051808718941174448e-05 2.301170025020837784e-05 2.295791637152433395e-05 2.505599877622444183e-05 2.299562038388103247e-05 2.574252357590012252e-05 2.578463499958161265e-05 2.466784098942298442e-05 2.481902811268810183e-05 2.307144859514664859e-05 2.504162148397881538e-05 2.855804086721036583e-05 2.778990346996579319e-05 2.542107904446311295e-05 2.497454261174425483e-05 2.618073813209775835e-05 2.618625512695871294e-05 2.561626570241060108e-05 2.507447970856446773e-05 2.559237691457383335e-05 2.692487578315194696e-05 1.477553136646747589e-02 1.052658353000879288e-02 7.874697446823120117e-03 1.074149645864963531e-02 2.012890577316284180e-02
3.290000000000000000e+02 5.543186038562097212e-02 1.958657987415790558e-02 2.437927651044446975e-05 3.704284972627647221e-05 3.396347165107727051e-05 3.138546162517741323e-05 3.522224869811907411e-05 3.991678022430278361e-05 2.277500243508256972e-05 2.270713957841508090e-05 2.479803515598177910e-05 2.274079452035948634e-05 2.539041270210873336e-05 2.556990693847183138e-05 2.443906305416021496e-05 2.458847484376747161e-05 2.283463436469901353e-05 2.481180854374542832e-05 2.835025952663272619e-05 2.757721813395619392e-05 2.521330679883249104e-05 2.479471913829911500e-05 2.598353603389114141e-05 2.599059371277689934e-05 2.542544098105281591e-05 2.488694917701650411e-05 2.541822686907835305e-05 2.671746915439143777e-05 1.474279165267944336e-02 1.050428021699190140e-02 7.853434421122074127e-03 1.071847975254058838e-02 2.011434175074100494e-02
3.300000000000000000e+02 5.509641873278237068e-02 1.950959675014019012e-02 2.419117481622379273e-05 3.655843102023936808e-05 3.369781188666820526e-05 3.097572334809228778e-05 3.483436375972814858e-05 3.930698585463687778e-05 2.254765240650158376e-05 2.247735210403334349e-05 2.453678644087631255e-05 2.250452780572231859e-05 2.504808253434021026e-05 2.535882777010556310e-05 2.423605292278807610e-05 2.436210343148559332e-05 2.261384906887542456e-05 2.460422183503396809e-05 2.816684354911558330e-05 2.738327748375013471e-05 2.501865674275904894e-05 2.462181873852387071e-05 2.578326530056074262e-05 2.581654189270921052e-05 2.524710180296096951e-05 2.471914922352880239e-05 2.525749187043402344e-05 2.652413422765675932e-05 1.471014879643917084e-02 1.048204209655523300e-02 7.832272909581661224e-03 1.069556549191474915e-02 2.009978331625461578e-02
3.310000000000000000e+02 5.476401274176029982e-02 1.943311281502246857e-02 2.401929486950393766e-05 3.609593477449379861e-05 3.344988726894371212e-05 3.059217124246060848e-05 3.445481343078427017e-05 3.869763168040663004e-05 2.232510450994595885e-05 2.225824573542922735e-05 2.429124288028106093e-05 2.225775278930086643e-05 2.473594759067054838e-05 2.516720815037842840e-05 2.404204133199527860e-05 2.415977360215038061e-05 2.239857894892338663e-05 2.437897819618228823e-05 2.800296169880311936e-05 2.719410804274957627e-05 2.482329546182882041e-05 2.444208985252771527e-05 2.559482527431100607e-05 2.562432746344711632e-05 2.506832606741227210e-05 2.454847708577290177e-05 2.509578553144820035e-05 2.633115764183457941e-05 1.467762049287557602e-02 1.045987848192453384e-02 7.811216171830892563e-03 1.067274715751409531e-02 2.008527889847755432e-02
3.320000000000000000e+02 5.443460589345332917e-02 1.935715787112712860e-02 2.384186700510326773e-05 3.565945735317654908e-05 3.319608003948815167e-05 3.022938835783861578e-05 3.408656630199402571e-05 3.809123154496774077e-05 2.210726051998790354e-05 2.204332486144267023e-05 2.404495535301975906e-05 2.201537063228897750e-05 2.442008189973421395e-05 2.497701643733307719e-05 2.386622691119555384e-05 2.395324554527178407e-05 2.220364149252418429e-05 2.417622090433724225e-05 2.782188857963774353e-05 2.700632285268511623e-05 2.464426324877422303e-05 2.428596235404256731e-05 2.540843524911906570e-05 2.545490133343264461e-05 2.490012957423459738e-05 2.438446790620218962e-05 2.493352440069429576e-05 2.614004188217222691e-05 1.464522257447242737e-02 1.043780241161584854e-02 7.790247444063425064e-03 1.065002195537090302e-02 2.007082663476467133e-02
3.330000000000000000e+02 5.410816221627032241e-02 1.928172074258327484e-02 2.366026092204265296e-05 3.525050487951375544e-05 3.296306749689392745e-05 2.986566687468439341e-05 3.372039645910263062e-05 3.747685332200489938e-05 2.190465784224215895e-05 2.182789648941252381e-05 2.380095247644931078e-05 2.178545946662779897e-05 2.412542562524322420e-05 2.481106093910057098e-05 2.368502100580371916e-05 2.376340489718131721e-05 2.199663867941126227e-05 2.398377182544209063e-05 2.764608871075324714e-05 2.682511330931447446e-05 2.447361111990176141e-05 2.413695801806170493e-05 2.522658360248897225e-05 2.528067307139281183e-05 2.472710912115871906e-05 2.422849502181634307e-05 2.478203168720938265e-05 2.594568104541394860e-05 1.461293920874595642e-02 1.041579712182283401e-02 7.769370917230844498e-03 1.062737125903367996e-02 2.005641721189022064e-02
3.340000000000000000e+02 5.378464627630965417e-02 1.920677162706851959e-02 2.348580528632737696e-05 3.486562127363868058e-05 3.272308822488412261e-05 2.952633076347410679e-05 3.338209717185236514e-05 3.687290518428198993e-05 2.170324842154514045e-05 2.162832970498129725e-05 2.358427263970952481e-05 2.157040762540418655e-05 2.383748142165131867e-05 2.462529664626345038e-05 2.352466071897652000e-05 2.357842640776652843e-05 2.181586205551866442e-05 2.380629848630633205e-05 2.747359394561499357e-05 2.665886313479859382e-05 2.430147105769719929e-05 2.398526339675299823e-05 2.504912481526844203e-05 2.511800812499132007e-05 2.456543188600335270e-05 2.408385262242518365e-05 2.462743213982321322e-05 2.576464794401545078e-05 1.458076294511556625e-02 1.039386168122291565e-02 7.748588919639587402e-03 1.060479972511529922e-02 2.004204504191875458e-02
3.350000000000000000e+02 5.346402316774337415e-02 1.913233473896980286e-02 2.332394797122105956e-05 3.448221832513809204e-05 3.248754364904016256e-05 2.918593236245214939e-05 3.303280391264706850e-05 3.627441765274852514e-05 2.151131775462999940e-05 2.144284917449112982e-05 2.336840589123312384e-05 2.135110298695508391e-05 2.357313314860220999e-05 2.445958671160042286e-05 2.336115176149178296e-05 2.337665500817820430e-05 2.163586941605899483e-05 2.361749648116528988e-05 2.733131987042725086e-05 2.648791269166395068e-05 2.414296068309340626e-05 2.385178413533139974e-05 2.488376958353910595e-05 2.496054366929456592e-05 2.440777279844041914e-05 2.394055263721384108e-05 2.448125087539665401e-05 2.558484811743255705e-05 1.454872265458106995e-02 1.037199888378381729e-02 7.727906107902526855e-03 1.058234274387359619e-02 2.002770267426967621e-02
3.360000000000000000e+02 5.314625850340135710e-02 1.905840635299682617e-02 2.315810343134216964e-05 3.412108344491571188e-05 3.226406988687813282e-05 2.886475340346805751e-05 3.269856460974551737e-05 3.567681051208637655e-05 2.132379268005024642e-05 2.125777791661676019e-05 2.314803714398294687e-05 2.114098788297269493e-05 2.331184623471926898e-05 2.430800668662413955e-05 2.320976636838167906e-05 2.320773273822851479e-05 2.146936094504781067e-05 2.345091888855677098e-05 2.716755625442601740e-05 2.631497955007944256e-05 2.398547258053440601e-05 2.370896618231199682e-05 2.471088919264730066e-05 2.480117473169229925e-05 2.424278682156000286e-05 2.378880526521243155e-05 2.433381814626045525e-05 2.540420064178761095e-05 1.451675407588481903e-02 1.035021338611841202e-02 7.707315497100353241e-03 1.055997144430875778e-02 2.001341618597507477e-02
3.370000000000000000e+02 5.283131840555081032e-02 1.898495666682720184e-02 2.299469269928522408e-05 3.378713881829753518e-05 3.203801679774187505e-05 2.856335231626871973e-05 3.236795600969344378e-05 3.509105590637773275e-05 2.117251096933614463e-05 2.107953514496330172e-05 2.292955105076543987e-05 2.095033778459765017e-05 2.306077112734783441e-05 2.415757262497209013e-05 2.304691042809281498e-05 2.304878398717846721e-05 2.130103530362248421e-05 2.327990296180360019e-05 2.701420453377068043e-05 2.615050470922142267e-05 2.382933053013402969e-05 2.358157144044525921e-05 2.454758578096516430e-05 2.464056706230621785e-05 2.408975160506088287e-05 2.364594001846853644e-05 2.418905933154746890e-05 2.522850081732030958e-05 1.448492333292961121e-02 1.032851450145244598e-02 7.686807308346033096e-03 1.053769048303365707e-02 1.999915391206741333e-02
3.380000000000000000e+02 5.251916949686635805e-02 1.891200058162212372e-02 2.282494642713572830e-05 3.347238089190796018e-05 3.181478678015992045e-05 2.825195952027570456e-05 3.204436870873905718e-05 3.450890289968810976e-05 2.099192352034151554e-05 2.090120688080787659e-05 2.272067831654567271e-05 2.074537587759550661e-05 2.283584763063117862e-05 2.400550874881446362e-05 2.292728458996862173e-05 2.287905044795479625e-05 2.115035567840095609e-05 2.312263859494123608e-05 2.686921470740344375e-05 2.599275103420950472e-05 2.367588058405090123e-05 2.344689892197493464e-05 2.437454895698465407e-05 2.448003760946448892e-05 2.393706381553784013e-05 2.351010152779053897e-05 2.404465703875757754e-05 2.504824078641831875e-05 1.445320248603820801e-02 1.030687242746353149e-02 7.666401099413633347e-03 1.051550265401601791e-02 1.998493075370788574e-02
3.390000000000000000e+02 5.220977889158639335e-02 1.883950643241405487e-02 2.268155003548599780e-05 3.316229049232788384e-05 3.160133564961142838e-05 2.796448461594991386e-05 3.173189543304033577e-05 3.392824146430939436e-05 2.082680293824523687e-05 2.074402073048986495e-05 2.251493970106821507e-05 2.055295954050961882e-05 2.260334076709114015e-05 2.385021252848673612e-05 2.278460851812269539e-05 2.271168705192394555e-05 2.099579069181345403e-05 2.295040212629828602e-05 2.672210030141286552e-05 2.583624700491782278e-05 2.352366209379397333e-05 2.331711402803193778e-05 2.422533907520119101e-05 2.431784196232911199e-05 2.378225508437026292e-05 2.336752550036180764e-05 2.390352528891526163e-05 2.487083656887989491e-05 1.442158967256546021e-02 1.028531882911920547e-02 7.646078243851661682e-03 1.049338374286890030e-02 1.997073553502559662e-02
3.400000000000000000e+02 5.190311418685120831e-02 1.876750588417053223e-02 2.252416197734419256e-05 3.286373612354509532e-05 3.136815212201327085e-05 2.768969170574564487e-05 3.142151035717688501e-05 3.337068847031332552e-05 2.067039349640253931e-05 2.057720666925888509e-05 2.232520273537375033e-05 2.037191734416410327e-05 2.238665911136195064e-05 2.371071605011820793e-05 2.266071896883659065e-05 2.255528306704945862e-05 2.085542109853122383e-05 2.279603540955577046e-05 2.656992364791221917e-05 2.567553201515693218e-05 2.338354352104943246e-05 2.319576742593199015e-05 2.405543455097358674e-05 2.414906521153170615e-05 2.363613020861521363e-05 2.322438558621797711e-05 2.374840005359146744e-05 2.467830745445098728e-05 1.439009327441453934e-02 1.026383042335510254e-02 7.625843398272991180e-03 1.047135889530181885e-02 1.995660550892353058e-02
3.410000000000000000e+02 5.159914345421866277e-02 1.869597099721431732e-02 2.236854379589203745e-05 3.260503945057280362e-05 3.115457002422772348e-05 2.742940887401346117e-05 3.111518162768334150e-05 3.280090822954662144e-05 2.050146395049523562e-05 2.042038067884277552e-05 2.212776780652347952e-05 2.020362080656923354e-05 2.217621295130811632e-05 2.356653931201435626e-05 2.254474566143471748e-05 2.240680623799562454e-05 2.071759445243515074e-05 2.264553222630638629e-05 2.642135768837761134e-05 2.551495344960130751e-05 2.323718035768251866e-05 2.306363421666901559e-05 2.389477776887360960e-05 2.399868208158295602e-05 2.346823021071031690e-05 2.309643423359375447e-05 2.360263715672772378e-05 2.449712701491080225e-05 1.435868907719850540e-02 1.024240162223577499e-02 7.605702616274356842e-03 1.044942531734704971e-02 1.994250714778900146e-02
3.420000000000000000e+02 5.129783523135323514e-02 1.862491108477115631e-02 2.221206341346260160e-05 3.233115057810209692e-05 3.093155464739538729e-05 2.715248410822823644e-05 3.082408511545509100e-05 3.226599801564589143e-05 2.037066951743327081e-05 2.027772825385909528e-05 2.193574073316995054e-05 2.002024666580837220e-05 2.198495349148288369e-05 2.343382948311045766e-05 2.243034577986691147e-05 2.224954550911206752e-05 2.057340861938428134e-05 2.249339377158321440e-05 2.627236972330138087e-05 2.536324791435617954e-05 2.308816874574404210e-05 2.293004945386201143e-05 2.373837196500971913e-05 2.383507307968102396e-05 2.331794530618935823e-05 2.294509613420814276e-05 2.346031942579429597e-05 2.431735629215836525e-05 1.432741712778806686e-02 1.022104546427726746e-02 7.585652172565460205e-03 1.042756997048854828e-02 1.992843672633171082e-02
3.430000000000000000e+02 5.099915851388452104e-02 1.855430938303470612e-02 2.206830504292156547e-05 3.207246118108741939e-05 3.072005711146630347e-05 2.691085319384001195e-05 3.053482214454561472e-05 3.172671858919784427e-05 2.023007255047559738e-05 2.012432560150045902e-05 2.175334338971879333e-05 1.984690788958687335e-05 2.179291368520352989e-05 2.330238021386321634e-05 2.230704922112636268e-05 2.210220736742485315e-05 2.044495704467408359e-05 2.234607018181122839e-05 2.611801755847409368e-05 2.519860754546243697e-05 2.294797741342335939e-05 2.282372406625654548e-05 2.358111487410496920e-05 2.367327033425681293e-05 2.316281643288675696e-05 2.280968328705057502e-05 2.330479946976993233e-05 2.413318543403875083e-05 1.429622899740934372e-02 1.019977591931819916e-02 7.565693464130163193e-03 1.040581241250038147e-02 1.991442777216434479e-02
3.440000000000000000e+02 5.070308274743104415e-02 1.848416589200496674e-02 2.192198189732152969e-05 3.182470391038805246e-05 3.049920451303478330e-05 2.667524859134573489e-05 3.024382203875575215e-05 3.119105167570523918e-05 2.007071452680975199e-05 1.999312189582269639e-05 2.156078153348062187e-05 1.968708056665491313e-05 2.161857992177829146e-05 2.315892925253137946e-05 2.217620931332930923e-05 2.195356319134589285e-05 2.030984978773631155e-05 2.219786074419971555e-05 2.596496960904914886e-05 2.503966788935940713e-05 2.280393346154596657e-05 2.269850301672704518e-05 2.341832259844522923e-05 2.351180046389345080e-05 2.301349013578146696e-05 2.267323361593298614e-05 2.315349775017239153e-05 2.395705450908280909e-05 1.426516659557819366e-02 1.017857342958450317e-02 7.545817177742719650e-03 1.038413401693105698e-02 1.990043185651302338e-02
3.450000000000000000e+02 5.040957781978575719e-02 1.841447129845619202e-02 2.177260284952353686e-05 3.160209234920330346e-05 3.025692967639770359e-05 2.643959487613756210e-05 2.994987153215333819e-05 3.068598016398027539e-05 1.993750265683047473e-05 1.985357266676146537e-05 2.138942727469839156e-05 1.952003913174849004e-05 2.143293932022061199e-05 2.302962639078032225e-05 2.207808211096562445e-05 2.180830415454693139e-05 2.017641418206039816e-05 2.205091914220247418e-05 2.581120497779920697e-05 2.487057463440578431e-05 2.265995499328710139e-05 2.257241249026264995e-05 2.325385139556601644e-05 2.334630153200123459e-05 2.285263508383650333e-05 2.252667400171048939e-05 2.299814514117315412e-05 2.377187229285482317e-05 1.423419546335935593e-02 1.015744265168905258e-02 7.526020519435405731e-03 1.036252453923225403e-02 1.988646760582923889e-02
3.460000000000000000e+02 5.011861405325938185e-02 1.834522560238838196e-02 2.162578493880573660e-05 3.137234671157784760e-05 3.003966958203818649e-05 2.621067324071191251e-05 2.967200271086767316e-05 3.018769348273053765e-05 1.980882552743423730e-05 1.972202699107583612e-05 2.121762190654408187e-05 1.935727414092980325e-05 2.127081279468256980e-05 2.288952418894041330e-05 2.195444358221720904e-05 2.166234116884879768e-05 2.005053465836681426e-05 2.190923441958148032e-05 2.564716851338744164e-05 2.472254527674522251e-05 2.250523721158970147e-05 2.243991366412956268e-05 2.309697629243601114e-05 2.318139377166517079e-05 2.269834658363834023e-05 2.237862827314529568e-05 2.284719084855169058e-05 2.359926656936295331e-05 1.420334260910749435e-02 1.013636682182550430e-02 7.506322115659713745e-03 1.034102588891983032e-02 1.987257041037082672e-02
3.470000000000000000e+02 4.983016219717795181e-02 1.827642321586608887e-02 2.148185558326076716e-05 3.116001607850193977e-05 2.982000296469777822e-05 2.600397601781878620e-05 2.939710611826740205e-05 2.969652996398508549e-05 1.967010030057281256e-05 1.959512883331626654e-05 2.103793303831480443e-05 1.920952490763738751e-05 2.112320908054243773e-05 2.275459519296418875e-05 2.185665107390377671e-05 2.152701017621438950e-05 1.993604200833942741e-05 2.175462395825888962e-05 2.549588134570512921e-05 2.455435787851456553e-05 2.236490399809554219e-05 2.230705467809457332e-05 2.293570469191763550e-05 2.301853601238690317e-05 2.254408173030242324e-05 2.223233423137571663e-05 2.269493052153848112e-05 2.341234358027577400e-05 1.417258381843566895e-02 1.011536922305822372e-02 7.486710790544748306e-03 1.031958870589733124e-02 1.985870487987995148e-02
3.480000000000000000e+02 4.954419342053111713e-02 1.820806227624416351e-02 2.133434827555902302e-05 3.094656858593225479e-05 2.958261393359862268e-05 2.576719089120160788e-05 2.911729461629875004e-05 2.923121610365342349e-05 1.954680374183226377e-05 1.946021438925527036e-05 2.086718450300395489e-05 1.904430428112391382e-05 2.096607204293832183e-05 2.262187990709207952e-05 2.174375549657270312e-05 2.137540286639705300e-05 1.980936394829768687e-05 2.161368502129334956e-05 2.533211772970389575e-05 2.438155388517770916e-05 2.221650720457546413e-05 2.217669316451065242e-05 2.276763007102999836e-05 2.284466972923837602e-05 2.237642729596700519e-05 2.209324884461238980e-05 2.252934973512310535e-05 2.323560875083785504e-05 1.414194330573081970e-02 1.009443402290344238e-02 7.467187009751796722e-03 1.029823813587427139e-02 1.984485983848571777e-02
3.490000000000000000e+02 4.926067930476761558e-02 1.814013347029685974e-02 2.119434611813630909e-05 3.074533378821797669e-05 2.935331212938763201e-05 2.556469553383067250e-05 2.883572415157686919e-05 2.876740109059028327e-05 1.943001007020939142e-05 1.933645580720622092e-05 2.069779111479874700e-05 1.890703788376413286e-05 2.081555612676311284e-05 2.247755219286773354e-05 2.163070348615292460e-05 2.123291596944909543e-05 1.968740070878993720e-05 2.146806764358188957e-05 2.517163738957606256e-05 2.420782584522385150e-05 2.207012585131451488e-05 2.203397525590844452e-05 2.259529901493806392e-05 2.266818773932754993e-05 2.222529474238399416e-05 2.195137858507223427e-05 2.237437001895159483e-05 2.303666224179323763e-05 1.411140244454145432e-02 1.007358357310295105e-02 7.447741925716400146e-03 1.027696300297975540e-02 1.983107253909111023e-02
3.500000000000000000e+02 4.897959183673469136e-02 1.807264611124992371e-02 2.105188832501880825e-05 3.054685657843947411e-05 2.912210766226053238e-05 2.537305954319890589e-05 2.857348408724647015e-05 2.832309655786957592e-05 1.929114841914270073e-05 1.921796501846984029e-05 2.053798198176082224e-05 1.875434645626228303e-05 2.067448986053932458e-05 2.234395287814550102e-05 2.152198430849239230e-05 2.108710759785026312e-05 1.956294545379932970e-05 2.132771805918309838e-05 2.499428774171974510e-05 2.404562656010966748e-05 2.192101237596943974e-05 2.190304985560942441e-05 2.243210656160954386e-05 2.249853787361644208e-05 2.206898534495849162e-05 2.179975854232907295e-05 2.221543218183796853e-05 2.285983282490633428e-05 1.408097334206104279e-02 1.005279645323753357e-02 7.428375072777271271e-03 1.025579124689102173e-02 1.981730759143829346e-02
3.510000000000000000e+02 4.870090340175810273e-02 1.800557784736156464e-02 2.090007546939887106e-05 3.036404814338311553e-05 2.888464950956404209e-05 2.516748827474657446e-05 2.830189077940303832e-05 2.788451456581242383e-05 1.917871122714132071e-05 1.909572529257275164e-05 2.037391459452919662e-05 1.861218333942815661e-05 2.052954914688598365e-05 2.220459100499283522e-05 2.140453216270543635e-05 2.094864794344175607e-05 1.944336509041022509e-05 2.118801421602256596e-05 2.482171476003713906e-05 2.386661617492791265e-05 2.176648740714881569e-05 2.176049201807472855e-05 2.226918877568095922e-05 2.232848601124715060e-05 2.189938095398247242e-05 2.165059231629129499e-05 2.205040982516948134e-05 2.267033596581313759e-05 1.405063737183809280e-02 1.003206521272659302e-02 7.409090176224708557e-03 1.023469585925340652e-02 1.980358175933361053e-02
3.520000000000000000e+02 4.842458677685950591e-02 1.793892309069633484e-02 2.075937663903459907e-05 3.017683957295957953e-05 2.864838279492687434e-05 2.497623972885776311e-05 2.804007453960366547e-05 2.746969585132319480e-05 1.905616227304562926e-05 1.898733717098366469e-05 2.021554610109888017e-05 1.845889710239134729e-05 2.039338869508355856e-05 2.206614590249955654e-05 2.129023414454422891e-05 2.079811019939370453e-05 1.932396116899326444e-05 2.103538827213924378e-05 2.463853161316365004e-05 2.368227796978317201e-05 2.160840267606545240e-05 2.161704105674289167e-05 2.209643753303680569e-05 2.214452797488775104e-05 2.173686698370147496e-05 2.149994179490022361e-05 2.187606514780782163e-05 2.248638520541135222e-05 1.402040105313062668e-02 1.001140661537647247e-02 7.389920298010110855e-03 1.021366287022829056e-02 1.978990435600280762e-02
3.530000000000000000e+02 4.815061512410821060e-02 1.787270419299602509e-02 2.059638973150867969e-05 2.998538730025757104e-05 2.840477100107818842e-05 2.477656926203053445e-05 2.776291148620657623e-05 2.705155202420428395e-05 1.894146953418385237e-05 1.886932659544982016e-05 2.004843190661631525e-05 1.831686131481546909e-05 2.025598769250791520e-05 2.192700230807531625e-05 2.117289113812148571e-05 2.065355693048331887e-05 1.919187343446537852e-05 2.088332257699221373e-05 2.447027691232506186e-05 2.350746035517659038e-05 2.145945836673490703e-05 2.147731174773070961e-05 2.192981446569319814e-05 2.196975037804804742e-05 2.157720518880523741e-05 2.134892565663903952e-05 2.171358391933608800e-05 2.230857353424653411e-05 1.399026904255151749e-02 9.990816004574298859e-03 7.370800245553255081e-03 1.019272860139608383e-02 1.977623999118804932e-02
3.540000000000000000e+02 4.787896198410418469e-02 1.780688762664794922e-02 2.045578730758279562e-05 2.980842327815480530e-05 2.815035622916184366e-05 2.460021278238855302e-05 2.749507075350265950e-05 2.666446198418270797e-05 1.882487413240596652e-05 1.874673034762963653e-05 1.990646342164836824e-05 1.817827251215931028e-05 2.011604919971432537e-05 2.178066279157064855e-05 2.105537168972659856e-05 2.050249895546585321e-05 1.907167279568966478e-05 2.073124778689816594e-05 2.428862717351876199e-05 2.332550684513989836e-05 2.130456778104417026e-05 2.133835550921503454e-05 2.175609370169695467e-05 2.179029797844123095e-05 2.141265758837107569e-05 2.119228520314209163e-05 2.154751928173936903e-05 2.212802246503997594e-05 1.396023668348789215e-02 9.970294311642646790e-03 7.351779844611883163e-03 1.017186976969242096e-02 1.976261846721172333e-02
3.550000000000000000e+02 4.760960126958936611e-02 1.774150133132934570e-02 2.030044925049878657e-05 2.962402686534915119e-05 2.789664540614467114e-05 2.441298602207098156e-05 2.723106263147201389e-05 2.629485425131861120e-05 1.870695814432110637e-05 1.862769022409338504e-05 1.973978760361205786e-05 1.804657404136378318e-05 1.999313280975911766e-05 2.165006480936426669e-05 2.093831062666140497e-05 2.035444595094304532e-05 1.895272180263418704e-05 2.058737482002470642e-05 2.409682929283007979e-05 2.313833465450443327e-05 2.114428207278251648e-05 2.118386692018248141e-05 2.159124051104299724e-05 2.160748590540606529e-05 2.124704042216762900e-05 2.103642145812045783e-05 2.138737545465119183e-05 2.194281478296034038e-05 1.393031887710094452e-02 9.949849918484687805e-03 7.332846056669950485e-03 1.015108451247215271e-02 1.974903419613838196e-02
3.560000000000000000e+02 4.734250725918444369e-02 1.767650805413722992e-02 2.014659003179986030e-05 2.943469735328108072e-05 2.764059536275453866e-05 2.422861689410638064e-05 2.695823422982357442e-05 2.592949749669060111e-05 1.859465373854618520e-05 1.852254354162141681e-05 1.957393033080734313e-05 1.790064015949610621e-05 1.985450580832548440e-05 2.149917418137192726e-05 2.081626189465168864e-05 2.021060208790004253e-05 1.882861943158786744e-05 2.043448512267787009e-05 2.391373163845855743e-05 2.295110061822924763e-05 2.098096410918515176e-05 2.102638063661288470e-05 2.141523327736649662e-05 2.142295124940574169e-05 2.107936415995936841e-05 2.087137909256853163e-05 2.121224315487779677e-05 2.175373447244055569e-05 1.390048768371343613e-02 9.929458610713481903e-03 7.313981652259826660e-03 1.013038307428359985e-02 1.973547600209712982e-02
3.570000000000000000e+02 4.707765459124826218e-02 1.761190406978130341e-02 1.998922016355209053e-05 2.924905675172340125e-05 2.738132207014132291e-05 2.404088809271343052e-05 2.668331944732926786e-05 2.557664265623316169e-05 1.848017018346581608e-05 1.839655305957421660e-05 1.943958523042965680e-05 1.775374221324454993e-05 1.973098005692008883e-05 2.135298200300894678e-05 2.069587208097800612e-05 2.006268005061428994e-05 1.869651350716594607e-05 2.027933442150242627e-05 2.372256858507171273e-05 2.276013583468738943e-05 2.082280298054683954e-05 2.087795837724115700e-05 2.124717684637289494e-05 2.125456921930890530e-05 2.091353599098511040e-05 2.071614289889112115e-05 2.103623955918010324e-05 2.157508970412891358e-05 1.387075334787368774e-02 9.909131564199924469e-03 7.295201066881418228e-03 1.010975148528814316e-02 1.972196809947490692e-02
3.580000000000000000e+02 4.681501825785711751e-02 1.754772663116455078e-02 1.983131733140908182e-05 2.907934867835137993e-05 2.712684727157466114e-05 2.386791857134085149e-05 2.642738763825036585e-05 2.524006595194805413e-05 1.837097443058155477e-05 1.828660242608748376e-05 1.929028439917601645e-05 1.761224848451092839e-05 1.960399276867974550e-05 2.122035766660701483e-05 2.057376332231797278e-05 1.991828685277141631e-05 1.857439929153770208e-05 2.012812547036446631e-05 2.351901275687851012e-05 2.256225161545444280e-05 2.064878754026722163e-05 2.071499693556688726e-05 2.106408828694839031e-05 2.107238469761796296e-05 2.075596603390295058e-05 2.056004632322583348e-05 2.086737185891252011e-05 2.139563730452209711e-05 1.384112425148487091e-02 9.888879023492336273e-03 7.276495918631553650e-03 1.008921209722757339e-02 1.970849744975566864e-02
3.590000000000000000e+02 4.655457359890131236e-02 1.748391985893249512e-02 1.966367017303127795e-05 2.889148709073197097e-05 2.685368781385477632e-05 2.368028435739688575e-05 2.615775701997336000e-05 2.491943632776383311e-05 1.823628190322779119e-05 1.817208249121904373e-05 1.912184598040767014e-05 1.748953218339011073e-05 1.947058990481309593e-05 2.105148814735002816e-05 2.043285530817229301e-05 1.974572114704642445e-05 1.845327278715558350e-05 1.997611798287834972e-05 2.332440089958254248e-05 2.238174602098297328e-05 2.048960232059471309e-05 2.055360346275847405e-05 2.090082125505432487e-05 2.089347981382161379e-05 2.058696009044069797e-05 2.040643266809638590e-05 2.069063702947460115e-05 2.120999306498561054e-05 1.381160039454698563e-02 9.868684224784374237e-03 7.257881108671426773e-03 1.006874628365039825e-02 1.969507336616516113e-02
3.600000000000000000e+02 4.629629629629629373e-02 1.742052100598812103e-02 1.948591489053796977e-05 2.870481694117188454e-05 2.659594792930874974e-05 2.350527392991352826e-05 2.588705319794826210e-05 2.460728137521073222e-05 1.813000380934681743e-05 1.805880492611322552e-05 1.896381945698522031e-05 1.734368743200320750e-05 1.933697058120742440e-05 2.090316957037430257e-05 2.030319774348754436e-05 1.960990448424126953e-05 1.832085581554565579e-05 1.982018511625938118e-05 2.312611286470200866e-05 2.219251473434269428e-05 2.032634256465826184e-05 2.039709397649858147e-05 2.072846291412133723e-05 2.071408016490750015e-05 2.041704465227667242e-05 2.025061803578864783e-05 2.052401760010980070e-05 2.104073246300686151e-05 1.378216966986656189e-02 9.848557412624359131e-03 7.239342667162418365e-03 1.004835125058889389e-02 1.968165300786495209e-02
3.610000000000000000e+02 4.604016236830595077e-02 1.735749840736389160e-02 1.931088627316057682e-05 2.851282260962761939e-05 2.632186260598246008e-05 2.332832991669420153e-05 2.562472036515828222e-05 2.430749555060174316e-05 1.801458893169183284e-05 1.794416493794415146e-05 1.881753451016265899e-05 1.719866304483730346e-05 1.921812508953735232e-05 2.075419433822389692e-05 2.017659789999015629e-05 1.945561780303250998e-05 1.818667988118249923e-05 1.967633943422697484e-05 2.291890996275469661e-05 2.197518733737524599e-05 2.016396683757193387e-05 2.021954242081847042e-05 2.056102493952494115e-05 2.051774026767816395e-05 2.025605317612644285e-05 2.008030605793464929e-05 2.034515091509092599e-05 2.085849519062321633e-05 1.375282555818557739e-02 9.828481823205947876e-03 7.220881991088390350e-03 1.002802699804306030e-02 1.966826803982257843e-02
3.620000000000000000e+02 4.578614816397545695e-02 1.729486510157585144e-02 1.913597770908381790e-05 2.833022517734207213e-05 2.604610199341550469e-05 2.313860386493615806e-05 2.535985731810797006e-05 2.402998507022857666e-05 1.789125599316321313e-05 1.782412800821475685e-05 1.866726779553573579e-05 1.706178409222047776e-05 1.909130151034332812e-05 2.059910548268817365e-05 2.004550879064481705e-05 1.929391692101489753e-05 1.805090869311243296e-05 1.951757440110668540e-05 2.272300480399280787e-05 2.178708928113337606e-05 1.999100277316756546e-05 2.006679460464511067e-05 2.037113154074177146e-05 2.034696626651566476e-05 2.008577939704991877e-05 1.991920726140961051e-05 2.016805592575110495e-05 2.068802859866991639e-05 1.372357737272977829e-02 9.808490984141826630e-03 7.202504668384790421e-03 1.000779774039983749e-02 1.965493522584438324e-02
3.630000000000000000e+02 4.553423035767138055e-02 1.723262667655944824e-02 1.896760659292340279e-05 2.814012987073510885e-05 2.576076622062828392e-05 2.295293052156921476e-05 2.508285615476779640e-05 2.374771065660752356e-05 1.777642683009617031e-05 1.770584276528097689e-05 1.851043452916201204e-05 1.692626392468810081e-05 1.896007779578212649e-05 2.043997665168717504e-05 1.989679549296852201e-05 1.914236418087966740e-05 1.792562579794321209e-05 1.935863656399305910e-05 2.252618469356093556e-05 2.158166171284392476e-05 1.981683817575685680e-05 1.989892371057067066e-05 2.020933970925398171e-05 2.015545396716333926e-05 1.992563738895114511e-05 1.975953091459814459e-05 1.999953383347019553e-05 2.050759394478518516e-05 1.369443442672491074e-02 9.788557887077331543e-03 7.184211630374193192e-03 9.987630881369113922e-03 1.964163966476917267e-02
3.640000000000000000e+02 4.528438594372660025e-02 1.717072725296020508e-02 1.878004331956617534e-05 2.793555177049711347e-05 2.549114833527710289e-05 2.277359817526303232e-05 2.482140189385972917e-05 2.347855843254365027e-05 1.765243359841406345e-05 1.758197504386771470e-05 1.836667070165276527e-05 1.678339867794420570e-05 1.882950346043799073e-05 2.026994479820132256e-05 1.975840132217854261e-05 1.898211485240608454e-05 1.779548802005592734e-05 1.920632712426595390e-05 2.232118094980251044e-05 2.138272066076751798e-05 1.964186230907216668e-05 1.971148594748228788e-05 2.003910230996552855e-05 1.998034167627338320e-05 1.975523446162696928e-05 1.959671499207615852e-05 1.981547939067240804e-05 2.033059718087315559e-05 1.366538647562265396e-02 9.768675081431865692e-03 7.165978662669658661e-03 9.967548772692680359e-03 1.962835527956485748e-02
3.650000000000000000e+02 4.503659223118784000e-02 1.710924319922924042e-02 1.858994983194861561e-05 2.774412314465735108e-05 2.519970621506217867e-05 2.258899257867597044e-05 2.455191315675619990e-05 2.323114131286274642e-05 1.752911703079007566e-05 1.746715497574768960e-05 1.821067598939407617e-05 1.664953742874786258e-05 1.869943116616923362e-05 2.011680771829560399e-05 1.961715315701439977e-05 1.883132244984153658e-05 1.766583773132879287e-05 1.904470445879269391e-05 2.210090133303310722e-05 2.117672920576296747e-05 1.947183773154392838e-05 1.956308187800459564e-05 1.986266033782158047e-05 1.979043736355379224e-05 1.959341534529812634e-05 1.943016468430869281e-05 1.964263356057927012e-05 2.015743302763439715e-05 1.363642513751983643e-02 9.748882614076137543e-03 7.147832773625850677e-03 9.947529062628746033e-03 1.961512863636016846e-02
3.660000000000000000e+02 4.479082683866344311e-02 1.704807765781879425e-02 1.840292316046543419e-05 2.754217712208628654e-05 2.492370731488335878e-05 2.239721288788132370e-05 2.429425694572273642e-05 2.299927473359275609e-05 1.740217703627422452e-05 1.733676981530152261e-05 1.805568899726495147e-05 1.650675949349533767e-05 1.856881681305821985e-05 1.996046194108203053e-05 1.947527380252722651e-05 1.865454396465793252e-05 1.752126627252437174e-05 1.888494989543687552e-05 2.190184568462427706e-05 2.097833930747583508e-05 1.929832615132909268e-05 1.938688001246191561e-05 1.968511969607789069e-05 1.961249290616251528e-05 1.943271126947365701e-05 1.925730612128973007e-05 1.945866642927285284e-05 1.998552943405229598e-05 1.360756251960992813e-02 9.729134850203990936e-03 7.129759527742862701e-03 9.927594102919101715e-03 1.960193365812301636e-02
3.670000000000000000e+02 4.454706768926935262e-02 1.698732376098632812e-02 1.821123078116215765e-05 2.732936627580784261e-05 2.464981480443384498e-05 2.221444992756005377e-05 2.402663449174724519e-05 2.276716986671090126e-05 1.728027928038500249e-05 1.722356864775065333e-05 1.790966234693769366e-05 1.636956767470110208e-05 1.844019789132289588e-05 1.980261731659993529e-05 1.933035127876792103e-05 1.850180706242099404e-05 1.738665741868317127e-05 1.872619941423181444e-05 2.168680839531589299e-05 2.077166027447674423e-05 1.913257256092038006e-05 1.921172952279448509e-05 1.951377089426387101e-05 1.942616472661029547e-05 1.925350261444691569e-05 1.908905687741935253e-05 1.928567508002743125e-05 1.981138120754621923e-05 1.357880700379610062e-02 9.709437377750873566e-03 7.111778017133474350e-03 9.907724335789680481e-03 1.958874613046646118e-02
3.680000000000000000e+02 4.430529300567107726e-02 1.692691072821617126e-02 1.801380494725890458e-05 2.712140849325805902e-05 2.436442628095392138e-05 2.203157055191695690e-05 2.376710290263872594e-05 2.254678292956668884e-05 1.715939106361474842e-05 1.709076423139777035e-05 1.775785131030716002e-05 1.622585114091634750e-05 1.830402106861583889e-05 1.963743670785333961e-05 1.917677218443714082e-05 1.833796159189660102e-05 1.725089532556012273e-05 1.857651113823521882e-05 2.148747262253891677e-05 2.056238736258819699e-05 1.895735113066621125e-05 1.904240343719720840e-05 1.933753628691192716e-05 1.925161996041424572e-05 1.907790465338621289e-05 1.893196531455032527e-05 1.909938146127387881e-05 1.962636270036455244e-05 1.355013158172369003e-02 9.689821861684322357e-03 7.093864027410745621e-03 9.887933731079101562e-03 1.957561820745468140e-02
3.690000000000000000e+02 4.406548130521955459e-02 1.686688326299190521e-02 1.782468279998283833e-05 2.691031113499775529e-05 2.407202373433392495e-05 2.184500772273167968e-05 2.350352951907552779e-05 2.232792576251085848e-05 1.702543704595882446e-05 1.696346043900121003e-05 1.759582482918631285e-05 1.607920421520248055e-05 1.817037627915851772e-05 1.947169039340224117e-05 1.902025360323023051e-05 1.817679185478482395e-05 1.711478398647159338e-05 1.840908953454345465e-05 2.127675725205335766e-05 2.035771649389062077e-05 1.877698014141060412e-05 1.886983409349340945e-05 1.917926056194119155e-05 1.907475962070748210e-05 1.891922693175729364e-05 1.875568159448448569e-05 1.891682040877640247e-05 1.945555595739278942e-05 1.352155301719903946e-02 9.670252911746501923e-03 7.076025009155273438e-03 9.868214838206768036e-03 1.956251077353954315e-02
3.700000000000000000e+02 4.382761139517896143e-02 1.680718734860420227e-02 1.761728344717994332e-05 2.668571687536314130e-05 2.379212310188449919e-05 2.164564284612424672e-05 2.324978959222789854e-05 2.212973595305811614e-05 1.689072996668983251e-05 1.683211121417116374e-05 1.744349356158636510e-05 1.593782872078008950e-05 1.803716622816864401e-05 1.930878352141007781e-05 1.887291546154301614e-05 1.801666985556948930e-05 1.698151390883140266e-05 1.825115032261237502e-05 2.106648753397166729e-05 2.016204780375119299e-05 1.861545024439692497e-05 1.869733750936575234e-05 1.899931521620601416e-05 1.888619590317830443e-05 1.874403824331238866e-05 1.859829899331089109e-05 1.873534347396343946e-05 1.928002893691882491e-05 1.349306106567382812e-02 9.650763124227523804e-03 7.058256771415472031e-03 9.848574176430702209e-03 1.954943127930164337e-02
3.710000000000000000e+02 4.359166236804440375e-02 1.674784906208515167e-02 1.741347659844905138e-05 2.647310429892968386e-05 2.350161412323359400e-05 2.145378493878524750e-05 2.299084735568612814e-05 2.193134787376038730e-05 1.675959174463059753e-05 1.670605888648424298e-05 1.729020004859194160e-05 1.579810668772552162e-05 1.790545502444729209e-05 1.912953121063765138e-05 1.872127904789522290e-05 1.785057247616350651e-05 1.683225673332344741e-05 1.809205787139944732e-05 2.086084350594319403e-05 1.995719321712385863e-05 1.843002428358886391e-05 1.851978049671743065e-05 1.882809192466083914e-05 1.871681524789892137e-05 1.858057112258393317e-05 1.843217251007445157e-05 1.856510061770677567e-05 1.911327126435935497e-05 1.346466038376092911e-02 9.631311520934104919e-03 7.040563505142927170e-03 9.829003363847732544e-03 1.953640393912792206e-02
3.720000000000000000e+02 4.335761359694762646e-02 1.668886654078960419e-02 1.722092383715789765e-05 2.624363696668297052e-05 2.322260843357071280e-05 2.124569982697721571e-05 2.273355676152277738e-05 2.174699875467922539e-05 1.662423528614453971e-05 1.657106986385770142e-05 1.713121309876441956e-05 1.565955062687862664e-05 1.776814315235242248e-05 1.897885704238433391e-05 1.855626396718434989e-05 1.767933463270310313e-05 1.670016536081675440e-05 1.792931107047479600e-05 2.065629632852505893e-05 1.975366831175051630e-05 1.825826984713785350e-05 1.834955764934420586e-05 1.864736077550332993e-05 1.853123649198096246e-05 1.840528057073242962e-05 1.825769322749692947e-05 1.837910349422600120e-05 1.892789623525459319e-05 1.343636494129896164e-02 9.611954912543296814e-03 7.022941950708627701e-03 9.809494018554687500e-03 1.952340826392173767e-02
3.730000000000000000e+02 4.312544473114879318e-02 1.663021929562091827e-02 1.700567918305750936e-05 2.601474807306658477e-05 2.293142642884049565e-05 2.105997555190697312e-05 2.249064891657326370e-05 2.155482616217341274e-05 1.649620207899715751e-05 1.643263749429024756e-05 1.697295374469831586e-05 1.551217610540334135e-05 1.763215550454333425e-05 1.880405579868238419e-05 1.839821925386786461e-05 1.751474701450206339e-05 1.655206324358005077e-05 1.776653880369849503e-05 2.044923712674062699e-05 1.954728213604539633e-05 1.807213811844121665e-05 1.817389238567557186e-05 1.847373459895607084e-05 1.834359500207938254e-05 1.823593083827290684e-05 1.808941851777490228e-05 1.819644239731132984e-05 1.874944609880913049e-05 1.340814214199781418e-02 9.592629969120025635e-03 7.005397696048021317e-03 9.790059179067611694e-03 1.951042003929615021e-02
3.740000000000000000e+02 4.289513569161257367e-02 1.657192781567573547e-02 1.680481000221334398e-05 2.578888052084948868e-05 2.264788599859457463e-05 2.085589767375495285e-05 2.224594391009304672e-05 2.137506271537858993e-05 1.635319131310097873e-05 1.629820690141059458e-05 1.681608227954711765e-05 1.537865682621486485e-05 1.748802787915337831e-05 1.863747638708446175e-05 1.823326783778611571e-05 1.735438672767486423e-05 1.641369635763112456e-05 1.759418228175491095e-05 2.023956221819389611e-05 1.934625106514431536e-05 1.790195346984546632e-05 1.799136953195556998e-05 1.829135726438835263e-05 1.817183692764956504e-05 1.807010630727745593e-05 1.791457361832726747e-05 1.801781399990431964e-05 1.856781636888626963e-05 1.338000968098640442e-02 9.573383256793022156e-03 6.987930275499820709e-03 9.770712815225124359e-03 1.949748396873474121e-02
3.750000000000000000e+02 4.266666666666666524e-02 1.651396416127681732e-02 1.660486123000737280e-05 2.555269020376726985e-05 2.237221997347660363e-05 2.065100670733954757e-05 2.198980291723273695e-05 2.120532735716551542e-05 1.621418050490319729e-05 1.615467772353440523e-05 1.665668423811439425e-05 1.523011269455309957e-05 1.734720353852026165e-05 1.847158637247048318e-05 1.806728505471255630e-05 1.719252941256854683e-05 1.627518395252991468e-05 1.743591019476298243e-05 2.003182089538313448e-05 1.913463347591459751e-05 1.773589065123815089e-05 1.781398532330058515e-05 1.811703259591013193e-05 1.799032907001674175e-05 1.789892667147796601e-05 1.774401607690379024e-05 1.782666549843270332e-05 1.838421849242877215e-05 1.335198432207107544e-02 9.554171003401279449e-03 6.970536895096302032e-03 9.751415811479091644e-03 1.948456838726997375e-02
3.760000000000000000e+02 4.244001810774106209e-02 1.645635440945625305e-02 1.639070433157030493e-05 2.531720201659481972e-05 2.208538353443145752e-05 2.045787550741806626e-05 2.175523513869848102e-05 2.104341365338768810e-05 1.608602178748697042e-05 1.602546763024292886e-05 1.649893965804949403e-05 1.508304831077111885e-05 1.720619002298917621e-05 1.829355460358783603e-05 1.791962677089031786e-05 1.702163899608422071e-05 1.612634878256358206e-05 1.726973641780205071e-05 1.983025867957621813e-05 1.893221087811980397e-05 1.755482298904098570e-05 1.762710053299088031e-05 1.794341369532048702e-05 1.781440187187399715e-05 1.771671850292477757e-05 1.758242251526098698e-05 1.764757871569599956e-05 1.819393401092384011e-05 1.332403253763914108e-02 9.535047225654125214e-03 6.953220348805189133e-03 9.732203558087348938e-03 1.947169937193393707e-02
3.770000000000000000e+02 4.221517072518627539e-02 1.639906875789165497e-02 1.619288195797707886e-05 2.507514000171795487e-05 2.182345815526787192e-05 2.025249887083191425e-05 2.150981890736147761e-05 2.089002009597606957e-05 1.593633351149037480e-05 1.587988481333013624e-05 1.633745159779209644e-05 1.494703974458388984e-05 1.706603688944596797e-05 1.813156814023386687e-05 1.774497650330886245e-05 1.683978734945412725e-05 1.598754897713661194e-05 1.711031109152827412e-05 1.962406713573727757e-05 1.873245673778001219e-05 1.738351784297265112e-05 1.746218003972899169e-05 1.776049430191051215e-05 1.762992178555577993e-05 1.754666300257667899e-05 1.740647530823480338e-05 1.745148438203614205e-05 1.801252801669761539e-05 1.329617947340011597e-02 9.515970945358276367e-03 6.935965269804000854e-03 9.713061153888702393e-03 1.945885643362998962e-02
3.780000000000000000e+02 4.199210548416897754e-02 1.634211465716362000e-02 1.598699236637912691e-05 2.482653326296713203e-05 2.153643254132475704e-05 2.003918416448868811e-05 2.127745938196312636e-05 2.072798088192939758e-05 1.579695344844367355e-05 1.573976078361738473e-05 1.617843736312352121e-05 1.480678020016057417e-05 1.693876401986926794e-05 1.795195930753834546e-05 1.758315011102240533e-05 1.667893229750916362e-05 1.583943958394229412e-05 1.694130514806602150e-05 1.941238042491022497e-05 1.852497189247515053e-05 1.720577711239457130e-05 1.728439929138403386e-05 1.757978134264703840e-05 1.745572444633580744e-05 1.737273669277783483e-05 1.723075547488406301e-05 1.726493792375549674e-05 1.782973959052469581e-05 1.326841115951538086e-02 9.496953338384628296e-03 6.918784230947494507e-03 9.693982079625129700e-03 1.944603212177753448e-02
3.790000000000000000e+02 4.177080360064327341e-02 1.628547534346580505e-02 1.578081173647660762e-05 2.458080962242092937e-05 2.126730396412312984e-05 1.984661503229290247e-05 2.104206032527144998e-05 2.058065365417860448e-05 1.565057573316153139e-05 1.560474811412859708e-05 1.602387419552542269e-05 1.466340836486779153e-05 1.679793240327853709e-05 1.778790829121135175e-05 1.741521009535063058e-05 1.650683589105028659e-05 1.568289917486254126e-05 1.677422733337152749e-05 1.920884642458986491e-05 1.832301677495706826e-05 1.702153531368821859e-05 1.710517062747385353e-05 1.740152038109954447e-05 1.727266135276295245e-05 1.719477950246073306e-05 1.705047361610922962e-05 1.708029230940155685e-05 1.763989166647661477e-05 1.324072293937206268e-02 9.477987885475158691e-03 6.901676300913095474e-03 9.674962610006332397e-03 1.943324878811836243e-02
3.800000000000000000e+02 4.155124653739612067e-02 1.622918620705604553e-02 1.557800169393885881e-05 2.432577639410737902e-05 2.099228731822222471e-05 1.964190778380725533e-05 2.080817102978471667e-05 2.043306631094310433e-05 1.549787339172326028e-05 1.545344639453105628e-05 1.586276994203217328e-05 1.451360094506526366e-05 1.664789488131646067e-05 1.762334250088315457e-05 1.724628600641153753e-05 1.634308682696428150e-05 1.555050948809366673e-05 1.660586895013693720e-05 1.901181167340837419e-05 1.811479705793317407e-05 1.685762435954529792e-05 1.693233571131713688e-05 1.721955777611583471e-05 1.709050229692365974e-05 1.701327346381731331e-05 1.687394797045271844e-05 1.689327473286539316e-05 1.744443034112919122e-05 1.321313437074422836e-02 9.459093213081359863e-03 6.884638220071792603e-03 9.656026959419250488e-03 1.942050457000732422e-02
3.810000000000000000e+02 4.133341600016533085e-02 1.617319881916046143e-02 1.537986645416822284e-05 2.406621388217899948e-05 2.073447467410005629e-05 1.943364623002707958e-05 2.059225516859441996e-05 2.028048584179487079e-05 1.536204217700287700e-05 1.531781344965565950e-05 1.568591505929362029e-05 1.436598540749400854e-05 1.651143793424125761e-05 1.744508517731446773e-05 1.707915726001374424e-05 1.617617272131610662e-05 1.540683842904400080e-05 1.643760879233013839e-05 1.880204945337027311e-05 1.791636532288976014e-05 1.668021650402806699e-05 1.675124804023653269e-05 1.703069574432447553e-05 1.690674798737745732e-05 1.684177914285100996e-05 1.669498669798485935e-05 1.670094570727087557e-05 1.724689718685112894e-05 1.318561844527721405e-02 9.440248832106590271e-03 6.867679301649332047e-03 9.637163951992988586e-03 1.940776966512203217e-02
3.820000000000000000e+02 4.111729393382856923e-02 1.611753925681114197e-02 1.518615954410051927e-05 2.380800651735626161e-05 2.046548434009309858e-05 1.922915726026985794e-05 2.037135527643840760e-05 2.013940138567704707e-05 1.521556987427175045e-05 1.515225631010252982e-05 1.553432412038091570e-05 1.422317836841102690e-05 1.636509296076837927e-05 1.726658047118689865e-05 1.690686804067809135e-05 1.599553979758638889e-05 1.525585503259208053e-05 1.626324774406384677e-05 1.859369149315170944e-05 1.772086216078605503e-05 1.650596277613658458e-05 1.657022767176385969e-05 1.684796734480187297e-05 1.673482984188012779e-05 1.666205025685485452e-05 1.651487218623515218e-05 1.650245576456654817e-05 1.705434988252818584e-05 1.315819192677736282e-02 9.421465918421745300e-03 6.850769743323326111e-03 9.618357755243778229e-03 1.939509250223636627e-02
3.830000000000000000e+02 4.090286251866193101e-02 1.606220006942749023e-02 1.499878362665185705e-05 2.356299228267744184e-05 2.020627107413019985e-05 1.902407529996708035e-05 2.015760946960654110e-05 1.999871528823859990e-05 1.506063290435122326e-05 1.501329097663983703e-05 1.537456773803569376e-05 1.408190109941642731e-05 1.622433592274319381e-05 1.709973730612546206e-05 1.674565100984182209e-05 1.582951699674595147e-05 1.510740003141108900e-05 1.609871105756610632e-05 1.839536707848310471e-05 1.751707350194919854e-05 1.633736246731132269e-05 1.639578294998500496e-05 1.666579191805794835e-05 1.655502819630783051e-05 1.648834768275264651e-05 1.633053034311160445e-05 1.631327359064016491e-05 1.685448842181358486e-05 1.313086133450269699e-02 9.402737952768802643e-03 6.833951454609632492e-03 9.599615819752216339e-03 1.938242651522159576e-02
3.840000000000000000e+02 4.069010416666666435e-02 1.600717194378376007e-02 1.480602986703161150e-05 2.329649214516393840e-05 1.995197453652508557e-05 1.882506148831453174e-05 1.994763988477643579e-05 1.986069582926575094e-05 1.491917646490037441e-05 1.486494693381246179e-05 1.521144804428331554e-05 1.394221453665522859e-05 1.607430021977052093e-05 1.692698788247071207e-05 1.657241591601632535e-05 1.566636819916311651e-05 1.495647666160948575e-05 1.592674743733368814e-05 1.818123564589768648e-05 1.732301097945310175e-05 1.615895962459035218e-05 1.621077535673975945e-05 1.647109093028120697e-05 1.636774140933994204e-05 1.631210579944308847e-05 1.615377914276905358e-05 1.611465631867758930e-05 1.666323259996715933e-05 1.310360245406627655e-02 9.384067729115486145e-03 6.817191839218139648e-03 9.580945596098899841e-03 1.936979964375495911e-02
3.850000000000000000e+02 4.047900151796255536e-02 1.595245487987995148e-02 1.461005922465119511e-05 2.304471854586154222e-05 1.970462108147330582e-05 1.862667522800620645e-05 1.975153463718015701e-05 1.972692734852898866e-05 1.476902798458468169e-05 1.470895040256436914e-05 1.506067474110750481e-05 1.379845070914598182e-05 1.592241096659563482e-05 1.675676139711868018e-05 1.640403024794068187e-05 1.549331682326737791e-05 1.481606705056037754e-05 1.575858186697587371e-05 1.798240191419608891e-05 1.712701487122103572e-05 1.597646951267961413e-05 1.603089913260191679e-05 1.628349491511471570e-05 1.618304304429329932e-05 1.612132655282039195e-05 1.597877599124331027e-05 1.593206616234965622e-05 1.646768942009657621e-05 1.307644415646791458e-02 9.365460835397243500e-03 6.800489034503698349e-03 9.562355466187000275e-03 1.935719512403011322e-02
3.860000000000000000e+02 4.026953743724663581e-02 1.589804515242576599e-02 1.442989014321938157e-05 2.278116880916059017e-05 1.945451731444336474e-05 1.840841832745354623e-05 1.953213541128206998e-05 1.958443681360222399e-05 1.462360160076059401e-05 1.456563586543779820e-05 1.489599071646807715e-05 1.365326988889137283e-05 1.577640978212002665e-05 1.657976281421724707e-05 1.622976742510218173e-05 1.532218084321357310e-05 1.465932564315153286e-05 1.558897383802104741e-05 1.779164631443563849e-05 1.692091063887346536e-05 1.581211472512222826e-05 1.585162681294605136e-05 1.610397339391056448e-05 1.600830546522047371e-05 1.594131936144549400e-05 1.579755007696803659e-05 1.572936707816552371e-05 1.626390985620673746e-05 1.304937992244958878e-02 9.346896782517433167e-03 6.783872842788696289e-03 9.543817490339279175e-03 1.934462599456310272e-02
3.870000000000000000e+02 4.006169501031588837e-02 1.584394089877605438e-02 1.424649872205918655e-05 2.251834121125284582e-05 1.920653812703676522e-05 1.821534351620357484e-05 1.934543433890212327e-05 1.946024531207513064e-05 1.448345301469089463e-05 1.441875065211206675e-05 1.474298551329411566e-05 1.350978800473967567e-05 1.562541729072108865e-05 1.640260961721651256e-05 1.606594923941884190e-05 1.516338215878931805e-05 1.449514911655569449e-05 1.541445089969784021e-05 1.758035068633034825e-05 1.672321377554908395e-05 1.563176374475006014e-05 1.566914761497173458e-05 1.590240390214603394e-05 1.583925586601253599e-05 1.575321584823541343e-05 1.561840326758101583e-05 1.554565278638619930e-05 1.606318801350425929e-05 1.302237436175346375e-02 9.328407235443592072e-03 6.767328828573226929e-03 9.525337256491184235e-03 1.933208853006362915e-02
3.880000000000000000e+02 3.985545754065256824e-02 1.579014211893081665e-02 1.406968203809810802e-05 2.225914613518398255e-05 1.896617868624161929e-05 1.801011057978030294e-05 1.914189670060295612e-05 1.932079430844169110e-05 1.432237695553340018e-05 1.427771712769754231e-05 1.457597409171285108e-05 1.337405501544708386e-05 1.547835381643380970e-05 1.623257412575185299e-05 1.588722807355225086e-05 1.498384881415404379e-05 1.435528702131705359e-05 1.524543677078327164e-05 1.737965067150071263e-05 1.653323306527454406e-05 1.546542443975340575e-05 1.549031185277272016e-05 1.571061329741496593e-05 1.565145066706463695e-05 1.557282666908577085e-05 1.543367943668272346e-05 1.534185321361292154e-05 1.584872734383679926e-05 1.299545168876647949e-02 9.309965185821056366e-03 6.750844419002532959e-03 9.506939910352230072e-03 1.931956037878990173e-02
3.890000000000000000e+02 3.965080854607093419e-02 1.573663949966430664e-02 1.389323460898594931e-05 2.199013397330418229e-05 1.872701614047400653e-05 1.780785896698944271e-05 1.896196226880419999e-05 1.918149973789695650e-05 1.418067131453426555e-05 1.412154597346670926e-05 1.441619951947359368e-05 1.323127889918396249e-05 1.532382702862378210e-05 1.607150261406786740e-05 1.572536893945652992e-05 1.482792686147149652e-05 1.420127227902412415e-05 1.506973876530537382e-05 1.718152270768769085e-05 1.633318424865137786e-05 1.528448774479329586e-05 1.531021007394883782e-05 1.551568857394158840e-05 1.547794090583920479e-05 1.539280674478504807e-05 1.525027164461789653e-05 1.515654639661079273e-05 1.566025093779899180e-05 1.296861749142408371e-02 9.291575290262699127e-03 6.734429858624935150e-03 9.488604031503200531e-03 1.930710487067699432e-02
3.900000000000000000e+02 3.944773175542406335e-02 1.568342372775077820e-02 1.371884809486800805e-05 2.172859785787295550e-05 1.849769978434778750e-05 1.762114879966247827e-05 1.877245267678517848e-05 1.905774843180552125e-05 1.402798352501122281e-05 1.396295192535035312e-05 1.425665595888858661e-05 1.308193441218463704e-05 1.516605061624431983e-05 1.588086161063984036e-05 1.555473681946750730e-05 1.465801597078097984e-05 1.405529656040016562e-05 1.488915313530014828e-05 1.698285450402181596e-05 1.614816392248030752e-05 1.512378639745293185e-05 1.513252391305286437e-05 1.532779606350231916e-05 1.528673237771727145e-05 1.520162550150416791e-05 1.506820262875407934e-05 1.496381810284219682e-05 1.546104977023787796e-05 1.294187549501657486e-02 9.273240342736244202e-03 6.718089338392019272e-03 9.470322169363498688e-03 1.929464191198348999e-02
3.910000000000000000e+02 3.924621110536953561e-02 1.563052833080291748e-02 1.355215135845355690e-05 2.147212398995179683e-05 1.826699917728547007e-05 1.741960477374959737e-05 1.858553332567680627e-05 1.893055923574138433e-05 1.388199052598793060e-05 1.382273512717802078e-05 1.410598724760347977e-05 1.295082620345056057e-05 1.501264250691747293e-05 1.571083339513279498e-05 1.538112883281428367e-05 1.448478724341839552e-05 1.390119723509997129e-05 1.471308860345743597e-05 1.678704393270891160e-05 1.594228706380818039e-05 1.495547894592164084e-05 1.494676416768925264e-05 1.514448649686528370e-05 1.511947994004003704e-05 1.502727809565840289e-05 1.488013367634266615e-05 1.476817851653322577e-05 1.526481173641514033e-05 1.291520800441503525e-02 9.254969656467437744e-03 6.701794918626546860e-03 9.452109225094318390e-03 1.928221806883811951e-02
3.920000000000000000e+02 3.904623073719283577e-02 1.557791605591773987e-02 1.339111804554704577e-05 2.120947465300559998e-05 1.804563362384214997e-05 1.723141213005874306e-05 1.841072662500664592e-05 1.880180207081139088e-05 1.374832027067895979e-05 1.366556534776464105e-05 1.395131857861997560e-05 1.281351796933449805e-05 1.485553639213321730e-05 1.555190101498737931e-05 1.521466856502229348e-05 1.432149747415678576e-05 1.375138890580274165e-05 1.454757602914469317e-05 1.658393011894077063e-05 1.575599526404403150e-05 1.477780642744619399e-05 1.476596389693440869e-05 1.494754542363807559e-05 1.494780826760688797e-05 1.484981567045906559e-05 1.469652579544344917e-05 1.459681334381457418e-05 1.506476473878137767e-05 1.288862805813550949e-02 9.236741811037063599e-03 6.685587111860513687e-03 9.433974511921405792e-03 1.926982775330543518e-02
3.930000000000000000e+02 3.884777499368723824e-02 1.552557665854692459e-02 1.322957905358634889e-05 2.094249430228956044e-05 1.782720391929615289e-05 1.703007183095905930e-05 1.823116508603561670e-05 1.867286846390925348e-05 1.359828274871688336e-05 1.352192157355602831e-05 1.379098466713912785e-05 1.266395793209085241e-05 1.469641756557393819e-05 1.537956268293783069e-05 1.504454576206626371e-05 1.414877533534308895e-05 1.360464102617697790e-05 1.437533046555472538e-05 1.640349728404544294e-05 1.557196810608729720e-05 1.460267412767279893e-05 1.459728355257539079e-05 1.475830686104018241e-05 1.477035584684927016e-05 1.466166486352449283e-05 1.452848937333328649e-05 1.440499818272655830e-05 1.486169549025362357e-05 1.286211237311363220e-02 9.218566119670867920e-03 6.669433787465095520e-03 9.415887296199798584e-03 1.925747655332088470e-02
3.940000000000000000e+02 3.865082841608905029e-02 1.547355391085147858e-02 1.307989350607385859e-05 2.068342473648954183e-05 1.762170722940936685e-05 1.684770541032776237e-05 1.805435749702155590e-05 1.854408037615939975e-05 1.345631062577012926e-05 1.337853336735861376e-05 1.364304262096993625e-05 1.252724086953094229e-05 1.454851008020341396e-05 1.520096520835068077e-05 1.487376539444085211e-05 1.399026859871810302e-05 1.345523742202203721e-05 1.419968702975893393e-05 1.620242073840927333e-05 1.538818651170004159e-05 1.444475583411986008e-05 1.440766573068685830e-05 1.456824884371599182e-05 1.460010662412969396e-05 1.448840248485794291e-05 1.434168552805203944e-05 1.421836532244924456e-05 1.466692083340603858e-05 1.283571403473615646e-02 9.200472384691238403e-03 6.653351243585348129e-03 9.397874586284160614e-03 1.924513652920722961e-02
3.950000000000000000e+02 3.845537574106713818e-02 1.542179472744464874e-02 1.292068918701261282e-05 2.042471169261261821e-05 1.740527113724965602e-05 1.665716081333812326e-05 1.788373265299014747e-05 1.841329685703385621e-05 1.330219038209179416e-05 1.323043670709012076e-05 1.348415935353841633e-05 1.239034281752537936e-05 1.438941035303287208e-05 1.502888335380703211e-05 1.471803261665627360e-05 1.383244216413004324e-05 1.330596569459885359e-05 1.402066391165135428e-05 1.600442737981211394e-05 1.519697525509400293e-05 1.427205188520019874e-05 1.423671164957340807e-05 1.438331310055218637e-05 1.441727363271638751e-05 1.430684824299532920e-05 1.417134444636758417e-05 1.402843554387800395e-05 1.447780050511937588e-05 1.280935667455196381e-02 9.182414971292018890e-03 6.637336220592260361e-03 9.379912167787551880e-03 1.923283375799655914e-02
3.960000000000000000e+02 3.826140189776553596e-02 1.537032146006822586e-02 1.278172021557111293e-05 2.016989856201689690e-05 1.720720865705516189e-05 1.647216049605049193e-05 1.771155802998691797e-05 1.828224412747658789e-05 1.316163616138510406e-05 1.308407991018611938e-05 1.333486216026358306e-05 1.226163021783577278e-05 1.423720459570176899e-05 1.487215467932401225e-05 1.455734491173643619e-05 1.367461391055257991e-05 1.314685050601838157e-05 1.385746236337581649e-05 1.580960815772414207e-05 1.501883616583654657e-05 1.410941786161856726e-05 1.406071714882273227e-05 1.419375530531397089e-05 1.425290975021198392e-05 1.413792779203504324e-05 1.398505992256104946e-05 1.385071300319395959e-05 1.428587347618304193e-05 1.278309989720582962e-02 9.164407849311828613e-03 6.621376145631074905e-03 9.362027980387210846e-03 1.922055706381797791e-02
3.970000000000000000e+02 3.806889200489819991e-02 1.531913038343191147e-02 1.264422189706237987e-05 1.990380405914038420e-05 1.700353095657192171e-05 1.628580321266781539e-05 1.754477671056520194e-05 1.815119685488753021e-05 1.302552209381246939e-05 1.294643516303040087e-05 1.319957209489075467e-05 1.213185350934509188e-05 1.406798946845810860e-05 1.470404185965890065e-05 1.438885283278068528e-05 1.350510683550965041e-05 1.299038467550417408e-05 1.368086122965905815e-05 1.562270335853099823e-05 1.483742835262091830e-05 1.395036633766721934e-05 1.388015698466915637e-05 1.402330417477060109e-05 1.408311800332739949e-05 1.397372125211404637e-05 1.381052607030142099e-05 1.367213189951144159e-05 1.410165714332833886e-05 1.275692414492368698e-02 9.146454744040966034e-03 6.605483591556549072e-03 9.344204328954219818e-03 1.920830272138118744e-02
3.980000000000000000e+02 3.787783136789475008e-02 1.526822056621313095e-02 1.249709657713538036e-05 1.963941031135618687e-05 1.680503919487819076e-05 1.611274274182505906e-05 1.737387174216564745e-05 1.802648330340161920e-05 1.288509429286932573e-05 1.279827029065927491e-05 1.304444958805106580e-05 1.198639074573293328e-05 1.390884517604717985e-05 1.453579352528322488e-05 1.422463355993386358e-05 1.334745593339903280e-05 1.283889832848217338e-05 1.352407707599923015e-05 1.543170037621166557e-05 1.465276818635175005e-05 1.377592980134068057e-05 1.370338577544316649e-05 1.383984817948658019e-05 1.392322610627161339e-05 1.378972956445068121e-05 1.364167110295966268e-05 1.350009006273467094e-05 1.390894522046437487e-05 1.273080613464117050e-02 9.128559380769729614e-03 6.589655298739671707e-03 9.326430037617683411e-03 1.919607818126678467e-02
3.990000000000000000e+02 3.768820547609625510e-02 1.521759293973445892e-02 1.235976196767296642e-05 1.939535286510363221e-05 1.661743226577527821e-05 1.593119304743595421e-05 1.720349428069312125e-05 1.789946145436260849e-05 1.274578698939876631e-05 1.265834725927561522e-05 1.290030377276707441e-05 1.185724704555468634e-05 1.375311330775730312e-05 1.436953152733622119e-05 1.405820603395113721e-05 1.319744842476211488e-05 1.269472795684123412e-05 1.335350589215522632e-05 1.524936124042142183e-05 1.447185513825388625e-05 1.362252896797144786e-05 1.352993240288924426e-05 1.365548450849018991e-05 1.375645297230221331e-05 1.362898183288052678e-05 1.346413318970007822e-05 1.333174441242590547e-05 1.373701616103062406e-05 1.270478498190641403e-02 9.110727347433567047e-03 6.573891267180442810e-03 9.308738633990287781e-03 1.918389461934566498e-02
4.000000000000000000e+02 3.749999999999999861e-02 1.516722608357667923e-02 1.222988339577568695e-05 1.913187225000001490e-05 1.643504765524994582e-05 1.574659290781710297e-05 1.704514761513564736e-05 1.776658791641239077e-05 1.260859062313102186e-05 1.251850790140451863e-05 1.276942111871903762e-05 1.173210512206424028e-05 1.360509941150667146e-05 1.421237720933277160e-05 1.390366833220468834e-05 1.304314628214342520e-05 1.254649669135687873e-05 1.317954047408420593e-05 1.505740056018112227e-05 1.430802694812882692e-05 1.346919907518895343e-05 1.336104560323292390e-05 1.348069963569287211e-05 1.359677571599604562e-05 1.344825705018592998e-05 1.330051691184053198e-05 1.316652833338594064e-05 1.356920893158530816e-05 1.267884206026792526e-02 9.092931635677814484e-03 6.558194290846586227e-03 9.291091002523899078e-03 1.917173154652118683e-02
4.010000000000000000e+02 3.731320078855231148e-02 1.511713024228811264e-02 1.209535275847883895e-05 1.889409031718969345e-05 1.625270124350208789e-05 1.558327676320914179e-05 1.687755138846114278e-05 1.763348700478672981e-05 1.246667852683458477e-05 1.237454944202909246e-05 1.262723708350677043e-05 1.160128886112943292e-05 1.343915573670528829e-05 1.404773774993373081e-05 1.375094871036708355e-05 1.289172723772935569e-05 1.240378242073347792e-05 1.300856183661380783e-05 1.487361441832035780e-05 1.413340942235663533e-05 1.330988652625819668e-05 1.319182410952635109e-05 1.330808299826458097e-05 1.343392432318069041e-05 1.328810230916133150e-05 1.313355278398375958e-05 1.299351424677297473e-05 1.339279424428241327e-05 1.265297643840312958e-02 9.075201116502285004e-03 6.542564369738101959e-03 9.273516945540904999e-03 1.915957778692245483e-02
4.020000000000000000e+02 3.712779386648845659e-02 1.506729330867528915e-02 1.197538131236797199e-05 1.863796387624461204e-05 1.607109697943087667e-05 1.541131678095553070e-05 1.671489553700666875e-05 1.750370938680134714e-05 1.233486182172782719e-05 1.225189225806389004e-05 1.249699653271818534e-05 1.146789691119920462e-05 1.328033340541878715e-05 1.388752389175351709e-05 1.359340240014716983e-05 1.273444195248885080e-05 1.225782034453004599e-05 1.285406324313953519e-05 1.469684866606257856e-05 1.395774143020389602e-05 1.315646477451082319e-05 1.302422242588363588e-05 1.314791006734594703e-05 1.327824247709941119e-05 1.312937365582911298e-05 1.297175367653835565e-05 1.284606423723744228e-05 1.322777188761392608e-05 1.262717880308628082e-02 9.057508781552314758e-03 6.526985205709934235e-03 9.255994111299514771e-03 1.914748176932334900e-02
4.030000000000000000e+02 3.694376543171868504e-02 1.501773297786712646e-02 1.184958273370284587e-05 1.840044023992959410e-05 1.589140447322279215e-05 1.524690651422133669e-05 1.655151754675898701e-05 1.737467391649261117e-05 1.220136891788570210e-05 1.210243590321624652e-05 1.235948366229422390e-05 1.134599733632057905e-05 1.311461983277695253e-05 1.373141003568889573e-05 1.342887662758585066e-05 1.258677821169840172e-05 1.210994014400057495e-05 1.269881977350451052e-05 1.451903608540305868e-05 1.379938930767821148e-05 1.300186431762995198e-05 1.287274244532454759e-05 1.298549886996624991e-05 1.313086067966651171e-05 1.297908238484524190e-05 1.281529421248706058e-05 1.267801508220145479e-05 1.306148806179407984e-05 1.260147430002689362e-02 9.039881639182567596e-03 6.511461921036243439e-03 9.238536469638347626e-03 1.913539879024028778e-02
4.040000000000000000e+02 3.676110185275953401e-02 1.496845297515392303e-02 1.172639258584240451e-05 1.816076655813958496e-05 1.572853943798691034e-05 1.508221066615078598e-05 1.638683352211955935e-05 1.723533205222338438e-05 1.207415698445402086e-05 1.197157143906224519e-05 1.221886486746370792e-05 1.120772230933653191e-05 1.297016024182084948e-05 1.358189365419093519e-05 1.328376947640208527e-05 1.244224586116615683e-05 1.196485209220554680e-05 1.254309700016165152e-05 1.434765272279037163e-05 1.364646868751151487e-05 1.285904454562114552e-05 1.270935626962454990e-05 1.281753611692693084e-05 1.297164271818473935e-05 1.282749781239544973e-05 1.266592698812019080e-05 1.253385198651812971e-05 1.291052467422559857e-05 1.257584057748317719e-02 9.022295475006103516e-03 6.496031302958726883e-03 9.221144020557403564e-03 1.912334933876991272e-02
4.050000000000000000e+02 3.657978966620942241e-02 1.491941139101982117e-02 1.161069940280867741e-05 1.792303191905375570e-05 1.555710332468152046e-05 1.490811064286390319e-05 1.622863237571436912e-05 1.710611650196369737e-05 1.194753349409438670e-05 1.184690790978493169e-05 1.208977027999935672e-05 1.109199456550413743e-05 1.280485230381600559e-05 1.343406529485946521e-05 1.312534823227906600e-05 1.229553890880197287e-05 1.181638253910932690e-05 1.239417815668275580e-05 1.417285511706722900e-05 1.348094883724115789e-05 1.271054316021036357e-05 1.254836661246372387e-05 1.265877654077485204e-05 1.283124674955615774e-05 1.267737297894200310e-05 1.251185312867164612e-05 1.238651839230442420e-05 1.276095554203493521e-05 1.255028694868087769e-02 9.004776366055011749e-03 6.480635609477758408e-03 9.203802794218063354e-03 1.911132596433162689e-02
4.060000000000000000e+02 3.639981557426776038e-02 1.487063243985176086e-02 1.150065872934646904e-05 1.769855407474096864e-05 1.539561162644531578e-05 1.475005592510569841e-05 1.606060322956182063e-05 1.697206243989057839e-05 1.181887000711867586e-05 1.170444829767802730e-05 1.195934783027041703e-05 1.096837786462856457e-05 1.264797811018070206e-05 1.328263715549837798e-05 1.298219376622000709e-05 1.215151496580801904e-05 1.168384824268287048e-05 1.223534854943864048e-05 1.400844939780654386e-05 1.333001273451372981e-05 1.256772065971745178e-05 1.239665107277687639e-05 1.251230423804372549e-05 1.269763833988690749e-05 1.253186474059475586e-05 1.235917352460091934e-05 1.224272818944882601e-05 1.260947101400233805e-05 1.252480037510395050e-02 8.987304754555225372e-03 6.465305108577013016e-03 9.186522103846073151e-03 1.909931935369968414e-02
4.070000000000000000e+02 3.622116644229666366e-02 1.482212077826261520e-02 1.138283278123708442e-05 1.746981797623448074e-05 1.523776518297381699e-05 1.459244413126725703e-05 1.590109059179667383e-05 1.682319816609378904e-05 1.170117320725694299e-05 1.158102350018452853e-05 1.183560652862070128e-05 1.084043924493016675e-05 1.248860280611552298e-05 1.313449502049479634e-05 1.282916946365730837e-05 1.201857867272337899e-05 1.154527399194194004e-05 1.207444347528507933e-05 1.385341602144762874e-05 1.318192698818165809e-05 1.242836060555418953e-05 1.223999061039648950e-05 1.236091611644951627e-05 1.257000712939770892e-05 1.238675213244277984e-05 1.221673119289334863e-05 1.211024937219917774e-05 1.247689942829310894e-05 1.249937992542982101e-02 8.969871327280998230e-03 6.450037471950054169e-03 9.169313125312328339e-03 1.908734627068042755e-02
4.080000000000000000e+02 3.604382929642445388e-02 1.477386709302663803e-02 1.128381427406566218e-05 1.724428875604644418e-05 1.509084904682822526e-05 1.444227109459461644e-05 1.573434201418422163e-05 1.669184348429553211e-05 1.156584676209604368e-05 1.144284215115476400e-05 1.170703217212576419e-05 1.071359656634740531e-05 1.234178762388182804e-05 1.299078303418355063e-05 1.268688538402784616e-05 1.188231999549316242e-05 1.140212498285109177e-05 1.193444950331468135e-05 1.368489847664022818e-05 1.303713634115410969e-05 1.229280042025493458e-05 1.209217134601203725e-05 1.222477385454112664e-05 1.243434780917596072e-05 1.224579864356201142e-05 1.208592038892675191e-05 1.197304391098441556e-05 1.233145121659617871e-05 1.247405726462602615e-02 8.952497504651546478e-03 6.434835959225893021e-03 9.152146056294441223e-03 1.907541789114475250e-02
4.090000000000000000e+02 3.586779132119009145e-02 1.472586300224065781e-02 1.118692762247519568e-05 1.702322151686530560e-05 1.493417948950082064e-05 1.427657844033092260e-05 1.556735151098109782e-05 1.655305095482617617e-05 1.144247926276875660e-05 1.132223133026855066e-05 1.158927261712960899e-05 1.060170507116708905e-05 1.219015939568635076e-05 1.284793961531249806e-05 1.254834751307498664e-05 1.175550642074085772e-05 1.128209351008990780e-05 1.180069830297725275e-05 1.354230516881216317e-05 1.288804833166068420e-05 1.214440089825075120e-05 1.195127060782397166e-05 1.208578123623738065e-05 1.229030840477207676e-05 1.212181268783751875e-05 1.194751075672684237e-05 1.184689335786970332e-05 1.219322075485251844e-05 1.244880352169275284e-02 8.935170248150825500e-03 6.419686600565910339e-03 9.135044179856777191e-03 1.906350255012512207e-02
4.100000000000000000e+02 3.569303985722784012e-02 1.467810478061437607e-02 1.106740546674700454e-05 1.681110734352841973e-05 1.478253670939011499e-05 1.412090114172315225e-05 1.541099118185229599e-05 1.641229755477979779e-05 1.132928173319669440e-05 1.120994966186117381e-05 1.145774331234861165e-05 1.047587011271389201e-05 1.204457294079475105e-05 1.270281882170820609e-05 1.240181063622003421e-05 1.161930322268744931e-05 1.113946473196847364e-05 1.165886169474106282e-05 1.337444882665295154e-05 1.275216163776349276e-05 1.202133171318564564e-05 1.181315019493922591e-05 1.194607284560333937e-05 1.216706459672423080e-05 1.199500366055872291e-05 1.181319385068491101e-05 1.171068379335338250e-05 1.207728109875461087e-05 1.242361683398485184e-02 8.917909115552902222e-03 6.404601037502288818e-03 9.118006564676761627e-03 1.905160583555698395e-02
4.110000000000000000e+02 3.551956239899124734e-02 1.463059615343809128e-02 1.097580116038443521e-05 1.659230292716529220e-05 1.463739772589178756e-05 1.397759206156479195e-05 1.524661911389557645e-05 1.626183075131848454e-05 1.120477736549219117e-05 1.107635398511774838e-05 1.134506237576715648e-05 1.036936464515747502e-05 1.189123395306523889e-05 1.257200892723631114e-05 1.226964468514779583e-05 1.149545823864173144e-05 1.101334146369481459e-05 1.152283584815450013e-05 1.323311607848154381e-05 1.261526358575792983e-05 1.190196144307265058e-05 1.167746086139231920e-05 1.182548749056877568e-05 1.204530781251378357e-05 1.185575638373848051e-05 1.169128154288046062e-05 1.159891689894720912e-05 1.194493052025791258e-05 1.239851024001836777e-02 8.900679647922515869e-03 6.389576476067304611e-03 9.101020172238349915e-03 1.903973892331123352e-02
4.120000000000000000e+02 3.534734659251578814e-02 1.458334177732467651e-02 1.087405962607590482e-05 1.637875539017841220e-05 1.449820865673245862e-05 1.382836671837139875e-05 1.508787408965872601e-05 1.611353582120500505e-05 1.109714412450557575e-05 1.095237712434027344e-05 1.123738820751896128e-05 1.025771325657842681e-05 1.175053785118507221e-05 1.244485974893905222e-05 1.214273106597829610e-05 1.137355502578429878e-05 1.089351735572563484e-05 1.139513369707856327e-05 1.308771607000380754e-05 1.247866384801454842e-05 1.177841750177321956e-05 1.154489382315659896e-05 1.169328425021376461e-05 1.193088883155724034e-05 1.174662065750453621e-05 1.156976668426068500e-05 1.148262072092620656e-05 1.183564108941936865e-05 1.237348187714815140e-02 8.883510716259479523e-03 6.374617572873830795e-03 9.084091521799564362e-03 1.902790553867816925e-02
4.130000000000000000e+02 3.517638023321940227e-02 1.453632488846778870e-02 1.077728211384965107e-05 1.617600901226978749e-05 1.434743899153545499e-05 1.367911045235814527e-05 1.491926013841293752e-05 1.597106711415108293e-05 1.097893527912674472e-05 1.085067560779862106e-05 1.112845529860351235e-05 1.014598637993913144e-05 1.159798375738319010e-05 1.231845453730784357e-05 1.200782753585372120e-05 1.125891776609933004e-05 1.076224270946113393e-05 1.125809194491012022e-05 1.295029233006061986e-05 1.235805029864422977e-05 1.165887988463509828e-05 1.142620931204874068e-05 1.157174028776353225e-05 1.181723382615018636e-05 1.162094031315064058e-05 1.144688303611474112e-05 1.136872924689669162e-05 1.171927397081162781e-05 1.234851311892271042e-02 8.866387419402599335e-03 6.359700113534927368e-03 9.067234583199024200e-03 1.901609823107719421e-02
4.140000000000000000e+02 3.500665126374011282e-02 1.448956225067377090e-02 1.068242090696003288e-05 1.598073868080973625e-05 1.421480283170240000e-05 1.352909566776361316e-05 1.475656245020218194e-05 1.581931792316026986e-05 1.086823704099515453e-05 1.072763006959576160e-05 1.100792269426165149e-05 1.003549368761014193e-05 1.146778413385618478e-05 1.218295619764830917e-05 1.188793976325541735e-05 1.113464713853318244e-05 1.064137450157431886e-05 1.114230690291151404e-05 1.281931508856359869e-05 1.223366962221916765e-05 1.154894653154769912e-05 1.129972770286258310e-05 1.146599697676720098e-05 1.171259918919531628e-05 1.151429296442074701e-05 1.133951445808634162e-05 1.125744256569305435e-05 1.161541331384796649e-05 1.232361793518066406e-02 8.849315345287322998e-03 6.344849709421396255e-03 9.050417691469192505e-03 1.900430396199226379e-02
4.150000000000000000e+02 3.483814777181012956e-02 1.444301940500736237e-02 1.058286852639866993e-05 1.578412957314867526e-05 1.407898162142373621e-05 1.338188394583994523e-05 1.459330178477102891e-05 1.566700484545435756e-05 1.075021918950369582e-05 1.062659612216521055e-05 1.090323439711937681e-05 9.930043233907781541e-06 1.132969737227540463e-05 1.205118041980313137e-05 1.175680245069088414e-05 1.101986435969593003e-05 1.052512197929900140e-05 1.101790076063480228e-05 1.269253789359936491e-05 1.212383085658075288e-05 1.143857662100344896e-05 1.117692136176628992e-05 1.134691592596936971e-05 1.159763360192300752e-05 1.140410404332214966e-05 1.123327274399343878e-05 1.115257509809453040e-05 1.149959280155599117e-05 1.229880936443805695e-02 8.832291699945926666e-03 6.330061703920364380e-03 9.033676236867904663e-03 1.899254135787487030e-02
4.160000000000000000e+02 3.467085798816568060e-02 1.439672708511352539e-02 1.049385173246264458e-05 1.559682459628675133e-05 1.395932758896378800e-05 1.324365621258039027e-05 1.442277334717800841e-05 1.550649722048547119e-05 1.064553543983493000e-05 1.050376067723846063e-05 1.079320827557239681e-05 9.823505934036802500e-06 1.118785621656570584e-05 1.194046490127220750e-05 1.164662171504460275e-05 1.091294416255550459e-05 1.041821906255790964e-05 1.089786928787361830e-05 1.256186533282743767e-05 1.199769758386537433e-05 1.132485976995667443e-05 1.106219770008465275e-05 1.124811751651577652e-05 1.150037496699951589e-05 1.130620785261271521e-05 1.112159770855214447e-05 1.104841339838458225e-05 1.140142103395191953e-05 1.227406598627567291e-02 8.815318346023559570e-03 6.315325852483510971e-03 9.016971103847026825e-03 1.898082345724105835e-02
4.170000000000000000e+02 3.450477028449182998e-02 1.435068156570196152e-02 1.040730512613663450e-05 1.540724042570218444e-05 1.382445589115377516e-05 1.309395520365796983e-05 1.426132348569808528e-05 1.534668808744754642e-05 1.054227777785854414e-05 1.040365987137192860e-05 1.069052086677402258e-05 9.720688467496074736e-06 1.105328738049138337e-05 1.181822153739631176e-05 1.152556797023862600e-05 1.079736011888599023e-05 1.030359908327227458e-05 1.079192225006408989e-05 1.245071598532376811e-05 1.189813337987288833e-05 1.122666890296386555e-05 1.095442985388217494e-05 1.113789312512381002e-05 1.140102540375664830e-05 1.120714023272739723e-05 1.101225552702089772e-05 1.095922834792872891e-05 1.130041619035182521e-05 1.224940270185470581e-02 8.798395283520221710e-03 6.300650537014007568e-03 9.000335820019245148e-03 1.896910928189754486e-02
4.180000000000000000e+02 3.433987317140175383e-02 1.430486701428890228e-02 1.031719602906377986e-05 1.523331320640863851e-05 1.369798701489344239e-05 1.295786933042109013e-05 1.410162349202437326e-05 1.520017849543364719e-05 1.043493557517649606e-05 1.030024850479094312e-05 1.058978250512154773e-05 9.626322935218922794e-06 1.093678201868897304e-05 1.171421263279626146e-05 1.140671429311623797e-05 1.070442522177472711e-05 1.019751107378397137e-05 1.067893299477873370e-05 1.232958402397343889e-05 1.178882121166680008e-05 1.112568588723661378e-05 1.085264739231206477e-05 1.103308477468090132e-05 1.129907104768790305e-05 1.110328685172135010e-05 1.091583180823363364e-05 1.086191696231253445e-05 1.120063279813621193e-05 1.222481206059455872e-02 8.781513199210166931e-03 6.286032032221555710e-03 8.983750827610492706e-03 1.895742118358612061e-02
4.190000000000000000e+02 3.417615529644967010e-02 1.425928995013237000e-02 1.023503773467382416e-05 1.506434000475564972e-05 1.357148084935033694e-05 1.281833920074859634e-05 1.394477112626191229e-05 1.502687064203200862e-05 1.033510216075228527e-05 1.019507362798321992e-05 1.048141803039470688e-05 9.522443178866524249e-06 1.079948106053052470e-05 1.160145802714396268e-05 1.129885004047537223e-05 1.060312661138596013e-05 1.008809158520307392e-05 1.056675955624086782e-05 1.222134687850484625e-05 1.168297239928506315e-05 1.101886937249219045e-05 1.074258398148231208e-05 1.093616901925997809e-05 1.120259730669204146e-05 1.100431109080091119e-05 1.081853588402736932e-05 1.077320303011219949e-05 1.111353140004212037e-05 1.220028288662433624e-02 8.764685131609439850e-03 6.271473132073879242e-03 8.967219851911067963e-03 1.894576288759708405e-02
4.200000000000000000e+02 3.401360544217687382e-02 1.421392709016799927e-02 1.015051293506985530e-05 1.488480120315216482e-05 1.345226064586313441e-05 1.267726202058838680e-05 1.377294211124535650e-05 1.486592555011156946e-05 1.022824926621979102e-05 1.008958952297689393e-05 1.039006747305393219e-05 9.423212759429588914e-06 1.067954508471302688e-05 1.149954550783149898e-05 1.118653199227992445e-05 1.050136052072048187e-05 9.979630704037845135e-06 1.046586658048909158e-05 1.211677954415790737e-05 1.159055773314321414e-05 1.092481033992953598e-05 1.064603293343679979e-05 1.084129598893923685e-05 1.111605524783954024e-05 1.091747617465443909e-05 1.072822215064661577e-05 1.068437995854765177e-05 1.102128680940950289e-05 1.217582449316978455e-02 8.747913874685764313e-03 6.256966851651668549e-03 8.950748480856418610e-03 1.893413253128528595e-02
4.210000000000000000e+02 3.385221252419022553e-02 1.416881009936332703e-02 1.006399270409019664e-05 1.472181793360505253e-05 1.333361615252215415e-05 1.254286144103389233e-05 1.362219882139470428e-05 1.471352697990369052e-05 1.012636312225367874e-05 9.987451448978390545e-06 1.029343366099055856e-05 9.328299711341969669e-06 1.056126166076865047e-05 1.138546303991461173e-05 1.108644482883391902e-05 1.040866663970518857e-05 9.893748028844129294e-06 1.035684817907167599e-05 1.201069244416430593e-05 1.148979117715498433e-05 1.083409006241708994e-05 1.055563734553288668e-05 1.074867668648948893e-05 1.103061913454439491e-05 1.082908511307323352e-05 1.063753279595403001e-05 1.060343674907926470e-05 1.092977709049591795e-05 1.215143781155347824e-02 8.731178939342498779e-03 6.242519244551658630e-03 8.934330195188522339e-03 1.892252638936042786e-02
4.220000000000000000e+02 3.369196558927247537e-02 1.412391476333141327e-02 9.977574336517136544e-06 1.456220888940151781e-05 1.320724641118431464e-05 1.240602796315215528e-05 1.345965938526205719e-05 1.455025994800962508e-05 1.003721081360708922e-05 9.898375537886749953e-06 1.019271621771622449e-05 9.228181625076103956e-06 1.045025055645965040e-05 1.129213524109218270e-05 1.098264328902587295e-05 1.032422460411908105e-05 9.800762200029566884e-06 1.027224698191275820e-05 1.192071704281261191e-05 1.140537369792582467e-05 1.075268119166139513e-05 1.046043598762480542e-05 1.065926426235819235e-05 1.094825347536243498e-05 1.074420379154616967e-05 1.055347001965856180e-05 1.051436356647172943e-05 1.085008443624246866e-05 1.212713960558176041e-02 8.714495226740837097e-03 6.228134036064147949e-03 8.917980827391147614e-03 1.891094632446765900e-02
4.230000000000000000e+02 3.353285381352379829e-02 1.407925318926572800e-02 9.900831173581536859e-06 1.442030043108388782e-05 1.308548144152155146e-05 1.227142456627916545e-05 1.330696886725490913e-05 1.437615719623863697e-05 9.945827514457050711e-06 9.803131433727685362e-06 1.010394771583378315e-05 9.138724635704420507e-06 1.033132593875052407e-05 1.120519664254970849e-05 1.089245142793515697e-05 1.022675951389828697e-05 9.705366210255306214e-06 1.017254271573619917e-05 1.182025880552828312e-05 1.131215049099409953e-05 1.065493415808305144e-05 1.036942649079719558e-05 1.057160079653840512e-05 1.086334032152080908e-05 1.065828928403789178e-05 1.047682872012956068e-05 1.042699204845121130e-05 1.075595264410367236e-05 1.210288237780332565e-02 8.697862736880779266e-03 6.213799584656953812e-03 8.901667781174182892e-03 1.889938861131668091e-02
4.240000000000000000e+02 3.337486650053399923e-02 1.403481140732765198e-02 9.825940651353448629e-06 1.426334893039893359e-05 1.297892049478832632e-05 1.213698305946309119e-05 1.315262034040642902e-05 1.421442357241176069e-05 9.848635272646788508e-06 9.715693522593937814e-06 1.001008240564260632e-05 9.053093890543095767e-06 1.021595107886241749e-05 1.110269295168109238e-05 1.079289359040558338e-05 1.013994460663525388e-05 9.612143912818282843e-06 1.008834715321427211e-05 1.172621614387026057e-05 1.122860612667864189e-05 1.057640747603727505e-05 1.029158465826185420e-05 1.048722879204433411e-05 1.078239620255772024e-05 1.057991721609141678e-05 1.038849768519867212e-05 1.035984951158752665e-05 1.067229277396108955e-05 1.207870617508888245e-02 8.681272156536579132e-03 6.199515890330076218e-03 8.885414339601993561e-03 1.888787001371383667e-02
4.250000000000000000e+02 3.321799307958477748e-02 1.399060245603322983e-02 9.743082955537829548e-06 1.412220444763079286e-05 1.286720089410664514e-05 1.200750739371869713e-05 1.299822270084405318e-05 1.404459271725500003e-05 9.750011486175935715e-06 9.627551662561018020e-06 9.917422175931278616e-06 8.966209861682727933e-06 1.010877349472139031e-05 1.101680027204565704e-05 1.069732934411149472e-05 1.006900856737047434e-05 9.528096597932744771e-06 9.997371307690627873e-06 1.162558601208729669e-05 1.114626047638012096e-05 1.049822731147287413e-05 1.020222589431796223e-05 1.041031009663129225e-05 1.070747839548857883e-05 1.048252670443616807e-05 1.030784915201365948e-05 1.028800579661037773e-05 1.059270380210364237e-05 1.205459889024496078e-02 8.664721623063087463e-03 6.185289006680250168e-03 8.869201876223087311e-03 1.887635514140129089e-02
4.260000000000000000e+02 3.306222310388150232e-02 1.394659839570522308e-02 9.662037882662843913e-06 1.397771757183363661e-05 1.275198701478075236e-05 1.188651731354184449e-05 1.285325379285495728e-05 1.387446900480426848e-05 9.667506674304604530e-06 9.533499905955977738e-06 9.830628187046386302e-06 8.878434528014622629e-06 1.000161137199029326e-05 1.092175989469978958e-05 1.060742306435713544e-05 9.979184142139274627e-06 9.431920261704362929e-06 9.913451322063338012e-06 1.154184792540036142e-05 1.107534262700937688e-05 1.042136955220485106e-05 1.013020937534747645e-05 1.032459658745210618e-05 1.063369018083903939e-05 1.041349787556100637e-05 1.024159428197890520e-05 1.020957188302418217e-05 1.051365052262553945e-05 1.203056890517473221e-02 8.648231625556945801e-03 6.171117536723613739e-03 8.853056468069553375e-03 1.886487193405628204e-02
4.270000000000000000e+02 3.290754624881395835e-02 1.390281040221452713e-02 9.591964044375345111e-06 1.384249026159523055e-05 1.263774447579635307e-05 1.174513363366713747e-05 1.271258224733173847e-05 1.371927282889373600e-05 9.577995115250814706e-06 9.449463505006860942e-06 9.751858669915236533e-06 8.792623702902346849e-06 9.906437298923265189e-06 1.084262112271972001e-05 1.053057167155202478e-05 9.910645530908368528e-06 9.354147550766356289e-06 9.834739103098399937e-06 1.147306466009467840e-05 1.098585653380723670e-05 1.033894477586727589e-05 1.005892045213840902e-05 1.024748962663579732e-05 1.056178371072746813e-05 1.034046726999804378e-05 1.015818997984752059e-05 1.012875600281404331e-05 1.044184045895235613e-05 1.200659573078155518e-02 8.631792850792407990e-03 6.156996358186006546e-03 8.836971595883369446e-03 1.885341107845306396e-02
4.280000000000000000e+02 3.275395231024543635e-02 1.385924778878688812e-02 9.516320460534188896e-06 1.370582594972802326e-05 1.252594938705442473e-05 1.161871750809950754e-05 1.256664472748525441e-05 1.355596668872749433e-05 9.489465810474939644e-06 9.362061064166482538e-06 9.666279765951912850e-06 8.723217433725949377e-06 9.802230124478228390e-06 1.075244836101774126e-05 1.043653901433572173e-05 9.827262147155124694e-06 9.279566256736870855e-06 9.752639925864059478e-06 1.138631614594487473e-05 1.091195917979348451e-05 1.025687470246339217e-05 9.974804925150237978e-06 1.017531303659779951e-05 1.048716694640461355e-05 1.027032976708142087e-05 1.008378148981137201e-05 1.005827652988955379e-05 1.036129469866864383e-05 1.198270544409751892e-02 8.615397848188877106e-03 6.142937578260898590e-03 8.820946328341960907e-03 1.884197629988193512e-02
4.290000000000000000e+02 3.260143120282980173e-02 1.381590403616428375e-02 9.440687790629453957e-06 1.357919973088428378e-05 1.242964026459958404e-05 1.149908803199650720e-05 1.242535836354363710e-05 1.338150195806520060e-05 9.411221981281414628e-06 9.285608030040748417e-06 9.585428415448404849e-06 8.634346158942207694e-06 9.693903848528862000e-06 1.067445919034071267e-05 1.035797504300717264e-05 9.758652595337480307e-06 9.200050044455565512e-06 9.680298717285040766e-06 1.131203589466167614e-05 1.084283212549053133e-05 1.019995852402644232e-05 9.899455108097754419e-06 1.009682273434009403e-05 1.041721225192304701e-05 1.018949660647194833e-05 1.000965221464866772e-05 9.991797924158163369e-06 1.028531823976663873e-05 1.195886638015508652e-02 8.599039167165756226e-03 6.128926295787096024e-03 8.804948069155216217e-03 1.883057877421379089e-02
4.300000000000000000e+02 3.244997295835586743e-02 1.377277076244354248e-02 9.365760888613294810e-06 1.345189957646653056e-05 1.231838086823699996e-05 1.137703839049208909e-05 1.228772725880844519e-05 1.322836396866478026e-05 9.334969035990070552e-06 9.193136065732687712e-06 9.502688953944016248e-06 8.554046871722675860e-06 9.597447387932334095e-06 1.059904570865910500e-05 1.029119175655068830e-05 9.681307346909306943e-06 9.122201845457311720e-06 9.592793503543362021e-06 1.123062520491657779e-05 1.076579155778745189e-05 1.012822394841350615e-05 9.834046068135648966e-06 1.002085082291159779e-05 1.034017986967228353e-05 1.011828408081782982e-05 9.950019375537522137e-06 9.914942893374245614e-06 1.020851959765423089e-05 1.193510647863149643e-02 8.582722395658493042e-03 6.114979740232229233e-03 8.789015933871269226e-03 1.881919614970684052e-02
4.310000000000000000e+02 3.229956772411862742e-02 1.372985634952783585e-02 9.302562830271199346e-06 1.333230011368868873e-05 1.220960712089436129e-05 1.126036204368574545e-05 1.216106193169252947e-05 1.307056572841247544e-05 9.250677976524457335e-06 9.114825843425933272e-06 9.412669896846637130e-06 8.474028618365991861e-06 9.518040315015241504e-06 1.052157585945678875e-05 1.020540094032185152e-05 9.605273589841090143e-06 9.054329893842805177e-06 9.525016139377839863e-06 1.115487157221650705e-05 1.070044709194917232e-05 1.006515049084555358e-05 9.764552487467881292e-06 9.955006134987343103e-06 1.027715643431292847e-05 1.005953708954621106e-05 9.880325706035364419e-06 9.847992259892635047e-06 1.013193468679673970e-05 1.191141922026872635e-02 8.566470816731452942e-03 6.101083476096391678e-03 8.773129433393478394e-03 1.880783028900623322e-02
4.320000000000000000e+02 3.215020576131687180e-02 1.368714682757854462e-02 9.230481737176887691e-06 1.322546177107142285e-05 1.211240578413708135e-05 1.113548387365881354e-05 1.202961084345588461e-05 1.290434647671645507e-05 9.167280950350686908e-06 9.042017154570203274e-06 9.346958904643543065e-06 8.407282621192280203e-06 9.421452887181658298e-06 1.045291173795703799e-05 1.013914970826590434e-05 9.545669854560401291e-06 8.971182978712022305e-06 9.454458449908997864e-06 1.108388823922723532e-05 1.062685805663932115e-05 9.993943422159645706e-06 9.701190720079466701e-06 9.885747203952632844e-06 1.021097705233842134e-05 9.990139915316831321e-06 9.815909834287595004e-06 9.792778655537404120e-06 1.006866023089969531e-05 1.188779156655073166e-02 8.550246246159076691e-03 6.087228655815124512e-03 8.757313713431358337e-03 1.879649795591831207e-02
4.330000000000000000e+02 3.200187744347668395e-02 1.364464592188596725e-02 9.164760740532074124e-06 1.311569212703034282e-05 1.200637871079379693e-05 1.101373345591127872e-05 1.190368493553251028e-05 1.274604801437817514e-05 9.088652404898311943e-06 8.976330718724057078e-06 9.263216270483098924e-06 8.326559509441722184e-06 9.334497008239850402e-06 1.038658956531435251e-05 1.006836009764811024e-05 9.473997124587185681e-06 8.904873538995161653e-06 9.381257768836803734e-06 1.102232545235892758e-05 1.055697521223919466e-05 9.930304258887190372e-06 9.643171324569266289e-06 9.812167263589799404e-06 1.014513964037178084e-05 9.918170690070837736e-06 9.747898729983717203e-06 9.721712558530271053e-06 1.000323754851706326e-05 1.186422444880008698e-02 8.534076623618602753e-03 6.073437631130218506e-03 8.741528727114200592e-03 1.878518424928188324e-02
4.340000000000000000e+02 3.185457325490029246e-02 1.360236108303070068e-02 9.101373507292009890e-06 1.300201347476104274e-05 1.189594422612572089e-05 1.090715704776812345e-05 1.177376816485775635e-05 1.258473912457702681e-05 9.026221960084512830e-06 8.906370567274279892e-06 9.180448614642955363e-06 8.256329238065518439e-06 9.250773473468143493e-06 1.031146621244261041e-05 9.995172149501740932e-06 9.419237358088139445e-06 8.852314749674405903e-06 9.329233762400690466e-06 1.095145398721797392e-05 1.049175079970154911e-05 9.869751920632552356e-06 9.573949682817328721e-06 9.743549526319839060e-06 1.008185699902242050e-05 9.841696737566962838e-06 9.687232704891357571e-06 9.647817933000624180e-06 9.936659807863179594e-06 1.184073369950056076e-02 8.517954498529434204e-03 6.059692706912755966e-03 8.725810796022415161e-03 1.877388171851634979e-02
4.350000000000000000e+02 3.170828378913990997e-02 1.356026995927095413e-02 9.036247320182155818e-06 1.290208456339314580e-05 1.180086655949708074e-05 1.079303183360025287e-05 1.165833509730873629e-05 1.243528458871878684e-05 8.945896297518629581e-06 8.824034921417478472e-06 9.108554877457208931e-06 8.195488589990418404e-06 9.176371349894907326e-06 1.023443655867595226e-05 9.936999958881642669e-06 9.352304914500564337e-06 8.776372851571068168e-06 9.255371878680307418e-06 1.089238412532722577e-05 1.043262727762339637e-05 9.806039997783955187e-06 9.515642886981368065e-06 9.677027264842763543e-06 1.001222335617057979e-05 9.785181646293494850e-06 9.624981430533807725e-06 9.586480700818356127e-06 9.854312338575255126e-06 1.181730069220066071e-02 8.501873351633548737e-03 6.046007853001356125e-03 8.710133843123912811e-03 1.876261457800865173e-02
4.360000000000000000e+02 3.156299974749600390e-02 1.351839210838079453e-02 8.962738320406060666e-06 1.279196112591307610e-05 1.170729774457868189e-05 1.068684832716826349e-05 1.154077472165226936e-05 1.228557175636524335e-05 8.885015631676651537e-06 8.762486686464399099e-06 9.031872650666628033e-06 8.127103683364111930e-06 9.093418157135602087e-06 1.017030535876983777e-05 9.867684639175422490e-06 9.289725312555674464e-06 8.721201083972118795e-06 9.190119271806906909e-06 1.081881964637432247e-05 1.037074343912536278e-05 9.739731467561796308e-06 9.461977242608554661e-06 9.600096745998598635e-06 9.948204024112783372e-06 9.709456207929179072e-06 9.552194569550920278e-06 9.527651855023577809e-06 9.782081178855150938e-06 1.179393753409385681e-02 8.485844358801841736e-03 6.032368633896112442e-03 8.694519288837909698e-03 1.875138469040393829e-02
4.370000000000000000e+02 3.141871193753960345e-02 1.347671914845705032e-02 8.895861355995293707e-06 1.269496442546369508e-05 1.161117597803240642e-05 1.057296412909636274e-05 1.142947076004929841e-05 1.214259282278362662e-05 8.804318895272444934e-06 8.698074452695436776e-06 8.963307664089370519e-06 8.056094884523190558e-06 9.009894711198285222e-06 1.010931464406894520e-05 9.799163308343850076e-06 9.232740012521389872e-06 8.650231393403373659e-06 9.122644769377075136e-06 1.075547152140643448e-05 1.031245119520463049e-05 9.679980394139420241e-06 9.397424037160817534e-06 9.535475328448228538e-06 9.885044164548162371e-06 9.651468644733540714e-06 9.496773600403685123e-06 9.460609362577088177e-06 9.713839062897022814e-06 1.177064701914787292e-02 8.469843305647373199e-03 6.018789485096931458e-03 8.678951300680637360e-03 1.874017342925071716e-02
4.380000000000000000e+02 3.127541127165821971e-02 1.343523710966110229e-02 8.837538189254701138e-06 1.260130193259101361e-05 1.150501520896796137e-05 1.046953184413723648e-05 1.130978489527478814e-05 1.199774033011635765e-05 8.748063009988982230e-06 8.631161108496598899e-06 8.897162842913530767e-06 7.992057362571358681e-06 8.928990610002074391e-06 1.005203739623539150e-05 9.751332072482910007e-06 9.175533705274574459e-06 8.594656719651538879e-06 9.065340236702468246e-06 1.068816982296993956e-05 1.025469555315794423e-05 9.615212547942064703e-06 9.334954484074842185e-06 9.483674148214049637e-06 9.813576980377547443e-06 9.584037798049394041e-06 9.433738341613207012e-06 9.402249816048424691e-06 9.641862561693415046e-06 1.174741983413696289e-02 8.453895337879657745e-03 6.005245726555585861e-03 8.663433603942394257e-03 1.872898079454898834e-02
4.390000000000000000e+02 3.113308876562491737e-02 1.339396648108959198e-02 8.782939403317868710e-06 1.250294462806778029e-05 1.141187567554879934e-05 1.036987032421166077e-05 1.121019704442005605e-05 1.184918164653936401e-05 8.678758604219183326e-06 8.564087693230248988e-06 8.822414201858919114e-06 7.931185791676398367e-06 8.856801287038251758e-06 9.985551514546386898e-06 9.688804311736021191e-06 9.110450264415703714e-06 8.538341717212460935e-06 8.993772098619956523e-06 1.063046602212125435e-05 1.019683077174704522e-05 9.566167136654257774e-06 9.280072845285758376e-06 9.416405191586818546e-06 9.749888704391196370e-06 9.514124940324109048e-06 9.363325261801946908e-06 9.329743988928385079e-06 9.570830115990247577e-06 1.172425411641597748e-02 8.438002318143844604e-03 5.991776008158922195e-03 8.647965267300605774e-03 1.871780864894390106e-02
4.400000000000000000e+02 3.099173553719008350e-02 1.335289329290390015e-02 8.723544851818587631e-06 1.241236350324470550e-05 1.130074087996035814e-05 1.025957863021176308e-05 1.110307312046643347e-05 1.171985786641016603e-05 8.603154128650203347e-06 8.512652129866182804e-06 8.754668670007959008e-06 7.873625690990593284e-06 8.786227226664777845e-06 9.917400348058436066e-06 9.637516996008343995e-06 9.048971151059959084e-06 8.477702976961154491e-06 8.949343282438348979e-06 1.055485245160525665e-05 1.014701319945743307e-05 9.498906365479342639e-06 9.220631909556686878e-06 9.349266292701940984e-06 9.693501851870678365e-06 9.448976015846710652e-06 9.309896995546296239e-06 9.276004675484728068e-06 9.494294317846652120e-06 1.170114520937204361e-02 8.422137238085269928e-03 5.978335160762071609e-03 8.632544428110122681e-03 1.870665699243545532e-02
4.410000000000000000e+02 3.085134280469557441e-02 1.331200636923313141e-02 8.662612344778608531e-06 1.232200156664475799e-05 1.121392051572911441e-05 1.015427369566168636e-05 1.100495956052327529e-05 1.157663700723787770e-05 8.548263394914101809e-06 8.447883374174125493e-06 8.688337402418255806e-06 7.816071047272998840e-06 8.715848707652185112e-06 9.863882951322011650e-06 9.575392141414340585e-06 9.003681952890474349e-06 8.423235158261377364e-06 8.879678716766647995e-06 1.050355695042526349e-05 1.007478476822143421e-05 9.435574611416086555e-06 9.162584319710731506e-06 9.280771337216719985e-06 9.621136996429413557e-06 9.380068149766884744e-06 9.244615284842438996e-06 9.214423698722384870e-06 9.437669177714269608e-06 1.167810149490833282e-02 8.406334556639194489e-03 5.964955314993858337e-03 8.617171086370944977e-03 1.869552955031394958e-02
4.420000000000000000e+02 3.071190188571077534e-02 1.327132899314165115e-02 8.603377864346839488e-06 1.224177412950666621e-05 1.112434438255149871e-05 1.006270667858188972e-05 1.090995647246018052e-05 1.145128953794483095e-05 8.476972652715630829e-06 8.397645615332294255e-06 8.615856131655164063e-06 7.743847163510508835e-06 8.652609722048509866e-06 9.805768058868125081e-06 9.525930181553121656e-06 8.943556167650967836e-06 8.364921086467802525e-06 8.819773938739672303e-06 1.043501652020495385e-05 1.001348755380604416e-05 9.384263648826163262e-06 9.115606189880054444e-06 9.223798770108260214e-06 9.555815267958678305e-06 9.315380339103285223e-06 9.188624062517192215e-06 9.151611266133841127e-06 9.362145647173747420e-06 1.165514439344406128e-02 8.390554226934909821e-03 5.951627623289823532e-03 8.601851761341094971e-03 1.868443004786968231e-02
4.430000000000000000e+02 3.057340419569016740e-02 1.323083601891994476e-02 8.548620826331898570e-06 1.214495023305062205e-05 1.103552222048165277e-05 9.980532013287302107e-06 1.080502624972723424e-05 1.132097168010659516e-05 8.429462468484416604e-06 8.337868166563566774e-06 8.552486178814433515e-06 7.698227818764280528e-06 8.587953743699472398e-06 9.743958798935636878e-06 9.473234058532398194e-06 8.894462553143966943e-06 8.314042133861221373e-06 8.757794603297952563e-06 1.036967478285077959e-05 9.954612323781475425e-06 9.326411600341089070e-06 9.054821930476464331e-06 9.163230060948990285e-06 9.490610864304471761e-06 9.248607057088520378e-06 9.120381037064362317e-06 9.084550583793316036e-06 9.293832590628881007e-06 1.163222920149564743e-02 8.374836295843124390e-03 5.938354413956403732e-03 8.586586453020572662e-03 1.867334544658660889e-02
4.440000000000000000e+02 3.043584124665205809e-02 1.319053862243890762e-02 8.489378160447813570e-06 1.207356490340316668e-05 1.092998991225613281e-05 9.881996447802521288e-06 1.071780388883780688e-05 1.119446278607938439e-05 8.368297130800783634e-06 8.282540875370614231e-06 8.496383998135570437e-06 7.644923243788070977e-06 8.520255505573004484e-06 9.696008419268764555e-06 9.428586054127663374e-06 8.843052455631550401e-06 8.250010978372301906e-06 8.708221685083117336e-06 1.031114607030758634e-05 9.884706742013804615e-06 9.262731509807053953e-06 8.997191798698622733e-06 9.086997124541085213e-06 9.431978469365276396e-06 9.187633622786961496e-06 9.072888133232481778e-06 9.031282388605177402e-06 9.225105713994707912e-06 1.160938013345003128e-02 8.359150961041450500e-03 5.925123114138841629e-03 8.571356534957885742e-03 1.866227760910987854e-02
4.450000000000000000e+02 3.029920464587804521e-02 1.315043959766626358e-02 8.427959983237087727e-06 1.198587597173172981e-05 1.084698033082531765e-05 9.794473953661508858e-06 1.062130831996910274e-05 1.106541458284482360e-05 8.319491826114244759e-06 8.230564162658993155e-06 8.433235052507370710e-06 7.582372745673637837e-06 8.455393071926664561e-06 9.632842193241231143e-06 9.374649380333721638e-06 8.781757060205563903e-06 8.201499440474435687e-06 8.652079486637376249e-06 1.025590427161660045e-05 9.839271115197334439e-06 9.203846275340765715e-06 8.934955076256301254e-06 9.028673957800492644e-06 9.370573025080375373e-06 9.125526048592291772e-06 9.013591807160992175e-06 8.960999366536270827e-06 9.167642019747290760e-06 1.158661209046840668e-02 8.343512192368507385e-03 5.911940708756446838e-03 8.556185290217399597e-03 1.865125261247158051e-02
4.460000000000000000e+02 3.016348609463290892e-02 1.311052031815052032e-02 8.378990060009527951e-06 1.190290822705719620e-05 1.075110230885911733e-05 9.706037417345214635e-06 1.053559662977932021e-05 1.093817991204559803e-05 8.259845344582572579e-06 8.176499250112101436e-06 8.372794582101050764e-06 7.529588856414193287e-06 8.396387784159742296e-06 9.584221515979152173e-06 9.318005140812601894e-06 8.729202818358317018e-06 8.146273103193379939e-06 8.589614481024909765e-06 1.018122020468581468e-05 9.768217751116026193e-06 9.147488526650704443e-06 8.881988833309151232e-06 8.967095709522254765e-06 9.302350918005686253e-06 9.064140613190829754e-06 8.955320481618400663e-06 8.909882126317825168e-06 9.089680133911315352e-06 1.156388130038976669e-02 8.327914401888847351e-03 5.898807663470506668e-03 8.541062474250793457e-03 1.864024624228477478e-02
4.470000000000000000e+02 3.002867738690449470e-02 1.307078171521425247e-02 8.333968253282364458e-06 1.183172935270704329e-05 1.067194989445852116e-05 9.624607628211379051e-06 1.043767952069174498e-05 1.083035567717161030e-05 8.197932402254082263e-06 8.121624887280631810e-06 8.305910341732669622e-06 7.473763616872020066e-06 8.333243386005051434e-06 9.529000635666307062e-06 9.272316674469038844e-06 8.674198397784493864e-06 8.097484169411472976e-06 8.533459549653343856e-06 1.013154906104318798e-05 9.712463906907942146e-06 9.080261406779754907e-06 8.825810255075339228e-06 8.907973096938803792e-06 9.231552212440874428e-06 9.001668331620749086e-06 8.894662641978356987e-06 8.847054232319351286e-06 9.031173249240964651e-06 1.154122874140739441e-02 8.312365971505641937e-03 5.885726306587457657e-03 8.525990881025791168e-03 1.862926781177520752e-02
4.480000000000000000e+02 2.989477040816326467e-02 1.303124614059925079e-02 8.277145752799697220e-06 1.175167744804639369e-05 1.057009285432286561e-05 9.540304745314642787e-06 1.036457979353144765e-05 1.070979396899929270e-05 8.151467227435205132e-06 8.078963219304569066e-06 8.243730917456559837e-06 7.412802460748935118e-06 8.278058885480277240e-06 9.474145372223574668e-06 9.224498171533923596e-06 8.627192983112763613e-06 8.051662007346749306e-06 8.474429705529473722e-06 1.006313505058642477e-05 9.651145774114411324e-06 9.029112334246747196e-06 8.772822184255346656e-06 8.843991054163780063e-06 9.167549251287709922e-06 8.933629942475818098e-06 8.835343578539323062e-06 8.784888450463768095e-06 8.965815140982158482e-06 1.151863764971494675e-02 8.296857587993144989e-03 5.872693844139575958e-03 8.510973304510116577e-03 1.861828938126564026e-02
4.490000000000000000e+02 2.976175713414120141e-02 1.299188937991857529e-02 8.225983037846162915e-06 1.167112168332096189e-05 1.046993747877422720e-05 9.458066415390931070e-06 1.027154485200298950e-05 1.059696114680264145e-05 8.093584256130270660e-06 8.020321729418355972e-06 8.183023055607918650e-06 7.365732017206028104e-06 8.218592483899556100e-06 9.415820386493578553e-06 9.166269592242315412e-06 8.576509571867063642e-06 7.997240572876762599e-06 8.428804903815034777e-06 9.997519555327016860e-06 9.604001206753309816e-06 8.974862794275395572e-06 8.727525710128247738e-06 8.780973985267337412e-06 9.110704922932200134e-06 8.871437785273883492e-06 8.775910828262567520e-06 8.720410733076278120e-06 8.899617569113615900e-06 1.149610243737697601e-02 8.281386457383632660e-03 5.859714001417160034e-03 8.495978079736232758e-03 1.860734447836875916e-02
4.500000000000000000e+02 2.962962962962963076e-02 1.295271702110767365e-02 8.176790288416668773e-06 1.159579733212012798e-05 1.038545178744243458e-05 9.388924809172749519e-06 1.018580678646685556e-05 1.048766171152237803e-05 8.052181328821461648e-06 7.973070751177147031e-06 8.127134606183972210e-06 7.319395081140100956e-06 8.163853635778650641e-06 9.361986485600937158e-06 9.120813956542406231e-06 8.518181857652962208e-06 7.942267984617501497e-06 8.370381692657247186e-06 9.933588444255292416e-06 9.538376616546884179e-06 8.919696483644656837e-06 8.661289029987528920e-06 8.717872333363629878e-06 9.037092240760102868e-06 8.812063242658041418e-06 8.714793693798128515e-06 8.664211236464325339e-06 8.836990673444233835e-06 1.147364173084497452e-02 8.265956304967403412e-03 5.846779327839612961e-03 8.481048047542572021e-03 1.859640330076217651e-02
4.510000000000000000e+02 2.949838004729573443e-02 1.291371975094079971e-02 8.124868145387154073e-06 1.152069216914242133e-05 1.030019939207704738e-05 9.304240847995970398e-06 1.009243896987754852e-05 1.037736092257546261e-05 8.000563866517040879e-06 7.924160854599904269e-06 8.072239324974361807e-06 7.268178705999162048e-06 8.111466740956529975e-06 9.305757885158527642e-06 9.068918188859242946e-06 8.468124178762082011e-06 7.893228939792606980e-06 8.310094926855526865e-06 9.870116628007963300e-06 9.490480806562118232e-06 8.863529728841967881e-06 8.607126801507547498e-06 8.663486369187012315e-06 8.981002793007064611e-06 8.741539204493165016e-06 8.660072126076556742e-06 8.606695701018907130e-06 8.777155926509294659e-06 1.145123969763517380e-02 8.250582031905651093e-03 5.833883304148912430e-03 8.466165512800216675e-03 1.858551241457462311e-02
4.520000000000000000e+02 2.936800062651734669e-02 1.287491898983716965e-02 8.076258382061496377e-06 1.145286114478949457e-05 1.020054241962498054e-05 9.229893294104840606e-06 1.001743203232763335e-05 1.027836788125569001e-05 7.946964615257456899e-06 7.877939424361102283e-06 8.014170816750265658e-06 7.216850917757255957e-06 8.058764251472894102e-06 9.260620572604238987e-06 9.021571713674347848e-06 8.422482096648309380e-06 7.841008482500910759e-06 8.261978109658230096e-06 9.805236913962289691e-06 9.422566108696628362e-06 8.801404874247964472e-06 8.542891919205430895e-06 8.604404683865141124e-06 8.912482371670193970e-06 8.689712558407336473e-06 8.591875484853517264e-06 8.547823199478443712e-06 8.717236596567090601e-06 1.142888050526380539e-02 8.235230110585689545e-03 5.821038037538528442e-03 8.451328612864017487e-03 1.857464201748371124e-02
4.530000000000000000e+02 2.923848369223571927e-02 1.283630076795816422e-02 8.033396625251043588e-06 1.136687933467328548e-05 1.011923359328648075e-05 9.154556209978181869e-06 9.929494808602612466e-06 1.017549493553815410e-05 7.898337571532465518e-06 7.827486115274950862e-06 7.956009540066588670e-06 7.169600849010748789e-06 8.009286830201745033e-06 9.205255992128513753e-06 8.977513971331063658e-06 8.371043804800137877e-06 7.788184120727237314e-06 8.206148777389898896e-06 9.740219866216648370e-06 9.363722710986621678e-06 8.749091648496687412e-06 8.485546459269244224e-06 8.545980563212651759e-06 8.846314813126809895e-06 8.621461347502190620e-06 8.532660103810485452e-06 8.494005669490434229e-06 8.649921255710069090e-06 1.140660047531127930e-02 8.219942450523376465e-03 5.808261688798666000e-03 8.436536416411399841e-03 1.856378838419914246e-02
4.540000000000000000e+02 2.910982165382600129e-02 1.279784366488456726e-02 7.985649062902666628e-06 1.130477994593093172e-05 1.002668432192876935e-05 9.087108082894701511e-06 9.852512448560446501e-06 1.007005084829870611e-05 7.850979272916447371e-06 7.795036253810394555e-06 7.904574886197224259e-06 7.113254014257108793e-06 7.960740731505211443e-06 9.159324690699577332e-06 8.927939234126824886e-06 8.312061254400759935e-06 7.747846211714204401e-06 8.153601811500266194e-06 9.685840268502943218e-06 9.301625141233671457e-06 8.679779057274572551e-06 8.433717994194012135e-06 8.490459549648221582e-06 8.786578291619662195e-06 8.567077202314976603e-06 8.479107236780691892e-06 8.432273716607596725e-06 8.591529876866843551e-06 1.138438098132610321e-02 8.204683661460876465e-03 5.795510951429605484e-03 8.421801030635833740e-03 1.855294592678546906e-02
4.550000000000000000e+02 2.898200700398502472e-02 1.275956351310014725e-02 7.935966095828916878e-06 1.122704270528629422e-05 9.936161404766608030e-06 9.012524060381110758e-06 9.766133189259562641e-06 9.966957804863341153e-06 7.811509931343607605e-06 7.748286407149862498e-06 7.843311323085799813e-06 7.065107638482004404e-06 7.905791790108196437e-06 9.100217539526056498e-06 8.888663614925462753e-06 8.269334102806169540e-06 7.683306648686993867e-06 8.101055755105335265e-06 9.612025678507052362e-06 9.237321137334220111e-06 8.621631423011422157e-06 8.375280231120996177e-06 8.422607606917154044e-06 8.729066394153051078e-06 8.505856385454535484e-06 8.429557965428102762e-06 8.377048288821242750e-06 8.533553227607626468e-06 1.136221177875995636e-02 8.189456537365913391e-03 5.782806314527988434e-03 8.407100103795528412e-03 1.854212954640388489e-02
4.560000000000000000e+02 2.885503231763619433e-02 1.272147893905639648e-02 7.887759238656144589e-06 1.115571285481564701e-05 9.856395081442315131e-06 8.938955033954698592e-06 9.697275345388334244e-06 9.876961485133506358e-06 7.769526746415067464e-06 7.707495569775346667e-06 7.788278708176221699e-06 7.027656465652398765e-06 7.863765858928672969e-06 9.045237675309181213e-06 8.837351742840837687e-06 8.211149179260246456e-06 7.653595275769475847e-06 8.054115824052132666e-06 9.561005754221696407e-06 9.179002518067136407e-06 8.568444172851741314e-06 8.330592208949383348e-06 8.359651474165730178e-06 8.668146620038896799e-06 8.444388186035212129e-06 8.364068889932241291e-06 8.325601811520755291e-06 8.473070920445024967e-06 1.134009659290313721e-02 8.174290880560874939e-03 5.770160350948572159e-03 8.392447605729103088e-03 1.853133738040924072e-02
4.570000000000000000e+02 2.872889025085109335e-02 1.268357597291469574e-02 7.845986147003713995e-06 1.108040214603533968e-05 9.774134014151059091e-06 8.885991519491653889e-06 9.607912033970933408e-06 9.778426829143427312e-06 7.722738700977060944e-06 7.665492375963367522e-06 7.737281521258410066e-06 6.972978553676512092e-06 7.797286343702580780e-06 9.003499144455417991e-06 8.790908395894803107e-06 8.166791303665377200e-06 7.590683253511087969e-06 8.006679308891762048e-06 9.481269444222562015e-06 9.114929525821935385e-06 8.516077286913059652e-06 8.271793376479763538e-06 8.305974006361793727e-06 8.598692147643305361e-06 8.378933671338018030e-06 8.312238605867605656e-06 8.264149073511362076e-06 8.400554179388564080e-06 1.131806802004575729e-02 8.159155026078224182e-03 5.757566541433334351e-03 8.377848193049430847e-03 1.852057129144668579e-02
4.580000000000000000e+02 2.860357353978757247e-02 1.264582015573978424e-02 7.789617484377231449e-06 1.100406279874732718e-05 9.686735211289487779e-06 8.806908226688392460e-06 9.525841051072347909e-06 9.682454219728242606e-06 7.676050699956249446e-06 7.617668416060041636e-06 7.683936928515322506e-06 6.935766123206121847e-06 7.764542715449351817e-06 8.947257811087183654e-06 8.737644748180173337e-06 8.116528078971896321e-06 7.545828339061699808e-06 7.947460289869923145e-06 9.429417332285083830e-06 9.060495358426123857e-06 8.451223948213737458e-06 8.224004886869806796e-06 8.266839358839206398e-06 8.538700967619661242e-06 8.328533112944569439e-06 8.259712558356113732e-06 8.204214282159227878e-06 8.356461876246612519e-06 1.129607670009136200e-02 8.144054561853408813e-03 5.745004396885633469e-03 8.363283239305019379e-03 1.850982382893562317e-02
4.590000000000000000e+02 2.847907499964400999e-02 1.260824315249919891e-02 7.744796675979159772e-06 1.093501123250462115e-05 9.606298590369988233e-06 8.748148502490948886e-06 9.435766514798160642e-06 9.598300493962597102e-06 7.626690603501629084e-06 7.578303211630554870e-06 7.629187166457995772e-06 6.893515092087909579e-06 7.717636435700114816e-06 8.899420208763331175e-06 8.699523277755361050e-06 8.057912054937332869e-06 7.502283096982864663e-06 7.894528607721440494e-06 9.364749530504923314e-06 8.991640243039000779e-06 8.392135896428953856e-06 8.162348422047216445e-06 8.198138857551384717e-06 8.483076271659228951e-06 8.263125891971867532e-06 8.199314834200777113e-06 8.149230779963545501e-06 8.299306500703096390e-06 1.127416361123323441e-02 8.129006251692771912e-03 5.732494872063398361e-03 8.348768576979637146e-03 1.849908754229545593e-02
4.600000000000000000e+02 2.835538752362948972e-02 1.257083285599946976e-02 7.705711141170468181e-06 1.086173506337217987e-05 9.507820323051419109e-06 8.679473467054776847e-06 9.351299922855105251e-06 9.506728019914589822e-06 7.590826953673968092e-06 7.543244464613962919e-06 7.579132216051220894e-06 6.850167210359359160e-06 7.662864845769945532e-06 8.847432582115288824e-06 8.650991730974055827e-06 8.011326826817821711e-06 7.445825758622959256e-06 7.843481398595031351e-06 9.300038982473779470e-06 8.934192919696215540e-06 8.341720786120276898e-06 8.110657290671952069e-06 8.143187187670264393e-06 8.418938705290202051e-06 8.213387445721309632e-06 8.140877980622462928e-06 8.101611456368118525e-06 8.248746780736837536e-06 1.125228777527809143e-02 8.113993331789970398e-03 5.720023531466722488e-03 8.334309794008731842e-03 1.848837919533252716e-02
4.610000000000000000e+02 2.823250408194954986e-02 1.253360509872436523e-02 7.659576112928334624e-06 1.079223784472560510e-05 9.423310075362678617e-06 8.618454558018129319e-06 9.288560249842703342e-06 9.421010872756596655e-06 7.547669156338088214e-06 7.500982519559329376e-06 7.534159976785304025e-06 6.798465619795024395e-06 7.632660526724066585e-06 8.790031643002294004e-06 8.594910468673333526e-06 7.958617970871273428e-06 7.391883627860806882e-06 7.799207196512725204e-06 9.238047823600936681e-06 8.877322215994354337e-06 8.275112122646532953e-06 8.050120413827244192e-06 8.090181836450938135e-06 8.362026164832059294e-06 8.164300197677221149e-06 8.081168743956368417e-06 8.044024980335962027e-06 8.185016667994204909e-06 1.123049575835466385e-02 8.099020458757877350e-03 5.707607138901948929e-03 8.319881744682788849e-03 1.847770065069198608e-02
4.620000000000000000e+02 2.811041772080733261e-02 1.249654684215784073e-02 7.607046427438035607e-06 1.071671340469038114e-05 9.341256372863426805e-06 8.548476216674316674e-06 9.203084118780680001e-06 9.333418347523547709e-06 7.512096090067643672e-06 7.455718787241494283e-06 7.474757694581057876e-06 6.754598416591761634e-06 7.579657903988845646e-06 8.731751222512684762e-06 8.554076885047834367e-06 7.909962732810527086e-06 7.340756383200641721e-06 7.746535629848949611e-06 9.172014870273414999e-06 8.814075954433064908e-06 8.231355423049535602e-06 7.996549356903415173e-06 8.037796760618221015e-06 8.300564331875648350e-06 8.102771062112879008e-06 8.038654414121992886e-06 7.991865459189284593e-06 8.135525604302529246e-06 1.120874937623739243e-02 8.084084838628768921e-03 5.695238243788480759e-03 8.305517956614494324e-03 1.846702955663204193e-02
4.630000000000000000e+02 2.798912156141979482e-02 1.245965529233217239e-02 7.564648967672837898e-06 1.064737352862721309e-05 9.260301339963916689e-06 8.486797014484182000e-06 9.118216439674142748e-06 9.246736226486973464e-06 7.467836439900565892e-06 7.422593625960871577e-06 7.433514838339760900e-06 6.707035936415195465e-06 7.530215043516363949e-06 8.688296475156676024e-06 8.497851922584231943e-06 7.863120117690414190e-06 7.300007382582407445e-06 7.700041351199615747e-06 9.105082426685839891e-06 8.758737749303691089e-06 8.167711712303571403e-06 7.942798220028635114e-06 7.985750926309265196e-06 8.246409379353281111e-06 8.042946319619659334e-06 7.988738616404589266e-06 7.926648322609253228e-06 8.083701686700806022e-06 1.118706073611974716e-02 8.069199509918689728e-03 5.682914052158594131e-03 8.291174657642841339e-03 1.845637895166873932e-02
4.640000000000000000e+02 2.786860879904875035e-02 1.242292765527963638e-02 7.517717676819302142e-06 1.057360896083991975e-05 9.173722901323344558e-06 8.424367479165084660e-06 9.041439625434577465e-06 9.159048204310238361e-06 7.424001523759216070e-06 7.377293968602316454e-06 7.378611371677834541e-06 6.669228241662494838e-06 7.488237315556034446e-06 8.641781278129201382e-06 8.458322554361075163e-06 7.804160304658580571e-06 7.247288067446788773e-06 7.653437933186069131e-06 9.042431884154211730e-06 8.699921636434737593e-06 8.101543244265485555e-06 7.882434147177264094e-06 7.928386366984341294e-06 8.190888365788850933e-06 7.990923222678247839e-06 7.928728336992207915e-06 7.886889761721249670e-06 8.034694474190473557e-06 1.116543356329202652e-02 8.054335601627826691e-03 5.670626182109117508e-03 8.276877924799919128e-03 1.844575814902782440e-02
4.650000000000000000e+02 2.774887270204648079e-02 1.238636393100023270e-02 7.456544153683353215e-06 1.049375623551895842e-05 9.094204870052635670e-06 8.366044312424492091e-06 8.955385965236928314e-06 9.075401976588182151e-06 7.378931513812858611e-06 7.332310360652627423e-06 7.331342203542590141e-06 6.625899004575330764e-06 7.444616585416952148e-06 8.590228389948606491e-06 8.414950571022927761e-06 7.753058525850065053e-06 7.206234840850811452e-06 7.587850632262416184e-06 8.977523975772783160e-06 8.637421160528901964e-06 8.050791620917152613e-06 7.824281055945903063e-06 7.882259524194523692e-06 8.130281457852106541e-06 7.936230758787132800e-06 7.877177267801016569e-06 7.833919880795292556e-06 7.972570529091171920e-06 1.114385668188333511e-02 8.039529435336589813e-03 5.658386740833520889e-03 8.262638002634048462e-03 1.843515038490295410e-02
4.660000000000000000e+02 2.762990661091565409e-02 1.234996411949396133e-02 7.428438038914464414e-06 1.042472194967558607e-05 9.012776899908203632e-06 8.302145033667329699e-06 8.879798770067282021e-06 9.000792488222941756e-06 7.338115210586693138e-06 7.304169230337720364e-06 7.277710665221093222e-06 6.588928044948261231e-06 7.401714356092270464e-06 8.540698217984754592e-06 8.357570550288073719e-06 7.704031304456293583e-06 7.160729637689655647e-06 7.553805971838301048e-06 8.915182661439757794e-06 8.573266313760541379e-06 7.997951797733549029e-06 7.779113730066455901e-06 7.822393854439724237e-06 8.070193871390074492e-06 7.885078957770019770e-06 7.830291906429920346e-06 7.771159289404749870e-06 7.932017979328520596e-06 1.112234499305486679e-02 8.024760521948337555e-03 5.646189674735069275e-03 8.248430676758289337e-03 1.842457801103591919e-02
4.670000000000000000e+02 2.751170393738336037e-02 1.231372728943824768e-02 7.367812941083684564e-06 1.034825527312932536e-05 8.932679520512465388e-06 8.244733180617913604e-06 8.796094334684312344e-06 8.926767804950941354e-06 7.300438937818398699e-06 7.251440820255083963e-06 7.228764388855779544e-06 6.546726581291295588e-06 7.359617939073359594e-06 8.491782864439301193e-06 8.309332770295441151e-06 7.652306521777063608e-06 7.104075848474167287e-06 7.498505965486401692e-06 8.852421160554513335e-06 8.524527402187231928e-06 7.946337063913233578e-06 7.715243555139750242e-06 7.769692274450790137e-06 8.019245797186158597e-06 7.833539712009951472e-06 7.768034265609458089e-06 7.724677743681240827e-06 7.876511517679318786e-06 1.110089104622602463e-02 8.010021410882472992e-03 5.634053144603967667e-03 8.234284818172454834e-03 1.841400936245918274e-02
4.680000000000000000e+02 2.739425816348893192e-02 1.227765344083309174e-02 7.325586466322420165e-06 1.027813232212793082e-05 8.853574399836361408e-06 8.184123544197063893e-06 8.714810064702760428e-06 8.856487511366140097e-06 7.256503522512502968e-06 7.224613909784238786e-06 7.181085038610035554e-06 6.496688001789152622e-06 7.315988568734610453e-06 8.434263691015075892e-06 8.267494195024482906e-06 7.608147825521882623e-06 7.061205906211398542e-06 7.441069101332686841e-06 8.788937520876061171e-06 8.449026609014254063e-06 7.886515049904119223e-06 7.670837476325687021e-06 7.735640792816411704e-06 7.961530172906350344e-06 7.780105988786090165e-06 7.724158422206528485e-06 7.681217539357021451e-06 7.826328328519593924e-06 1.107949670404195786e-02 7.995335385203361511e-03 5.621939431875944138e-03 8.220179006457328796e-03 1.840345747768878937e-02
4.690000000000000000e+02 2.727756284068539455e-02 1.224174909293651581e-02 7.269505204021697864e-06 1.020294348563766107e-05 8.766999599174596369e-06 8.119975973386317492e-06 8.633769539301283658e-06 8.771419743425212801e-06 7.214789093268336728e-06 7.191005352069623768e-06 7.141045898606535047e-06 6.454167760239215568e-06 7.265298791025998071e-06 8.388039532292168587e-06 8.209550287574529648e-06 7.544299478468019515e-06 7.014592938503483310e-06 7.398254638246726245e-06 8.725581210455857217e-06 8.393976713705342263e-06 7.826255568943452090e-06 7.610145530634326860e-06 7.674405424040742218e-06 7.905710845079738647e-06 7.726065632596146315e-06 7.673610525671392679e-06 7.630010259163100272e-06 7.772268872940912843e-06 1.105816382914781570e-02 7.980675436556339264e-03 5.609886255115270615e-03 8.206103928387165070e-03 1.839294098317623138e-02
4.700000000000000000e+02 2.716161158895427641e-02 1.220598816871643066e-02 7.219599410746013746e-06 1.012465509120374918e-05 8.693746167409699410e-06 8.051997610891703516e-06 8.563946721551474184e-06 8.709675057616550475e-06 7.179549811553442851e-06 7.140446086850715801e-06 7.083541277097538114e-06 6.410344667528988793e-06 7.221099167509237304e-06 8.344257366843521595e-06 8.168295607902109623e-06 7.500982064811978489e-06 6.972375558689236641e-06 7.344569894485175610e-06 8.659439117764122784e-06 8.340963177033700049e-06 7.774105142743792385e-06 7.562172413599910215e-06 7.613733941980171949e-06 7.852572707633953542e-06 7.680651833652518690e-06 7.613270554429618642e-06 7.584420472994679585e-06 7.729515345999971032e-06 1.103685889393091202e-02 7.966068573296070099e-03 5.597861018031835556e-03 8.192071691155433655e-03 1.838243193924427032e-02
4.710000000000000000e+02 2.704639809593357286e-02 1.217039488255977631e-02 7.160040695453062654e-06 1.004960904538165778e-05 8.612715646449942142e-06 7.998773980943951756e-06 8.493314453517086804e-06 8.637713108328171074e-06 7.142644335544900969e-06 7.098914920788956806e-06 7.037202522042207420e-06 6.368936283251969144e-06 7.181438832049025223e-06 8.294617146020755172e-06 8.118570804072078317e-06 7.446597464877413586e-06 6.917326118127675727e-06 7.303606707864673808e-06 8.601949957665055990e-06 8.275857908301986754e-06 7.714972525718621910e-06 7.513795026170555502e-06 7.571918104076758027e-06 7.792850738042034209e-06 7.622157681907992810e-06 7.560889571323059499e-06 7.525927685492206365e-06 7.675384040339849889e-06 1.101563032716512680e-02 7.951482199132442474e-03 5.585885141044855118e-03 8.178094401955604553e-03 1.837195642292499542e-02
4.720000000000000000e+02 2.693191611605860389e-02 1.213496178388595581e-02 7.120675491023575887e-06 9.976052751881070435e-06 8.538818292436189950e-06 7.931510481284931302e-06 8.416211130679585040e-06 8.565873031329829246e-06 7.097530669852858409e-06 7.066636499075684696e-06 6.987224878685083240e-06 6.328885774564696476e-06 7.143877610360505059e-06 8.238544069172348827e-06 8.070401236182078719e-06 7.406134045595536008e-06 6.868086074973689392e-06 7.253341209434438497e-06 8.543979674868751317e-06 8.207100108847953379e-06 7.658699360035825521e-06 7.457507763319881633e-06 7.525868568336591125e-06 7.742405614408198744e-06 7.580634246551198885e-06 7.525768523919396102e-06 7.472166998923057690e-06 7.622634257131721824e-06 1.099445857107639313e-02 7.936940528452396393e-03 5.573949310928583145e-03 8.164144121110439301e-03 1.836150139570236206e-02
4.730000000000000000e+02 2.681815946971559395e-02 1.209970004856586456e-02 7.060047664708690718e-06 9.903341378958430141e-06 8.458417141810059547e-06 7.871835805417504162e-06 8.332996003446169198e-06 8.498868737660814077e-06 7.051183729345211759e-06 7.022073077678214759e-06 6.930674771865596995e-06 6.286763436946785077e-06 7.096786248439457268e-06 8.192198947654105723e-06 8.023666850931476802e-06 7.348877261392772198e-06 6.840531568741425872e-06 7.209134764707414433e-06 8.473070010950323194e-06 8.159866411006078124e-06 7.600799563078908250e-06 7.407229077216470614e-06 7.472121069440618157e-06 7.679873306187801063e-06 7.522273790527833626e-06 7.462998837581835687e-06 7.421432201226707548e-06 7.581818408652907237e-06 1.097334362566471100e-02 7.922448217868804932e-03 5.562074016779661179e-03 8.150252513587474823e-03 1.835104823112487793e-02
4.740000000000000000e+02 2.670512204240773485e-02 1.206456311047077179e-02 7.009711680439068004e-06 9.827447684074286371e-06 8.384525244764517993e-06 7.805197128618601710e-06 8.259998139692470431e-06 8.443308615824207664e-06 7.011375600995961577e-06 6.979738373047439381e-06 6.890189979458227754e-06 6.243722964427433908e-06 7.044352969387546182e-06 8.136451469908934087e-06 7.973102583491709083e-06 7.308724434551550075e-06 6.787405709474114701e-06 7.158904281823197380e-06 8.430233719991520047e-06 8.099143087747506797e-06 7.549882866442203522e-06 7.346488018811214715e-06 7.423639544867910445e-06 7.634959729330148548e-06 7.473776804545195773e-06 7.411336355289677158e-06 7.379817361652385443e-06 7.529496542701963335e-06 1.095228921622037888e-02 7.907985709607601166e-03 5.550222005695104599e-03 8.136402815580368042e-03 1.834063231945037842e-02
4.750000000000000000e+02 2.659279778393351668e-02 1.202958449721336365e-02 6.952666353754466400e-06 9.751401194080244750e-06 8.305744813696946949e-06 7.750621080049313605e-06 8.194700967578683048e-06 8.373737728106789291e-06 6.979229056014446542e-06 6.947580004634801298e-06 6.845612006145529449e-06 6.205244062584824860e-06 7.008526608842657879e-06 8.090547453321050853e-06 7.923768862383440137e-06 7.243678737722802907e-06 6.740534445270895958e-06 7.115243079169886187e-06 8.369308488909155130e-06 8.040766260819509625e-06 7.488304618163965642e-06 7.297686352103482932e-06 7.378085228992858902e-06 7.575210020149825141e-06 7.426501724694389850e-06 7.359108167293015867e-06 7.327051662286976352e-06 7.482462478947127238e-06 1.093128416687250137e-02 7.893561385571956635e-03 5.538417026400566101e-03 8.122582919895648956e-03 1.833023130893707275e-02
4.760000000000000000e+02 2.648118070757714965e-02 1.199477165937423706e-02 6.901551387272775173e-06 9.671453881310299039e-06 8.238298505602870136e-06 7.694532541790977120e-06 8.122919098241254687e-06 8.312674253829754889e-06 6.931644293217686936e-06 6.906146609253482893e-06 6.795899935241322964e-06 6.164820661069825292e-06 6.956141078262589872e-06 8.032487130549270660e-06 7.873984941397793591e-06 7.192059456428978592e-06 6.693304840155178681e-06 7.054129127936903387e-06 8.312325007864274085e-06 7.983465366123709828e-06 7.437547537847422063e-06 7.248650945257395506e-06 7.332246241276152432e-06 7.534144515375373885e-06 7.376241228485014290e-06 7.311681201827013865e-06 7.275527423189487308e-06 7.441245088557479903e-06 1.091034058481454849e-02 7.879165932536125183e-03 5.526666995137929916e-03 8.108815178275108337e-03 1.831985078752040863e-02
4.770000000000000000e+02 2.637026488931081339e-02 1.196011528372764587e-02 6.852775186416693032e-06 9.602569662092719227e-06 8.158878699759952724e-06 7.627525064890505746e-06 8.056688784563448280e-06 8.253426130977459252e-06 6.897431831021094695e-06 6.865631803520955145e-06 6.745910468453075737e-06 6.118959390732925385e-06 6.915835001564119011e-06 7.990587619133293629e-06 7.815782737452536821e-06 7.142000868043396622e-06 6.642276730417506769e-06 7.010644822003087029e-06 8.256852197519037873e-06 7.925663339847233146e-06 7.378196187346475199e-06 7.205591828096657991e-06 7.275310963450465351e-06 7.472921879525529221e-06 7.324832495214650407e-06 7.260905022121733055e-06 7.226862180687021464e-06 7.383720458165043965e-06 1.088944543153047562e-02 7.864829152822494507e-03 5.514950491487979889e-03 8.095084689557552338e-03 1.830947212874889374e-02
4.780000000000000000e+02 2.626004446700862943e-02 1.192559115588665009e-02 6.798133654228877276e-06 9.520465937384869903e-06 8.093786163954064250e-06 7.566175554529763758e-06 7.981724593264516443e-06 8.193233952624723315e-06 6.847345957794459537e-06 6.828590358054498211e-06 6.706583462801063433e-06 6.087660949560813606e-06 6.864818260510219261e-06 7.943028322188183665e-06 7.774032383167650551e-06 7.087169706210261211e-06 6.597535957553191110e-06 6.965757165744435042e-06 8.189100299205165356e-06 7.874857146816793829e-06 7.327993444050662220e-06 7.149320026655914262e-06 7.231571089505450800e-06 7.416848347929771990e-06 7.266851753229275346e-06 7.215217010525520891e-06 7.181298769864952192e-06 7.342558546952204779e-06 1.086859870702028275e-02 7.850517518818378448e-03 5.503275897353887558e-03 8.081408217549324036e-03 1.829913631081581116e-02
4.790000000000000000e+02 2.615051363967207249e-02 1.189123652875423431e-02 6.736978775734314695e-06 9.445107025385368615e-06 8.016716492420528084e-06 7.509122497140197083e-06 7.924227247713133693e-06 8.143439117702655494e-06 6.828477580711478367e-06 6.787042821088107303e-06 6.649017905147047713e-06 6.047047463653143495e-06 6.824974207120249048e-06 7.895413546066265553e-06 7.728221135039348155e-06 7.035547241684980690e-06 6.557057076861383393e-06 6.928294624231057242e-06 8.139284545904956758e-06 7.808768714312463999e-06 7.278156317624961957e-06 7.100089533196296543e-06 7.186788025137502700e-06 7.362736596405738965e-06 7.218798600661102682e-06 7.163629561546258628e-06 7.129361165425507352e-06 7.282478691195137799e-06 1.084781903773546219e-02 7.836243137717247009e-03 5.491638090461492538e-03 8.067757822573184967e-03 1.828880794346332550e-02
4.800000000000000000e+02 2.604166666666666782e-02 1.185702253133058548e-02 6.681294053123565391e-06 9.366618542117066681e-06 7.947874109959229827e-06 7.454196747858077288e-06 7.851995178498327732e-06 8.077858183241914958e-06 6.772633696527918801e-06 6.752734407200478017e-06 6.602414032386150211e-06 6.001620477036340162e-06 6.784685865568462759e-06 7.849761459510773420e-06 7.676550012547522783e-06 6.991538612055592239e-06 6.511935680464375764e-06 6.866837338748155162e-06 8.069427167356479913e-06 7.739055035926867276e-06 7.211087449832120910e-06 7.045755410217680037e-06 7.133444796636467800e-06 7.307508440135279670e-06 7.175429345807060599e-06 7.110426849976647645e-06 7.071745585562894121e-06 7.241435014293529093e-06 1.082708965986967087e-02 7.822012528777122498e-03 5.480055231600999832e-03 8.054154925048351288e-03 1.827851682901382446e-02
4.810000000000000000e+02 2.593349786696980130e-02 1.182295102626085281e-02 6.620337444473989308e-06 9.285442502005025744e-06 7.877820280555170029e-06 7.391194685624213889e-06 7.786492460581939667e-06 8.027506737562362105e-06 6.735839633620344102e-06 6.718072654621209949e-06 6.544934421981452033e-06 5.963060630165273324e-06 6.741573542967671528e-06 7.792511496518272907e-06 7.632398592249955982e-06 6.932383257662877440e-06 6.466037575592054054e-06 6.832611688878387213e-06 8.009280463738832623e-06 7.688365258218254894e-06 7.161644589359639212e-06 7.002543043199693784e-06 7.091346560628153384e-06 7.255763648572610691e-06 7.112945240805856884e-06 7.059662493702489883e-06 7.029254447843413800e-06 7.188858035078737885e-06 1.080641057342290878e-02 7.807810790836811066e-03 5.468498449772596359e-03 8.040589280426502228e-03 1.826822757720947266e-02
4.820000000000000000e+02 2.582600161842943387e-02 1.178903039544820786e-02 6.568176559085259214e-06 9.209081326844170690e-06 7.813641786924563348e-06 7.336241651501040906e-06 7.732468475296627730e-06 7.983197974681388587e-06 6.693841442029224709e-06 6.668676633125869557e-06 6.502217274828581139e-06 5.926833637204254046e-06 6.691888302157167345e-06 7.743477908661589026e-06 7.578370059491135180e-06 6.880954060761723667e-06 6.413387836801121011e-06 6.784945981053169817e-06 7.965616532601416111e-06 7.625092621310614049e-06 7.113845185813261196e-06 6.949679573153844103e-06 7.037307568680262193e-06 7.205084784800419584e-06 7.069153070915490389e-06 6.999737252044724301e-06 6.975131782382959500e-06 7.128468041628366336e-06 1.078580133616924286e-02 7.793647237122058868e-03 5.456993356347084045e-03 8.027066476643085480e-03 1.825796253979206085e-02
4.830000000000000000e+02 2.571917235703355051e-02 1.175525411963462830e-02 6.509368176921270788e-06 9.124809366767294705e-06 7.742359230178408325e-06 7.278369594132527709e-06 7.655490662727970630e-06 7.925953468657098711e-06 6.652605406998191029e-06 6.617893632210325450e-06 6.455286893469747156e-06 5.886621693207416683e-06 6.643061624345136806e-06 7.694862688367720693e-06 7.532014933531172574e-06 6.827846846135798842e-06 6.376124929374782369e-06 6.734736871294444427e-06 7.899863703642040491e-06 7.568561159132514149e-06 7.061393262119963765e-06 6.891230441397055984e-06 6.985862455621827394e-06 7.150310011638794094e-06 7.011477009655209258e-06 6.956010565772885457e-06 6.922532520547974855e-06 7.083235686877742410e-06 1.076522190123796463e-02 7.779540028423070908e-03 5.445531569421291351e-03 8.013583719730377197e-03 1.824770681560039520e-02
4.840000000000000000e+02 2.561300457619014939e-02 1.172162871807813644e-02 6.450844011851586401e-06 9.048563697433564812e-06 7.677535904804244637e-06 7.218332939373794943e-06 7.615997219545533881e-06 7.880424163886345923e-06 6.611535809497581795e-06 6.584842140000546351e-06 6.410499281628290191e-06 5.838006472913548350e-06 6.608448984479764476e-06 7.647793609066866338e-06 7.480750355171039701e-06 6.777386715839384124e-06 6.325525191641645506e-06 6.687571385555202141e-06 7.839656063879374415e-06 7.507833288400433958e-06 7.004331109783379361e-06 6.844904874014900997e-06 6.934699285920942202e-06 7.095920409483369440e-06 6.963261057535419241e-06 6.901002052472904325e-06 6.880921318952459842e-06 7.026281309663318098e-06 1.074471324682235718e-02 7.765446323901414871e-03 5.434099119156599045e-03 8.000147528946399689e-03 1.823747158050537109e-02
4.850000000000000000e+02 2.550749282601764284e-02 1.168814674019813538e-02 6.393754119926597923e-06 8.976282515504863113e-06 7.611845830979291350e-06 7.158022981457179412e-06 7.552815532108070329e-06 7.839717909519094974e-06 6.573298378498293459e-06 6.551279057021019980e-06 6.358384780469350517e-06 5.802508894703350961e-06 6.557329470524564385e-06 7.599810032843379304e-06 7.434070539602544159e-06 6.729684173478744924e-06 6.278307409957051277e-06 6.633858902205247432e-06 7.781926797179039568e-06 7.451548299286514521e-06 6.955920525797409937e-06 6.795301487727556378e-06 6.877005944261327386e-06 7.029486823739716783e-06 6.908417162776459008e-06 6.857433618279173970e-06 6.816881978011224419e-06 6.972166829655179754e-06 1.072425302118062973e-02 7.751383818686008453e-03 5.422704853117465973e-03 7.986740209162235260e-03 1.822727173566818237e-02
4.860000000000000000e+02 2.540263171264543068e-02 1.165481563657522202e-02 6.346007012325571850e-06 8.900094144337344915e-06 7.544902928202645853e-06 7.100238690327387303e-06 7.499112598452484235e-06 7.786540663801133633e-06 6.532253792101982981e-06 6.506607405754039064e-06 6.315724476735340431e-06 5.757953658758196980e-06 6.507264970423420891e-06 7.546789220214122906e-06 7.382318017334910110e-06 6.679018952127080411e-06 6.241689789021620527e-06 6.591746114281704649e-06 7.729614480922464281e-06 7.394113254122203216e-06 6.898165338498074561e-06 6.746206963725853711e-06 6.837742148491088301e-06 6.985814707149984315e-06 6.846491032774792984e-06 6.794147793698357418e-06 6.771972493879729882e-06 6.925810794200515375e-06 1.070385333150625229e-02 7.737390697002410889e-03 5.411369260400533676e-03 7.973383180797100067e-03 1.821707934141159058e-02
4.870000000000000000e+02 2.529841589752454892e-02 1.162161305546760559e-02 6.286423285928322002e-06 8.825275472190696746e-06 7.488245955755701289e-06 7.046210612315917388e-06 7.445974461006699130e-06 7.745907169010024518e-06 6.493502041848842055e-06 6.468082119681639597e-06 6.270777703321073204e-06 5.717483418266056105e-06 6.460997155954828486e-06 7.493505563616054133e-06 7.332561381190316752e-06 6.632376425841357559e-06 6.188886345626087859e-06 6.544337338709738106e-06 7.666595593036618084e-06 7.329757409024750814e-06 6.846516043879091740e-06 6.695038337056757882e-06 6.782217496947851032e-06 6.936587396921822801e-06 6.785462119296425954e-06 6.741414836142212152e-06 6.709547960781492293e-06 6.864651822979794815e-06 1.068349368870258331e-02 7.723398040980100632e-03 5.400047171860933304e-03 7.960065267980098724e-03 1.820691302418708801e-02
4.880000000000000000e+02 2.519484009674818545e-02 1.158854924142360687e-02 6.228430265764473006e-06 8.740315024624578655e-06 7.418228506139712408e-06 6.989061603235313669e-06 7.382097464869730175e-06 7.699562956986483186e-06 6.450244200095767155e-06 6.419868441298604012e-06 6.217066129465820268e-06 5.683010840584756806e-06 6.429603217839030549e-06 7.452857516909716651e-06 7.280307272594654933e-06 6.578872671525459737e-06 6.146088253444759175e-06 6.499891696876147762e-06 7.618115432705963030e-06 7.278854809555923566e-06 6.780026524211280048e-06 6.648862836300395429e-06 6.732646852469770238e-06 6.874181963212322444e-06 6.740952358086360618e-06 6.690413556498242542e-06 6.661426141363335773e-06 6.815250799263594672e-06 1.066319458186626434e-02 7.709451951086521149e-03 5.388797726482152939e-03 7.946785539388656616e-03 1.819675229489803314e-02
4.890000000000000000e+02 2.509189908038189989e-02 1.155564468353986740e-02 6.183769983181264251e-06 8.668910595588386059e-06 7.353775799856521189e-06 6.936500540177803487e-06 7.335946975217666477e-06 7.652834028704091907e-06 6.420058070943923667e-06 6.381046659953426570e-06 6.163956641103141010e-06 5.644984867103630677e-06 6.376249984896276146e-06 7.398571142402943224e-06 7.234648819576250389e-06 6.521020168293034658e-06 6.095308890508022159e-06 6.452972229453735054e-06 7.551117050752509385e-06 7.216552603495074436e-06 6.730624136253027245e-06 6.597371339012170210e-06 6.675389158772304654e-06 6.808513717260211706e-06 6.689114798064110801e-06 6.640890205744653940e-06 6.608801868424052373e-06 6.753025445505045354e-06 1.064293738454580307e-02 7.695554289966821671e-03 5.377568304538726807e-03 7.933536544442176819e-03 1.818663068115711212e-02
4.900000000000000000e+02 2.498958767180341559e-02 1.152287051081657410e-02 6.128469067334663123e-06 8.583717317378614098e-06 7.295565865206299350e-06 6.881126864755060524e-06 7.286509571713395417e-06 7.604481652379035950e-06 6.364625278365565464e-06 6.337103513942565769e-06 6.121447768236976117e-06 5.601235443464247510e-06 6.333569217531476170e-06 7.350171927100745961e-06 7.182709396147402003e-06 6.470082553278189152e-06 6.049528110452229157e-06 6.403658062481554225e-06 7.488385108445072547e-06 7.151983481890056282e-06 6.675634722341783345e-06 6.537727585964603350e-06 6.625939477089559659e-06 6.760434644093038514e-06 6.624432444368721917e-06 6.575517545570619404e-06 6.549137651745695621e-06 6.708593900839332491e-06 1.062274910509586334e-02 7.681692484766244888e-03 5.366383120417594910e-03 7.920335046947002411e-03 1.817650534212589264e-02
4.910000000000000000e+02 2.488790074705182070e-02 1.149022672325372696e-02 6.062912689230870456e-06 8.514039109286386520e-06 7.236839337565470487e-06 6.820139788032975048e-06 7.244261723826639354e-06 7.562142400274751708e-06 6.333046712825307623e-06 6.303001100604888052e-06 6.073421445762505755e-06 5.557463282457320020e-06 6.294817922025686130e-06 7.301071946130832657e-06 7.123998329916503280e-06 6.418428711185697466e-06 5.999991117278113961e-06 6.354522611218271777e-06 7.426726369885727763e-06 7.098603873600950465e-06 6.615735401283018291e-06 6.486977781605673954e-06 6.571215635631233454e-06 6.701516667817486450e-06 6.570523964910535142e-06 6.525071057694731280e-06 6.497339654742972925e-06 6.647245299973292276e-06 1.060260180383920670e-02 7.667848840355873108e-03 5.355228204280138016e-03 7.907178252935409546e-03 1.816641539335250854e-02
4.920000000000000000e+02 2.478683323418600162e-02 1.145772170275449753e-02 6.008114269206998870e-06 8.431939932052046061e-06 7.178097803262062371e-06 6.772123924747575074e-06 7.184282367234118283e-06 7.526172339566983283e-06 6.279723947955062613e-06 6.259129349928116426e-06 6.025875791237922385e-06 5.517892986972583458e-06 6.245193617360200733e-06 7.248783731483854353e-06 7.081904641381697729e-06 6.364439741446403787e-06 5.960670478089014068e-06 6.299916549323825166e-06 7.369537797785596922e-06 7.023491889412980527e-06 6.552383638336323202e-06 6.436718649638351053e-06 6.522048352053388953e-06 6.647628651990089566e-06 6.519066573673626408e-06 6.472495897469343618e-06 6.436123840103391558e-06 6.594733804377028719e-06 1.058251224458217621e-02 7.654052227735519409e-03 5.344123113900423050e-03 7.894047535955905914e-03 1.815634593367576599e-02
4.930000000000000000e+02 2.468638011265218007e-02 1.142535544931888580e-02 5.959248483122792095e-06 8.356270882359240204e-06 7.115371317922836170e-06 6.719085831718984991e-06 7.129799541871761903e-06 7.486205959139624611e-06 6.247310921025928110e-06 6.213907454366562888e-06 5.978306944598443806e-06 5.474661975313210860e-06 6.192287855810718611e-06 7.205644578789360821e-06 7.027230822131969035e-06 6.311152901616878808e-06 5.916821010032435879e-06 6.252336788747925311e-06 7.317388281080638990e-06 6.973295967327430844e-06 6.510427283501485363e-06 6.380642844305839390e-06 6.470444532169494778e-06 6.590628800040576607e-06 6.460788426920771599e-06 6.414480594685301185e-06 6.386364475474692881e-06 6.534791737067280337e-06 1.056245993822813034e-02 7.640289142727851868e-03 5.333061330020427704e-03 7.880965247750282288e-03 1.814626343548297882e-02
4.940000000000000000e+02 2.458653641266042578e-02 1.139314379543066025e-02 5.898175913898739964e-06 8.283012903120834380e-06 7.063289558573160321e-06 6.663968179054791108e-06 7.086298865033313632e-06 7.434452982124639675e-06 6.200829830049769953e-06 6.167480023577809334e-06 5.927140591666102409e-06 5.436813353298930451e-06 6.142934125819010660e-06 7.152470516302855685e-06 6.977815246500540525e-06 6.259713700274005532e-06 5.866957963007735088e-06 6.207295427884673700e-06 7.262088274728739634e-06 6.901155302330153063e-06 6.455927632487146184e-06 6.323541583697078750e-06 6.404979103535879403e-06 6.539859441545559093e-06 6.407057753676781431e-06 6.352037871693028137e-06 6.326921720756217837e-06 6.473501343862153590e-06 1.054247841238975525e-02 7.626573555171489716e-03 5.322034005075693130e-03 7.867908105254173279e-03 1.813622005283832550e-02
4.950000000000000000e+02 2.448729721456994329e-02 1.136105135083198547e-02 5.842071914230473340e-06 8.203239303838927299e-06 7.009243290667654946e-06 6.612380275328177959e-06 7.038378953438950703e-06 7.397273293463513255e-06 6.164839760458562523e-06 6.133775514172157273e-06 5.879902346350718290e-06 5.392540970206027851e-06 6.093009687901940197e-06 7.105853910616133362e-06 6.935555575182661414e-06 6.208842933119740337e-06 5.827463155583245680e-06 6.154266884550452232e-06 7.197660124802496284e-06 6.847721579106291756e-06 6.409100933524314314e-06 6.267058324738172814e-06 6.353996468533296138e-06 6.478539035015273839e-06 6.350089279294479638e-06 6.306612704065628350e-06 6.280439265538007021e-06 6.407887212844798341e-06 1.052253227680921555e-02 7.612873334437608719e-03 5.311032291501760483e-03 7.854906842112541199e-03 1.812621392309665680e-02
4.960000000000000000e+02 2.438865764828303945e-02 1.132908742874860764e-02 5.796628556709038094e-06 8.133134542731568217e-06 6.951936484256293625e-06 6.561052032338920981e-06 6.992222097323974594e-06 7.351775821007322520e-06 6.121498699940275401e-06 6.094595846661832184e-06 5.823529590998077765e-06 5.357507234293734655e-06 6.058218787075020373e-06 7.054124125716043636e-06 6.872412541270023212e-06 6.153001777420286089e-06 5.778325885330559686e-06 6.109672085585771129e-06 7.133350209187483415e-06 6.787657184759154916e-06 6.341816970234503970e-06 6.221382591320434585e-06 6.296815627138130367e-06 6.418435532395960763e-06 6.295949333434691653e-06 6.254816071304958314e-06 6.222493539098650217e-06 6.358392965921666473e-06 1.050265505909919739e-02 7.599217351526021957e-03 5.300078075379133224e-03 7.841942831873893738e-03 1.811619475483894348e-02
4.970000000000000000e+02 2.429061289264763598e-02 1.129726041108369827e-02 5.734729256801074371e-06 8.068550414463970810e-06 6.895827482367167249e-06 6.502178166556404904e-06 6.949051112314919010e-06 7.314081813092343509e-06 6.081782430555904284e-06 6.043816028977744281e-06 5.786559540865710005e-06 5.316434908309020102e-06 6.013355687173316255e-06 6.987272627156926319e-06 6.824829142715316266e-06 6.107611170591553673e-06 5.735876129620010033e-06 6.059036877559265122e-06 7.074419045238755643e-06 6.724686954839853570e-06 6.290320015978068113e-06 6.169393600430339575e-06 6.244634278118610382e-06 6.354453489620937034e-06 6.227874564501689747e-06 6.190555268403841183e-06 6.165642389532877132e-06 6.303283953457139432e-06 1.048282440751791000e-02 7.585589773952960968e-03 5.289165768772363663e-03 7.829006761312484741e-03 1.810621842741966248e-02
4.980000000000000000e+02 2.419315817486814707e-02 1.126557122915983200e-02 5.684863026544917375e-06 7.999770787137094885e-06 6.835543899796903133e-06 6.467679668276105076e-06 6.901276719872839749e-06 7.259468475240282714e-06 6.046979706297861412e-06 6.012230187479872257e-06 5.730708380724536255e-06 5.275144303595880046e-06 5.963579496892634779e-06 6.947772362764226273e-06 6.773760105716064572e-06 6.053958713891915977e-06 5.679155037796590477e-06 6.003659109410364181e-06 7.013032245595240965e-06 6.670997663604794070e-06 6.235098226170521230e-06 6.120833859313279390e-06 6.193201443238649517e-06 6.293846581684192643e-06 6.175350790726952255e-06 6.132820999482646585e-06 6.110286904004169628e-06 6.254724667087430134e-06 1.046303380280733109e-02 7.572009693831205368e-03 5.278295837342739105e-03 7.816109806299209595e-03 1.809624023735523224e-02
4.990000000000000000e+02 2.409628876992461755e-02 1.123400405049324036e-02 5.634917670249706134e-06 7.917830771475564688e-06 6.783031039958586916e-06 6.408373792510246858e-06 6.855292667751200497e-06 7.221620762720704079e-06 6.002078862366033718e-06 5.956151653663255274e-06 5.691652859241003171e-06 5.230146598478313535e-06 5.916778263781452551e-06 6.896682862134184688e-06 6.719431439705658704e-06 6.004045644658617675e-06 5.638586571876658127e-06 5.951269031356787309e-06 6.964757631067186594e-06 6.611783646803814918e-06 6.173682322696549818e-06 6.062837201170623302e-06 6.138540356914745644e-06 6.242612471396569163e-06 6.123043021943885833e-06 6.073640633985633031e-06 6.045208010618807748e-06 6.186832251842133701e-06 1.044328324496746063e-02 7.558457553386688232e-03 5.267452448606491089e-03 7.803259417414665222e-03 1.808628998696804047e-02
5.000000000000000000e+02 2.400000000000000050e-02 1.120258774608373642e-02 5.581098321272293106e-06 7.842700142646208405e-06 6.736590876244008541e-06 6.367058631440158933e-06 6.807261343055870384e-06 7.181587079685414210e-06 5.963899639027658850e-06 5.923569460719591007e-06 5.645300916512496769e-06 5.195667654334101826e-06 5.876766863366356120e-06 6.848255452496232465e-06 6.665396540483925492e-06 5.941554718447150663e-06 5.593179594143293798e-06 5.904390945943305269e-06 6.897387265780707821e-06 6.554794254043372348e-06 6.119575118646025658e-06 6.003321686876006424e-06 6.078969818190671504e-06 6.178664534672861919e-06 6.051433956599794328e-06 6.017108717060182244e-06 5.993005743221146986e-06 6.123857019701972604e-06 1.042360812425613403e-02 7.544937077909708023e-03 5.256641656160354614e-03 7.790444884449243546e-03 1.807635463774204254e-02
5.010000000000000000e+02 2.390428723391540416e-02 1.117127761244773865e-02 5.535875970963388681e-06 7.766375347273424268e-06 6.676849807263351977e-06 6.316810413409257308e-06 6.771043445041868836e-06 7.132391601771814749e-06 5.929835879214806482e-06 5.877024250366957858e-06 5.599056748906150460e-06 5.157046871318016201e-06 5.830087502545211464e-06 6.796534762543160468e-06 6.613284767809091136e-06 5.899189545743865892e-06 5.544497980736196041e-06 5.849306035088375211e-06 6.835636213509133086e-06 6.495618890767218545e-06 6.060448868083767593e-06 5.960057933407370001e-06 6.027203198755159974e-06 6.127498181740520522e-06 6.001371275488054380e-06 5.961161150480620563e-06 5.951539606030564755e-06 6.067845788493286818e-06 1.040397491306066513e-02 7.531453389674425125e-03 5.245892796665430069e-03 7.777651306241750717e-03 1.806643046438694000e-02
5.020000000000000000e+02 2.380914588657322833e-02 1.114010997116565704e-02 5.486961072165286168e-06 7.703660230617970228e-06 6.635921181441517547e-06 6.266489435802213848e-06 6.718119493598351255e-06 7.080816430971026421e-06 5.885135124117368832e-06 5.834542662341846153e-06 5.548754415940493345e-06 5.114306077302899212e-06 5.782362222817027941e-06 6.749248314008582383e-06 6.577283329534111544e-06 5.842876817041542381e-06 5.500625320564722642e-06 5.798554866487393156e-06 6.783790468034567311e-06 6.430355824704747647e-06 6.012325684423558414e-06 5.898654762859223410e-06 5.967577635601628572e-06 6.071998086554231122e-06 5.942717962170718238e-06 5.914117082284064963e-06 5.891668934054905549e-06 6.012411176925525069e-06 1.038439758121967316e-02 7.518005557358264923e-03 5.235162563621997833e-03 7.764921523630619049e-03 1.805654168128967285e-02
5.030000000000000000e+02 2.371457141840804111e-02 1.110907178372144699e-02 5.442801921162754297e-06 7.628067578480113298e-06 6.583440608665114269e-06 6.217030659172451124e-06 6.672118615824729204e-06 7.049934993119677529e-06 5.846106887474888936e-06 5.797738594992551953e-06 5.507461537490598857e-06 5.070030965725891292e-06 5.733310899813659489e-06 6.693624982290202752e-06 6.513481821457389742e-06 5.793036507384385914e-06 5.443343525257660076e-06 5.743683232140028849e-06 6.722073521814309061e-06 6.364553883031476289e-06 5.950336344540119171e-06 5.851212335983291268e-06 5.924076049268478528e-06 6.012219728290801868e-06 5.887378847546642646e-06 5.854734354215906933e-06 5.827680070069618523e-06 5.960187991149723530e-06 1.036485563963651657e-02 7.504587061703205109e-03 5.224470980465412140e-03 7.752212695777416229e-03 1.804665476083755493e-02
5.040000000000000000e+02 2.362055933484505030e-02 1.107815373688936234e-02 5.390056685428135097e-06 7.553768682555528358e-06 6.523858701257267967e-06 6.160646989883389324e-06 6.623673925787443295e-06 7.006965006439713761e-06 5.807407887914450839e-06 5.755226538894930854e-06 5.460559805214870721e-06 5.029211934015620500e-06 5.691556452802615240e-06 6.636556463490705937e-06 6.460348231485113502e-06 5.739749212807510048e-06 5.409315235738176852e-06 5.696307653124677017e-06 6.651424882875289768e-06 6.307427156571066007e-06 5.892608896829187870e-06 5.801893621537601575e-06 5.865096227353205904e-06 5.956610038992948830e-06 5.832038823427865282e-06 5.787064765172544867e-06 5.777907063020393252e-06 5.905337275180500001e-06 1.034537795931100845e-02 7.491207681596279144e-03 5.213811527937650681e-03 7.739543449133634567e-03 1.803679205477237701e-02
5.050000000000000000e+02 2.352710518576609997e-02 1.104736048728227615e-02 5.343481007002992555e-06 7.492992608604254201e-06 6.477023362094769254e-06 6.126826065155910328e-06 6.581903107871767133e-06 6.948819645913317800e-06 5.773195880465209484e-06 5.711301582778105512e-06 5.413615326688159257e-06 4.990130946680437773e-06 5.645932105835527182e-06 6.591213150386465713e-06 6.416129053832264617e-06 5.685728410753654316e-06 5.359236183721804991e-06 5.648435035254806280e-06 6.602813755307579413e-06 6.243712505238363519e-06 5.852924005012027919e-06 5.750573564000660554e-06 5.820164005854167044e-06 5.898943527427036315e-06 5.774823421234032139e-06 5.733366378990467638e-06 5.724537913920357823e-06 5.843429789820220321e-06 1.032594405114650726e-02 7.477866020053625107e-03 5.203214939683675766e-03 7.726915180683135986e-03 1.802694611251354218e-02
5.060000000000000000e+02 2.343420456498305007e-02 1.101669296622276306e-02 5.303912530507659540e-06 7.424162959068780765e-06 6.426123945857398212e-06 6.078625574446050450e-06 6.533537998620886356e-06 6.909923740749945864e-06 5.729673375753918663e-06 5.677831723005510867e-06 5.375120508688269183e-06 4.947570232616271824e-06 5.596645678451750427e-06 6.530131940962746739e-06 6.357054189720656723e-06 5.637933099933434278e-06 5.307390438247239217e-06 5.597008112090406939e-06 6.537325134559068829e-06 6.193139597598928958e-06 5.792261617898475379e-06 5.696917924069566652e-06 5.763717126683332026e-06 5.836060608999105170e-06 5.719118689739843830e-06 5.687035354640102014e-06 5.672118732036324218e-06 5.793712716695154086e-06 1.030654460191726685e-02 7.464549504220485687e-03 5.192632786929607391e-03 7.714318111538887024e-03 1.801712252199649811e-02
5.070000000000000000e+02 2.334185310971837943e-02 1.098616048693656921e-02 5.253929430182324722e-06 7.355041816481389105e-06 6.373628366418415681e-06 6.025422862876439467e-06 6.484443929366534576e-06 6.873949587316019461e-06 5.692204467777628452e-06 5.628783128486247733e-06 5.329415216692723334e-06 4.914430519420420751e-06 5.558624707191484049e-06 6.488436611107317731e-06 6.303049303824082017e-06 5.575604973273584619e-06 5.263387720333412290e-06 5.541184691537637264e-06 6.475928330473834649e-06 6.124675564933568239e-06 5.741507266066037118e-06 5.643446911562932655e-06 5.701571353711187840e-06 5.788293947261990979e-06 5.665315711667062715e-06 5.627649898087838665e-06 5.622398020932450891e-06 5.741523182223318145e-06 1.028720941394567490e-02 7.451277226209640503e-03 5.182091146707534790e-03 7.701754570007324219e-03 1.800731383264064789e-02
5.080000000000000000e+02 2.325004650009300164e-02 1.095573976635932922e-02 5.203266482567414641e-06 7.289301720447838306e-06 6.329474672384094447e-06 5.983317805657861754e-06 6.432265763578470796e-06 6.815695542172761634e-06 5.649284503306262195e-06 5.596230494120391086e-06 5.280294317344669253e-06 4.875111244473373517e-06 5.504215096152620390e-06 6.445940016419626772e-06 6.249230864341370761e-06 5.534244337468408048e-06 5.214112206886056811e-06 5.502709427673835307e-06 6.413322807929944247e-06 6.073444637877400964e-06 5.681237325916299596e-06 5.597338713414501399e-06 5.650505045196041465e-06 5.732613317377399653e-06 5.607425464404514059e-06 5.575825525738764554e-06 5.570907433138927445e-06 5.690922534995479509e-06 1.026791892945766449e-02 7.438018918037414551e-03 5.171577446162700653e-03 7.689227350056171417e-03 1.799749583005905151e-02
5.090000000000000000e+02 2.315878045862104773e-02 1.092545408755540848e-02 5.158761268830858171e-06 7.229675247799605131e-06 6.270190169743727893e-06 5.926730409555602819e-06 6.394363936124136671e-06 6.776516784157138318e-06 5.612203494820278138e-06 5.552879429160384461e-06 5.230001534073380753e-06 4.826345502806361765e-06 5.460773081722436473e-06 6.390906037267995998e-06 6.198235041665611789e-06 5.495631285157287493e-06 5.165114544070092961e-06 5.455855898617301136e-06 6.352218861138680950e-06 6.015457529429113492e-06 5.627418886433588341e-06 5.541864084079861641e-06 5.603588761005084962e-06 5.665908702212618664e-06 5.558442808251129463e-06 5.522980245586950332e-06 5.523200798052130267e-06 5.644842985930154100e-06 1.024868711829185486e-02 7.424818351864814758e-03 5.161109846085309982e-03 7.676749955862760544e-03 1.798773929476737976e-02
5.100000000000000000e+02 2.306805074971165007e-02 1.089529227465391159e-02 5.120319656271021813e-06 7.156021638365928084e-06 6.228548045328352600e-06 5.888851774216163903e-06 6.342001597658963874e-06 6.731595931341871619e-06 5.575741397478850558e-06 5.515137672773562372e-06 5.191198852116940543e-06 4.799764155904995278e-06 5.422728008852573112e-06 6.333480087050702423e-06 6.148320608190260828e-06 5.431282716017449275e-06 5.119519300933461636e-06 5.406958280218532309e-06 6.294243576121516526e-06 5.959932423138525337e-06 5.578047421295195818e-06 5.490890544024296105e-06 5.552281436393968761e-06 5.625233370665227994e-06 5.500846327777253464e-06 5.464939022203907371e-06 5.466015863930806518e-06 5.584302925853990018e-06 1.022948417812585831e-02 7.411645259708166122e-03 5.150668323040008545e-03 7.664291653782129288e-03 1.797797158360481262e-02
5.110000000000000000e+02 2.297785317917747094e-02 1.086524128913879395e-02 5.071578470960957929e-06 7.088120582920964807e-06 6.183292043715482578e-06 5.841519850946497172e-06 6.301058874669251963e-06 6.673766165476990864e-06 5.539012363442452624e-06 5.469390089274384081e-06 5.143831458553904667e-06 4.746936610899865627e-06 5.371905899664852768e-06 6.286616098805097863e-06 6.104527074057841673e-06 5.389214948081644252e-06 5.077557943877764046e-06 5.353144842956680804e-06 6.238406967895571142e-06 5.898878953303210437e-06 5.519741080206586048e-06 5.439892447611782700e-06 5.494668585015460849e-06 5.580565357377054170e-06 5.459467047330690548e-06 5.420055003924062476e-06 5.428384156402898952e-06 5.532247541850665584e-06 1.021034829318523407e-02 7.398493122309446335e-03 5.140288267284631729e-03 7.651881314814090729e-03 1.796821691095829010e-02
5.120000000000000000e+02 2.288818359375000000e-02 1.083532627671957016e-02 5.037461505708051845e-06 7.027533229120308533e-06 6.128178483777446672e-06 5.796118330181343481e-06 6.253722858673427254e-06 6.630011284869397059e-06 5.502806743606925011e-06 5.435916136775631458e-06 5.096636414236854762e-06 4.712094323622295633e-06 5.317815976013662294e-06 6.236313311092089862e-06 6.051820491848047823e-06 5.335741207090904936e-06 5.037267328589223325e-06 5.302172212395817041e-06 6.186933205754030496e-06 5.849935860169352964e-06 5.472021257446613163e-06 5.388539648265577853e-06 5.451132437883643433e-06 5.518856141861760989e-06 5.407932803791482002e-06 5.376937224355060607e-06 5.366889126889873296e-06 5.481961125042289495e-06 1.019126363098621368e-02 7.385377306491136551e-03 5.129919853061437607e-03 7.639512885361909866e-03 1.795850880444049835e-02
5.130000000000000000e+02 2.279903788060144015e-02 1.080551557242870331e-02 4.989279659639578313e-06 6.967424724280135706e-06 6.087534529797267169e-06 5.754581707151373848e-06 6.203289103723363951e-06 6.575977295142365620e-06 5.454558049677871168e-06 5.396505912358406931e-06 5.056717327533988282e-06 4.672492650570347905e-06 5.276287083688657731e-06 6.189038231241283938e-06 6.000198936817469075e-06 5.285846327751642093e-06 4.986808562534861267e-06 5.263459115667501464e-06 6.116316399129573256e-06 5.788831458630738780e-06 5.424966275313636288e-06 5.339539711712859571e-06 5.396566848503425717e-06 5.465623871714342386e-06 5.357096597435884178e-06 5.322001925378572196e-06 5.319510819390416145e-06 5.436587343865539879e-06 1.017220597714185715e-02 7.372300606220960617e-03 5.119592417031526566e-03 7.627159822732210159e-03 1.794880256056785583e-02
5.140000000000000000e+02 2.271041196687307792e-02 1.077582221478223801e-02 4.937460289511363953e-06 6.911874152137897909e-06 6.041077995178056881e-06 5.704981049348134547e-06 6.156184554129140452e-06 6.536337878060294315e-06 5.426430561783490703e-06 5.364260687201749533e-06 5.006663286621915177e-06 4.631942374544451013e-06 5.234579020907403901e-06 6.136523552413564175e-06 5.947811587247997522e-06 5.245294232736341655e-06 4.933852778776781633e-06 5.207826689002104104e-06 6.076584668335271999e-06 5.737441824749112129e-06 5.382136805565096438e-06 5.289155069476692006e-06 5.351600975700421259e-06 5.420069101091939956e-06 5.302013960317708552e-06 5.269992470857687294e-06 5.272398084343876690e-06 5.385104486776981503e-06 1.015321072190999985e-02 7.359243463724851608e-03 5.109300371259450912e-03 7.614853326231241226e-03 1.793910004198551178e-02
5.150000000000000000e+02 2.262230181921010344e-02 1.074627321213483810e-02 4.913070824841270223e-06 6.846219548606313765e-06 5.989508736092830077e-06 5.656414941768161952e-06 6.102805855334736407e-06 6.483859124273294583e-06 5.390505975810810924e-06 5.316307579050771892e-06 4.974152943759690970e-06 4.591831384459510446e-06 5.189998319110600278e-06 6.087012479838449508e-06 5.899377811147132888e-06 5.193359356781002134e-06 4.890583113592583686e-06 5.167318249732488766e-06 6.014069640514208004e-06 5.683333711203886196e-06 5.323500772647093982e-06 5.237802270130487159e-06 5.309188964019995183e-06 5.372836312744766474e-06 5.254853022051975131e-06 5.226648227107943967e-06 5.221937954047461972e-06 5.337178208719706163e-06 1.013425551354885101e-02 7.346236612647771835e-03 5.099040921777486801e-03 7.602580823004245758e-03 1.792942546308040619e-02
5.160000000000000000e+02 2.253470344330268590e-02 1.071681734174489975e-02 4.868768883170560002e-06 6.789314738853136078e-06 5.950902504991972819e-06 5.619130206468980759e-06 6.069246410334017128e-06 6.437667252612300217e-06 5.353358574211597443e-06 5.271544523566262797e-06 4.929762781102908775e-06 4.554039151116739959e-06 5.128296834300272167e-06 6.043137545930221677e-06 5.849661647516768426e-06 5.143267571838805452e-06 4.851246558246202767e-06 5.127401436766376719e-06 5.952484571025706828e-06 5.629392035189084709e-06 5.265023901301901788e-06 5.195411631575552747e-06 5.262481863610446453e-06 5.313057954481337219e-06 5.207857157074613497e-06 5.173816589376656339e-06 5.176078957447316498e-06 5.300389148032991216e-06 1.011534966528415680e-02 7.333245594054460526e-03 5.088824313133955002e-03 7.590343244373798370e-03 1.791976951062679291e-02
5.170000000000000000e+02 2.244761288343328706e-02 1.068749651312828064e-02 4.834624178329249844e-06 6.730570930812973529e-06 5.900631094846175984e-06 5.571702786255627871e-06 6.006328021612716839e-06 6.387869234458776191e-06 5.318387138686375692e-06 5.245094598649302498e-06 4.887267550657270476e-06 4.523568804870592430e-06 5.106198386783944443e-06 5.999091627018060535e-06 5.801599400001578033e-06 5.093775143905077130e-06 4.813318355445517227e-06 5.078347385278902948e-06 5.908209004701348022e-06 5.580814558925339952e-06 5.225625955063151196e-06 5.154249265615362674e-06 5.218737896939273924e-06 5.276461706671398133e-06 5.165334641787922010e-06 5.140567282069241628e-06 5.146324383531464264e-06 5.243888608674751595e-06 1.009649224579334259e-02 7.320307195186614990e-03 5.078631918877363205e-03 7.578136399388313293e-03 1.791012100875377655e-02
5.180000000000000000e+02 2.236102622203008441e-02 1.065827626734972000e-02 4.789033937413478270e-06 6.665186447207815945e-06 5.855504696228308603e-06 5.524901553144445643e-06 5.965078798908507451e-06 6.338410912576364353e-06 5.288286956783849746e-06 5.204286026128102094e-06 4.851584435527911410e-06 4.483768407226307318e-06 5.054856046626809984e-06 5.953610980213852599e-06 5.755670827056746930e-06 5.050754680269164965e-06 4.766009169543394819e-06 5.031298314861487597e-06 5.846595286129740998e-06 5.536292064789449796e-06 5.173319550522137433e-06 5.104782758280634880e-06 5.171529664949048311e-06 5.225141649134457111e-06 5.117682121635880321e-06 5.094921561976661906e-06 5.089955266157630831e-06 5.206821242609294131e-06 1.007768698036670685e-02 7.307383231818675995e-03 5.068478640168905258e-03 7.565969135612249374e-03 1.790048927068710327e-02
5.190000000000000000e+02 2.227493957922638962e-02 1.062917895615100861e-02 4.758365776069695130e-06 6.605385806324193254e-06 5.814322776132030413e-06 5.489452178153442219e-06 5.915115707466611639e-06 6.291114459600066766e-06 5.255202722764806822e-06 5.167301424080505967e-06 4.800743681698804721e-06 4.438528776518069208e-06 5.015634997107554227e-06 5.897485152672743425e-06 5.700473593606147915e-06 5.005973434890620410e-06 4.724714926851447672e-06 4.987919055565726012e-06 5.795795914309564978e-06 5.477973445522366092e-06 5.128907559992512688e-06 5.055051587987691164e-06 5.120791684021241963e-06 5.183173016121145338e-06 5.076536126580322161e-06 5.050095296610379592e-06 5.053837867308175191e-06 5.162533852853812277e-06 1.005891803652048111e-02 7.294496987015008926e-03 5.058353301137685776e-03 7.553842384368181229e-03 1.789089851081371307e-02
5.200000000000000000e+02 2.218934911242603433e-02 1.060019433498382568e-02 4.720097422250546515e-06 6.560956535395234823e-06 5.769754352513700724e-06 5.432249054138083011e-06 5.866168521606596187e-06 6.240509264898719266e-06 5.213618806010344997e-06 5.127668828208697960e-06 4.759168859891360626e-06 4.403667844599112868e-06 4.976442141924053431e-06 5.851280548085924238e-06 5.652496383845573291e-06 4.964299023413332179e-06 4.676915523305069655e-06 4.944241936755133793e-06 5.746831448050215840e-06 5.432717898656846955e-06 5.092580067866947502e-06 5.014288035454228520e-06 5.078920821688370779e-06 5.139779204910155386e-06 5.042091288487426937e-06 5.006616902392124757e-06 5.009238975617336109e-06 5.125105872139101848e-06 1.004019379615783691e-02 7.281641941517591476e-03 5.048279650509357452e-03 7.541737519204616547e-03 1.788129843771457672e-02
5.210000000000000000e+02 2.210425101587453617e-02 1.057134289294481277e-02 4.685249223257414997e-06 6.502780706796329468e-06 5.722504283767193556e-06 5.398841494752559811e-06 5.809450613014632836e-06 6.195637979544699192e-06 5.187705028220079839e-06 5.087416866444982588e-06 4.716097009804798290e-06 4.371639533928828314e-06 4.931930106977233663e-06 5.805967248306842521e-06 5.605264504993101582e-06 4.920540959574282169e-06 4.636218363884836435e-06 4.902899036096641794e-06 5.700078418158227578e-06 5.385242275224300101e-06 5.035446974943624809e-06 4.978031483915401623e-06 5.038592007622355595e-06 5.094745574751868844e-06 4.983379312761826441e-06 4.955450094712432474e-06 4.974683633918175474e-06 5.080910341348499060e-06 1.002152822911739349e-02 7.268817164003849030e-03 5.038225557655096054e-03 7.529673166573047638e-03 1.787171512842178345e-02
5.220000000000000000e+02 2.201964152023605167e-02 1.054258365184068680e-02 4.658299531001830474e-06 6.436717740143649280e-06 5.678984962287358940e-06 5.349068487703334540e-06 5.768173195974668488e-06 6.146000032458687201e-06 5.142852387507446110e-06 5.049343144492013380e-06 4.685635758505668491e-06 4.328287559474119917e-06 4.889950105280149728e-06 5.764136403740849346e-06 5.556507858273107558e-06 4.879001153312856331e-06 4.602076387527631596e-06 4.866502422373741865e-06 5.653654625348281115e-06 5.338257778930710629e-06 4.996655661670956761e-06 4.932303454552311450e-06 4.998627900931751356e-06 5.056519967183703557e-06 4.944611646351404488e-06 4.927118425257503986e-06 4.939219707011943683e-06 5.038489234721055254e-06 1.000290922820568085e-02 7.256026379764080048e-03 5.028221756219863892e-03 7.517648860812187195e-03 1.786216720938682556e-02
5.230000000000000000e+02 2.193551689217596717e-02 1.051393989473581314e-02 4.618025286617921665e-06 6.391401257133111358e-06 5.642147698381450027e-06 5.308301297191064805e-06 5.719570708606624976e-06 6.089110684115439653e-06 5.110508482175646350e-06 5.015664555685361847e-06 4.641735813493141904e-06 4.290275683160871267e-06 4.847659056395059451e-06 5.721352863474749029e-06 5.510451956070028245e-06 4.834872015635482967e-06 4.563188213069224730e-06 4.828469172935001552e-06 5.603652425634209067e-06 5.287535259412834421e-06 4.953848019795259461e-06 4.891259322903351858e-06 4.962306775269098580e-06 5.011403118260204792e-06 4.909290964860701934e-06 4.876736966252792627e-06 4.894844096270389855e-06 5.006946139474166557e-06 9.984320029616355896e-03 7.243270985782146454e-03 5.018228199332952499e-03 7.505661807954311371e-03 1.785261370241641998e-02
5.240000000000000000e+02 2.185187343394907195e-02 1.048541255295276642e-02 4.593265657604206353e-06 6.334169938781997189e-06 5.597135896096006036e-06 5.256978965917369351e-06 5.677629815181717277e-06 6.049622243153862655e-06 5.078947197034722194e-06 4.982709469913970679e-06 4.603065917763160542e-06 4.264397375663975254e-06 4.801908744411775842e-06 5.678075012838235125e-06 5.466920356411719695e-06 4.797329893335700035e-06 4.515254659054335207e-06 4.782885753229493275e-06 5.551098638534313068e-06 5.244894964562263340e-06 4.907286438537994400e-06 4.855999577557668090e-06 4.913930297334445640e-06 4.979178811481688172e-06 4.871094461122993380e-06 4.837332198803778738e-06 4.850855930271791294e-06 4.957452802045736462e-06 9.965795092284679413e-03 7.230537477880716324e-03 5.008277948945760727e-03 7.493691518902778625e-03 1.784309186041355133e-02
5.250000000000000000e+02 2.176870748299319577e-02 1.045700348913669586e-02 4.551445272227283567e-06 6.277733064052881673e-06 5.549511570279719308e-06 5.212920768826734275e-06 5.625684025289956480e-06 5.994626008032355458e-06 5.052935648564016446e-06 4.944629836245439947e-06 4.559879016596823931e-06 4.233870185998966917e-06 4.763569904753239825e-06 5.644596512865973637e-06 5.425914878287585452e-06 4.748156698042294011e-06 4.479870767681859434e-06 4.748479568661423400e-06 5.510845312528545037e-06 5.211004463490098715e-06 4.864230959356063977e-06 4.812892257177736610e-06 4.879947027802700177e-06 4.933462605549721047e-06 4.830437774216989055e-06 4.795612312591401860e-06 4.822632490686373785e-06 4.932851425110129640e-06 9.947315789759159088e-03 7.217846810817718506e-03 4.998358432203531265e-03 7.481768727302551270e-03 1.783358864486217499e-02
5.260000000000000000e+02 2.168601541152828660e-02 1.042868196964263916e-02 4.518511104834033176e-06 6.244392807275289670e-06 5.509067250386578962e-06 5.179336312721716240e-06 5.578489435720257461e-06 5.949772912572370842e-06 5.015427177568199113e-06 4.898714905721135437e-06 4.523267762124305591e-06 4.187097147223539650e-06 4.720042397821089253e-06 5.594070898951031268e-06 5.383361894928384572e-06 4.704190359916538000e-06 4.444554178917314857e-06 4.713481303042499349e-06 5.462531134980963543e-06 5.163544756214832887e-06 4.825970336241880432e-06 4.774917215399909765e-06 4.834297669731313363e-06 4.897202870779437944e-06 4.795870609086705372e-06 4.758236627822043374e-06 4.788386831933166832e-06 4.887154773314250633e-06 9.928867220878601074e-03 7.205187343060970306e-03 4.988488741219043732e-03 7.469873409718275070e-03 1.782408170402050018e-02
5.270000000000000000e+02 2.160379362616075480e-02 1.040049456059932709e-02 4.495780103752622381e-06 6.189888154040090740e-06 5.470381438499316573e-06 5.139494078321149573e-06 5.528851488634245470e-06 5.902539669477846473e-06 4.968262601323658600e-06 4.875392733083572239e-06 4.491102572501404211e-06 4.152051587880123407e-06 4.678422101278556511e-06 5.555488314712420106e-06 5.339180461305659264e-06 4.667328539653681219e-06 4.417475793161429465e-06 4.673608600569423288e-06 5.424045866675442085e-06 5.118722128827357665e-06 4.792706931766588241e-06 4.734530648420332000e-06 4.804209766007261351e-06 4.857918611378408968e-06 4.758115665026707575e-06 4.721274308394640684e-06 4.751111191581003368e-06 4.853140580962644890e-06 9.910478256642818451e-03 7.192549761384725571e-03 4.978637211024761200e-03 7.458011154085397720e-03 1.781461015343666077e-02
5.280000000000000000e+02 2.152203856749311181e-02 1.037242356687784195e-02 4.466281552595319226e-06 6.149115051812259480e-06 5.428123586170841008e-06 5.087310910312226042e-06 5.485048859554808587e-06 5.850869456480722874e-06 4.951023583998903632e-06 4.845830972044495866e-06 4.455371708900202066e-06 4.125500709051266313e-06 4.634252945834305137e-06 5.513058113137958571e-06 5.292901278153294697e-06 4.633090156858088449e-06 4.374205218482529745e-06 4.636509856936754659e-06 5.376371063903206959e-06 5.077206878922879696e-06 4.748801984533201903e-06 4.702176738646812737e-06 4.775356501340866089e-06 4.826030362892197445e-06 4.724327482108492404e-06 4.697157237387727946e-06 4.712912414106540382e-06 4.826496933674206957e-06 9.892127476632595062e-03 7.179948035627603531e-03 4.968821536749601364e-03 7.446180097758769989e-03 1.780514232814311981e-02
5.290000000000000000e+02 2.144074670973874358e-02 1.034442614763975143e-02 4.434074526216136292e-06 6.089301678002811968e-06 5.393856554292142391e-06 5.048881121183512732e-06 5.437758773041423410e-06 5.808431524201296270e-06 4.902756700175814331e-06 4.808326593774836510e-06 4.421026460477150977e-06 4.081733550265198573e-06 4.598600298777455464e-06 5.481363587023224682e-06 5.256084023130824789e-06 4.591981451085302979e-06 4.334973255026852712e-06 4.601132332027191296e-06 5.333936314855236560e-06 5.031883119954727590e-06 4.712536338047357276e-06 4.666504537453874946e-06 4.740250005852431059e-06 4.787934813066385686e-06 4.687971340899821371e-06 4.660696049541002139e-06 4.677113793150056154e-06 4.789577360497787595e-06 9.873812086880207062e-03 7.167377974838018417e-03 4.959024954587221146e-03 7.434391416609287262e-03 1.779568195343017578e-02
5.300000000000000000e+02 2.135991456034175978e-02 1.031657774001359940e-02 4.404422270454233512e-06 6.047500392014626414e-06 5.358863290894078091e-06 5.005259026802377775e-06 5.396228061727015302e-06 5.764437901234487072e-06 4.870990323979640380e-06 4.775853085448034108e-06 4.376697233965387568e-06 4.057152182213030756e-06 4.558794444164959714e-06 5.437333584268344566e-06 5.208127277001040056e-06 4.555864506983198225e-06 4.302374691178556532e-06 4.558401997201144695e-06 5.299912118061911315e-06 5.000705641577951610e-06 4.679201083490625024e-06 4.634284323401516303e-06 4.707359039457514882e-06 4.756592716148588806e-06 4.661293587560066953e-06 4.627363978215726092e-06 4.652696134144207463e-06 4.754670044349040836e-06 9.855558164417743683e-03 7.154838647693395615e-03 4.949288442730903625e-03 7.422639057040214539e-03 1.778625883162021637e-02
5.310000000000000000e+02 2.127953865960185986e-02 1.028881687670946121e-02 4.370052010926883668e-06 5.997055268380790949e-06 5.314325335348257795e-06 4.960568730894010514e-06 5.342106760508613661e-06 5.708701792173087597e-06 4.851039193454198539e-06 4.738319603347918019e-06 4.334039203968131915e-06 4.023369911010377109e-06 4.527409146248828620e-06 5.397518634708831087e-06 5.168570169189479202e-06 4.520103175309486687e-06 4.260777132003568113e-06 4.526085376710398123e-06 5.248957677395083010e-06 4.956571956427069381e-06 4.635665391106158495e-06 4.602481112669920549e-06 4.671633178077172488e-06 4.728448402602225542e-06 4.618009370460640639e-06 4.591675406118156388e-06 4.624955181498080492e-06 4.716536750493105501e-06 9.837348014116287231e-03 7.142329122871160507e-03 4.939573816955089569e-03 7.410911843180656433e-03 1.777684874832630157e-02
5.320000000000000000e+02 2.119961558030414306e-02 1.026116497814655304e-02 4.340487521403701976e-06 5.953470918029779568e-06 5.271446298138471320e-06 4.925501343677751720e-06 5.296543349686544389e-06 5.658519057760713622e-06 4.815933607460465282e-06 4.702118985733250156e-06 4.304897174733923748e-06 3.985773219028487802e-06 4.487344085646327585e-06 5.355366738513112068e-06 5.133648755872854963e-06 4.483985776460031047e-06 4.239556801621802151e-06 4.495911070989677683e-06 5.220183084020391107e-06 4.919184448226587847e-06 4.597184215526795015e-06 4.561827154248021543e-06 4.637601250578882173e-06 4.685628937295405194e-06 4.590494427247904241e-06 4.562564299703808501e-06 4.586132490658201277e-06 4.684433406509924680e-06 9.819173254072666168e-03 7.129846140742301941e-03 4.929890390485525131e-03 7.399207912385463715e-03 1.776743493974208832e-02
5.330000000000000000e+02 2.112014192735375134e-02 1.023361925035715103e-02 4.315522801334736869e-06 5.907788818149128929e-06 5.230539045442128554e-06 4.879811513092136011e-06 5.255334599496563897e-06 5.611580490949563682e-06 4.784979410032974556e-06 4.671736405725823715e-06 4.265867573849391192e-06 3.956552518502576277e-06 4.451519089343491942e-06 5.313077963364776224e-06 5.092369065096136183e-06 4.453585006558569148e-06 4.196249392407480627e-06 4.460122909222263843e-06 5.179549589229281992e-06 4.888630883215228096e-06 4.571575573208974674e-06 4.536447249847697094e-06 4.603936758940108120e-06 4.651521521736867726e-06 4.551985966827487573e-06 4.528182216745335609e-06 4.553399321594042704e-06 4.652422376238973811e-06 9.801034815609455109e-03 7.117390166968107224e-03 4.920235369354486465e-03 7.387553807348012924e-03 1.775805279612541199e-02
5.340000000000000000e+02 2.104111433741531062e-02 1.020618993788957596e-02 4.286826424504397437e-06 5.871836492588045076e-06 5.194096956984139979e-06 4.846413503400981426e-06 5.210737526795128360e-06 5.561459602176910266e-06 4.755054760607890785e-06 4.639339294953970239e-06 4.241767783241812140e-06 3.931988430849742144e-06 4.416995579958893359e-06 5.282940037432126701e-06 5.055510428064735606e-06 4.420012373884674162e-06 4.167005045019323006e-06 4.427656676853075624e-06 5.142902409716043621e-06 4.857275598624255508e-06 4.543414888757979497e-06 4.500214345171116292e-06 4.564062237477628514e-06 4.624760549631901085e-06 4.526534667093073949e-06 4.502465799305355176e-06 4.528129011305281892e-06 4.621336756827076897e-06 9.782963432371616364e-03 7.104981224983930588e-03 4.910606890916824341e-03 7.375918328762054443e-03 1.774869114160537720e-02
5.350000000000000000e+02 2.096252947855707996e-02 1.017885375767946243e-02 4.256932243151823059e-06 5.820754267915617675e-06 5.159900865692179650e-06 4.804482614417793229e-06 5.167878498468780890e-06 5.514544682228006423e-06 4.719208845926914364e-06 4.613632427208358422e-06 4.197146608930779621e-06 3.891671894962200895e-06 4.380991413199808449e-06 5.243991836323402822e-06 5.012477231502998620e-06 4.388094566820655018e-06 4.139518296142341569e-06 4.399813406052999198e-06 5.109099674882600084e-06 4.810236532648559660e-06 4.504273420025128871e-06 4.469614850677317008e-06 4.537644599622581154e-06 4.597928182192845270e-06 4.490903393161715940e-06 4.478105893213069066e-06 4.495127541304100305e-06 4.593328412738628685e-06 9.764929302036762238e-03 7.092585321515798569e-03 4.901020787656307220e-03 7.364326156675815582e-03 1.773932576179504395e-02
5.360000000000000000e+02 2.088438404989975336e-02 1.015162840485572815e-02 4.225602424412500113e-06 5.787317604699637741e-06 5.118744411447551101e-06 4.767415703099686652e-06 5.123503797221928835e-06 5.470797987072728574e-06 4.702535534306662157e-06 4.579388132697204128e-06 4.168016403127694502e-06 3.856049261230509728e-06 4.342530701251234859e-06 5.220649200055049732e-06 4.986363819625694305e-06 4.347925823822151870e-06 4.113692739338148385e-06 4.368869667814578861e-06 5.068426617071963847e-06 4.784994416695553809e-06 4.475860805541742593e-06 4.439901658770395443e-06 4.509473910729866475e-06 4.562295544019434601e-06 4.470599833439337090e-06 4.451952918316237628e-06 4.465549864107742906e-06 4.562052708934061229e-06 9.746932424604892731e-03 7.080236915498971939e-03 4.891455639153718948e-03 7.352760061621665955e-03 1.772998459637165070e-02
5.370000000000000000e+02 2.080667478126983078e-02 1.012450642883777618e-02 4.199421709927264601e-06 5.744389000028604642e-06 5.081824383523780853e-06 4.726517545350361615e-06 5.079410129837924615e-06 5.436434094008291140e-06 4.663314939534757286e-06 4.552128757495665923e-06 4.124488441448193043e-06 3.828834906016709283e-06 4.313554200052749366e-06 5.173239514988381416e-06 4.947988600179087371e-06 4.321297183196293190e-06 4.076874574820976704e-06 4.334332970756804571e-06 5.037002665631007403e-06 4.745375008496921510e-06 4.444621481525246054e-06 4.404500032251235098e-06 4.476743470149813220e-06 4.538759640126954764e-06 4.446084403753047809e-06 4.407152118801604956e-06 4.433254161995137110e-06 4.530797014012932777e-06 9.728982113301753998e-03 7.067907601594924927e-03 4.881931934505701065e-03 7.341228891164064407e-03 1.772067137062549591e-02
5.380000000000000000e+02 2.072939843285747860e-02 1.009748876094818115e-02 4.174956302449572831e-06 5.702317594113992527e-06 5.050809704698622227e-06 4.697341864812187850e-06 5.041413260187255219e-06 5.383846200857078657e-06 4.629247086995746940e-06 4.515291948337107897e-06 4.099872512597357854e-06 3.805876076512504369e-06 4.276632353139575571e-06 5.140190296515356749e-06 4.911735231871716678e-06 4.282255758880637586e-06 4.053646080137696117e-06 4.305665697756921872e-06 5.002649686502991244e-06 4.718810487247537822e-06 4.408944278111448511e-06 4.374113359517650679e-06 4.453614565136376768e-06 4.504441676544956863e-06 4.414125214680097997e-06 4.376982360554393381e-06 4.413841907080495730e-06 4.496672318055061623e-06 9.711076505482196808e-03 7.055613212287425995e-03 4.872441757470369339e-03 7.329717744141817093e-03 1.771135441958904266e-02
5.390000000000000000e+02 2.065255179487885534e-02 1.007057167589664459e-02 4.146530955040361732e-06 5.665527169185224921e-06 5.018388947064522654e-06 4.652384632208850235e-06 5.000516466679982841e-06 5.334830802894430235e-06 4.608030849340138957e-06 4.486403668124694377e-06 4.067279860464623198e-06 3.775226559810107574e-06 4.250727215548977256e-06 5.108916411700192839e-06 4.867317784373881295e-06 4.252283815731061623e-06 4.018578238174086437e-06 4.275475930626271293e-06 4.968941084371181205e-06 4.680942765844520181e-06 4.375833213998703286e-06 4.349612026999238878e-06 4.414010163600323722e-06 4.478991286305245012e-06 4.387480657896958292e-06 4.357714260549983010e-06 4.384523435874143615e-06 4.473641183722065762e-06 9.693217463791370392e-03 7.043344900012016296e-03 4.862977657467126846e-03 7.318258285522460938e-03 1.770207285881042480e-02
5.400000000000000000e+02 2.057613168724279837e-02 1.004375983029603958e-02 4.125653958908515051e-06 5.631076874124119058e-06 4.970662757841637358e-06 4.612944394466467202e-06 4.955462827638257295e-06 5.288393822411308065e-06 4.579890173772582784e-06 4.452137090993346646e-06 4.033976892969803885e-06 3.752863221961888485e-06 4.216575689497403800e-06 5.079378297523362562e-06 4.833741968468530104e-06 4.219915808789664879e-06 3.985001512774033472e-06 4.242806880938587710e-06 4.942593932355521247e-06 4.650820756069151685e-06 4.354462362243793905e-06 4.320998414186760783e-06 4.385924057714873925e-06 4.445887043402763084e-06 4.356725639809155837e-06 4.321107553550973535e-06 4.362475920061115175e-06 4.452313987712841481e-06 9.675396606326103210e-03 7.031104061752557755e-03 4.853550810366868973e-03 7.306816056370735168e-03 1.769279874861240387e-02
5.410000000000000000e+02 2.050013495922181628e-02 1.001704111695289612e-02 4.101905233255820349e-06 5.595989023277070373e-06 4.946936314809136093e-06 4.589913260133471340e-06 4.921883828501449898e-06 5.249220976111246273e-06 4.547337994154077023e-06 4.432790774444583803e-06 3.992908659711247310e-06 3.720101858561974950e-06 4.173357865511206910e-06 5.041992608312284574e-06 4.805341177416266873e-06 4.191730567981721833e-06 3.960889898735331371e-06 4.220333721605129540e-06 4.905324658466270193e-06 4.623538188752718270e-06 4.328317118051927537e-06 4.289172011340269819e-06 4.361020273790927604e-06 4.419997821969445795e-06 4.324941528466297314e-06 4.292733137845061719e-06 4.327382612245855853e-06 4.422424808581126854e-06 9.657622314989566803e-03 7.018892094492912292e-03 4.844143986701965332e-03 7.295413408428430557e-03 1.768353208899497986e-02
5.420000000000000000e+02 2.042455848912732783e-02 9.990429505705833435e-03 4.065558186994167045e-06 5.554739345825510100e-06 4.901206921203993261e-06 4.545723186311079189e-06 4.875580543739488348e-06 5.203387445362750441e-06 4.516064564086263999e-06 4.400009856908582151e-06 3.981930149166146293e-06 3.701941068356973119e-06 4.138657914154464379e-06 5.008309472032124177e-06 4.774793069373117760e-06 4.152491783315781504e-06 3.941504473914392292e-06 4.188691946183098480e-06 4.875120339420391247e-06 4.590960088535211980e-06 4.291799996281042695e-06 4.261844424036098644e-06 4.331810487201437354e-06 4.397717020765412599e-06 4.302655725041404366e-06 4.275134870113106444e-06 4.306344635551795363e-06 4.386286946100881323e-06 9.639888070523738861e-03 7.006717845797538757e-03 4.834771621972322464e-03 7.284025195986032486e-03 1.767429709434509277e-02
5.430000000000000000e+02 2.034939918398909198e-02 9.963924065232276917e-03 4.045480636705178767e-06 5.522726496565155685e-06 4.869064468948636204e-06 4.515977252594893798e-06 4.828040800930466503e-06 5.157964096724754199e-06 4.495569555729161948e-06 4.370094302430516109e-06 3.938565896532963961e-06 3.672726052172947675e-06 4.118112883588764817e-06 4.987582997273420915e-06 4.741042175737675279e-06 4.123799044464249164e-06 3.913007731171092018e-06 4.164133770245825872e-06 4.840574547415599227e-06 4.560322395263938233e-06 4.267586064088391140e-06 4.230256763548823074e-06 4.298633939470164478e-06 4.366111170384101570e-06 4.271682428225176409e-06 4.251112386555178091e-06 4.273740159987937659e-06 4.356437784736044705e-06 9.622195735573768616e-03 6.994565483182668686e-03 4.825430922210216522e-03 7.272685412317514420e-03 1.766506582498550415e-02
5.440000000000000000e+02 2.027465397923875270e-02 9.937510825693607330e-03 4.016909315396333113e-06 5.478278126247460023e-06 4.835636445932323113e-06 4.472165983315790072e-06 4.801785053132334724e-06 5.111332939122803509e-06 4.465756319405045360e-06 4.341653948358725756e-06 3.898763225151924416e-06 3.641225021056015976e-06 4.085160526301478967e-06 4.954891210218193009e-06 4.700901627074927092e-06 4.099460966244805604e-06 3.880721124005503953e-06 4.129219632886815816e-06 4.812628048966871575e-06 4.530898877419531345e-06 4.242333488946314901e-06 4.203536263958085328e-06 4.276757408661069348e-06 4.343437922216253355e-06 4.252856342645827681e-06 4.231069397064857185e-06 4.246075604896759614e-06 4.335741778049850836e-06 9.604545310139656067e-03 6.982446182519197464e-03 4.816117230802774429e-03 7.261380553245544434e-03 1.765584759414196014e-02
5.450000000000000000e+02 2.020031983839743958e-02 9.911209344863891602e-03 3.995657152700005099e-06 5.444656380859669298e-06 4.795911536348285154e-06 4.438258656591642648e-06 4.761603577208006755e-06 5.065427558292867616e-06 4.438522864802507684e-06 4.312764758651610464e-06 3.872025899909203872e-06 3.614799197748652659e-06 4.052152235090034083e-06 4.922574134980095550e-06 4.681658538174815476e-06 4.070764589414466172e-06 3.855268460029037669e-06 4.101712420379044488e-06 4.783592885360121727e-06 4.496861492953030393e-06 4.213965439703315496e-06 4.177049959253054112e-06 4.250086021784227341e-06 4.315847490943269804e-06 4.230177637509768829e-06 4.198440819891402498e-06 4.218682988721411675e-06 4.308662482799263671e-06 9.586940519511699677e-03 6.970352958887815475e-03 4.806843586266040802e-03 7.250085007399320602e-03 1.764663308858871460e-02
5.460000000000000000e+02 2.012639375276737905e-02 9.884983301162719727e-03 3.974018000008072704e-06 5.418471118900924921e-06 4.770313353219535202e-06 4.402879312692675740e-06 4.731198259833035991e-06 5.028146915719844401e-06 4.405752406455576420e-06 4.277584139344980940e-06 3.843832018901593983e-06 3.583216766855912283e-06 4.022124812763649970e-06 4.885841008217539638e-06 4.651154540624702349e-06 4.038912720716325566e-06 3.829958131973398849e-06 4.075509878020966426e-06 4.745611477119382471e-06 4.467130565899424255e-06 4.180209543847013265e-06 4.158748652116628364e-06 4.221407380100572482e-06 4.278793767298338935e-06 4.194019766146084294e-06 4.170430656813550740e-06 4.188766070001292974e-06 4.280030225345399231e-06 9.569382295012474060e-03 6.958289537578821182e-03 4.797597881406545639e-03 7.238831371068954468e-03 1.763745583593845367e-02
5.470000000000000000e+02 2.005287274112744003e-02 9.858877398073673248e-03 3.948246103391284123e-06 5.371401584852719679e-06 4.733946752821793780e-06 4.371639988676179200e-06 4.692798938776832074e-06 4.991342393623199314e-06 4.384743988339323550e-06 4.266824362275656313e-06 3.814793217316037044e-06 3.560363438737113029e-06 4.000743047072319314e-06 4.862034984398633242e-06 4.614985300577245653e-06 4.017524588562082499e-06 3.795783641180605628e-06 4.057281330460682511e-06 4.722588982986053452e-06 4.443656052899314091e-06 4.159527634328696877e-06 4.130964498472167179e-06 4.189049832348246127e-06 4.259225079294992611e-06 4.172494755039224401e-06 4.147635081608314067e-06 4.163131052337121218e-06 4.245601758157135919e-06 9.551854804158210754e-03 6.946262903511524200e-03 4.788372199982404709e-03 7.227609865367412567e-03 1.762827672064304352e-02
5.480000000000000000e+02 1.997975384943257576e-02 9.832861833274364471e-03 3.922902124031679705e-06 5.342107670003315434e-06 4.708035248768283054e-06 4.343102318671299145e-06 4.663364506996003911e-06 4.953006737196119502e-06 4.356612407718785107e-06 4.227026238368125632e-06 3.782187377510126680e-06 3.535991027092677541e-06 3.975553227064665407e-06 4.827726570511003956e-06 4.585053375194547698e-06 3.995231509179575369e-06 3.771270712604746222e-06 4.029537194583099335e-06 4.694631570600904524e-06 4.411713234730996192e-06 4.134948540013283491e-06 4.114128387300297618e-06 4.166463895671768114e-06 4.227930276101687923e-06 4.141024419368477538e-06 4.113370778213720769e-06 4.140510554861975834e-06 4.214426553517114371e-06 9.534378536045551300e-03 6.934254895895719528e-03 4.779197275638580322e-03 7.216429337859153748e-03 1.761911809444427490e-02
5.490000000000000000e+02 1.990703415051708544e-02 9.806942194700241089e-03 3.888651008310262114e-06 5.305030299496138468e-06 4.668758265324868262e-06 4.309431460569612682e-06 4.621239895641338080e-06 4.898817678622435778e-06 4.324605924921343103e-06 4.204970991850132123e-06 3.756661044462816790e-06 3.504807864374015480e-06 3.948172434320440516e-06 4.800602255272679031e-06 4.551764504867605865e-06 3.963758899772074074e-06 3.753929604499717243e-06 3.998914962721755728e-06 4.654072199627989903e-06 4.379890015115961432e-06 4.104851996089564636e-06 4.081143742951098830e-06 4.130718480155337602e-06 4.207847723591839895e-06 4.111108410143060610e-06 4.091454684385098517e-06 4.111756879865424708e-06 4.189740138826891780e-06 9.516946040093898773e-03 6.922281812876462936e-03 4.770035855472087860e-03 7.205274887382984161e-03 1.760998181998729706e-02
5.500000000000000000e+02 1.983471074380165414e-02 9.781125001609325409e-03 3.869427018798887730e-06 5.276859155856072903e-06 4.634670858649769798e-06 4.279645054339198396e-06 4.583680947689572349e-06 4.862994501309003681e-06 4.299709871702361852e-06 4.177599748800275847e-06 3.724983798747416586e-06 3.485134584479965270e-06 3.916375135304406285e-06 4.764794539369177073e-06 4.522514245763886720e-06 3.933750576834427193e-06 3.725989699887577444e-06 3.972721060563344508e-06 4.626772806659573689e-06 4.351695679361000657e-06 4.083059593540383503e-06 4.054597866343101487e-06 4.103797891730209813e-06 4.174470632278826088e-06 4.093250026926398277e-06 4.066348992637358606e-06 4.098446424904977903e-06 4.168442956142826006e-06 9.499554522335529327e-03 6.910338532179594040e-03 4.760907962918281555e-03 7.194139994680881500e-03 1.760085113346576691e-02
5.510000000000000000e+02 1.976278075500410153e-02 9.755403734743595123e-03 3.851382643915712833e-06 5.243659416009904817e-06 4.607472874340601265e-06 4.255407475284300745e-06 4.545206138573121279e-06 4.819731202587718144e-06 4.273202648619189858e-06 4.152325345785357058e-06 3.699286025948822498e-06 3.465300778771052137e-06 3.883867975673638284e-06 4.736200480692787096e-06 4.499572241911664605e-06 3.908450253220507875e-06 3.706114966917084530e-06 3.949207894038408995e-06 4.598527993948664516e-06 4.321006144891725853e-06 4.060863830090966076e-06 4.033047844131942838e-06 4.086011358594987541e-06 4.144865670241415501e-06 4.061905201524496078e-06 4.037634880660334602e-06 4.067927420692285523e-06 4.141434601478977129e-06 9.482203051447868347e-03 6.898419465869665146e-03 4.751808475703001022e-03 7.183040957897901535e-03 1.759173348546028137e-02
5.520000000000000000e+02 1.969124133585381173e-02 9.729771874845027924e-03 3.821990048891166225e-06 5.212164523982210085e-06 4.564075879898155108e-06 4.220506980345817283e-06 4.507955054577905685e-06 4.784367320098681375e-06 4.251811787980841473e-06 4.121219262742670253e-06 3.668464160000439733e-06 3.441131866566138342e-06 3.864732661895686761e-06 4.712603640655288473e-06 4.465910024009644985e-06 3.892078439093893394e-06 3.685809360831626691e-06 3.922773430531378835e-06 4.566110874293372035e-06 4.305814400140661746e-06 4.021295353595633060e-06 3.998289685114286840e-06 4.057320893480209634e-06 4.127312877244548872e-06 4.034766334370942786e-06 4.016772436443716288e-06 4.029826413898263127e-06 4.116459422220941633e-06 9.464886039495468140e-03 6.886515300720930099e-03 4.742744378745555878e-03 7.171982433646917343e-03 1.758264005184173584e-02
5.530000000000000000e+02 1.962008966380976438e-02 9.704231284558773041e-03 3.794825261138612404e-06 5.180136668059276417e-06 4.535765128821367398e-06 4.200129751552594826e-06 4.481720679905265570e-06 4.747580533148720860e-06 4.227973022352671251e-06 4.092935796506935731e-06 3.641398052423028275e-06 3.421793508096016012e-06 3.823058250418398529e-06 4.672264367400202900e-06 4.432196419656975195e-06 3.856206149066565558e-06 3.660368065538932569e-06 3.898322574968915433e-06 4.539358997135423124e-06 4.277569132682401687e-06 4.003870799351716414e-06 3.975685103796422482e-06 4.037193320982623845e-06 4.094964879186591133e-06 4.010855718661332503e-06 3.988026037404779345e-06 4.016264028905425221e-06 4.085298769496148452e-06 9.447614662349224091e-03 6.874666083604097366e-03 4.733694251626729965e-03 7.160931359976530075e-03 1.757355034351348877e-02
5.540000000000000000e+02 1.954932294178211502e-02 9.678784757852554321e-03 3.775610139200580306e-06 5.141263045516097918e-06 4.507259745878400281e-06 4.160123353358358145e-06 4.450277629075571895e-06 4.707993412012001500e-06 4.198051556159043685e-06 4.061024355905828997e-06 3.612389718909980729e-06 3.399266006454126909e-06 3.798130364884855226e-06 4.646669367502909154e-06 4.400283160066464916e-06 3.824042778433067724e-06 3.642966021288884804e-06 3.872625711665023118e-06 4.516607532423222438e-06 4.244703177391784266e-06 3.976256266469135880e-06 3.949262463720515370e-06 4.006889412266900763e-06 4.065209395776037127e-06 3.984647719335043803e-06 3.967883912991965190e-06 3.989899141743080691e-06 4.058581907884217799e-06 9.430377744138240814e-03 6.862836424261331558e-03 4.724689759314060211e-03 7.149931043386459351e-03 1.756449043750762939e-02
5.550000000000000000e+02 1.947893839785731773e-02 9.653458371758460999e-03 3.742261469596996903e-06 5.116537522553699091e-06 4.467794951779069379e-06 4.129143690079217777e-06 4.419302058522589505e-06 4.666187578550307080e-06 4.175887625024188310e-06 4.039878604089608416e-06 3.590411097320611589e-06 3.363608129802742042e-06 3.769422846744419076e-06 4.625825567927677184e-06 4.375500793685205281e-06 3.807081156992353499e-06 3.603587401812546887e-06 3.840435965685173869e-06 4.488243575906381011e-06 4.217828518449096009e-06 3.953646682930411771e-06 3.924155407730722800e-06 3.980888322985265404e-06 4.044995421281782910e-06 3.960205503972247243e-06 3.937140718335285783e-06 3.966445547121111304e-06 4.036204700241796672e-06 9.413195773959159851e-03 6.851032376289367676e-03 4.715711809694766998e-03 7.138957735151052475e-03 1.755542121827602386e-02
5.560000000000000000e+02 1.940893328502665480e-02 9.628202766180038452e-03 3.725340548044187017e-06 5.090346803626744077e-06 4.431515662872698158e-06 4.101894319319399074e-06 4.385762622405309230e-06 4.626403551810653880e-06 4.150535460212267935e-06 3.998392458015587181e-06 3.556438514351611957e-06 3.343956905155209824e-06 3.748045628526597284e-06 4.595438440446741879e-06 4.353321855887770653e-06 3.782050271183834411e-06 3.585892955015879124e-06 3.818648565356852487e-06 4.465742676984518766e-06 4.199390332360053435e-06 3.927191301045240834e-06 3.899463536072289571e-06 3.952663519157795236e-06 4.023530436825240031e-06 3.936659595638047904e-06 3.915433353540720418e-06 3.940308488381560892e-06 4.007893949165008962e-06 9.396045468747615814e-03 6.839257199317216873e-03 4.706763196736574173e-03 7.127996068447828293e-03 1.754637062549591064e-02
5.570000000000000000e+02 1.933930488091822886e-02 9.603035636246204376e-03 3.686283207571250387e-06 5.040409178036497906e-06 4.397562406666111201e-06 4.068076577823376283e-06 4.345501565694576129e-06 4.599644853442441672e-06 4.125184204895049334e-06 3.981788722740020603e-06 3.530003596097230911e-06 3.326116257085232064e-06 3.721674147527664900e-06 4.566088591673178598e-06 4.321846517996164039e-06 3.754004865186288953e-06 3.561247922334587201e-06 3.799286560024484061e-06 4.437865754880476743e-06 4.162748155067674816e-06 3.899580406141467392e-06 3.882531927956733853e-06 3.936744633392663673e-06 3.990058303315890953e-06 3.910457053279969841e-06 3.886257673002546653e-06 3.914856279152445495e-06 3.981615918746683747e-06 9.378943592309951782e-03 6.827505771070718765e-03 4.697829484939575195e-03 7.117077242583036423e-03 1.753734983503818512e-02
5.580000000000000000e+02 1.927005048753227881e-02 9.577974677085876465e-03 3.662373728730017319e-06 5.022441200708271936e-06 4.372011517261853442e-06 4.045078185299644247e-06 4.322291715652681887e-06 4.556735802907496691e-06 4.106978394702309743e-06 3.963502877013524994e-06 3.499854301480809227e-06 3.302707000329974107e-06 3.706321194840711541e-06 4.531304512056522071e-06 4.300776254240190610e-06 3.737988663488067687e-06 3.539735871527227573e-06 3.770286184590077028e-06 4.390341473481385037e-06 4.142855686950497329e-06 3.881765223923139274e-06 3.853143425658345222e-06 3.907957761839497834e-06 3.962671598856104538e-06 3.882038072333671153e-06 3.868179646815406159e-06 3.888580977218225598e-06 3.952856786781921983e-06 9.361871518194675446e-03 6.815787404775619507e-03 4.688937682658433914e-03 7.106192409992218018e-03 1.752834767103195190e-02
5.590000000000000000e+02 1.920116743097980208e-02 9.552993811666965485e-03 3.645073547886568122e-06 4.988259661331539974e-06 4.339615770732052624e-06 4.020387677883263677e-06 4.284737769921775907e-06 4.523877578321844339e-06 4.072758656548103318e-06 3.941955128539120778e-06 3.474710638329270296e-06 3.283211526650120504e-06 3.673258106573484838e-06 4.511461611400591210e-06 4.264545623300364241e-06 3.702910362335387617e-06 3.513786396069917828e-06 3.749585175683023408e-06 4.373026058601681143e-06 4.115693172934697941e-06 3.849973381875315681e-06 3.834416475001489744e-06 3.879782980220625177e-06 3.937682777177542448e-06 3.861518962366972119e-06 3.832916718238266185e-06 3.865657163260038942e-06 3.922503310604952276e-06 9.344851598143577576e-03 6.804089993238449097e-03 4.680076614022254944e-03 7.095326669514179230e-03 1.751933991909027100e-02
5.600000000000000000e+02 1.913265306122449022e-02 9.528105147182941437e-03 3.611901547628804110e-06 4.964778781868517399e-06 4.308898041927022859e-06 3.993255177192622796e-06 4.261149570083944127e-06 4.486060333874775097e-06 4.049575636599911377e-06 3.908541202690685168e-06 3.450265239735017531e-06 3.258740662204218097e-06 3.650373173513798974e-06 4.489935690799029544e-06 4.233983872836688533e-06 3.682906253743567504e-06 3.494685643090633675e-06 3.723321242432575673e-06 4.344684384705033153e-06 4.083954081579577178e-06 3.822434791800333187e-06 3.802438186539802700e-06 3.857754109048983082e-06 3.911414751200936735e-06 3.832639777101576328e-06 3.813540388364344835e-06 3.835851202893536538e-06 3.897052465617889538e-06 9.327873587608337402e-03 6.792430765926837921e-03 4.671233706176280975e-03 7.084489800035953522e-03 1.751035451889038086e-02
5.610000000000000000e+02 1.906450475182780782e-02 9.503301233053207397e-03 3.591157110349740833e-06 4.923130745737580582e-06 4.271337274985853583e-06 3.957690296374494210e-06 4.227517820254433900e-06 4.451715085451724008e-06 4.027739123557694256e-06 3.881787506543332711e-06 3.424730266488040797e-06 3.239444140490377322e-06 3.628201739047653973e-06 4.455968337424565107e-06 4.208397513139061630e-06 3.653844260043115355e-06 3.471361878837342374e-06 3.689218601721222512e-06 4.319457730161957443e-06 4.052471467730356380e-06 3.809712552538258024e-06 3.785500666708685458e-06 3.830645709967939183e-06 3.888327682943781838e-06 3.806121412708307616e-06 3.781310169870266691e-06 3.809037707469542511e-06 3.870702130370773375e-06 9.310917928814888000e-03 6.780788302421569824e-03 4.662428051233291626e-03 7.073689717799425125e-03 1.750138774514198303e-02
5.620000000000000000e+02 1.899671989969731883e-02 9.478618390858173370e-03 3.564504822861636057e-06 4.891408934781793505e-06 4.244963292876491323e-06 3.935587756132008508e-06 4.207365236652549356e-06 4.410500423546181992e-06 4.001962224720045924e-06 3.860660854115849361e-06 3.405237976039643399e-06 3.213274794688913971e-06 3.602817514547496103e-06 4.427070962265133858e-06 4.181417352810967714e-06 3.633616870502009988e-06 3.447969902481418103e-06 3.665763642857200466e-06 4.278386768419295549e-06 4.023137989861425012e-06 3.767180714930873364e-06 3.754510544240474701e-06 3.806380618698312901e-06 3.861823643092066050e-06 3.781055283980094828e-06 3.760122581297764555e-06 3.785200533457100391e-06 3.840326371573610231e-06 9.294015355408191681e-03 6.769178900867700577e-03 4.653634503483772278e-03 7.062919903546571732e-03 1.749242469668388367e-02
5.630000000000000000e+02 1.892929592483807641e-02 9.454002603888511658e-03 3.540496209097909741e-06 4.866546987614128739e-06 4.213187821733299643e-06 3.906168785761110485e-06 4.170899046584963799e-06 4.379150595923420042e-06 3.982382622780278325e-06 3.834943527181167156e-06 3.372990704519907013e-06 3.184463139405124821e-06 3.578319365260540508e-06 4.402484591992106289e-06 4.156840077484957874e-06 3.606872269301675260e-06 3.427358251428813674e-06 3.642012643467751332e-06 4.262984020897420123e-06 4.002492914878530428e-06 3.756546448130393401e-06 3.729701802512863651e-06 3.781834038818487898e-06 3.830505647783866152e-06 3.745872618310386315e-06 3.733848643605597317e-06 3.752469410756020807e-06 3.809188456216361374e-06 9.277158416807651520e-03 6.757598835974931717e-03 4.644885659217834473e-03 7.052172441035509109e-03 1.748348586261272430e-02
5.640000000000000000e+02 1.886223027010713871e-02 9.429478086531162262e-03 3.518818175507476553e-06 4.829840690945275128e-06 4.174250989308347926e-06 3.887854290951509029e-06 4.139306383876828477e-06 4.350603830971522257e-06 3.958048182539641857e-06 3.803445451922016218e-06 3.347767915329313837e-06 3.174630364810582250e-06 3.561182211342384107e-06 4.375285698188235983e-06 4.123258804611396044e-06 3.581540795494220220e-06 3.398965191081515513e-06 3.621064024628140032e-06 4.232880655763437971e-06 3.970505531469825655e-06 3.725868054971215315e-06 3.704215714606107213e-06 3.754094223040738143e-06 3.808688461504061706e-06 3.721102075360249728e-06 3.706484221766004339e-06 3.738360419447417371e-06 3.785238504860899411e-06 9.260320104658603668e-03 6.746043451130390167e-03 4.636154044419527054e-03 7.041453849524259567e-03 1.747456006705760956e-02
5.650000000000000000e+02 1.879552040097110313e-02 9.405030868947505951e-03 3.486530431473511271e-06 4.799679572897730395e-06 4.152873771090526134e-06 3.855376235151197761e-06 4.107928361918311566e-06 4.309667019697371870e-06 3.940816895919851959e-06 3.779673306780750863e-06 3.329726951051270589e-06 3.142511104670120403e-06 3.529237346810987219e-06 4.347154572315048426e-06 4.108992015972035006e-06 3.560238610589294694e-06 3.382234581295051612e-06 3.598661805881420150e-06 4.195736437395680696e-06 3.943591764254961163e-06 3.708508984345826320e-06 3.676183268908062018e-06 3.723745294337277301e-06 3.775687900997581892e-06 3.696688963827909902e-06 3.684232297018752433e-06 3.697222382470499724e-06 3.762346068469923921e-06 9.243544191122055054e-03 6.734516005963087082e-03 4.627465736120939255e-03 7.030757609754800797e-03 1.746564358472824097e-02
5.660000000000000000e+02 1.872916380526664162e-02 9.380697272717952728e-03 3.463956772975507192e-06 4.770548002852592617e-06 4.114754119655117393e-06 3.824292889476055279e-06 4.075884589838096872e-06 4.274500042811268941e-06 3.914053195330779999e-06 3.758666480280226097e-06 3.302727463960763998e-06 3.123195028820191510e-06 3.506069333525374532e-06 4.314108991820830852e-06 4.073399395565502346e-06 3.532882828949368559e-06 3.355171656949096359e-06 3.571876050045830198e-06 4.169979092694120482e-06 3.930887032765895128e-06 3.675363359434413724e-06 3.653323801700025797e-06 3.694342467497335747e-06 3.739110752576380037e-06 3.671329068311024457e-06 3.657399247458670288e-06 3.668687213576049544e-06 3.741841510418453254e-06 9.226799011230468750e-03 6.723008584231138229e-03 4.618798848241567612e-03 7.020105142146348953e-03 1.745674759149551392e-02
5.670000000000000000e+02 1.866315799296398847e-02 9.356433525681495667e-03 3.441692570049781352e-06 4.749895651912083849e-06 4.085296950506744906e-06 3.795897328018327244e-06 4.046625690534710884e-06 4.244316642143530771e-06 3.887571438099257648e-06 3.737546421689330600e-06 3.271763489465229213e-06 3.108629925918648951e-06 3.488609763735439628e-06 4.287071988073876128e-06 4.040090971102472395e-06 3.513660431053722277e-06 3.338384658491122536e-06 3.548026370481238700e-06 4.141806584812002257e-06 3.890415882779052481e-06 3.646033292170614004e-06 3.629618277045665309e-06 3.670391151899821125e-06 3.716977062140358612e-06 3.648943220468936488e-06 3.634853101175394841e-06 3.651703764262492768e-06 3.711917770488071255e-06 9.210102260112762451e-03 6.711540743708610535e-03 4.610152915120124817e-03 7.009463850408792496e-03 1.744785532355308533e-02
5.680000000000000000e+02 1.859750049593334592e-02 9.332265704870223999e-03 3.406269115657778457e-06 4.716087005363078788e-06 4.058605099999113008e-06 3.775683353524073027e-06 4.008888026874046773e-06 4.209543931210646406e-06 3.870796717819757760e-06 3.705382596308481880e-06 3.250897634643479250e-06 3.079716179854585789e-06 3.464026349320192821e-06 4.267415988579159603e-06 4.020648702862672508e-06 3.491032202873611823e-06 3.308485929665039293e-06 3.523248096826137044e-06 4.112297574465628713e-06 3.866354745696298778e-06 3.633759206422837451e-06 3.598817784222774208e-06 3.651792667369591072e-06 3.695879286169656552e-06 3.613341732489061542e-06 3.603716777433874086e-06 3.621136556830606423e-06 3.685823230625828728e-06 9.193433448672294617e-03 6.700096651911735535e-03 4.601535852998495102e-03 6.998865399509668350e-03 1.743899099528789520e-02
5.690000000000000000e+02 1.853218886771414858e-02 9.308177046477794647e-03 3.383785724508925341e-06 4.664573680202011019e-06 4.030853233416564763e-06 3.741986347449710593e-06 3.980246674473164603e-06 4.171043656242545694e-06 3.840660610876511782e-06 3.685919864437892102e-06 3.235036956539261155e-06 3.064676775466068648e-06 3.436498218434280716e-06 4.237308985466370359e-06 3.993214249931043014e-06 3.467608621576800942e-06 3.287329718659748323e-06 3.506627990645938553e-06 4.075493507116334513e-06 3.837174062937265262e-06 3.609167151807923801e-06 3.577369625418214127e-06 3.625964382081292570e-06 3.668488261610036716e-06 3.595470843720249832e-06 3.585248578019673005e-06 3.603241111704846844e-06 3.658961759356316179e-06 9.176796302199363708e-03 6.688664667308330536e-03 4.592944402247667313e-03 6.988279987126588821e-03 1.743012666702270508e-02
5.700000000000000000e+02 1.846722068328716590e-02 9.284185245633125305e-03 3.359305992489680648e-06 4.646626621251925826e-06 3.993191967310849577e-06 3.722142082551727071e-06 3.956519776693312451e-06 4.141237695876043290e-06 3.833253231277922168e-06 3.663298912215395831e-06 3.209262786185718141e-06 3.033551365660969168e-06 3.408531028981087729e-06 4.210571660223649815e-06 3.962672963098157197e-06 3.450065378274302930e-06 3.257609932916238904e-06 3.472502612567041069e-06 4.047367838211357594e-06 3.814845968008739874e-06 3.590025016819708981e-06 3.545156687323469669e-06 3.598729335863026790e-06 3.634475433500483632e-06 3.565659653759212233e-06 3.565417273421189748e-06 3.570617991499602795e-06 3.634440417954465374e-06 9.160207584500312805e-03 6.677281577140092850e-03 4.584379959851503372e-03 6.977734621614217758e-03 1.742128096520900726e-02
5.710000000000000000e+02 1.840259353884940788e-02 9.260280057787895203e-03 3.328446382511174306e-06 4.610941687133163214e-06 3.964012648793868721e-06 3.701836021718918346e-06 3.927933448721887544e-06 4.106568212591810152e-06 3.806357653957093135e-06 3.636331030065775849e-06 3.180703743055346422e-06 3.012684373970841989e-06 3.391983227629680187e-06 4.173863544565392658e-06 3.942038347304333001e-06 3.417596417421009392e-06 3.249408564443001524e-06 3.454048965068068355e-06 4.023646397399716079e-06 3.784552291108411737e-06 3.564649659892893396e-06 3.535062205628491938e-06 3.577818688427214511e-06 3.611693955463124439e-06 3.529075229380396195e-06 3.523615305311977863e-06 3.551178906491259113e-06 3.606483687690342776e-06 9.143663570284843445e-03 6.665915716439485550e-03 4.575848579406738281e-03 6.967224180698394775e-03 1.741245761513710022e-02
5.720000000000000000e+02 1.833830505159176477e-02 9.236444719135761261e-03 3.304103756818221882e-06 4.584406269714236259e-06 3.934708729502744973e-06 3.651944780358462594e-06 3.901019226759672165e-06 4.073345280630746856e-06 3.777680376515490934e-06 3.610572775869513862e-06 3.164392410326399840e-06 2.998561058120685630e-06 3.370813146830187179e-06 4.148119387537008151e-06 3.907737664121668786e-06 3.402523816475877538e-06 3.223499334126245230e-06 3.430403467064024881e-06 4.002380592282861471e-06 3.763596168937510811e-06 3.529683226588531397e-06 3.512858029353083111e-06 3.555347802830510773e-06 3.579232725314795971e-06 3.512916009640321136e-06 3.497796114970697090e-06 3.522717634041327983e-06 3.586124421417480335e-06 9.127157740294933319e-03 6.654576398432254791e-03 4.567343275994062424e-03 6.956729106605052948e-03 1.740362681448459625e-02
5.730000000000000000e+02 1.827435285947936333e-02 9.212712757289409637e-03 3.280264536442700773e-06 4.559978606266668066e-06 3.908281996700679883e-06 3.636603878476307727e-06 3.872441538987914100e-06 4.037479357066331431e-06 3.757648300961591303e-06 3.582211093089426868e-06 3.143411504424875602e-06 2.972766651510028169e-06 3.353039119247114286e-06 4.130322849960066378e-06 3.885026671923696995e-06 3.379351710464106873e-06 3.195092176611069590e-06 3.407515805520233698e-06 3.972283138864440843e-06 3.734876372618600726e-06 3.500788352539530024e-06 3.479950009932508692e-06 3.522692622937029228e-06 3.560446430128649808e-06 3.489188429739442654e-06 3.474684035609243438e-06 3.501239689285284840e-06 3.555614057404454798e-06 9.110674262046813965e-03 6.643267814069986343e-03 4.558869171887636185e-03 6.946258712559938431e-03 1.739482209086418152e-02
5.740000000000000000e+02 1.821073462103461188e-02 9.189047850668430328e-03 3.255910996813327074e-06 4.521928076428594068e-06 3.874728918162873015e-06 3.615107971199904568e-06 3.838821612589526922e-06 4.012395947938784957e-06 3.731442575372057036e-06 3.562455731298541650e-06 3.113212414973531850e-06 2.957895958388689905e-06 3.330045728944242001e-06 4.090121819899650291e-06 3.849145741696702316e-06 3.349912276462418959e-06 3.174307721565128304e-06 3.378351721039507538e-06 3.943564934161258861e-06 3.699519311339827254e-06 3.483141199467354454e-06 3.458631454122951254e-06 3.502957497403258458e-06 3.534424422468873672e-06 3.463368784650810994e-06 3.453059207458863966e-06 3.477371365079306997e-06 3.527582521201111376e-06 9.094243869185447693e-03 6.631977390497922897e-03 4.550413694232702255e-03 6.935827434062957764e-03 1.738603413105010986e-02
5.750000000000000000e+02 1.814744801512287176e-02 9.165474213659763336e-03 3.222981376893585548e-06 4.489927960094064474e-06 3.842643764073727652e-06 3.593051815187209286e-06 3.809454710790305398e-06 3.969460976804839447e-06 3.710207920448738150e-06 3.539099679983337410e-06 3.083654291913262568e-06 2.927519744844175875e-06 3.304507117718458176e-06 4.062768766743829474e-06 3.835459665424423292e-06 3.326651267343549989e-06 3.156623279210180044e-06 3.360527216500486247e-06 3.923209078493528068e-06 3.672809043564484455e-06 3.460098923824261874e-06 3.428212949074804783e-06 3.468964678177144378e-06 3.507110704958904535e-06 3.431353206906351261e-06 3.421564770178520121e-06 3.447397602940327488e-06 3.497631269056000747e-06 9.077843278646469116e-03 6.620712578296661377e-03 4.541985224932432175e-03 6.925413385033607483e-03 1.737724989652633667e-02
5.760000000000000000e+02 1.808449074074074125e-02 9.141995571553707123e-03 3.196098759872256778e-06 4.453612746146973222e-06 3.801140564974048175e-06 3.563070549716940150e-06 3.776191306315013207e-06 3.953880423068767413e-06 3.692755853990092874e-06 3.513766841933829710e-06 3.061477855226257816e-06 2.917549636549665593e-06 3.275383505751960911e-06 4.037136932311113924e-06 3.817334800260141492e-06 3.305794052721466869e-06 3.126219553450937383e-06 3.335358996991999447e-06 3.889098934450885281e-06 3.644536036517820321e-06 3.430423021200112998e-06 3.410457338759442791e-06 3.450692929618526250e-06 3.474854565865825862e-06 3.400625928406952880e-06 3.398663920961553231e-06 3.420006123633356765e-06 3.477172640486969613e-06 9.061487391591072083e-03 6.609479896724224091e-03 4.533587954938411713e-03 6.915035191923379898e-03 1.736849360167980194e-02
5.770000000000000000e+02 1.802186051680688614e-02 9.118596091866493225e-03 3.172183824062813073e-06 4.420915502123534679e-06 3.777450046982266940e-06 3.536896656441967934e-06 3.746238007806823589e-06 3.916977675544330850e-06 3.661098844531807117e-06 3.495671990094706416e-06 3.050360874112811871e-06 2.898914317484013736e-06 3.250976988056208938e-06 4.010990323877194896e-06 3.782724661505199037e-06 3.284162858108174987e-06 3.104177267232444137e-06 3.313165279905661009e-06 3.859976459352765232e-06 3.625569206633372232e-06 3.404553808650234714e-06 3.377130042281351052e-06 3.422355575821711682e-06 3.459047320575336926e-06 3.388516915947548114e-06 3.373590516275726259e-06 3.389593302927096374e-06 3.452595365160959773e-06 9.045166894793510437e-03 6.598272826522588730e-03 4.525222349911928177e-03 6.904677487909793854e-03 1.735975593328475952e-02
5.780000000000000000e+02 1.795955508195543754e-02 9.095264598727226257e-03 3.148375753880827688e-06 4.388925844978075475e-06 3.753745204448932782e-06 3.500292677927063778e-06 3.717209210662986152e-06 3.894464953191345558e-06 3.643467607616912574e-06 3.467778924459707923e-06 3.030298330486402847e-06 2.864580892492085695e-06 3.235972144466359168e-06 3.985995135735720396e-06 3.754522822418948635e-06 3.252946498832898214e-06 3.081590648434939794e-06 3.292014525868580677e-06 3.831323738268110901e-06 3.595745965867536142e-06 3.370854983586468734e-06 3.354788077558623627e-06 3.400982677703723311e-06 3.428471700317459181e-06 3.356501338203088380e-06 3.351688064867630601e-06 3.362662482686573640e-06 3.428434638408361934e-06 9.028891101479530334e-03 6.587089505046606064e-03 4.516872111707925797e-03 6.894354242831468582e-03 1.735099591314792633e-02
5.790000000000000000e+02 1.789757219433183930e-02 9.072031825780868530e-03 3.132237907266244292e-06 4.360196726338472217e-06 3.727230478034471162e-06 3.479168753983685747e-06 3.689747472890303470e-06 3.862025550915859640e-06 3.618407617977936752e-06 3.446729124334524386e-06 3.001212235176353715e-06 2.857091658370336518e-06 3.208440148227964528e-06 3.962207301810849458e-06 3.733232915692497045e-06 3.238534645788604394e-06 3.060785957131884061e-06 3.261045549152186140e-06 3.798855459535843693e-06 3.576324161258526146e-06 3.353476813572342508e-06 3.328293360027601011e-06 3.370076683495426551e-06 3.402199126867344603e-06 3.340589728395571001e-06 3.320125642858329229e-06 3.340831653986242600e-06 3.397936325200134888e-06 9.012647904455661774e-03 6.575939245522022247e-03 4.508546087890863419e-03 6.884047295898199081e-03 1.734227687120437622e-02
5.800000000000000000e+02 1.783590963139120023e-02 9.048881009221076965e-03 3.108276587227010168e-06 4.306643859308678657e-06 3.692194468385423534e-06 3.457629418335272931e-06 3.664445330286980607e-06 3.837024905806174502e-06 3.591926770241116174e-06 3.418153028178494424e-06 2.975478992084390484e-06 2.831247002177406102e-06 3.200912715328740887e-06 3.926831595890689641e-06 3.700996103361831047e-06 3.206825340384966694e-06 3.041546733584254980e-06 3.242278353354777209e-06 3.783001830015564337e-06 3.546734433257370256e-06 3.332806954858824611e-06 3.299392801636713557e-06 3.350555516590247862e-06 3.368219040567055345e-06 3.304165829831617884e-06 3.307657152618048713e-06 3.318537210361682810e-06 3.371731509105302393e-06 8.996437303721904755e-03 6.564815528690814972e-03 4.500251263380050659e-03 6.873776204884052277e-03 1.733355782926082611e-02
5.810000000000000000e+02 1.777456518969904725e-02 9.025799110531806946e-03 3.074987262152717449e-06 4.289101525500882417e-06 3.659489948404370807e-06 3.423337830099626444e-06 3.636204382928553969e-06 3.793421228692750446e-06 3.565932047422393225e-06 3.401323056095861830e-06 2.954679303002194501e-06 2.808563067446812056e-06 3.163528845107066445e-06 3.902050593751482666e-06 3.674811296150437556e-06 3.194230203007464297e-06 3.017020844708895311e-06 3.207322151865810156e-06 3.745597723536775447e-06 3.528281013132072985e-06 3.308923851363942958e-06 3.277394398537580855e-06 3.319257075418136083e-06 3.348266545799560845e-06 3.272851017754874192e-06 3.273595893915626220e-06 3.290965651103761047e-06 3.355148464834201150e-06 8.980270475149154663e-03 6.553691346198320389e-03 4.491982050240039825e-03 6.863533053547143936e-03 1.732486300170421600e-02
5.820000000000000000e+02 1.771353668473447246e-02 9.002811275422573090e-03 3.052431793548748828e-06 4.251707196090137586e-06 3.632804009612300433e-06 3.405365077924216166e-06 3.606616701290477067e-06 3.773622438529855572e-06 3.548209633663645945e-06 3.379246436452376656e-06 2.943009576483746059e-06 2.784800244626239873e-06 3.148599489577463828e-06 3.876630671584280208e-06 3.645751121439388953e-06 3.172291144437622279e-06 3.000148581122630276e-06 3.197062142135109752e-06 3.715885668498231098e-06 3.494033308015787043e-06 3.282320903963409364e-06 3.255907586208195426e-06 3.287899289716733620e-06 3.321630629216087982e-06 3.257086063968017697e-06 3.252484248150722124e-06 3.263476855863700621e-06 3.326779506096499972e-06 8.964139036834239960e-03 6.542618852108716965e-03 4.483750090003013611e-03 6.853304803371429443e-03 1.731618307530879974e-02
5.830000000000000000e+02 1.765282195069566712e-02 8.979897014796733856e-03 3.026159447472309694e-06 4.218709818815113977e-06 3.602891638365690596e-06 3.370685817571938969e-06 3.580604698072420433e-06 3.748433755390578881e-06 3.530411049723625183e-06 3.357925152158713900e-06 2.915852292062481865e-06 2.782745696094934829e-06 3.131951416435185820e-06 3.854493570543127134e-06 3.625249973993049935e-06 3.137416342724463902e-06 2.968732360386638902e-06 3.168722741975216195e-06 3.691577603603946045e-06 3.473388005659217015e-06 3.268815589763107710e-06 3.228452897019451484e-06 3.273029051342746243e-06 3.299961463198997080e-06 3.237203827666235156e-06 3.227982460884959437e-06 3.234970563426031731e-06 3.296991280876682140e-06 8.948046714067459106e-03 6.531569175422191620e-03 4.475523717701435089e-03 6.843114271759986877e-03 1.730750687420368195e-02
5.840000000000000000e+02 1.759241884030774902e-02 8.957060985267162323e-03 3.010638920386554673e-06 4.180009909759974107e-06 3.574681386453448795e-06 3.347386609675595537e-06 3.553699571057222784e-06 3.718650305017945357e-06 3.509309635774116032e-06 3.318355084047652781e-06 2.892851398428319953e-06 2.755198465820285492e-06 3.104298457401455380e-06 3.821371592493960634e-06 3.592934490370680578e-06 3.119802840956253931e-06 2.950513362520723604e-06 3.157034825562732294e-06 3.662130666270968504e-06 3.448681582085555419e-06 3.230530637665651739e-06 3.207836698493338190e-06 3.254308921896154061e-06 3.274448545198538341e-06 3.210407612641574815e-06 3.206553856216487475e-06 3.213252739442395978e-06 3.270817614975385368e-06 8.931986987590789795e-03 6.520534865558147430e-03 4.467327613383531570e-03 6.832948420196771622e-03 1.729884743690490723e-02
5.850000000000000000e+02 1.753232522463291782e-02 8.934312500059604645e-03 2.980346380354603752e-06 4.150389031565282494e-06 3.544687388057354838e-06 3.321439862702391110e-06 3.515775006235344335e-06 3.696597332236706279e-06 3.483364935163990594e-06 3.307607585156802088e-06 2.870786829589633271e-06 2.728594381551374681e-06 3.075273980357451364e-06 3.798744046434876509e-06 3.572774176063830964e-06 3.094767862421576865e-06 2.933602445409633219e-06 3.127592663076939061e-06 3.637944018919370137e-06 3.423588395889964886e-06 3.214954176655737683e-06 3.185687546647386625e-06 3.223089606763096526e-06 3.250541340094059706e-06 3.182459295203443617e-06 3.183012267982121557e-06 3.196870920874061994e-06 3.254044713685289025e-06 8.915971964597702026e-03 6.509532220661640167e-03 4.459165036678314209e-03 6.822804454714059830e-03 1.729020103812217712e-02
5.860000000000000000e+02 1.747253899288285159e-02 8.911635726690292358e-03 2.959010544145712629e-06 4.112580882065230981e-06 3.511673867251374759e-06 3.289548203611047938e-06 3.489484697638545185e-06 3.669461648314609192e-06 3.465740292085683905e-06 3.287465460743987933e-06 2.849962584150489420e-06 2.705161705307546072e-06 3.066859790123999119e-06 3.771235469685052522e-06 3.554654313120408915e-06 3.071193532377947122e-06 2.911363480961881578e-06 3.103197741438634694e-06 3.605553501984104514e-06 3.398285343791940250e-06 3.179030272804084234e-06 3.167300747008994222e-06 3.197163550794357434e-06 3.230337824788875878e-06 3.158684194204397500e-06 3.153703119096462615e-06 3.161162339893053286e-06 3.230849870305974036e-06 8.899979293346405029e-03 6.498554255813360214e-03 4.451017826795578003e-03 6.812685169279575348e-03 1.728155836462974548e-02
5.870000000000000000e+02 1.741305805223336903e-02 8.889044634997844696e-03 2.940293143183225766e-06 4.078672191099030897e-06 3.479346787571557797e-06 3.258801143601885997e-06 3.462558652245206758e-06 3.643028549049631692e-06 3.444739832048071548e-06 3.266437943238997832e-06 2.823130216711433604e-06 2.683237653400283307e-06 3.038265276700258255e-06 3.747029722944716923e-06 3.519736992529942654e-06 3.049937504329136573e-06 2.886715947170159779e-06 3.077642304560868070e-06 3.584494379538227804e-06 3.371455932210665196e-06 3.164341705996776000e-06 3.141241677440120839e-06 3.171917114741518162e-06 3.194950068063917570e-06 3.132767005809000693e-06 3.130690402031177655e-06 3.140052967864903621e-06 3.191627001797314733e-06 8.884037844836711884e-03 6.487602833658456802e-03 4.442902747541666031e-03 6.802592892199754715e-03 1.727294176816940308e-02
5.880000000000000000e+02 1.735388032764125996e-02 8.866532705724239349e-03 2.922758767454070039e-06 4.050145435030572116e-06 3.449425776125281118e-06 3.244648723921272904e-06 3.442407432885374874e-06 3.612229420468793251e-06 3.418939286348177120e-06 3.239427087464719079e-06 2.806399834298645146e-06 2.668799425009638071e-06 3.014728235939401202e-06 3.720118456840282306e-06 3.497242005323641934e-06 3.031063897651620209e-06 2.870868456739117391e-06 3.056997911698999815e-06 3.552736870915396139e-06 3.347161282363231294e-06 3.134735834464663640e-06 3.112440253971726634e-06 3.150628344883443788e-06 3.168500825267983600e-06 3.116275365755427629e-06 3.109615136054344475e-06 3.116575953754363582e-06 3.178572114848066121e-06 8.868140168488025665e-03 6.476678419858217239e-03 4.434812348335981369e-03 6.792534142732620239e-03 1.726433262228965759e-02
5.890000000000000000e+02 1.729500376166331899e-02 8.844092488288879395e-03 2.894983481382951140e-06 4.005620667157927528e-06 3.417163952690316364e-06 3.212926685591810383e-06 3.407819804124301299e-06 3.585901367841870524e-06 3.399588194952229969e-06 3.225499540349119343e-06 2.779786200335365720e-06 2.648010649863863364e-06 3.002751327585428953e-06 3.694392944453284144e-06 3.481133944660541601e-06 3.013803961948724464e-06 2.857817662516026758e-06 3.041148829652229324e-06 3.527960188876022585e-06 3.326509158796397969e-06 3.117336746072396636e-06 3.091903181484667584e-06 3.128064008706132881e-06 3.144773017993429676e-06 3.089277925028000027e-06 3.092387260039686225e-06 3.096262389590265229e-06 3.159222615067847073e-06 8.852257393300533295e-03 6.465773098170757294e-03 4.426750820130109787e-03 6.782490294426679611e-03 1.725574396550655365e-02
5.900000000000000000e+02 1.723642631427750593e-02 8.821738883852958679e-03 2.873782250389922410e-06 3.980514975410187617e-06 3.386073103683884256e-06 3.190409188391640782e-06 3.376629138074349612e-06 3.571229626686545089e-06 3.389880475879181176e-06 3.204167569492710754e-06 2.763802513072732836e-06 2.628384436320629902e-06 2.970122068290947936e-06 3.664173163997475058e-06 3.452483724686317146e-06 2.994529495481401682e-06 2.829271807058830746e-06 3.018685447386815213e-06 3.505959966787486337e-06 3.295988335594302043e-06 3.093888153671287000e-06 3.064782958972500637e-06 3.109447789029218256e-06 3.127312083961442113e-06 3.066544877583510242e-06 3.066307954213698395e-06 3.069510739805991761e-06 3.130527829853235744e-06 8.836432360112667084e-03 6.454896181821823120e-03 4.418699070811271667e-03 6.772479042410850525e-03 1.724715903401374817e-02
5.910000000000000000e+02 1.717814596270624342e-02 8.799453265964984894e-03 2.860442236851667985e-06 3.945905973523622379e-06 3.362940333317965269e-06 3.162139819323783740e-06 3.356870820425683632e-06 3.544373839758918621e-06 3.357985178809030913e-06 3.171032176396693103e-06 2.740524905675556511e-06 2.605490408313926309e-06 2.957509650514111854e-06 3.635810799096361734e-06 3.430160404604976065e-06 2.966280817418009974e-06 2.815070729411672801e-06 2.990103212141548283e-06 3.486438572508632205e-06 3.274223217886174098e-06 3.070892034884309396e-06 3.046081019419943914e-06 3.071131914111902006e-06 3.099816694884793833e-06 3.035409235963015817e-06 3.042100615857634693e-06 3.052213287446647882e-06 3.103919652858166955e-06 8.820620365440845490e-03 6.444035097956657410e-03 4.410684574395418167e-03 6.762503646314144135e-03 1.723858527839183807e-02
5.920000000000000000e+02 1.712016070124178224e-02 8.777245879173278809e-03 2.844268237822689116e-06 3.914825811079936102e-06 3.333696213303483091e-06 3.138480678899213672e-06 3.319747975183418021e-06 3.524294470480526797e-06 3.343648586451308802e-06 3.155436161250690930e-06 2.715536311370669864e-06 2.592401415313361213e-06 2.931996050392626785e-06 3.617429229052504525e-06 3.404477411095285788e-06 2.949906729554641061e-06 2.794648253257037140e-06 2.969494744320400059e-06 3.456748117969254963e-06 3.250257122999755666e-06 3.053514319617534056e-06 3.024430270670563914e-06 3.060161816392792389e-06 3.077066367040970363e-06 3.021232259925454855e-06 3.006126689797383733e-06 3.025033265657839365e-06 3.079034968322957866e-06 8.804864250123500824e-03 6.433221511542797089e-03 4.402702674269676208e-03 6.752527318894863129e-03 1.723003201186656952e-02
5.930000000000000000e+02 1.706246854107362765e-02 8.755126036703586578e-03 2.828365495588514023e-06 3.882071723637636751e-06 3.303451876490726136e-06 3.112239937763661146e-06 3.308755140096764080e-06 3.492438963803579099e-06 3.312768512842012569e-06 3.130679260721080936e-06 2.693319629543111660e-06 2.571143795648822561e-06 2.909314162025111727e-06 3.595275302359368652e-06 3.374733978489530273e-06 2.936798182417987846e-06 2.766024636002839543e-06 2.947060238511767238e-06 3.437877239775843918e-06 3.229377625757479109e-06 3.022027385668479837e-06 3.007149871336878277e-06 3.034293740711291321e-06 3.052442025364143774e-06 2.993268935824744403e-06 2.995407157868612558e-06 3.008814474014798179e-06 3.052779902645852417e-06 8.789137005805969238e-03 6.422415375709533691e-03 4.394724965095520020e-03 6.742589641362428665e-03 1.722147688269615173e-02
5.940000000000000000e+02 1.700506751011801598e-02 8.733066730201244354e-03 2.798931518555036746e-06 3.851348083117045462e-06 3.279177917647757567e-06 3.095743068115552887e-06 3.289813321316614747e-06 3.475373205219511874e-06 3.297753664810443297e-06 3.111347041340195574e-06 2.671548145372071303e-06 2.548794100221130066e-06 2.896967089327517897e-06 3.568207148418878205e-06 3.350847009642166086e-06 2.908728674810845405e-06 2.748819042608374730e-06 2.930872597062261775e-06 3.398235548957018182e-06 3.203933601980679668e-06 3.006030055985320359e-06 2.977819121952052228e-06 3.012600018337252550e-06 3.034588416994665749e-06 2.974216386064654216e-06 2.972666607092833146e-06 2.982069418067112565e-06 3.038289833057206124e-06 8.773451671004295349e-03 6.411627400666475296e-03 4.386783111840486526e-03 6.732701323926448822e-03 1.721295900642871857e-02
5.950000000000000000e+02 1.694795565284937591e-02 8.711087517440319061e-03 2.791869519569445401e-06 3.814820502157090232e-06 3.255558112869039178e-06 3.058980610148864798e-06 3.252884880566853099e-06 3.454358875387697481e-06 3.286341552666272037e-06 3.092474116783705540e-06 2.658898438312462531e-06 2.541203684813808650e-06 2.868482852136367001e-06 3.538149258019984700e-06 3.327797003294108436e-06 2.888576091208960861e-06 2.735769840001012199e-06 2.915428240157780237e-06 3.380361476956750266e-06 3.182921318511944264e-06 2.982828391395742074e-06 2.959948460556915961e-06 2.987969082823838107e-06 3.009278316312702373e-06 2.941260390798561275e-06 2.951167743958649226e-06 2.963282668133615516e-06 3.014839194293017499e-06 8.757794275879859924e-03 6.400889717042446136e-03 4.378870595246553421e-03 6.722806021571159363e-03 1.720443554222583771e-02
5.960000000000000000e+02 1.689113103013377762e-02 8.689185604453086853e-03 2.767811338344472460e-06 3.775309551201644354e-06 3.220566441086702980e-06 3.033526809304021299e-06 3.230658876418601722e-06 3.421879682719008997e-06 3.247727363486774266e-06 3.072960225836141035e-06 2.639834292494924739e-06 2.505569909772020765e-06 2.851160161299048923e-06 3.519783149386057630e-06 3.305329300928860903e-06 2.878826308005955070e-06 2.714346237553399988e-06 2.893563987527159043e-06 3.362137931617326103e-06 3.158198296659975313e-06 2.959340008601429872e-06 2.933428049800568260e-06 2.964745590361417271e-06 2.991240990013466217e-06 2.934926442321739160e-06 2.933726136689074337e-06 2.928337380581069738e-06 2.982892283398541622e-06 8.742180652916431427e-03 6.390158087015151978e-03 4.370978567749261856e-03 6.712935864925384521e-03 1.719592325389385223e-02
5.970000000000000000e+02 1.683459171906433183e-02 8.667362853884696960e-03 2.745764277278794907e-06 3.740919510164530948e-06 3.192016265529673547e-06 3.008648491231724620e-06 3.198967078787973151e-06 3.409535565879195929e-06 3.233692268622689880e-06 3.051904059248045087e-06 2.614365484987501986e-06 2.492415660526603460e-06 2.836176690834690817e-06 3.496123781587812118e-06 3.283823616584413685e-06 2.858835387087310664e-06 2.694068598430021666e-06 2.868836418201681226e-06 3.334011353217647411e-06 3.133227664875448681e-06 2.938363877547089942e-06 2.916298626587376930e-06 2.943067102023633197e-06 2.973013351947884075e-06 2.910068587880232371e-06 2.906060444729519077e-06 2.910146577050909400e-06 2.965454086734098382e-06 8.726592175662517548e-03 6.379455327987670898e-03 4.363102372735738754e-03 6.703105289489030838e-03 1.718743331730365753e-02
5.980000000000000000e+02 1.677833581279851438e-02 8.645606227219104767e-03 2.732998837018385530e-06 3.708248641487443820e-06 3.167442400808795355e-06 2.983385911647928879e-06 3.178312908858060837e-06 3.377759639988653362e-06 3.223595740564633161e-06 3.033378334293956868e-06 2.595587375253671780e-06 2.476659119565738365e-06 2.812413413266767748e-06 3.476978463368141092e-06 3.263506641815183684e-06 2.836370185832493007e-06 2.674634970389888622e-06 2.843785978257074021e-06 3.311146201667725109e-06 3.119220991720794700e-06 2.916527591878548265e-06 2.895191983043332584e-06 2.927651621575932950e-06 2.958342292913584970e-06 2.891687472583726048e-06 2.889381221393705346e-06 2.895836360039538704e-06 2.944339257737738080e-06 8.711028844118118286e-03 6.368776317685842514e-03 4.355252720415592194e-03 6.693299859762191772e-03 1.717893779277801514e-02
5.990000000000000000e+02 1.672236142039737819e-02 8.623935282230377197e-03 2.716622248044586740e-06 3.688689730552141555e-06 3.145560867778840475e-06 2.967366299344575964e-06 3.149941449009929784e-06 3.356681872901390307e-06 3.203605729140690528e-06 3.006575070685357787e-06 2.581702347015379928e-06 2.453168463034671731e-06 2.799309186229947954e-06 3.456105559962452389e-06 3.246637788834050298e-06 2.810880459946929477e-06 2.658528501342516392e-06 2.825488309099455364e-06 3.289647565907216631e-06 3.083689989580307156e-06 2.897369313359376974e-06 2.874180836442974396e-06 2.907181624323129654e-06 2.939490286735235713e-06 2.870970320145715959e-06 2.858764446500572376e-06 2.870365051421686076e-06 2.925990656876820140e-06 8.695535361766815186e-03 6.358115468174219131e-03 4.347443580627441406e-03 6.683516781777143478e-03 1.717046461999416351e-02
6.000000000000000000e+02 1.666666666666666644e-02 8.602332323789596558e-03 2.705708993744337931e-06 3.644292974058771506e-06 3.122338739558472298e-06 2.943572326330468059e-06 3.119750545010901988e-06 3.331018888275139034e-06 3.181452711942256428e-06 2.984474349432275631e-06 2.558876076363958418e-06 2.447847236908273771e-06 2.772324023680994287e-06 3.433399115237989463e-06 3.221779479645192623e-06 2.795300815705559216e-06 2.641082119225757197e-06 2.815696234392817132e-06 3.274896016591810621e-06 3.078460395045112818e-06 2.873214953069691546e-06 2.850018745448323898e-06 2.884963350879843347e-06 2.917044639616506174e-06 2.851675844794954173e-06 2.844568825821625069e-06 2.845765493475482799e-06 2.907558382503339089e-06 8.680065162479877472e-03 6.347476504743099213e-03 4.339634906500577927e-03 6.673763040453195572e-03 1.716202311217784882e-02
6.010000000000000000e+02 1.661124969199974377e-02 8.580807596445083618e-03 2.685884510356117971e-06 3.619379867814132012e-06 3.079822590734693222e-06 2.917005986091680825e-06 3.098419711022870615e-06 3.316145466669695452e-06 3.154061005261610262e-06 2.971675485241576098e-06 2.542816218920052052e-06 2.423543264740146697e-06 2.754616161837475374e-06 3.410939370951382443e-06 3.197274281774298288e-06 2.768254034890560433e-06 2.629082928251591511e-06 2.794965212160605006e-06 3.240916385038872249e-06 3.049685346923070028e-06 2.858933839888777584e-06 2.831316351148416288e-06 2.863261897800839506e-06 2.889492179747321643e-06 2.827306616381974891e-06 2.833763346643536352e-06 2.835018221958307549e-06 2.889678626161185093e-06 8.664620108902454376e-03 6.336879450827836990e-03 4.331858363002538681e-03 6.664020940661430359e-03 1.715356670320034027e-02
6.020000000000000000e+02 1.655610865222238021e-02 8.559347130358219147e-03 2.673728658919571899e-06 3.597133400035090744e-06 3.064580369027680717e-06 2.889434881581109948e-06 3.072335630349698476e-06 3.283397518316633068e-06 3.137487283311202191e-06 2.948331712104845792e-06 2.526312755435355939e-06 2.409983380857738666e-06 2.730995902311406098e-06 3.393612587387906387e-06 3.172907554471748881e-06 2.756496769507066347e-06 2.611552872622269206e-06 2.781605871859937906e-06 3.224610281904460862e-06 3.037139777006814256e-06 2.833932512658066116e-06 2.815529569488717243e-06 2.849221345968544483e-06 2.870186790460138582e-06 2.816951791828614660e-06 2.807924374792492017e-06 2.817767608576104976e-06 2.867781631721300073e-06 8.649201132357120514e-03 6.326290778815746307e-03 4.324113950133323669e-03 6.654309108853340149e-03 1.714513078331947327e-02
6.030000000000000000e+02 1.650124171843931134e-02 8.537968620657920837e-03 2.661833605088759214e-06 3.560335699148708954e-06 3.036049520233063959e-06 2.867985585908172652e-06 3.042226808247505687e-06 3.272886033300892450e-06 3.119917892036028206e-06 2.932169991254340857e-06 2.509870910216704942e-06 2.391287125647068024e-06 2.709356067498447374e-06 3.366937107784906402e-06 3.159311745548620820e-06 2.735492444116971456e-06 2.588770257716532797e-06 2.751250576693564653e-06 3.204561835445929319e-06 3.010344698850531131e-06 2.806834118018741719e-06 2.797923571051796898e-06 2.826105628628283739e-06 2.853511659850482829e-06 2.795937689370475709e-06 2.792046871036291122e-06 2.802370545396115631e-06 2.852279521903255954e-06 8.633836172521114349e-03 6.315737497061491013e-03 4.316385835409164429e-03 6.644630804657936096e-03 1.713670790195465088e-02
6.040000000000000000e+02 1.644664707688259231e-02 8.516660891473293304e-03 2.634930297062965110e-06 3.536797976266825572e-06 3.007353143402724527e-06 2.848887334039318375e-06 3.016604068761807866e-06 3.252492206229362637e-06 3.109149474767036736e-06 2.914190417868667282e-06 2.474986558809177950e-06 2.381297463216469623e-06 2.702752681216225028e-06 3.351094392201048322e-06 3.141924253213801421e-06 2.719760232139378786e-06 2.565262775533483364e-06 2.731019776547327638e-06 3.188833261447143741e-06 2.994282340296194889e-06 2.797764636852662079e-06 2.775393795673153363e-06 2.813085757225053385e-06 2.831569190675509162e-06 2.786835466395132244e-06 2.771797653622343205e-06 2.779988108159159310e-06 2.828207925631431863e-06 8.618492633104324341e-03 6.305200979113578796e-03 4.308680072426795959e-03 6.634963210672140121e-03 1.712831109762191772e-02
6.050000000000000000e+02 1.639232292876169686e-02 8.495415560901165009e-03 2.625909928610781208e-06 3.501861328913946636e-06 2.982226533276843838e-06 2.819540441123535857e-06 2.995494696733658202e-06 3.227495653845835477e-06 3.090638529101852328e-06 2.895006673497846350e-06 2.475371275068027899e-06 2.360037115067825653e-06 2.685079380171373487e-06 3.326581463625188917e-06 3.118241465926985256e-06 2.697606532819918357e-06 2.552089881646679714e-06 2.718321411521174014e-06 3.160258756906841882e-06 2.972509719256777316e-06 2.775904249574523419e-06 2.751739430095767602e-06 2.799736421366105787e-06 2.819569090206641704e-06 2.765365024970378727e-06 2.752581167442258447e-06 2.760890083663980477e-06 2.816556616380694322e-06 8.603197522461414337e-03 6.294690072536468506e-03 4.300993867218494415e-03 6.625336129218339920e-03 1.711990870535373688e-02
6.060000000000000000e+02 1.633826749011534768e-02 8.474248461425304413e-03 2.614023287605959922e-06 3.466000407570390962e-06 2.960432766485610045e-06 2.796976787067251280e-06 2.979498958666226827e-06 3.199081220373045653e-06 3.069091917495825328e-06 2.871473043342120945e-06 2.446928647259483114e-06 2.342610514460830018e-06 2.660857262526405975e-06 3.302539880678523332e-06 3.099445166299119592e-06 2.688545464479830116e-06 2.533164433771162294e-06 2.691285317268921062e-06 3.144831907775369473e-06 2.949298050225479528e-06 2.756478806986706331e-06 2.747194685071008280e-06 2.774989752651890740e-06 2.799655476337647997e-06 2.743153117990004830e-06 2.743232244029059075e-06 2.739246156124863774e-06 2.801676828312338330e-06 8.587921038269996643e-03 6.284202914685010910e-03 4.293345846235752106e-03 6.615717429667711258e-03 1.711152307689189911e-02
6.070000000000000000e+02 1.628447899166506063e-02 8.453161455690860748e-03 2.600137577246641740e-06 3.449486712270299904e-06 2.935733164122211747e-06 2.772875632217619568e-06 2.946060703834518790e-06 3.181809461239026859e-06 3.051409748877631500e-06 2.854548256436828524e-06 2.432078872516285628e-06 2.328006075913435780e-06 2.644451342348475009e-06 3.280648343206848949e-06 3.076484517805511132e-06 2.664783551153959706e-06 2.524659521441208199e-06 2.677006250451086089e-06 3.121769623248837888e-06 2.940004605989088304e-06 2.740524905675556511e-06 2.726239017647458240e-06 2.752358341240324080e-06 2.786902314255712554e-06 2.724148771449108608e-06 2.725719468799070455e-06 2.724050546021317132e-06 2.767974592643440701e-06 8.572689257562160492e-03 6.273736711591482162e-03 4.285707138478755951e-03 6.606130860745906830e-03 1.710314303636550903e-02
6.080000000000000000e+02 1.623095567867036126e-02 8.432131260633468628e-03 2.589520818219170906e-06 3.416646222831332125e-06 2.917015081038698554e-06 2.750814701357739978e-06 2.920429324149154127e-06 3.166087026329478249e-06 3.041650188606581651e-06 2.837638476194115356e-06 2.427456365694524720e-06 2.311717707925708964e-06 2.627088861117954366e-06 3.270298520874348469e-06 3.058186848647892475e-06 2.656727474459330551e-06 2.503965788491768762e-06 2.655438265719567426e-06 3.092368160650948994e-06 2.919146936619654298e-06 2.735318958002608269e-06 2.705330643948400393e-06 2.735721182034467347e-06 2.768599188129883260e-06 2.705528913793386891e-06 2.706315171963069588e-06 2.710213721002219245e-06 2.759705921562272124e-06 8.557496592402458191e-03 6.263295654207468033e-03 4.278096836060285568e-03 6.596556399017572403e-03 1.709477789700031281e-02
6.090000000000000000e+02 1.617769581078567012e-02 8.411178365349769592e-03 2.579954525572247803e-06 3.389551011423463933e-06 2.888861217797966674e-06 2.731082076934399083e-06 2.898543471019365825e-06 3.147416009596781805e-06 3.018804591192747466e-06 2.813944092849851586e-06 2.396460558884427883e-06 2.298261279065627605e-06 2.605645704534254037e-06 3.241266995246405713e-06 3.045271114388015121e-06 2.630220933497184888e-06 2.490530732757179067e-06 2.648437430252670310e-06 3.087375944232917391e-06 2.894974159062257968e-06 2.713500862228102051e-06 2.686592324607772753e-06 2.719785925364703871e-06 2.755577725110924803e-06 2.689101393116288818e-06 2.690388555492972955e-06 2.696041519811842591e-06 2.740886202445835806e-06 8.542329072952270508e-03 6.252873688936233521e-03 4.270511679351329803e-03 6.587013136595487595e-03 1.708643324673175812e-02
6.100000000000000000e+02 1.612469766191883952e-02 8.390295319259166718e-03 2.559013182690250687e-06 3.361551080161007121e-06 2.867991497623734176e-06 2.724795194808393717e-06 2.883758497773669660e-06 3.120612063867156394e-06 3.005452072102343664e-06 2.808161525535979308e-06 2.399635604888317175e-06 2.278526608279207721e-06 2.594885245343903080e-06 3.227715069442638196e-06 3.020857093360973522e-06 2.617070776977925561e-06 2.469779246894177049e-06 2.626263039928744547e-06 3.068824980800854973e-06 2.886382844735635445e-06 2.694430122573976405e-06 2.666580712684663013e-06 2.701701760088326409e-06 2.746935024333652109e-06 2.681153318917495199e-06 2.676076974239549600e-06 2.679698127394658513e-06 2.729549578361911699e-06 8.527197875082492828e-03 6.242478732019662857e-03 4.262940492480993271e-03 6.577505264431238174e-03 1.707810349762439728e-02
6.110000000000000000e+02 1.607195952009128972e-02 8.369479328393936157e-03 2.549729060774552636e-06 3.334228495077695698e-06 2.848202257155207917e-06 2.698531943678972311e-06 2.849589236575411633e-06 3.093216491834027693e-06 2.993573161802487448e-06 2.784794560284353793e-06 2.363892917855991982e-06 2.270331833642558195e-06 2.586906475698924623e-06 3.213418494851794094e-06 3.002838184329448268e-06 2.603763277875259519e-06 2.446917278575710952e-06 2.610733872643322684e-06 3.041947138626710512e-06 2.857878598661045544e-06 2.678262944755260833e-06 2.658508719832752831e-06 2.690652991077513434e-06 2.719688609431614168e-06 2.657060804267530330e-06 2.652700004546204582e-06 2.668886736501008272e-06 2.713624098760192282e-06 8.512098342180252075e-03 6.232110317796468735e-03 4.255398642271757126e-03 6.568006239831447601e-03 1.706976629793643951e-02
6.120000000000000000e+02 1.601947968729975497e-02 8.348746225237846375e-03 2.536119836804573424e-06 3.305323389213299379e-06 2.824592911565559916e-06 2.673118842722033150e-06 2.835417490132385865e-06 3.081946488237008452e-06 2.969089791804435663e-06 2.765657654890674166e-06 2.361942051720689051e-06 2.256757170471246354e-06 2.557713060014066286e-06 3.185873083566548303e-06 2.988710775753133930e-06 2.590684289316413924e-06 2.447125325488741510e-06 2.594961188151501119e-06 3.024571924470365047e-06 2.846526058419840410e-06 2.666304226295324042e-06 2.640430466271936893e-06 2.678647206266759895e-06 2.708925876504508778e-06 2.657736558830947615e-06 2.637555780893308111e-06 2.650363512657349929e-06 2.704327926039695740e-06 8.497040718793869019e-03 6.221753079444169998e-03 4.247880540788173676e-03 6.558545399457216263e-03 1.706146448850631714e-02
6.130000000000000000e+02 1.596725647937961845e-02 8.328076452016830444e-03 2.524909405110520311e-06 3.288025482106604613e-06 2.797848992486251518e-06 2.648200052135507576e-06 2.814604840750689618e-06 3.066248382310732268e-06 2.956787739094579592e-06 2.753537273747497238e-06 2.340012542845215648e-06 2.227363893325673416e-06 2.545226607253425755e-06 3.178730821673525497e-06 2.968598664665478282e-06 2.567020374044659548e-06 2.424429339953348972e-06 2.584001094874111004e-06 3.008213070643250830e-06 2.830098992490093224e-06 2.648311465236474760e-06 2.624210537760518491e-06 2.656346168805612251e-06 2.694168188099865802e-06 2.635272949191858061e-06 2.633833673826302402e-06 2.636163799252244644e-06 2.688092081370996311e-06 8.482025004923343658e-03 6.211433093994855881e-03 4.240381997078657150e-03 6.549095734953880310e-03 1.705315895378589630e-02
6.140000000000000000e+02 1.591528822586977046e-02 8.307469077408313751e-03 2.516707581889932044e-06 3.255205911045777611e-06 2.789196742014610209e-06 2.628254378578276373e-06 2.795004547806456685e-06 3.044291361220530234e-06 2.947159373434260488e-06 2.742376182141015306e-06 2.324283741472754627e-06 2.216660504927858710e-06 2.529311132093425840e-06 3.159080506520695053e-06 2.943452955150860362e-06 2.562111376391840167e-06 2.419485554128186777e-06 2.571240884208236821e-06 2.987318794112070464e-06 2.802716608130140230e-06 2.645035237947013229e-06 2.607142505439696833e-06 2.636056024130084552e-06 2.674836878213682212e-06 2.624705302878282964e-06 2.610706133054918610e-06 2.624589342303806916e-06 2.666449290700256824e-06 8.467022329568862915e-03 6.201129406690597534e-03 4.232898820191621780e-03 6.539676804095506668e-03 1.704487018287181854e-02
6.150000000000000000e+02 1.586357326987904159e-02 8.286929689347743988e-03 2.496563638487714343e-06 3.236180646126740612e-06 2.760038569249445572e-06 2.606659109005704522e-06 2.763503061942174099e-06 3.010012505910708569e-06 2.934264784926199354e-06 2.733588189585134387e-06 2.313202912773704156e-06 2.211307219113223255e-06 2.508020770619623363e-06 3.136621671728789806e-06 2.927674813690828159e-06 2.547145186326815747e-06 2.393195700278738514e-06 2.552987325543654151e-06 2.976613131977501325e-06 2.803723191391327418e-06 2.626040441100485623e-06 2.596380682007293217e-06 2.626022023832774721e-06 2.668762363100540824e-06 2.599971367089892738e-06 2.585828269729972817e-06 2.603204620754695497e-06 2.653225692483829334e-06 8.452062495052814484e-03 6.190849933773279190e-03 4.225449636578559875e-03 6.530271843075752258e-03 1.703658699989318848e-02
6.160000000000000000e+02 1.581210996795412438e-02 8.266461081802845001e-03 2.498321919119916856e-06 3.214717480659601279e-06 2.742966216828790493e-06 2.577058012320776470e-06 2.742016931733814999e-06 2.999631988132023253e-06 2.915626510002766736e-06 2.705854512896621600e-06 2.293670377184753306e-06 2.197428557337843813e-06 2.495518856449052691e-06 3.124506747553823516e-06 2.910287093982333317e-06 2.524229103073594160e-06 2.379648094574804418e-06 2.533856104491860606e-06 2.961698783110477962e-06 2.783804802675149404e-06 2.606212547107134014e-06 2.571197228462551720e-06 2.619113047330756672e-06 2.650476290000369772e-06 2.587860535641084425e-06 2.588080633358913474e-06 2.596174226709990762e-06 2.647127985255792737e-06 8.437134325504302979e-03 6.180598866194486618e-03 4.218030720949172974e-03 6.520902272313833237e-03 1.702832430601119995e-02
6.170000000000000000e+02 1.576089668994901452e-02 8.246055804193019867e-03 2.478062924637924880e-06 3.184360366503824480e-06 2.720308657444547862e-06 2.571028744569048285e-06 2.725101239775540307e-06 2.981867964990669861e-06 2.899995706684421748e-06 2.697419631658704020e-06 2.287207053086603992e-06 2.188702183048008010e-06 2.476300551279564388e-06 3.112662170678959228e-06 2.899379524023970589e-06 2.501908284102682956e-06 2.381520744165754877e-06 2.516861968615557998e-06 2.946952690763282590e-06 2.767782916635042056e-06 2.590963504189858213e-06 2.564492433521081693e-06 2.598831088107544929e-06 2.633119720485410653e-06 2.577669192760367878e-06 2.573210394984926097e-06 2.578268095021485351e-06 2.633321855682879686e-06 8.422239683568477631e-03 6.170372944325208664e-03 4.210610408335924149e-03 6.511543877422809601e-03 1.702006720006465912e-02
6.180000000000000000e+02 1.570993181889590584e-02 8.225730620324611664e-03 2.462371185174561106e-06 3.167765044054249302e-06 2.694609747777576558e-06 2.547407575548277237e-06 2.701195626286789775e-06 2.954750698336283676e-06 2.882717808461165987e-06 2.681488467715098523e-06 2.275606448165490292e-06 2.174471092075691558e-06 2.464098315613227896e-06 3.082940565946046263e-06 2.878634404623880982e-06 2.496517254257923923e-06 2.358336359975510277e-06 2.515947016945574433e-06 2.927024979726411402e-06 2.747304506556247361e-06 2.575847247499041259e-06 2.547711574152344838e-06 2.584537242000806145e-06 2.617957306938478723e-06 2.558858113843598403e-06 2.563673433542135172e-06 2.560395159889594652e-06 2.606931275295210071e-06 8.407376706600189209e-03 6.160155404359102249e-03 4.203223157674074173e-03 6.502210628241300583e-03 1.701182499527931213e-02
6.190000000000000000e+02 1.565921375087757014e-02 8.205465041100978851e-03 2.451890850352356210e-06 3.145765276713063940e-06 2.674309826034004800e-06 2.525911440898198634e-06 2.681321120689972304e-06 2.933493988166446798e-06 2.883097749872831628e-06 2.661196049302816391e-06 2.256774905617930926e-06 2.159897348974482156e-06 2.459259121678769588e-06 3.076423809034167789e-06 2.863714144041296095e-06 2.478914666426135227e-06 2.340469563932856545e-06 2.494985892553813756e-06 2.908455144279287197e-06 2.740919626376125962e-06 2.558362439231132157e-06 2.531324980736826546e-06 2.572644007159397006e-06 2.607718897706945427e-06 2.545132019804441370e-06 2.550260433054063469e-06 2.560683697083732113e-06 2.600406105557340197e-06 8.392545394599437714e-03 6.149977445602416992e-03 4.195872228592634201e-03 6.492911837995052338e-03 1.700358092784881592e-02
6.200000000000000000e+02 1.560874089490114393e-02 8.185262791812419891e-03 2.438532419546390884e-06 3.123093392787268385e-06 2.663030727489967830e-06 2.509215164536726661e-06 2.663522536749951541e-06 2.910336888817255385e-06 2.858907009795075282e-06 2.653955789355677553e-06 2.245310270154732279e-06 2.152969273083726875e-06 2.433232793919160031e-06 3.056457671846146695e-06 2.855020511560724117e-06 2.471652578606153838e-06 2.325264631508616731e-06 2.478981059539364651e-06 2.897361810028087348e-06 2.721305236264015548e-06 2.546099722167127766e-06 2.522933073123567738e-06 2.564292344686691649e-06 2.593041244836058468e-06 2.542979473219020292e-06 2.531632617319701239e-06 2.545084498706273735e-06 2.587069275250541978e-06 8.377747610211372375e-03 6.139799021184444427e-03 4.188522696495056152e-03 6.483628414571285248e-03 1.699536480009555817e-02
6.210000000000000000e+02 1.555851167277338271e-02 8.165129460394382477e-03 2.427151457595755346e-06 3.099049763477523811e-06 2.639615559019148350e-06 2.487147867213934660e-06 2.643200559759861790e-06 2.891527856263564900e-06 2.851626049960032105e-06 2.638782916619675234e-06 2.234485464214230888e-06 2.141616050721495412e-06 2.422730631224112585e-06 3.037099986613611691e-06 2.839953822331153788e-06 2.450149167998461053e-06 2.311884372829808854e-06 2.461250460328301415e-06 2.888352128138649277e-06 2.707633711906964891e-06 2.542166839702986181e-06 2.503950554455514066e-06 2.550454155425541103e-06 2.584811227279715240e-06 2.529115363358869217e-06 2.519594090699683875e-06 2.532294956836267374e-06 2.573479832790326327e-06 8.362993597984313965e-03 6.129674613475799561e-03 4.181197378784418106e-03 6.474357098340988159e-03 1.698714867234230042e-02
6.220000000000000000e+02 1.550852451897726490e-02 8.145073428750038147e-03 2.410655497442348860e-06 3.079095904467976652e-06 2.627565436341683380e-06 2.475284645697684027e-06 2.623321734063210897e-06 2.866969225578941405e-06 2.831970505212666467e-06 2.623759201014763676e-06 2.217929932157858275e-06 2.125931359842070378e-06 2.421016233711270615e-06 3.017035623997799121e-06 2.827894149959320202e-06 2.444727215333841741e-06 2.307193653905414976e-06 2.455507456033956259e-06 2.872418235710938461e-06 2.695396688068285584e-06 2.524158844607882202e-06 2.496296929166419432e-06 2.540470177336828783e-06 2.572405719547532499e-06 2.520598172850441188e-06 2.509071237000171095e-06 2.522388513170881197e-06 2.560440634624683298e-06 8.348265662789344788e-03 6.119540892541408539e-03 4.173901397734880447e-03 6.465140730142593384e-03 1.697895675897598267e-02
6.230000000000000000e+02 1.545877788055002346e-02 8.125062100589275360e-03 2.395304136371123604e-06 3.065590590267674997e-06 2.619363613121095113e-06 2.452615717629669234e-06 2.610581759654451162e-06 2.859320829884381965e-06 2.820060217345599085e-06 2.614931418065680191e-06 2.209768126704148017e-06 2.117691792591358535e-06 2.398807509962352924e-06 3.000086508109234273e-06 2.805486474244389683e-06 2.432783503536484204e-06 2.290791826453641988e-06 2.441722472212859429e-06 2.858180323528358713e-06 2.678030796232633293e-06 2.503652012819657102e-06 2.477027237546280958e-06 2.532232656449195929e-06 2.556554591137683019e-06 2.495974513294640929e-06 2.501845074220909737e-06 2.511045295250369236e-06 2.547687699916423298e-06 8.333567529916763306e-03 6.109453272074460983e-03 4.166623111814260483e-03 6.455917377024888992e-03 1.697076857089996338e-02
6.240000000000000000e+02 1.540927021696252529e-02 8.105142973363399506e-03 2.389420387771679088e-06 3.035866257050656714e-06 2.593995986899244599e-06 2.435478791085188277e-06 2.592089913378003985e-06 2.833594180629006587e-06 2.808572389767505229e-06 2.600320158308022656e-06 2.190691020587109961e-06 2.103357019223039970e-06 2.379152647336013615e-06 2.996094281115802005e-06 2.787506673485040665e-06 2.415495600871508941e-06 2.279952468597912230e-06 2.433097733955946751e-06 2.845436029019765556e-06 2.664776729943696409e-06 2.500114305803435855e-06 2.470988420100184157e-06 2.511763796064769849e-06 2.542753236411954276e-06 2.487795882188947871e-06 2.477303041814593598e-06 2.496576144039863721e-06 2.539798970246920362e-06 8.318906649947166443e-03 6.099374964833259583e-03 4.159368108958005905e-03 6.446730811148881912e-03 1.696259900927543640e-02
6.250000000000000000e+02 1.536000000000000039e-02 8.085259236395359039e-03 2.377106511630699970e-06 3.019970336026744917e-06 2.577496388767031021e-06 2.417603354842867702e-06 2.568011041148565710e-06 2.813377250276971608e-06 2.798051355057395995e-06 2.588998768260353245e-06 2.182652906412840821e-06 2.086966333081363700e-06 2.371852815485908650e-06 2.978535803777049296e-06 2.780476279440335929e-06 2.400518496870063245e-06 2.273177187817054801e-06 2.412557478237431496e-06 2.827031039487337694e-06 2.653478304637246765e-06 2.488695599822676741e-06 2.455028152326121926e-06 2.507863428036216646e-06 2.532649887143634260e-06 2.479180921000079252e-06 2.468478896844317205e-06 2.489763346602558158e-06 2.521555643397732638e-06 8.304278366267681122e-03 6.089335773140192032e-03 4.152131266891956329e-03 6.437560077756643295e-03 1.695443876087665558e-02
6.260000000000000000e+02 1.531096571364411185e-02 8.065463043749332428e-03 2.360959570069098845e-06 3.005523694810108282e-06 2.562792133176117204e-06 2.404277893219841644e-06 2.553572358010569587e-06 2.797633669615606777e-06 2.781338025670265779e-06 2.575421831352286972e-06 2.172300128222559579e-06 2.077530325550469570e-06 2.358784968237159774e-06 2.966870852105785161e-06 2.763493739621480927e-06 2.389265546298702247e-06 2.254294486192520708e-06 2.405234454272431321e-06 2.813653281918959692e-06 2.642666913743596524e-06 2.474268740115803666e-06 2.441758397253579460e-06 2.483241814843495376e-06 2.524708634155103937e-06 2.463089913362637162e-06 2.456627726132865064e-06 2.463700184307526797e-06 2.514912239348632284e-06 8.289677090942859650e-03 6.079288665205240250e-03 4.144922364503145218e-03 6.428416818380355835e-03 1.694628410041332245e-02
6.270000000000000000e+02 1.526216585395633561e-02 8.045722730457782745e-03 2.352295268792659044e-06 2.980384579132078215e-06 2.542157517382293008e-06 2.385091420364915393e-06 2.534979785195901059e-06 2.786169034152408130e-06 2.774252379822428338e-06 2.561297151260077953e-06 2.156434220523806289e-06 2.072594043056597002e-06 2.342881998629309237e-06 2.943099616459221579e-06 2.747398866631556302e-06 2.379700617893831804e-06 2.239512923551956192e-06 2.384335630267742090e-06 2.801159098453354090e-06 2.633780923133599572e-06 2.465951411068090238e-06 2.424747435725294054e-06 2.469750825184746645e-06 2.517360599085805006e-06 2.455560661474009976e-06 2.447455472065485083e-06 2.455175945215160027e-06 2.495907665434060618e-06 8.275130763649940491e-03 6.069290451705455780e-03 4.137736745178699493e-03 6.419285666197538376e-03 1.693813502788543701e-02
6.280000000000000000e+02 1.521359892896263603e-02 8.026048541069030762e-03 2.333003976673353463e-06 2.968725539176375605e-06 2.523326656955759972e-06 2.364193733228603378e-06 2.524820729377097450e-06 2.762537633316242136e-06 2.759941025942680426e-06 2.549423243181081489e-06 2.150566615455318242e-06 2.066394699795637280e-06 2.325909690625849180e-06 2.928183448602794670e-06 2.734122290348750539e-06 2.360914095334010199e-06 2.220946953457314521e-06 2.374516725467401557e-06 2.792816758301341906e-06 2.612289563330705278e-06 2.450254896757542156e-06 2.417737960058730096e-06 2.456540187267819420e-06 2.490962287993170321e-06 2.451336285957950167e-06 2.439686113575589843e-06 2.442800450808135793e-06 2.482342779330792837e-06 8.260585367679595947e-03 6.059306208044290543e-03 4.130554851144552231e-03 6.410187110304832458e-03 1.693001389503479004e-02
6.290000000000000000e+02 1.516526345853943386e-02 8.006439544260501862e-03 2.328137497897841968e-06 2.952965132863027975e-06 2.517790335332392715e-06 2.352258434257237241e-06 2.499384663678938523e-06 2.741046046139672399e-06 2.750601879597525112e-06 2.538215085223782808e-06 2.141176310033188201e-06 2.045031578745692968e-06 2.312482592969899997e-06 2.915601271524792537e-06 2.719239319048938341e-06 2.359622612857492641e-06 2.217801466031232849e-06 2.367983597650891170e-06 2.770615310510038398e-06 2.600121206342009827e-06 2.430602535241632722e-06 2.404027554803178646e-06 2.447050064802169800e-06 2.488748123141704127e-06 2.427143726890790276e-06 2.427105300739640370e-06 2.428477955618291162e-06 2.470982053637271747e-06 8.246080949902534485e-03 6.049344316124916077e-03 4.123404156416654587e-03 6.401107646524906158e-03 1.692188717424869537e-02
6.300000000000000000e+02 1.511715797430083184e-02 7.986896671354770660e-03 2.301009772054385394e-06 2.928971980509231798e-06 2.495444732630858198e-06 2.336675606784410775e-06 2.490691031198366545e-06 2.725139665926690213e-06 2.728926574491197243e-06 2.526948492231895216e-06 2.135035629180492833e-06 2.042244659605785273e-06 2.300408823430188932e-06 2.903017275457386859e-06 2.707047997319023125e-06 2.348739144508726895e-06 2.203589701821329072e-06 2.346713699807878584e-06 2.754856950559769757e-06 2.587929202491068281e-06 2.424318154226057231e-06 2.393726390437223017e-06 2.430716904200380668e-06 2.475900828358135186e-06 2.422169472993118688e-06 2.410461092949844897e-06 2.417039240754093044e-06 2.459197730786399916e-06 8.231616578996181488e-03 6.039404775947332382e-03 4.116275347769260406e-03 6.392053328454494476e-03 1.691377535462379456e-02
6.310000000000000000e+02 1.506928101948709110e-02 7.967418991029262543e-03 2.295854756084736437e-06 2.907474936364451423e-06 2.486786343069979921e-06 2.321853344255941920e-06 2.472707365086534992e-06 2.709229647734900936e-06 2.715714799705892801e-06 2.500712298569851555e-06 2.103092583638499491e-06 2.023534761974588037e-06 2.288782297910074703e-06 2.883035449485760182e-06 2.690536121008335613e-06 2.330513325432548299e-06 2.196834657297586091e-06 2.340215814911061898e-06 2.736142050707712770e-06 2.578526618890464306e-06 2.412309868304873817e-06 2.374664063609088771e-06 2.421961653453763574e-06 2.460470113874180242e-06 2.411834657323197462e-06 2.400471657892921939e-06 2.406123712717089802e-06 2.455424919389770366e-06 8.217172697186470032e-03 6.029480602592229843e-03 4.109181463718414307e-03 6.383006926625967026e-03 1.690569147467613220e-02
6.320000000000000000e+02 1.502163114885434955e-02 7.947995327413082123e-03 2.285727305206819437e-06 2.891217718570260331e-06 2.469072342137224041e-06 2.306112264705006965e-06 2.467113972670631483e-06 2.697340732993325219e-06 2.715004484343808144e-06 2.492415433152928017e-06 2.107569798681652173e-06 2.022001126533723436e-06 2.273178552059107460e-06 2.875024392778868787e-06 2.674120423762360588e-06 2.326938329133554362e-06 2.184935510740615427e-06 2.330227971469867043e-06 2.732487473622313701e-06 2.564651822467567399e-06 2.401656956863007508e-06 2.366381522733718157e-06 2.406373369012726471e-06 2.447513452352723107e-06 2.393119302723789588e-06 2.393865543126594275e-06 2.393960357949254103e-06 2.442346840325626545e-06 8.202772587537765503e-03 6.019580643624067307e-03 4.102082923054695129e-03 6.373993586748838425e-03 1.689760014414787292e-02
6.330000000000000000e+02 1.497420692856554596e-02 7.928645238280296326e-03 2.279485670442227274e-06 2.879436124203493819e-06 2.458202743582660332e-06 2.302898565176292323e-06 2.451134605507832021e-06 2.663955683601670898e-06 2.701381617953302339e-06 2.483095386196509935e-06 2.088267592625925317e-06 2.011640845012152568e-06 2.266601995870587416e-06 2.859818323486251757e-06 2.669802825039369054e-06 2.319113036719500087e-06 2.177623855459387414e-06 2.316742211405653507e-06 2.714935817493824288e-06 2.546897576394258067e-06 2.392602709733182564e-06 2.358267238378175534e-06 2.396029685769462958e-06 2.432908559057977982e-06 2.386457936154329218e-06 2.377937335040769540e-06 2.389195515206665732e-06 2.426169658065191470e-06 8.188403211534023285e-03 6.009705364704132080e-03 4.095009062439203262e-03 6.365009117871522903e-03 1.688952557742595673e-02
6.340000000000000000e+02 1.492700693608255656e-02 7.909342646598815918e-03 2.247259999421657994e-06 2.861742359527852386e-06 2.447629185553523712e-06 2.288375753778382204e-06 2.438793671899475157e-06 2.659326582943322137e-06 2.679878662092960440e-06 2.465708348609041423e-06 2.089341933242394589e-06 1.996486389543861151e-06 2.255149411212187260e-06 2.850980081348097883e-06 2.653873480085167103e-06 2.303816245330381207e-06 2.165604655601782724e-06 2.300578898939420469e-06 2.705463884922210127e-06 2.534528675823821686e-06 2.386818778177257627e-06 2.344533413634053431e-06 2.385747848165920004e-06 2.428058223813422956e-06 2.371607479290105402e-06 2.364340389249264263e-06 2.369281219216645695e-06 2.407916099400608800e-06 8.174047805368900299e-03 5.999847780913114548e-03 4.087971057742834091e-03 6.356037221848964691e-03 1.688145846128463745e-02
6.350000000000000000e+02 1.488002976005952001e-02 7.890112698078155518e-03 2.240101366624003276e-06 2.849209295163745992e-06 2.436545855744043365e-06 2.269913011332391761e-06 2.418657231828547083e-06 2.634357997521874495e-06 2.671873517101630569e-06 2.464362296450417489e-06 2.074925987471942790e-06 1.988466692637302913e-06 2.249251338071189821e-06 2.832936388585949317e-06 2.632423502291203476e-06 2.292567160111502744e-06 2.153356945200357586e-06 2.295170133947976865e-06 2.693766418815357611e-06 2.520596126487362199e-06 2.361739916523220018e-06 2.333736119908280671e-06 2.372827793806209229e-06 2.406489329587202519e-06 2.354461912545957603e-06 2.352617002543411218e-06 2.357531684538116679e-06 2.400174025751766749e-06 8.159752003848552704e-03 5.990014411509037018e-03 4.080940969288349152e-03 6.347087677568197250e-03 1.687340252101421356e-02
6.360000000000000000e+02 1.483327400023733318e-02 7.870954461395740509e-03 2.222193415946094319e-06 2.829222921718610451e-06 2.418748863419750705e-06 2.260413566546048969e-06 2.406151907052844763e-06 2.623861064421362244e-06 2.672979007911635563e-06 2.452427906973753124e-06 2.061921804852318019e-06 1.975017539734835736e-06 2.228353650934877805e-06 2.811287913573323749e-06 2.625148908919072710e-06 2.277589373989030719e-06 2.142365474355756305e-06 2.288498535563121550e-06 2.689117536647245288e-06 2.520114321669097990e-06 2.349185024286271073e-06 2.323922672076150775e-06 2.360279722779523581e-06 2.397204525550478138e-06 2.337488695047795773e-06 2.336558281967882067e-06 2.346292149013606831e-06 2.387106405876693316e-06 8.145469240844249725e-03 5.980207584798336029e-03 4.073936957865953445e-03 6.338156759738922119e-03 1.686537079513072968e-02
6.370000000000000000e+02 1.478673826733929893e-02 7.851847447454929352e-03 2.199326900154119357e-06 2.812622824421850964e-06 2.411971763649489731e-06 2.240459707536501810e-06 2.387502263445639983e-06 2.610285264381673187e-06 2.652019929882953875e-06 2.439934405629173853e-06 2.054707238130504265e-06 1.964827333722496405e-06 2.212979097748757340e-06 2.806167231028666720e-06 2.619915903778746724e-06 2.265256398459314369e-06 2.127936340912128799e-06 2.265810508106369525e-06 2.664922703843330964e-06 2.493436795703019015e-06 2.346488372495514341e-06 2.308597686351276934e-06 2.347862164242542349e-06 2.389413339187740348e-06 2.329298922632005997e-06 2.321287638551439159e-06 2.333168140467023477e-06 2.379856368861510418e-06 8.131226524710655212e-03 5.970417987555265427e-03 4.066954366862773895e-03 6.329253315925598145e-03 1.685732789337635040e-02
6.380000000000000000e+02 1.474042118296793429e-02 7.832796312868595123e-03 2.197085677835275419e-06 2.789990730889257975e-06 2.398691094640525989e-06 2.241896936538978480e-06 2.383103947067866102e-06 2.581858097983058542e-06 2.643347215780522674e-06 2.425565298835863359e-06 2.041912239292287268e-06 1.954980916707427241e-06 2.200876224378589541e-06 2.786457571346545592e-06 2.603199163786484860e-06 2.250424358862801455e-06 2.122098521795123816e-06 2.262227326355059631e-06 2.656885726537439041e-06 2.488533482392085716e-06 2.336021680093836039e-06 2.294632167831878178e-06 2.335215185667038895e-06 2.371081791352480650e-06 2.321020929230144247e-06 2.308359171365736984e-06 2.315795427421107888e-06 2.362086434004595503e-06 8.117008022964000702e-03 5.960635840892791748e-03 4.059992730617523193e-03 6.320367567241191864e-03 1.684932038187980652e-02
6.390000000000000000e+02 1.469432137950289069e-02 7.813815958797931671e-03 2.173616394429700449e-06 2.777411282295361161e-06 2.376383008595439605e-06 2.220016313003725372e-06 2.369584080952336080e-06 2.567497176642064005e-06 2.640662387420888990e-06 2.417440782664925791e-06 2.031189524132059887e-06 1.954030949491425417e-06 2.197916046497994103e-06 2.776093879219843075e-06 2.583806690381607041e-06 2.238596380266244523e-06 2.106943156832130626e-06 2.244235247417236678e-06 2.635965302033582702e-06 2.473052973073208705e-06 2.316335439900285564e-06 2.287217739649349824e-06 2.324182105439831503e-06 2.358456640649819747e-06 2.304387180629419163e-06 2.304189820279134437e-06 2.313103323103860021e-06 2.344607764825923368e-06 8.102827705442905426e-03 5.950891878455877304e-03 4.053047392517328262e-03 6.311504170298576355e-03 1.684130541980266571e-02
6.400000000000000000e+02 1.464843750000000000e-02 7.794898469001054764e-03 2.162260443583363667e-06 2.771651452349033207e-06 2.366212811466539279e-06 2.203504436693037860e-06 2.362765144425793551e-06 2.551835450503858738e-06 2.625028855618438683e-06 2.397568778178538196e-06 2.021003183472203091e-06 1.934723968588514253e-06 2.187019163102377206e-06 2.754280558292521164e-06 2.573266328909085132e-06 2.229576011814060621e-06 2.097437572956550866e-06 2.232984343208954670e-06 2.617294512674561702e-06 2.457720938764396124e-06 2.301522044945158996e-06 2.276814257129444741e-06 2.304153213117388077e-06 2.352538558625383303e-06 2.290435304530547000e-06 2.281472006870899349e-06 2.292980525453458540e-06 2.342285370104946196e-06 8.088670670986175537e-03 5.941167939454317093e-03 4.046129062771797180e-03 6.302666384726762772e-03 1.683329977095127106e-02
6.410000000000000000e+02 1.460276819809141861e-02 7.776036392897367477e-03 2.144702193618286401e-06 2.762071744655258954e-06 2.351366219954797998e-06 2.190066425100667402e-06 2.346078190385014750e-06 2.547633130234316923e-06 2.601100277388468385e-06 2.385333800702937879e-06 2.007515377044910565e-06 1.925726792251225561e-06 2.170422476410749368e-06 2.747506414380040951e-06 2.550724730099318549e-06 2.214960204582894221e-06 2.089664349114173092e-06 2.218652298324741423e-06 2.610810042824596167e-06 2.441999640723224729e-06 2.292848648721701466e-06 2.268772504976368509e-06 2.295621698067407124e-06 2.339299271625350229e-06 2.280839680679491721e-06 2.276029817949165590e-06 2.285199343532440253e-06 2.317610324098495767e-06 8.074557408690452576e-03 5.931460298597812653e-03 4.039229359477758408e-03 6.293852347880601883e-03 1.682531647384166718e-02
6.420000000000000000e+02 1.455731213788686099e-02 7.757234387099742889e-03 2.121065790561260656e-06 2.741077196333208121e-06 2.347396275581559166e-06 2.187234258599346504e-06 2.328756409042398445e-06 2.527267270124866627e-06 2.587651124486001208e-06 2.376025122430291958e-06 1.995280854316661134e-06 1.917699137266026810e-06 2.161433712899452075e-06 2.721519877013633959e-06 2.540006335038924590e-06 2.202724772359943017e-06 2.077948920486960560e-06 2.212719437011401169e-06 2.590314579720143229e-06 2.426155333523638546e-06 2.277506837344844826e-06 2.255163963127415627e-06 2.284316224177018739e-06 2.326570665900362656e-06 2.266042656628997065e-06 2.261108875245554373e-06 2.267091758767492138e-06 2.309563342350884341e-06 8.060456253588199615e-03 5.921781994402408600e-03 4.032342229038476944e-03 6.285049021244049072e-03 1.681733876466751099e-02
6.430000000000000000e+02 1.451206799387590694e-02 7.738474756479263306e-03 2.110839204760850407e-06 2.731843551373458467e-06 2.336417082915431820e-06 2.175374675061902963e-06 2.316592144779860973e-06 2.510110789444297552e-06 2.596616468508727849e-06 2.359600784984650090e-06 1.986409642995567992e-06 1.903549446069519036e-06 2.152571596525376663e-06 2.719719304877799004e-06 2.529477114876499400e-06 2.190924988099141046e-06 2.060645329038379714e-06 2.195549541283980943e-06 2.581010448921006173e-06 2.419515340079669841e-06 2.260485871374839917e-06 2.230856352980481461e-06 2.266228648295509629e-06 2.304207328052143566e-06 2.249773842777358368e-06 2.246366648250841536e-06 2.248016699013533071e-06 2.290484644618118182e-06 8.046396076679229736e-03 5.912127904593944550e-03 4.025476519018411636e-03 6.276256404817104340e-03 1.680937781929969788e-02
6.440000000000000000e+02 1.446703445083137238e-02 7.719801738858222961e-03 2.093337570840958506e-06 2.713187996050692163e-06 2.321966803719988093e-06 2.155602487619034946e-06 2.305168436578242108e-06 2.497976993254269473e-06 2.577913846835144795e-06 2.350011982343858108e-06 1.973314738279441372e-06 1.898400455502269324e-06 2.135037675543571822e-06 2.706542545638512820e-06 2.518945166229968891e-06 2.184229515478364192e-06 2.044724169536493719e-06 2.185771336371544749e-06 2.566251168900635093e-06 2.402268137302598916e-06 2.247428255941485986e-06 2.228279981864034198e-06 2.248048303954419680e-06 2.289769781782524660e-06 2.233989334854413755e-06 2.230623749710503034e-06 2.239004288639989682e-06 2.270001004944788292e-06 8.032376877963542938e-03 5.902479402720928192e-03 4.018636886030435562e-03 6.267515011131763458e-03 1.680142618715763092e-02
6.450000000000000000e+02 1.442221020371371905e-02 7.701178081333637238e-03 2.079938212773413397e-06 2.698526714084437117e-06 2.309742512807133608e-06 2.136227294613490812e-06 2.296568027304601856e-06 2.487854544597212225e-06 2.558720325396279804e-06 2.334541704840376042e-06 1.965107003343291581e-06 1.882349010884354357e-06 2.121215402439702302e-06 2.683336560949101113e-06 2.504375061107566580e-06 2.173143911932129413e-06 2.033900955211720429e-06 2.168998662455123849e-06 2.551688567109522410e-06 2.390264626228599809e-06 2.244555389552260749e-06 2.217834889961523004e-06 2.233553232144913636e-06 2.280519083797116764e-06 2.227831373602384701e-06 2.207768375228624791e-06 2.229376832474372350e-06 2.261061581521062180e-06 8.018367923796176910e-03 5.892856512218713760e-03 4.011811688542366028e-03 6.258784793317317963e-03 1.679346337914466858e-02
6.460000000000000000e+02 1.437759395757651215e-02 7.682620547711849213e-03 2.066432671199436300e-06 2.693129772524116561e-06 2.304088866367237642e-06 2.132429017365211621e-06 2.292246108481776901e-06 2.460360065015265718e-06 2.550787939981091768e-06 2.329818698854069225e-06 1.942619746841955930e-06 1.871349354587437119e-06 2.107886302837869152e-06 2.675114501471398398e-06 2.488797463229275309e-06 2.160119038308039308e-06 2.029822780968970619e-06 2.163839553759316914e-06 2.544526751080411486e-06 2.380721298322896473e-06 2.221992417617002502e-06 2.198801212216494605e-06 2.229706069556414150e-06 2.263361011500819586e-06 2.208272917414433323e-06 2.211229229942546226e-06 2.206340923294192180e-06 2.243837116111535579e-06 8.004405535757541656e-03 5.883256904780864716e-03 4.005002323538064957e-03 6.250069476664066315e-03 1.678553596138954163e-02
6.470000000000000000e+02 1.433318442747289270e-02 7.664104923605918884e-03 2.050695684374659322e-06 2.675902351256809197e-06 2.293115130669320934e-06 2.121780880770529620e-06 2.282756668137153611e-06 2.456371476000640541e-06 2.538746684876969084e-06 2.314950052095809951e-06 1.946110387507360429e-06 1.862585008893802296e-06 2.093955117743462324e-06 2.661380676727276295e-06 2.481270712451077998e-06 2.140008064088760875e-06 2.006300292123341933e-06 2.144811105608823709e-06 2.518364226489211433e-06 2.356373897782759741e-06 2.211340188296162523e-06 2.182665184591314755e-06 2.211311539213056676e-06 2.248596729259588756e-06 2.196266450482653454e-06 2.190543000324396417e-06 2.201586312366998754e-06 2.230403651992673986e-06 7.990461774170398712e-03 5.873681977391242981e-03 3.998216707259416580e-03 6.241369992494583130e-03 1.677760668098926544e-02
6.480000000000000000e+02 1.428898033836305433e-02 7.645658683031797409e-03 2.027867822107509710e-06 2.657761342561570928e-06 2.273757900184136815e-06 2.105655084960744716e-06 2.262669113406445831e-06 2.444336587359430268e-06 2.517505208743386902e-06 2.303034989381558262e-06 1.925920514622703195e-06 1.861450073192827404e-06 2.091314172503189184e-06 2.649756879691267386e-06 2.462686779836076312e-06 2.132733698090305552e-06 2.002645715037942864e-06 2.120909130098880269e-06 2.510272679501213133e-06 2.339574621146311983e-06 2.197240064560901374e-06 2.165169689760659821e-06 2.192833107983460650e-06 2.236025693491683342e-06 2.176604311898699962e-06 2.179835291826748289e-06 2.179727289330912754e-06 2.210572802141541615e-06 7.976561784744262695e-03 5.864128936082124710e-03 3.991457168012857437e-03 6.232702638953924179e-03 1.676970720291137695e-02
6.490000000000000000e+02 1.424498042502273312e-02 7.627271115779876709e-03 2.015023483181721531e-06 2.645954054969479330e-06 2.263075884911813773e-06 2.097188826155615970e-06 2.258107087982352823e-06 2.428276729915523902e-06 2.519311010473757051e-06 2.296010734426090494e-06 1.918890347951673903e-06 1.844203779910458252e-06 2.078963461826788262e-06 2.628434231155551970e-06 2.443307266730698757e-06 2.117511257893056609e-06 1.986301640499732457e-06 2.111069079546723515e-06 2.486643552401801571e-06 2.334424607397522777e-06 2.185275661759078503e-06 2.158818688258179463e-06 2.179157718273927458e-06 2.223610181317781098e-06 2.161706333936308511e-06 2.148974544979864731e-06 2.174216206185519695e-06 2.201606548624113202e-06 7.962699048221111298e-03 5.854583811014890671e-03 3.984706476330757141e-03 6.224038545042276382e-03 1.676179654896259308e-02
6.500000000000000000e+02 1.420118343195266204e-02 7.608938962221145630e-03 2.000838549065520056e-06 2.625551360324607231e-06 2.253043021482881159e-06 2.082727633023750968e-06 2.249064664283650927e-06 2.416511733827064745e-06 2.502383722458034754e-06 2.276603481732308865e-06 1.904094801830069628e-06 1.834854515436745714e-06 2.066565230052219704e-06 2.607023134260089137e-06 2.427746494504390284e-06 2.107407681251061149e-06 1.979624357772991061e-06 2.101348854921525344e-06 2.466666728651034646e-06 2.311837988600018434e-06 2.166266085623647086e-06 2.141639242836390622e-06 2.169311301258858293e-06 2.196163222834002227e-06 2.149881083823856898e-06 2.137178398697869852e-06 2.154068852178170346e-06 2.171858795918524265e-06 7.948834449052810669e-03 5.845074541866779327e-03 3.977979533374309540e-03 6.215409375727176666e-03 1.675390079617500305e-02
6.510000000000000000e+02 1.415758811328901925e-02 7.590678520500659943e-03 1.978992713702609763e-06 2.617991640363470651e-06 2.241723223050939851e-06 2.088218025164678693e-06 2.243148401248618029e-06 2.393105887676938437e-06 2.484116066625574604e-06 2.271163111799978651e-06 1.888954670903331134e-06 1.817871066123188939e-06 2.051613591902423650e-06 2.589030145827564411e-06 2.413632728348602541e-06 2.088441988234990276e-06 1.961397174454759806e-06 2.097341848639189266e-06 2.455371031828690320e-06 2.303903784195426852e-06 2.156096343242097646e-06 2.133147972926963121e-06 2.162000555472332053e-06 2.183473043260164559e-06 2.132893314410466701e-06 2.128592541339457966e-06 2.130741449946071953e-06 2.173868551835766993e-06 7.935014553368091583e-03 5.835568998008966446e-03 3.971265628933906555e-03 6.206802558153867722e-03 1.674602180719375610e-02
6.520000000000000000e+02 1.411419323271481847e-02 7.572471164166927338e-03 1.969525328604504466e-06 2.599978870421182364e-06 2.226213155154255219e-06 2.074674057439551689e-06 2.229549409094033763e-06 2.373286406509578228e-06 2.473899940014234744e-06 2.245870064143673517e-06 1.888324504761840217e-06 1.803686245693825185e-06 2.034792487393133342e-06 2.582006572993122973e-06 2.398097876721294597e-06 2.078449597320286557e-06 1.949035777215613052e-06 2.071990593321970664e-06 2.435362603137036785e-06 2.283235062350286171e-06 2.138088120773318224e-06 2.111869207510608248e-06 2.136174543920787983e-06 2.167239472328219563e-06 2.119414602930191904e-06 2.113516075041843578e-06 2.120647422998445109e-06 2.153074092348106205e-06 7.921247743070125580e-03 5.826096050441265106e-03 3.964581061154603958e-03 6.198207382112741470e-03 1.673815399408340454e-02
6.530000000000000000e+02 1.407099756337225512e-02 7.554304786026477814e-03 1.960261215572245419e-06 2.597762431832961738e-06 2.223056981165427715e-06 2.068377398245502263e-06 2.200739572799648158e-06 2.366735998293734156e-06 2.468050752213457599e-06 2.237734861409990117e-06 1.875178554655576590e-06 1.793690330487152096e-06 2.019804696828941815e-06 2.557956349846790545e-06 2.385879042776650749e-06 2.068436742774792947e-06 1.934244892254355364e-06 2.061265604424988851e-06 2.435266878819675185e-06 2.267711124659399502e-06 2.113106347678694874e-06 2.093122930091340095e-06 2.128136429746518843e-06 2.155548827431630343e-06 2.102471853504539467e-06 2.095382114930544049e-06 2.110991999870748259e-06 2.145220832971972413e-06 7.907476276159286499e-03 5.816635210067033768e-03 3.957923967391252518e-03 6.189635489135980606e-03 1.673027686774730682e-02
6.540000000000000000e+02 1.402799988777600135e-02 7.536200340837240219e-03 1.945847998285898939e-06 2.578374051154241897e-06 2.200069502578116953e-06 2.054108335869386792e-06 2.196987225033808500e-06 2.363421117479447275e-06 2.452006583553156815e-06 2.226295919172116555e-06 1.860256929830939043e-06 1.788928216228669044e-06 2.007283683269633912e-06 2.550606495788088068e-06 2.374527639403822832e-06 2.061661461993935518e-06 1.923440322570968419e-06 2.039180344581836835e-06 2.402168775006430224e-06 2.246726353405392729e-06 2.103529368469025940e-06 2.083209665215690620e-06 2.104520262946607545e-06 2.135036311301519163e-06 2.084037532767979428e-06 2.091808710247278214e-06 2.095730906148673967e-06 2.116843234034604393e-06 7.893758825957775116e-03 5.807199515402317047e-03 3.951270598918199539e-03 6.181085482239723206e-03 1.672244258224964142e-02
6.550000000000000000e+02 1.398519899772740493e-02 7.518158759921789169e-03 1.927901848830515519e-06 2.558446112743695267e-06 2.192979764004121535e-06 2.048609985649818555e-06 2.182502612413372844e-06 2.338713557037408464e-06 2.441991000523557886e-06 2.215503172919852659e-06 1.853294747888867278e-06 1.766445279827166814e-06 2.004638645303202793e-06 2.536161673560854979e-06 2.368959258092218079e-06 2.038578713836614043e-06 1.909990487547474913e-06 2.036215391854057088e-06 2.401599431323120371e-06 2.238290107925422490e-06 2.093688408422167413e-06 2.071268227155087516e-06 2.091826445393962786e-06 2.127790594386169687e-06 2.078263833027449436e-06 2.076864348055096343e-06 2.076133114314870909e-06 2.100879783029085957e-06 7.880055345594882965e-03 5.797788500785827637e-03 3.944644704461097717e-03 6.172552704811096191e-03 1.671459339559078217e-02
6.560000000000000000e+02 1.394259369422962483e-02 7.500178646296262741e-03 1.909857473947340623e-06 2.549239979998674244e-06 2.176492444050381891e-06 2.031173380601103418e-06 2.165533032894018106e-06 2.326709818589733914e-06 2.431992015772266313e-06 2.200030849053291604e-06 1.839463493524817750e-06 1.766005311765184160e-06 1.978513864742126316e-06 2.519165718695148826e-06 2.343286496397922747e-06 2.025504954872303642e-06 1.898680352496739943e-06 2.015854988712817430e-06 2.374878704358707182e-06 2.218746885773725808e-06 2.072955112453200854e-06 2.050364628303213976e-06 2.076949840557062998e-06 2.109001570715918206e-06 2.062817884507239796e-06 2.054980541288387030e-06 2.061370423689368181e-06 2.084704647131729871e-06 7.866381667554378510e-03 5.788390059024095535e-03 3.938030917197465897e-03 6.164048332720994949e-03 1.670675911009311676e-02
6.570000000000000000e+02 1.390018278740365494e-02 7.482242770493030548e-03 1.901040263874165248e-06 2.529663788664038293e-06 2.165874320780858397e-06 2.021238515226286836e-06 2.162021473850472830e-06 2.311216576345032081e-06 2.411641162325395271e-06 2.189919996453681961e-06 1.825996150728315115e-06 1.748075078467081767e-06 1.978216232600971125e-06 2.502963070583064109e-06 2.327377615074510686e-06 2.011822971326182596e-06 1.892741124720487278e-06 2.007534021686296910e-06 2.363372914260253310e-06 2.196416062361095101e-06 2.064853106276132166e-06 2.041891775661497377e-06 2.057219717244151980e-06 2.088536803057650104e-06 2.034842964349081740e-06 2.044361963271512650e-06 2.036134219451923855e-06 2.069550873784464784e-06 7.852750830352306366e-03 5.779021419584751129e-03 3.931439947336912155e-03 6.155546754598617554e-03 1.669894531369209290e-02
6.580000000000000000e+02 1.385796509640524303e-02 7.464380934834480286e-03 1.881998514363658614e-06 2.528030563553329557e-06 2.148367229892755859e-06 2.010597654589219019e-06 2.155521769964252599e-06 2.305268026248086244e-06 2.400732455498655327e-06 2.172073664041818120e-06 1.812438085835310631e-06 1.739497520247823559e-06 1.958929033207823522e-06 2.479873273841803893e-06 2.308459443156607449e-06 1.988208850889350288e-06 1.874380700428446289e-06 1.997273102460894734e-06 2.339902721359976567e-06 2.184776576541480608e-06 2.048355327133322135e-06 2.025312824116554111e-06 2.051944875347544439e-06 2.075842530757654458e-06 2.020224883381160907e-06 2.022534090428962372e-06 2.025126377702690661e-06 2.062573912553489208e-06 7.839143276214599609e-03 5.769663490355014801e-03 3.924855496734380722e-03 6.147088482975959778e-03 1.669113151729106903e-02
6.590000000000000000e+02 1.381593944934270644e-02 7.446547504514455795e-03 1.866137381512089632e-06 2.510632612029439770e-06 2.141460072380141355e-06 2.002384917432209477e-06 2.130754410245572217e-06 2.291963483003200963e-06 2.389057044638320804e-06 2.164764964618370868e-06 1.798231210159428883e-06 1.726476170915702824e-06 1.942669314303202555e-06 2.457521986798383296e-06 2.297278797414037399e-06 1.978751697606639937e-06 1.862843646449618973e-06 1.981293053177068941e-06 2.320222165508312173e-06 2.171155301766702905e-06 2.039660103037022054e-06 2.006044724112143740e-06 2.027585424002609216e-06 2.052536501651047729e-06 2.002051587624009699e-06 2.002979044846142642e-06 2.013438916037557647e-06 2.045178689513704740e-06 7.825553417205810547e-03 5.760323721915483475e-03 3.918319009244441986e-03 6.138626020401716232e-03 1.668332330882549286e-02
6.600000000000000000e+02 1.377410468319559267e-02 7.428788580000400543e-03 1.856848371062369552e-06 2.487438223397475667e-06 2.131682322215056047e-06 1.980185743377660401e-06 2.124930233549093828e-06 2.278721922266413458e-06 2.377862983848899603e-06 2.144759264410822652e-06 1.779541094037995208e-06 1.714641143735207152e-06 1.932486384248477407e-06 2.446626922392169945e-06 2.281988827235181816e-06 1.966785703189088963e-06 1.847958060352539178e-06 1.958785333044943400e-06 2.311957587153301574e-06 2.159016275982139632e-06 2.018310169660253450e-06 1.994821559492265806e-06 2.014210167544661090e-06 2.042665755652706139e-06 1.985393510040012188e-06 1.984561322387889959e-06 1.992773150050197728e-06 2.022291027969913557e-06 7.812005467712879181e-03 5.751005373895168304e-03 3.911770414561033249e-03 6.130206864327192307e-03 1.667553558945655823e-02
6.610000000000000000e+02 1.373245964373422112e-02 7.411089725792407990e-03 1.844722646637819707e-06 2.472357437000027858e-06 2.109189608745509759e-06 1.972753807422122918e-06 2.122724254149943590e-06 2.266756155222537927e-06 2.360314965699217282e-06 2.125492301274789497e-06 1.759574388415785506e-06 1.703809971331793349e-06 1.921815510286251083e-06 2.427221033940440975e-06 2.260231894979369827e-06 1.960799409062019549e-06 1.832971634030400310e-06 1.950254500115988776e-06 2.278945885336725041e-06 2.142096718671382405e-06 1.998626657950808294e-06 1.974972292373422533e-06 2.002261908273794688e-06 2.022795797529397532e-06 1.966678610187955201e-06 1.976772182388231158e-06 1.984982191061135381e-06 2.009298214034060948e-06 7.798493374139070511e-03 5.741717293858528137e-03 3.905248129740357399e-03 6.121780723333358765e-03 1.666775904595851898e-02
6.620000000000000000e+02 1.369100318544007495e-02 7.393434178084135056e-03 1.818812734200037085e-06 2.464351155140320770e-06 2.102366579492809251e-06 1.965762749023269862e-06 2.102533017023233697e-06 2.251374098705127835e-06 2.340821993129793555e-06 2.115984671036130749e-06 1.747707756294403225e-06 1.692082491899782326e-06 1.913973392220214009e-06 2.415592234683572315e-06 2.254652372357668355e-06 1.934358124344726093e-06 1.820464490265294444e-06 1.934958390847896226e-06 2.269139486088533886e-06 2.122544856320018880e-06 1.984633854590356350e-06 1.957970653165830299e-06 1.980663000722415745e-06 1.999563210119958967e-06 1.951363174157449976e-06 1.957054792001144961e-06 1.965752744581550360e-06 1.988656094908947125e-06 7.785005494952201843e-03 5.732436198741197586e-03 3.898758208379149437e-03 6.113401148468255997e-03 1.665998622775077820e-02
6.630000000000000000e+02 1.364973417142701165e-02 7.375837303698062897e-03 1.813664539440651424e-06 2.447975930408574641e-06 2.084506832034094259e-06 1.959613200597232208e-06 2.086586391669698060e-06 2.241636138933245093e-06 2.340795390409766696e-06 2.096814796459511854e-06 1.741860501169867348e-06 1.677711679803906009e-06 1.889812665467616171e-06 2.392614987911656499e-06 2.239782361357356422e-06 1.928061919898027554e-06 1.807792614272329956e-06 1.923743184306658804e-06 2.251163778055342846e-06 2.103379074469557963e-06 1.980313527383259498e-06 1.943433744600042701e-06 1.961702309927204624e-06 1.994684225792298093e-06 1.943403958648559637e-06 1.951442300196504220e-06 1.945780240930616856e-06 1.972973450392601080e-06 7.771542761474847794e-03 5.723182577639818192e-03 3.892267588526010513e-03 6.105016451328992844e-03 1.665222644805908203e-02
6.640000000000000000e+02 1.360865147336333229e-02 7.358298171311616898e-03 1.796570018086640630e-06 2.427393383186426945e-06 2.076749069601646625e-06 1.944719542734674178e-06 2.080019839922897518e-06 2.227498043794184923e-06 2.321000465599354357e-06 2.087341044898494147e-06 1.727219569147564471e-06 1.670842834755603690e-06 1.887380790321913082e-06 2.391727775830077007e-06 2.223785031674196944e-06 1.908145350171253085e-06 1.794445893210649956e-06 1.909089633045368828e-06 2.236409500255831517e-06 2.087452912746812217e-06 1.957411996045266278e-06 1.931084398165694438e-06 1.951610556716332212e-06 1.984352138606482185e-06 1.925229980770382099e-06 1.917052259159390815e-06 1.927475295815384015e-06 1.947965529325301759e-06 7.758108898997306824e-03 5.713956896215677261e-03 3.885805606842041016e-03 6.096669007092714310e-03 1.664447784423828125e-02
6.650000000000000000e+02 1.356775397139465232e-02 7.340805605053901672e-03 1.788991312423604541e-06 2.419580368950846605e-06 2.057995288851088844e-06 1.933212615767843090e-06 2.067023615381913260e-06 2.205628788942703977e-06 2.299906100233783945e-06 2.073712948913453147e-06 1.717226155051321257e-06 1.658802830206695944e-06 1.870189521469001193e-06 2.369094318055431359e-06 2.207689021815895103e-06 1.891566398626309820e-06 1.772335508576361462e-06 1.893854573609132785e-06 2.221387603640323505e-06 2.071913513645995408e-06 1.944126324815442786e-06 1.918017915158998221e-06 1.933714202095870860e-06 1.953408627741737291e-06 1.908019157781382091e-06 1.910938863147748634e-06 1.915346729219891131e-06 1.941220489243278280e-06 7.744699716567993164e-03 5.704733077436685562e-03 3.879360854625701904e-03 6.088334135711193085e-03 1.663673669099807739e-02
6.660000000000000000e+02 1.352704055406758060e-02 7.323372177779674530e-03 1.771246843418339267e-06 2.407645752100506797e-06 2.044261009359615855e-06 1.918892166941077448e-06 2.043342192337149754e-06 2.196329887738102116e-06 2.293624902449664660e-06 2.050284365395782515e-06 1.704294163573649712e-06 1.639912966311385389e-06 1.857831762208661530e-06 2.351757302676560357e-06 2.188218786614015698e-06 1.888024826257606037e-06 1.759326892170065548e-06 1.876416376944689546e-06 2.211993432865710929e-06 2.056460289168171585e-06 1.928698793562944047e-06 1.904931423268863000e-06 1.915280108732986264e-06 1.954125764314085245e-06 1.898390223686874378e-06 1.895367404358694330e-06 1.907978912640828639e-06 1.928864094224991277e-06 7.731331512331962585e-03 5.695539992302656174e-03 3.872935194522142410e-03 6.080027204006910324e-03 1.662900298833847046e-02
6.670000000000000000e+02 1.348651011825421561e-02 7.305993698537349701e-03 1.761822659318568185e-06 2.395158617218839936e-06 2.032945531027507968e-06 1.914033191496855579e-06 2.032777274507679977e-06 2.188674670833279379e-06 2.283778712808270939e-06 2.041874722635839134e-06 1.697512857390393037e-06 1.631988766348513309e-06 1.849168484113761224e-06 2.333471229576389305e-06 2.172053655158379115e-06 1.865112267296353821e-06 1.749363150338467676e-06 1.861110604295390658e-06 2.187824520660797134e-06 2.044435632342356257e-06 1.905638100652140565e-06 1.894828415061056148e-06 1.907395471789641306e-06 1.929235622810665518e-06 1.882996002677828074e-06 1.877019258245127276e-06 1.890772637125337496e-06 1.917275312735000625e-06 7.717984728515148163e-03 5.686370190232992172e-03 3.866526065394282341e-03 6.071740761399269104e-03 1.662128604948520660e-02
6.680000000000000000e+02 1.344616156907741354e-02 7.288667839020490646e-03 1.748289832903537899e-06 2.383564833507989533e-06 2.027114533120766282e-06 1.900215238492819481e-06 2.021346290348446928e-06 2.172175982195767574e-06 2.276022541991551407e-06 2.034007366091827862e-06 1.681400704001134727e-06 1.615745645722199697e-06 1.839164497141609900e-06 2.320208977835136466e-06 2.148218982256366871e-06 1.861882083176169544e-06 1.740763877933204640e-06 1.852146056080528069e-06 2.169059371226467192e-06 2.012361846936983056e-06 1.893256467155879363e-06 1.869288212219544221e-06 1.886820655272458680e-06 1.912573907247860916e-06 1.868794129222806077e-06 1.870326059361104853e-06 1.876439114312233869e-06 1.893218836812593509e-06 7.704657036811113358e-03 5.677206907421350479e-03 3.860137425363063812e-03 6.063457578420639038e-03 1.661357469856739044e-02
6.690000000000000000e+02 1.340599381983684918e-02 7.271401118487119675e-03 1.734199713609996252e-06 2.363996600251994096e-06 2.007752755162073299e-06 1.885096935438923538e-06 2.007081320698489435e-06 2.163041926905862056e-06 2.259663460790761746e-06 2.012544655372039415e-06 1.673655560807674192e-06 1.600993414285767358e-06 1.813942503758880775e-06 2.294304749739239924e-06 2.141234290320426226e-06 1.837603008425503504e-06 1.724972776173672173e-06 1.839070819187327288e-06 2.155534502890077420e-06 2.010219532166956924e-06 1.880546051324927248e-06 1.852953914749377873e-06 1.880319132396834902e-06 1.899665448945597745e-06 1.848769784373871516e-06 1.856621111073764041e-06 1.846427721829968505e-06 1.877745035017142072e-06 7.691374979913234711e-03 5.668066442012786865e-03 3.853766014799475670e-03 6.055200938135385513e-03 1.660587266087532043e-02
6.700000000000000000e+02 1.336600579193584354e-02 7.254180032759904861e-03 1.713983124318474438e-06 2.347340341657400131e-06 1.993980504266801290e-06 1.877304384834133089e-06 1.990547389141283929e-06 2.144629661415820010e-06 2.245785253762733191e-06 1.988573558264761232e-06 1.654280936236318666e-06 1.592965531926893163e-06 1.795716912056377623e-06 2.280626404171925969e-06 2.121225406881421804e-06 1.821184014261234552e-06 1.704994815554528031e-06 1.818739292502868921e-06 2.133277348548290320e-06 1.989974862226517871e-06 1.862989392975578085e-06 1.843452196226280648e-06 1.849267960096767638e-06 1.882190076685219537e-06 1.837637569224170875e-06 1.833453779909177683e-06 1.843976633608690463e-06 1.867722403403604403e-06 7.678109686821699142e-03 5.658958107233047485e-03 3.847401589155197144e-03 6.046968046575784683e-03 1.659818366169929504e-02
6.710000000000000000e+02 1.332619641480895824e-02 7.237008307129144669e-03 1.708419745227729436e-06 2.329519020349835046e-06 1.977201236513792537e-06 1.859992494246398564e-06 1.983624997592414729e-06 2.140863443855778314e-06 2.231735834357095882e-06 1.979798753382056020e-06 1.629028020033729263e-06 1.572926862536405679e-06 1.793844376152264886e-06 2.268333219035412185e-06 2.101461177517194301e-06 1.811416836972057354e-06 1.704896931187249720e-06 1.808865249586233404e-06 2.113500841005588882e-06 1.975462964765029028e-06 1.842979600041871890e-06 1.828300014494743664e-06 1.839921537793998141e-06 1.869144625743501820e-06 1.825372009989223443e-06 1.826699190132785589e-06 1.822226067815790884e-06 1.854090783126594033e-06 7.664871402084827423e-03 5.649856757372617722e-03 3.841066267341375351e-03 6.038748659193515778e-03 1.659050025045871735e-02
6.720000000000000000e+02 1.328656462585033927e-02 7.219895720481872559e-03 1.693701392468938138e-06 2.321673946426017210e-06 1.957584117917576805e-06 1.848333681664371397e-06 1.960483587026828900e-06 2.124388856827863492e-06 2.223859610239742324e-06 1.976426801775232889e-06 1.624441551939526107e-06 1.569640630805224646e-06 1.781808691703190561e-06 2.243972403448424302e-06 2.091851001750910655e-06 1.801552230062952731e-06 1.682054971752222627e-06 1.794349486772262026e-06 2.097861624861252494e-06 1.954858589670038782e-06 1.835784360082470812e-06 1.805853685254987795e-06 1.828493509492545854e-06 1.851174260991683695e-06 1.808212800824549049e-06 1.803525378818449099e-06 1.819892759158392437e-06 1.840552840803866275e-06 7.651672698557376862e-03 5.640768446028232574e-03 3.834740258753299713e-03 6.030548363924026489e-03 1.658283732831478119e-02
6.730000000000000000e+02 1.324710937034281368e-02 7.202825974673032761e-03 1.676767283242952544e-06 2.311820026079658419e-06 1.949748593688127585e-06 1.835703869801363908e-06 1.948652197825140320e-06 2.106477268171147443e-06 2.204250222348491661e-06 1.957136419150629081e-06 1.600781388333416544e-06 1.553691049593908247e-06 1.759088831931876484e-06 2.232774477306520566e-06 2.070028813250246458e-06 1.784046276043227408e-06 1.667778064984304365e-06 1.771817665030539501e-06 2.092209115289733745e-06 1.938579771376680583e-06 1.811083620850695297e-06 1.795722027964075096e-06 1.806814566407410894e-06 1.836573801483609714e-06 1.797530558178550564e-06 1.794779677766200621e-06 1.805296506063314155e-06 1.827299684009631164e-06 7.638499606400728226e-03 5.631715990602970123e-03 3.828440560027956963e-03 6.022366229444742203e-03 1.657518744468688965e-02
6.740000000000000000e+02 1.320782960138770258e-02 7.185824215412139893e-03 1.676537181083403993e-06 2.282236209794064052e-06 1.934148031068616547e-06 1.836786623243824579e-06 1.943769802892347798e-06 2.097463720929226838e-06 2.198043603129917756e-06 1.941135906236013398e-06 1.598974336047831457e-06 1.543937173664744478e-06 1.762917008818476461e-06 2.212158051406731829e-06 2.053634261756087653e-06 1.769040977706026752e-06 1.646958139644993935e-06 1.766545778991712723e-06 2.073042423944571055e-06 1.922966475831344724e-06 1.811260631257027853e-06 1.784441906238498632e-06 1.801539724510803353e-06 1.818267833186837379e-06 1.777616034814855084e-06 1.776711656020779628e-06 1.788363192645192612e-06 1.807687226573762018e-06 7.625337690114974976e-03 5.622681230306625366e-03 3.822156228125095367e-03 6.014208775013685226e-03 1.656752079725265503e-02
6.750000000000000000e+02 1.316872427983539068e-02 7.168869953602552414e-03 1.653639287724217866e-06 2.270849790875217877e-06 1.925369588207104243e-06 1.819202566366584506e-06 1.925380274769850075e-06 2.079240630337153561e-06 2.174665496568195522e-06 1.928518258864642121e-06 1.585659447300713509e-06 1.521820422567543574e-06 1.742264430504292250e-06 2.207129909947980195e-06 2.047639327429351397e-06 1.754045229063194711e-06 1.633419742574915290e-06 1.751728404997265898e-06 2.049949898719205521e-06 1.902518420138221700e-06 1.788201529961952474e-06 1.768898414411523845e-06 1.786853658813924994e-06 1.812297341530211270e-06 1.760930672389804386e-06 1.768178094607719686e-06 1.773152007444878109e-06 1.794948616407054942e-06 7.612223736941814423e-03 5.613655783236026764e-03 3.815895179286599159e-03 6.006063893437385559e-03 1.655988208949565887e-02
6.760000000000000000e+02 1.312979237421658951e-02 7.151965051889419556e-03 1.639830770727712661e-06 2.253826551168458536e-06 1.908814965645433404e-06 1.796476794879708905e-06 1.908922058646567166e-06 2.065428589048678987e-06 2.168603032259852625e-06 1.912677589643863030e-06 1.581733272359997500e-06 1.527849804006109480e-06 1.725279275888169650e-06 2.178645672756829299e-06 2.029749566645477898e-06 1.743911298035527579e-06 1.624437118152854964e-06 1.731277507133199833e-06 2.030867790381307714e-06 1.884324206002929714e-06 1.778809746610932052e-06 1.751500235513958614e-06 1.771008328432799317e-06 1.793532192095881328e-06 1.748901468090480193e-06 1.747416604302998167e-06 1.762926899573358241e-06 1.786687789717689157e-06 7.599134929478168488e-03 5.604648031294345856e-03 3.809640184044837952e-03 5.997939966619014740e-03 1.655223593115806580e-02
6.770000000000000000e+02 1.309103286067431898e-02 7.135116029530763626e-03 1.633305259929329623e-06 2.241817810499924235e-06 1.894766000987146981e-06 1.789122393347497564e-06 1.895577838695317041e-06 2.052494892268441617e-06 2.153958803319255821e-06 1.909193997562397271e-06 1.562059765092271846e-06 1.513204324510297738e-06 1.716970018605934456e-06 2.170776724597089924e-06 2.008673618547618389e-06 1.728114398247271311e-06 1.618091459931747522e-06 1.721632997941924259e-06 2.018654186031199060e-06 1.880139620880072471e-06 1.753115043356956448e-06 1.738879859658482019e-06 1.757613404151925351e-06 1.780202069312508684e-06 1.737629986564570572e-06 1.728106212794955354e-06 1.747159330989234149e-06 1.770061317074578255e-06 7.586073130369186401e-03 5.595663096755743027e-03 3.803415456786751747e-03 5.989839322865009308e-03 1.654461584985256195e-02
6.780000000000000000e+02 1.305244472289659834e-02 7.118314970284700394e-03 1.619035629119025543e-06 2.230150130344554782e-06 1.879247065517120063e-06 1.776296926436771173e-06 1.877658178273122758e-06 2.031327539953053929e-06 2.140687229257309809e-06 1.890529688353126403e-06 1.548511818327824585e-06 1.500653297625831328e-06 1.697686229817918502e-06 2.146524366253288463e-06 1.998960442506358959e-06 1.713224946797708981e-06 1.601085841684835032e-06 1.708220452201203443e-06 2.003232566494261846e-06 1.855659547800314613e-06 1.749345642565458547e-06 1.719851525194826536e-06 1.745673444020212628e-06 1.764254989211622160e-06 1.721713147162517998e-06 1.718185785648529418e-06 1.724440494399459567e-06 1.754196887304715347e-06 7.573038339614868164e-03 5.586691666394472122e-03 3.797198180109262466e-03 5.981757305562496185e-03 1.653700321912765503e-02
6.790000000000000000e+02 1.301402695204981717e-02 7.101553957909345627e-03 1.618117494217585772e-06 2.208679916293476708e-06 1.863170496108068619e-06 1.761749217621400021e-06 1.863934926404908765e-06 2.022903117904206738e-06 2.129991116817109287e-06 1.875703674159012735e-06 1.539134018457843922e-06 1.482318452872277703e-06 1.696542426543601323e-06 2.129557287844363600e-06 1.983091124202474020e-06 1.696472736512077972e-06 1.586007215337303933e-06 1.691908664724905975e-06 1.995437742152716964e-06 1.843107042986957822e-06 1.734368424877175130e-06 1.710283640932175331e-06 1.726645905364421196e-06 1.749221496538666543e-06 1.709174966890714131e-06 1.713694473437499255e-06 1.716037218102428596e-06 1.740109837555792183e-06 7.560033816844224930e-03 5.577748641371726990e-03 3.791000461205840111e-03 5.973680410534143448e-03 1.652940548956394196e-02
6.800000000000000000e+02 1.297577854671280208e-02 7.084858138114213943e-03 1.600101427357003558e-06 2.194308763137087226e-06 1.849573322942887899e-06 1.742155745887430385e-06 1.851595243351766840e-06 2.011649712585494854e-06 2.118006250384496525e-06 1.866564730335085187e-06 1.525864263385301456e-06 1.478958665757090785e-06 1.670627170824445784e-06 2.109401748384698294e-06 1.970585799426771700e-06 1.693101580713118892e-06 1.574848056407063268e-06 1.675905764386698138e-06 1.970858875210979022e-06 1.831349436542950571e-06 1.719555370982561726e-06 1.697680886536545586e-06 1.719941110422951169e-06 1.730726467030763160e-06 1.699972699498175643e-06 1.696809476925409399e-06 1.716649535410397220e-06 1.728494567032612395e-06 7.547056768089532852e-03 5.568829830735921860e-03 3.784815547987818718e-03 5.965635646134614944e-03 1.652180217206478119e-02
6.810000000000000000e+02 1.293769851281155632e-02 7.068201899528503418e-03 1.590294232300948352e-06 2.182017851737327874e-06 1.829066718528338242e-06 1.736318836265127175e-06 1.838432808654033579e-06 1.998871312025585212e-06 2.097418246194138192e-06 1.848429860729083885e-06 1.504586293776810635e-06 1.457310986552329268e-06 1.663109401306428481e-06 2.094481942549464293e-06 1.956592996066319756e-06 1.667146079853409901e-06 1.557065843371674418e-06 1.660317366258823313e-06 1.961903080882620998e-06 1.811852143873693421e-06 1.714648647066496778e-06 1.689441546659509186e-06 1.704050873740925454e-06 1.726030291138158645e-06 1.683947402852936648e-06 1.690435851742222439e-06 1.694412048891535960e-06 1.717139866741490550e-06 7.534095086157321930e-03 5.559923127293586731e-03 3.778652055189013481e-03 5.957610439509153366e-03 1.651422865688800812e-02
6.820000000000000000e+02 1.289978586355466569e-02 7.051620166748762131e-03 1.579617787683673669e-06 2.168191258533624932e-06 1.820370016503147781e-06 1.720435989227553364e-06 1.825472054406418465e-06 1.985169546969700605e-06 2.097519200106034987e-06 1.828583549468021374e-06 1.494094021836644970e-06 1.455929691474011634e-06 1.645679162720625754e-06 2.081645789075992070e-06 1.938640707521699369e-06 1.654263883210660424e-06 1.549872308714839164e-06 1.657442339819681365e-06 1.949990519278799184e-06 1.801803932721668389e-06 1.694361685622425284e-06 1.669776565904612653e-06 1.695720584393711761e-06 1.708494892227463424e-06 1.670612391535541974e-06 1.675264911682461388e-06 1.682439801697910298e-06 1.708726813376415521e-06 7.521165534853935242e-03 5.551029928028583527e-03 3.772507887333631516e-03 5.949589889496564865e-03 1.650664582848548889e-02
6.830000000000000000e+02 1.286203961936937396e-02 7.035054732114076614e-03 1.574076350152608939e-06 2.148827661585528404e-06 1.802108840820437763e-06 1.714036216071690433e-06 1.811669108064961620e-06 1.975418854271993041e-06 2.078943680317024700e-06 1.823682396207004786e-06 1.485780785515089519e-06 1.434069531569548417e-06 1.638013941374083515e-06 2.069138417937210761e-06 1.915256234497064725e-06 1.648460397518647369e-06 1.527286372038361151e-06 1.644545022827514913e-06 1.930695134433335625e-06 1.793105525393912103e-06 1.678673356764193159e-06 1.663880084379343316e-06 1.684158405623747967e-06 1.706501279841177166e-06 1.663608486524026375e-06 1.658239398238947615e-06 1.672423650234122761e-06 1.696979325060965493e-06 7.508273702114820480e-03 5.542163271456956863e-03 3.766382113099098206e-03 5.941590294241905212e-03 1.649907417595386505e-02
6.840000000000000000e+02 1.282445880783830879e-02 7.018565200269222260e-03 1.551995069348777179e-06 2.131313749487162568e-06 1.797180857465718873e-06 1.687957364993053488e-06 1.792132252376177348e-06 1.963469912880100310e-06 2.060108727164333686e-06 1.799044298422813881e-06 1.470135430281516165e-06 1.429967937838227954e-06 1.619404883967945352e-06 2.058990730802179314e-06 1.895977106869395357e-06 1.633021724956051912e-06 1.528194047750730533e-06 1.628516542950819712e-06 1.917540430440567434e-06 1.778498926796601154e-06 1.669213133936864324e-06 1.653296521908487193e-06 1.666494881646940485e-06 1.692371370154432952e-06 1.652014702813175973e-06 1.649906721468141768e-06 1.648955958444275893e-06 1.683498226157098543e-06 7.495407480746507645e-03 5.533302668482065201e-03 3.760256804525852203e-03 5.933623760938644409e-03 1.649151556193828583e-02
6.850000000000000000e+02 1.278704246363684786e-02 7.002113852649927139e-03 1.552713797536853235e-06 2.129600261469022371e-06 1.784473624866222963e-06 1.680359105193929281e-06 1.788303734429064207e-06 1.947337523233727552e-06 2.056809307759976946e-06 1.779081003405735828e-06 1.464141519136319403e-06 1.424992774445854593e-06 1.610859840184275527e-06 2.042681671809987165e-06 1.893490093607397284e-06 1.617402631381992251e-06 1.524936919850006234e-06 1.614441998754045926e-06 1.906237685034284368e-06 1.770440462678379845e-06 1.660223119870352093e-06 1.631687609915388748e-06 1.648063744141836651e-06 1.678739067756396253e-06 1.634883460610581096e-06 1.647426643103244714e-06 1.647979502195084933e-06 1.669858647801447660e-06 7.482562679797410965e-03 5.524471867829561234e-03 3.754161763936281204e-03 5.925668403506278992e-03 1.648398861289024353e-02
6.860000000000000000e+02 1.274978962847113026e-02 6.985723040997982025e-03 1.534174543849076144e-06 2.101743348248419352e-06 1.757076233843690716e-06 1.666965772528783418e-06 1.767108187777921557e-06 1.932843133545247838e-06 2.039635546680074185e-06 1.778981754796404857e-06 1.450133140679099597e-06 1.405664420417451765e-06 1.598355993337463588e-06 2.023952674790052697e-06 1.887726398308586795e-06 1.602178258508502040e-06 1.499921950198768172e-06 1.599960455678228755e-06 1.897079414447944146e-06 1.754027721290185582e-06 1.645829570406931452e-06 1.615265205145988148e-06 1.639399101804883685e-06 1.660059183450357523e-06 1.631771624488465022e-06 1.636922206671442837e-06 1.635566150071099401e-06 1.655356300034327433e-06 7.469751872122287750e-03 5.515652708709239960e-03 3.748091636225581169e-03 5.917716771364212036e-03 1.647644117474555969e-02
6.870000000000000000e+02 1.271269935101669753e-02 6.969374604523181915e-03 1.534040961814753246e-06 2.090059297188417986e-06 1.745210852277523372e-06 1.656637323321774602e-06 1.749719672261562664e-06 1.925734977703541517e-06 2.021057753154309466e-06 1.757223685672215652e-06 1.438382923879544251e-06 1.393384422954113688e-06 1.588713075761916116e-06 2.011405058510717936e-06 1.865465151240641717e-06 1.596470383447012864e-06 1.488328280174755491e-06 1.593104684616264421e-06 1.872974394245829899e-06 1.738698301778640598e-06 1.634772615943802521e-06 1.615638780094741378e-06 1.624182118575845379e-06 1.655104370001936331e-06 1.611623474673251621e-06 1.610429762877174653e-06 1.620403736524167471e-06 1.640617256271070801e-06 7.456948980689048767e-03 5.506869405508041382e-03 3.742027562111616135e-03 5.909800063818693161e-03 1.646891608834266663e-02
6.880000000000000000e+02 1.267577068685776104e-02 6.953062023967504501e-03 1.523476726106309798e-06 2.068065896310145035e-06 1.730194298943388276e-06 1.635237595110083930e-06 1.730860617499274667e-06 1.913251253427006304e-06 2.014127403526799753e-06 1.739581534820899833e-06 1.426799826731439680e-06 1.383167159474396612e-06 1.574698899275972508e-06 2.006494014494819567e-06 1.857593474596797023e-06 1.577925786477862857e-06 1.476022703172930051e-06 1.573662984810653143e-06 1.860459178715245798e-06 1.725963102217065170e-06 1.623103571546380408e-06 1.596467427589232102e-06 1.622243416932178661e-06 1.632054477340716403e-06 1.610912136129627470e-06 1.607698663974588271e-06 1.605537363502662629e-06 1.633354486330063082e-06 7.444182410836219788e-03 5.498092155903577805e-03 3.735982114449143410e-03 5.901895463466644287e-03 1.646140404045581818e-02
6.890000000000000000e+02 1.263900269842707647e-02 6.936816498637199402e-03 1.510505398982786573e-06 2.054008291452191770e-06 1.716181031952146441e-06 1.635288413126545493e-06 1.733452904773002956e-06 1.891558213173993863e-06 1.996051423702738248e-06 1.734014063003996853e-06 1.414953203493496403e-06 1.368347739116870798e-06 1.555989797452639323e-06 1.979171884158859029e-06 1.843197424022946507e-06 1.570539893691602629e-06 1.471113364459597506e-06 1.563536898174788803e-06 1.848330612119752914e-06 1.722922661429038271e-06 1.611722723282582592e-06 1.591165641912084538e-06 1.605043394192762207e-06 1.632085059100063518e-06 1.594206992194813211e-06 1.598377707523468416e-06 1.594670948179555126e-06 1.627712322260777000e-06 7.431445643305778503e-03 5.489320494234561920e-03 3.729953430593013763e-03 5.894010420888662338e-03 1.645388454198837280e-02
6.900000000000000000e+02 1.260239445494643930e-02 6.920619867742061615e-03 1.495237142989935819e-06 2.034470981016056612e-06 1.711223603706457652e-06 1.615424366718798410e-06 1.714330892355064861e-06 1.874729150586063042e-06 1.986018105526454747e-06 1.730050826154183596e-06 1.399684492753294762e-06 1.358450617772177793e-06 1.547772626508958638e-06 1.976129169634077698e-06 1.832674115576082841e-06 1.554770051370724104e-06 1.462832074139441829e-06 1.557235918880905956e-06 1.842913206928642467e-06 1.702947201920324005e-06 1.595535195519914851e-06 1.575333385517296847e-06 1.596499373590631876e-06 1.619736963220930193e-06 1.592142098161275499e-06 1.577486045789555646e-06 1.592624698787403759e-06 1.617073507986788172e-06 7.418739609420299530e-03 5.480588879436254501e-03 3.723935456946492195e-03 5.886140279471874237e-03 1.644638180732727051e-02
6.910000000000000000e+02 1.256594503236778057e-02 6.904450245201587677e-03 1.492103933742328081e-06 2.023572051257360727e-06 1.690880139904038515e-06 1.601238636794732884e-06 1.700333768894779496e-06 1.865696731329080649e-06 1.978065483854152262e-06 1.713072038000973407e-06 1.391856017107784282e-06 1.350959109913674183e-06 1.533494810246338602e-06 1.962271426236839034e-06 1.818804889808234293e-06 1.551497803120582830e-06 1.449871660952339880e-06 1.550228716951096430e-06 1.826163043006090447e-06 1.692654223006684333e-06 1.581853894094820134e-06 1.567292088111571502e-06 1.594104219293512870e-06 1.606437535883742385e-06 1.576907038725039456e-06 1.571484972373582423e-06 1.584875121807272080e-06 1.613348104001488537e-06 7.406054530292749405e-03 5.471850279718637466e-03 3.717947285622358322e-03 5.878285504877567291e-03 1.643889397382736206e-02
6.920000000000000000e+02 1.252965351331484546e-02 6.888350006192922592e-03 1.478617946304439101e-06 2.004846010095207021e-06 1.677924728937796317e-06 1.588613031344721094e-06 1.692672867648070678e-06 1.855209234236099292e-06 1.967535808944376186e-06 1.699458607617998496e-06 1.387344013892288785e-06 1.346564317827869672e-06 1.525226480225683190e-06 1.939386720550828613e-06 1.808668343983299565e-06 1.531638417873182334e-06 1.434313730896974448e-06 1.529522137388994452e-06 1.822366471060377080e-06 1.671945256020990200e-06 1.574743805576872546e-06 1.564828380651306361e-06 1.581693481966794934e-06 1.600966925252578221e-06 1.574265183990064543e-06 1.564637614137609489e-06 1.574115799485298339e-06 1.599271058694284875e-06 7.393400650471448898e-03 5.463165696710348129e-03 3.711959579959511757e-03 5.870456807315349579e-03 1.643140427768230438e-02
6.930000000000000000e+02 1.249351898702548078e-02 6.872294470667839050e-03 1.477794512538821436e-06 1.989400061574997380e-06 1.666764319452340715e-06 1.571996335769654252e-06 1.669744733590050600e-06 1.841792709456058219e-06 1.959844439625157975e-06 1.693541548775101546e-06 1.369216306557063945e-06 1.335677552560810000e-06 1.513279130449518561e-06 1.943554480021703057e-06 1.785950530575064477e-06 1.526089590697665699e-06 1.436156253475928679e-06 1.530871713839587756e-06 1.799167762328579556e-06 1.674605982771026902e-06 1.565693310112692416e-06 1.550269075778487604e-06 1.572954715811647475e-06 1.589959083503345028e-06 1.556200345476099756e-06 1.552353978695464320e-06 1.565239699630183168e-06 1.587471501807158347e-06 7.380777038633823395e-03 5.454473197460174561e-03 3.705990035086870193e-03 5.862645804882049561e-03 1.642393134534358978e-02
6.940000000000000000e+02 1.245754054929448795e-02 6.856293417513370514e-03 1.472190319873334374e-06 1.969472123164450750e-06 1.650850322221231181e-06 1.555612925585592166e-06 1.662609292907291092e-06 1.823307798076712061e-06 1.938104787768679671e-06 1.673960355219605844e-06 1.354728624392009806e-06 1.324585241491149645e-06 1.508192099208827130e-06 1.923809577419888228e-06 1.777778720679634716e-06 1.513176130174542777e-06 1.410043751093326136e-06 1.518812155154591892e-06 1.789615112102183048e-06 1.660158545746526215e-06 1.561825115459214430e-06 1.540847847536497284e-06 1.560059899929910898e-06 1.580862317496212199e-06 1.548257046124490444e-06 1.547356873743410688e-06 1.548093564451846760e-06 1.571997586324869189e-06 7.368169724941253662e-03 5.445803049951791763e-03 3.700048662722110748e-03 5.854852963238954544e-03 1.641646772623062134e-02
6.950000000000000000e+02 1.242171730241705893e-02 6.840322166681289673e-03 1.458032556911348365e-06 1.965912360901711509e-06 1.638062940401141532e-06 1.551961759105324745e-06 1.654789798521960620e-06 1.814502638808335178e-06 1.929359996211132966e-06 1.672731968938023783e-06 1.346297722193412483e-06 1.315050781158788595e-06 1.490454337726987433e-06 1.915287157316925004e-06 1.763944283084128983e-06 1.504698616372479592e-06 1.408981347594817635e-06 1.500345547356118914e-06 1.788204713193408679e-06 1.647227236389881000e-06 1.540577045489044394e-06 1.531124894427193794e-06 1.553696847622632049e-06 1.572890596435172483e-06 1.539786467219528276e-06 1.538003289169864729e-06 1.538519882160471752e-06 1.563975047247367911e-06 7.355595473200082779e-03 5.437140818685293198e-03 3.694123122841119766e-03 5.847071763128042221e-03 1.640901900827884674e-02
6.960000000000000000e+02 1.238604835513277928e-02 6.824419368058443069e-03 1.450447484785399865e-06 1.945580152096226811e-06 1.632650196370377671e-06 1.536486252007307485e-06 1.636799765947216656e-06 1.803106556508282665e-06 1.926697223098017275e-06 1.654690663599467371e-06 1.341789129583048634e-06 1.308563923885230906e-06 1.474564328418637160e-06 1.900353822748002131e-06 1.757299173732462805e-06 1.503054477325349580e-06 1.398928020535095129e-06 1.493402692176459823e-06 1.767766889315680601e-06 1.636503384361276403e-06 1.541247911518439651e-06 1.531495627205003984e-06 1.540886501061322633e-06 1.557560949549952056e-06 1.525864377072139177e-06 1.523315972917771433e-06 1.533179897705849726e-06 1.553177753521595150e-06 7.343042641878128052e-03 5.428509321063756943e-03 3.688205499202013016e-03 5.839304532855749130e-03 1.640156283974647522e-02
6.970000000000000000e+02 1.235053282257018645e-02 6.808549165725708008e-03 1.445943098588031717e-06 1.933233306772308424e-06 1.614972234165179543e-06 1.523058244856656529e-06 1.626035782464896329e-06 1.787850919754419010e-06 1.915200755320256576e-06 1.643353925828705542e-06 1.331247972302662674e-06 1.289803662984922994e-06 1.462807631469331682e-06 1.887086227725376375e-06 1.745375470818544272e-06 1.484963490838708822e-06 1.392852595927251969e-06 1.483750338593381457e-06 1.766500872690812685e-06 1.637024411138554569e-06 1.527422909930464812e-06 1.512593030383868609e-06 1.537078333058161661e-06 1.553388187858217862e-06 1.519333409305545501e-06 1.518409703749057371e-06 1.531330667603469919e-06 1.556119286760804243e-06 7.330518681555986404e-03 5.419900640845298767e-03 3.682302078232169151e-03 5.831568036228418350e-03 1.639413647353649139e-02
6.980000000000000000e+02 1.231516982619190390e-02 6.792728323489427567e-03 1.434859541404875927e-06 1.911052549985470250e-06 1.605783836566843092e-06 1.507659249000425916e-06 1.611359152775548864e-06 1.762595161380886566e-06 1.904162331811676268e-06 1.637515651964349672e-06 1.324537151958793402e-06 1.280311494156194385e-06 1.455782921766513027e-06 1.879687829386966769e-06 1.732606278892490081e-06 1.474260557188245002e-06 1.385591531288810074e-06 1.481437379879935179e-06 1.747659553075209260e-06 1.621040041754895356e-06 1.528241114101547282e-06 1.500129314990772400e-06 1.539893446533824317e-06 1.542632276141375769e-06 1.508976424702268559e-06 1.501369524703477509e-06 1.515023200227005873e-06 1.545956479276355822e-06 7.318028714507818222e-03 5.411305464804172516e-03 3.676414722576737404e-03 5.823834333568811417e-03 1.638671755790710449e-02
6.990000000000000000e+02 1.227995849374029051e-02 6.776962894946336746e-03 1.425263121745956596e-06 1.905533167700923514e-06 1.594068294252792839e-06 1.496052959737426136e-06 1.595457888470264152e-06 1.762148599482316058e-06 1.891169972623174544e-06 1.620080524844524916e-06 1.303839212596358266e-06 1.276183184018009342e-06 1.444513713977357838e-06 1.866194679678301327e-06 1.737442971716518514e-06 1.467156039325345773e-06 1.371116013615392148e-06 1.460635303374147043e-06 1.738140554152778350e-06 1.612145752005744725e-06 1.510789616077090614e-06 1.493301851951400749e-06 1.514224777565686963e-06 1.528862981103884522e-06 1.500126245446153916e-06 1.504271835983672645e-06 1.508959485363448039e-06 1.533519025542773306e-06 7.305543404072523117e-03 5.402728915214538574e-03 3.670554142445325851e-03 5.816121120005846024e-03 1.637930050492286682e-02
7.000000000000000000e+02 1.224489795918367284e-02 6.761237047612667084e-03 1.416548911947757006e-06 1.887285179691389203e-06 1.584236201779276598e-06 1.487037366132426541e-06 1.586446160217747092e-06 1.757272229951922782e-06 1.883068421193456743e-06 1.611856760064256378e-06 1.298034476349130273e-06 1.268747837457340211e-06 1.430219981557456776e-06 1.856273456724011339e-06 1.721695298328995705e-06 1.458245606045238674e-06 1.360368742098216899e-06 1.457920916436705738e-06 1.735109776745957788e-06 1.593940396560356021e-06 1.509051003267813940e-06 1.485824554947612341e-06 1.511323830527544487e-06 1.529046585346804932e-06 1.489914438934647478e-06 1.495072751822590362e-06 1.495377773608197458e-06 1.514853806838800665e-06 7.293101400136947632e-03 5.394169595092535019e-03 3.664701944217085838e-03 5.808429792523384094e-03 1.637187600135803223e-02
7.010000000000000000e+02 1.220998736266308039e-02 6.745549384504556656e-03 1.413883865097886883e-06 1.876488454399805050e-06 1.569222263242409099e-06 1.474538748880149797e-06 1.574374437041115016e-06 1.736103627081320155e-06 1.866253342086565681e-06 1.602404154255054891e-06 1.284567929360491689e-06 1.260791805179906078e-06 1.423924231858109124e-06 1.843227323661267292e-06 1.699392669252119958e-06 1.443448695681581739e-06 1.364036847917304840e-06 1.444999270461266860e-06 1.723481886983790901e-06 1.586658527230611071e-06 1.489925921305257361e-06 1.478401486565417144e-06 1.503825387771939859e-06 1.519675493000249844e-06 1.488745283495518379e-06 1.486315341026056558e-06 1.491297780376044102e-06 1.514693622084450908e-06 7.280691061168909073e-03 5.385623779147863388e-03 3.658863715827465057e-03 5.800751037895679474e-03 1.636448316276073456e-02
7.020000000000000000e+02 1.217522585043952568e-02 6.729920860379934311e-03 1.404070189892081544e-06 1.858891437223064713e-06 1.553715833324531559e-06 1.460833459532295819e-06 1.560101736686192453e-06 1.721578655633493327e-06 1.858655764408467803e-06 1.593388560650055297e-06 1.285186954191885889e-06 1.253421828550926875e-06 1.419735440322256181e-06 1.836794581322465092e-06 1.693211288511520252e-06 1.432460521755274385e-06 1.345767941529629752e-06 1.444912641090922989e-06 1.710484070827078540e-06 1.583545213179604616e-06 1.488314978814742062e-06 1.468420805394998752e-06 1.494097205068101175e-06 1.509770299890078604e-06 1.479654542890784796e-06 1.474278178648091853e-06 1.481666345171106514e-06 1.509095227447687648e-06 7.268297951668500900e-03 5.377089139074087143e-03 3.653046907857060432e-03 5.793096031993627548e-03 1.635709032416343689e-02
7.030000000000000000e+02 1.214061257484181852e-02 6.714337505400180817e-03 1.392383751408488024e-06 1.843374207055603620e-06 1.549399030409404077e-06 1.448508328394382261e-06 1.558416897751158103e-06 1.716548922559013590e-06 1.851445972533838358e-06 1.583600237609061878e-06 1.273381826649711002e-06 1.238555569216259755e-06 1.404099634783051442e-06 1.825214326345303562e-06 1.689778741820191499e-06 1.417732732988952193e-06 1.335155502601992339e-06 1.429021267540520057e-06 1.701892301753105130e-06 1.569600385664671194e-06 1.485174834670033306e-06 1.469373955842456780e-06 1.479376464885717724e-06 1.498237679697922431e-06 1.469879293836129364e-06 1.471872110414551571e-06 1.471249788664863445e-06 1.497816128903650679e-06 7.255936972796916962e-03 5.368587560951709747e-03 3.647244535386562347e-03 5.785454064607620239e-03 1.634970866143703461e-02
7.040000000000000000e+02 1.210614669421487648e-02 6.698788143694400787e-03 1.384129291182034649e-06 1.832019961511832662e-06 1.524117919871059712e-06 1.431012492503214162e-06 1.544650672258285340e-06 1.690429712652985472e-06 1.833209580581751652e-06 1.569058440509252250e-06 1.262215732822369318e-06 1.233137595590960700e-06 1.392638750985497609e-06 1.812349296415050048e-06 1.675809812695661094e-06 1.422844775333942380e-06 1.338618176305317320e-06 1.433551574336888734e-06 1.698101527836115565e-06 1.563853970765194390e-06 1.477669570704165380e-06 1.453424829378491268e-06 1.477328396504162811e-06 1.495374590376741253e-06 1.468325649511825759e-06 1.463336502638412639e-06 1.466324874854763038e-06 1.490290969741181470e-06 7.243596948683261871e-03 5.360097624361515045e-03 3.641446819528937340e-03 5.777828861027956009e-03 1.634232886135578156e-02
7.050000000000000000e+02 1.207182737286856787e-02 6.683294661343097687e-03 1.383678409183630720e-06 1.826440211516455747e-06 1.522138973086839542e-06 1.420836724719265476e-06 1.530916847514163237e-06 1.688281145106884651e-06 1.834712861636944581e-06 1.558110852784011513e-06 1.249561819349764846e-06 1.225746018462814391e-06 1.389286921948951203e-06 1.809857280932192225e-06 1.670271672082890291e-06 1.409605715707584750e-06 1.327531435890705325e-06 1.421334900442161597e-06 1.691310558271652553e-06 1.546367684568394907e-06 1.458515725971665233e-06 1.439240008949127514e-06 1.470466372666123789e-06 1.491661464569915552e-06 1.451941443519899622e-06 1.447456384084944148e-06 1.456507675356988329e-06 1.477189698562142439e-06 7.231275085359811783e-03 5.351623054593801498e-03 3.635678905993700027e-03 5.770224612206220627e-03 1.633497886359691620e-02
7.060000000000000000e+02 1.203765378102705265e-02 6.667852867394685745e-03 1.375398483105527703e-06 1.798503717509447597e-06 1.512995709163078573e-06 1.417033104189613368e-06 1.509287699263950344e-06 1.674570057730306871e-06 1.825352910600486211e-06 1.558070948703971226e-06 1.241266318174893968e-06 1.220351350639248267e-06 1.378858200951071922e-06 1.794175545910547953e-06 1.660795987845631316e-06 1.405601324222516268e-06 1.320598016718577128e-06 1.417089151800610125e-06 1.678681314842833672e-06 1.541412302685785107e-06 1.448898046874091960e-06 1.436436832591425627e-06 1.458156134503951762e-06 1.472177132200158667e-06 1.444046233700646553e-06 1.449070282433240209e-06 1.450050604034913704e-06 1.473636075388640165e-06 7.218989077955484390e-03 5.343172233551740646e-03 3.629917511716485023e-03 5.762632936239242554e-03 1.632759906351566315e-02
7.070000000000000000e+02 1.200362509477862286e-02 6.652448792010545731e-03 1.364021954941563308e-06 1.787965629773680121e-06 1.496801360190147534e-06 1.399260554535430856e-06 1.496353661423199810e-06 1.657127768339705653e-06 1.820931856855168007e-06 1.541979258945502806e-06 1.234619730894337408e-06 1.210269488183257636e-06 1.369506662740604952e-06 1.787605583558615763e-06 1.650366243666212540e-06 1.392129661326180212e-06 1.323585138379712589e-06 1.398320023326959927e-06 1.670731194280961063e-06 1.539421646157279611e-06 1.444597387489920948e-06 1.439807192582520656e-06 1.457666257920209318e-06 1.471781388318049721e-06 1.440066398572525941e-06 1.435723561371560208e-06 1.441872882423922420e-06 1.463131866330513731e-06 7.206718903034925461e-03 5.334732588380575180e-03 3.624176606535911560e-03 5.755057092756032944e-03 1.632025837898254395e-02
7.080000000000000000e+02 1.196974049602604617e-02 6.637089885771274567e-03 1.361958425150078256e-06 1.773275243976968341e-06 1.486734845457249321e-06 1.390473244100576267e-06 1.492817546022706665e-06 1.655722599025466479e-06 1.803551072043774184e-06 1.535221485937654506e-06 1.222638729814207181e-06 1.204423824674449861e-06 1.355949279968626797e-06 1.778643650141020771e-06 1.638747448851063382e-06 1.391938099004619289e-06 1.318648401138489135e-06 1.404929548698419239e-06 1.651563593441096600e-06 1.532558940198214259e-06 1.440244318473560270e-06 1.420057628820359241e-06 1.448438297302345745e-06 1.461493411625269800e-06 1.435822014173027128e-06 1.425037225999403745e-06 1.440853225176397245e-06 1.455667415939387865e-06 7.194481790065765381e-03 5.326298531144857407e-03 3.618449904024600983e-03 5.747499875724315643e-03 1.631291396915912628e-02
7.090000000000000000e+02 1.193599917243738998e-02 6.621775683015584946e-03 1.354695541522232816e-06 1.762389842951961327e-06 1.484591507505683694e-06 1.381886590934300330e-06 1.479547790950164199e-06 1.627496089895430487e-06 1.802507881620840635e-06 1.521082936051243450e-06 1.223428057528508361e-06 1.195891854877118021e-06 1.348730393146979623e-06 1.774467250470479485e-06 1.642125198486610316e-06 1.385371888318331912e-06 1.303906628891127184e-06 1.386051849294744898e-06 1.651127831792109646e-06 1.525302764093794394e-06 1.424592255716561340e-06 1.420437115484673996e-06 1.438228309780242853e-06 1.457102598578785546e-06 1.423033950231911149e-06 1.424751417289371602e-06 1.431480654900951777e-06 1.443959831703978125e-06 7.182272151112556458e-03 5.317893810570240021e-03 3.612741362303495407e-03 5.739959888160228729e-03 1.630559004843235016e-02
7.100000000000000000e+02 1.190240031739734153e-02 6.606508977711200714e-03 1.352576191493426450e-06 1.750930550770135596e-06 1.466165144847764168e-06 1.366913124911661725e-06 1.472584472139715217e-06 1.626594553272298072e-06 1.786037614692759234e-06 1.516143811386427842e-06 1.215931320075469557e-06 1.192951572193123866e-06 1.345790110462985467e-06 1.753314109009806998e-06 1.628747099857719149e-06 1.366313199469004758e-06 1.303681301578762941e-06 1.382479126732505392e-06 1.641555400055949576e-06 1.521038825558207463e-06 1.422784976057300810e-06 1.409325818713114131e-06 1.430749080100213178e-06 1.449965566280297935e-06 1.421873548679286614e-06 1.425752543582348153e-06 1.418782630935311317e-06 1.440108007955132052e-06 7.170086260885000229e-03 5.309512373059988022e-03 3.607041668146848679e-03 5.732432473450899124e-03 1.629826799035072327e-02
7.110000000000000000e+02 1.186894312995899307e-02 6.591288372874259949e-03 1.346245085187547375e-06 1.736389549478190020e-06 1.453798176953569055e-06 1.359094198960519861e-06 1.466060098209709395e-06 1.614055804566305596e-06 1.782107460712722968e-06 1.509493017692875583e-06 1.208792014040227514e-06 1.186439362754754256e-06 1.338523816230008379e-06 1.755984726514725480e-06 1.622041168047871906e-06 1.372283691125630867e-06 1.297501057706540450e-06 1.380849198540090583e-06 1.643038217480352614e-06 1.510414676886284724e-06 1.410846039107127581e-06 1.400279415975091979e-06 1.420937564944324549e-06 1.450954641768475994e-06 1.417986027263395954e-06 1.410092181686195545e-06 1.419799218638218008e-06 1.434487558071850799e-06 7.157921325415372849e-03 5.301149562001228333e-03 3.601360833272337914e-03 5.724929273128509521e-03 1.629094965755939484e-02
7.120000000000000000e+02 1.183562681479611092e-02 6.576112005859613419e-03 1.339639652542246040e-06 1.724845105854910798e-06 1.448879288545867894e-06 1.343200665360200219e-06 1.454291123081929982e-06 1.594095920154359192e-06 1.777135935299156699e-06 1.492911906098015606e-06 1.201027771458029747e-06 1.175115926344005857e-06 1.327238464909896720e-06 1.743607754178810865e-06 1.602233965058985632e-06 1.362431248708162457e-06 1.276926923310384154e-06 1.368791345157660544e-06 1.633207034501538146e-06 1.500220832895138301e-06 1.405947386956540868e-06 1.401066697326314170e-06 1.419506816091598012e-06 1.429550366083276458e-06 1.400543737872794736e-06 1.409703486388025340e-06 1.405721491209988017e-06 1.427143956789223012e-06 7.145782932639122009e-03 5.292796529829502106e-03 3.595691407099366188e-03 5.717434920370578766e-03 1.628365181386470795e-02
7.130000000000000000e+02 1.180245058215587464e-02 6.560969166457653046e-03 1.331576754637353588e-06 1.721881517369183712e-06 1.436720481251541059e-06 1.334165290245437063e-06 1.437769242329522967e-06 1.587713541084667668e-06 1.762624833645531908e-06 1.503805833635851741e-06 1.191948058476555161e-06 1.171545704892196227e-06 1.329716269538039342e-06 1.737414663693925831e-06 1.594641275914909784e-06 1.348722435068339109e-06 1.286855194848612882e-06 1.361414092571067158e-06 1.625357526791049168e-06 1.495758624514564872e-06 1.404992303832841571e-06 1.389253156958147883e-06 1.404185468345531262e-06 1.437689775229955558e-06 1.394568357682146598e-06 1.391634555147902574e-06 1.395012532157124951e-06 1.416147142663248815e-06 7.133668288588523865e-03 5.284466780722141266e-03 3.590038279071450233e-03 5.709966644644737244e-03 1.627635583281517029e-02
7.140000000000000000e+02 1.176941364781206555e-02 6.545884069055318832e-03 1.312102767769829370e-06 1.705796876194654033e-06 1.419194632035214454e-06 1.319787202191946562e-06 1.425756522621668410e-06 1.570852987242687959e-06 1.754500999595620669e-06 1.487054419158084784e-06 1.185811697723693214e-06 1.160047531811869703e-06 1.321124500464065932e-06 1.728204665596422274e-06 1.583293283147213515e-06 1.353934976577875204e-06 1.275444901693845168e-06 1.358233134851616342e-06 1.619179784029256552e-06 1.489116471020679455e-06 1.397993969476374332e-06 1.384744564347784035e-06 1.406173169016255997e-06 1.416273107679444365e-06 1.381159108859719709e-06 1.386238068334932905e-06 1.396072434545203578e-06 1.410840354765241500e-06 7.121585309505462646e-03 5.276144482195377350e-03 3.584403544664382935e-03 5.702508613467216492e-03 1.626907289028167725e-02
7.150000000000000000e+02 1.173651523301872876e-02 6.530829239636659622e-03 1.320428964390885085e-06 1.693577701189497020e-06 1.422988702870497946e-06 1.319691250500909518e-06 1.419610953234951012e-06 1.567241724842460826e-06 1.744471092024468817e-06 1.477197088206594344e-06 1.176950831904832739e-06 1.158547433988132980e-06 1.315398208134865854e-06 1.709947923700383399e-06 1.581156539032235742e-06 1.342531163572857622e-06 1.258800239156698808e-06 1.354953724330698606e-06 1.615652649888943415e-06 1.485970074099896010e-06 1.390558509228867479e-06 1.371833832308766432e-06 1.397454752805060707e-06 1.415277665728353895e-06 1.382452751386153977e-06 1.383247195008152630e-06 1.380034063913626596e-06 1.401729264216555748e-06 7.109512109309434891e-03 5.267854779958724976e-03 3.578783012926578522e-03 5.695062223821878433e-03 1.626179926097393036e-02
7.160000000000000000e+02 1.170375456446427938e-02 6.515833549201488495e-03 1.318629983870778233e-06 1.677718728387844749e-06 1.411756556990440004e-06 1.310363018092175480e-06 1.406654291713493876e-06 1.560278860779362731e-06 1.738940113682474475e-06 1.476692546020785812e-06 1.174408453152864240e-06 1.158462168859841768e-06 1.300028202422254253e-06 1.716050064715091139e-06 1.579359832248883322e-06 1.330350528405688237e-06 1.256997165910433978e-06 1.335040451522218063e-06 1.585705490469990764e-06 1.464474735257681459e-06 1.386394615110475570e-06 1.366741230413026642e-06 1.391732439515180886e-06 1.404236286361992825e-06 1.374220460093056317e-06 1.376853219881013501e-06 1.367512595606967807e-06 1.399591042172687594e-06 7.097480818629264832e-03 5.259561818093061447e-03 3.573174355551600456e-03 5.687636788934469223e-03 1.625453680753707886e-02
7.170000000000000000e+02 1.167113087422605791e-02 6.500880699604749680e-03 1.300226927014591638e-06 1.670049641688819975e-06 1.399680058966623619e-06 1.298530037274758797e-06 1.411161747455480509e-06 1.543116923130583018e-06 1.726794721434998792e-06 1.463846956539782695e-06 1.159694079433393199e-06 1.139678943218314089e-06 1.291294665861641988e-06 1.702298845884797629e-06 1.570729068589571398e-06 1.324750201092683710e-06 1.252725155609368812e-06 1.336698687737225555e-06 1.597564846633758862e-06 1.469842686674383003e-06 1.378599449708417524e-06 1.364829813610413112e-06 1.375900296807230916e-06 1.395415324623172637e-06 1.371329972243984230e-06 1.363423052680445835e-06 1.368988819194782991e-06 1.389832391396339517e-06 7.085469085723161697e-03 5.251299124211072922e-03 3.567576175555586815e-03 5.680228583514690399e-03 1.624727807939052582e-02
7.180000000000000000e+02 1.163864339972532809e-02 6.485957186669111252e-03 1.299579821534280200e-06 1.662265958657371812e-06 1.385596078762318939e-06 1.296784830628894269e-06 1.396313791701686569e-06 1.519959710094553884e-06 1.716281303743016906e-06 1.448506282031303272e-06 1.160204533334763255e-06 1.145121814261074178e-06 1.295056449635012541e-06 1.695549485702940729e-06 1.563224486744729802e-06 1.317674104939214885e-06 1.241188101630541496e-06 1.326484721175802406e-06 1.579219883751648013e-06 1.449749788662302308e-06 1.377652893097547349e-06 1.351096557300479617e-06 1.378853539790725335e-06 1.394199557580577675e-06 1.361757313134148717e-06 1.362081206934817601e-06 1.359433554171118885e-06 1.380486310154083185e-06 7.073489017784595490e-03 5.243040155619382858e-03 3.561999648809432983e-03 5.672836210578680038e-03 1.624002121388912201e-02
7.190000000000000000e+02 1.160629138368271529e-02 6.471085827797651291e-03 1.291595822294766549e-06 1.643899622649769299e-06 1.383533231091860216e-06 1.287418399442685768e-06 1.385375753670814447e-06 1.518691306046093814e-06 1.713398205538396724e-06 1.442536586182541214e-06 1.145152737080934457e-06 1.123751530940353405e-06 1.287050508835818619e-06 1.691358875177684240e-06 1.551677428324182983e-06 1.318512886427924968e-06 1.244598024641163647e-06 1.316585439781192690e-06 1.580023536007502116e-06 1.446786654923926108e-06 1.365195203106850386e-06 1.349974581899004988e-06 1.357657879452744965e-06 1.387834572597057559e-06 1.359125917588244192e-06 1.357303290205891244e-06 1.347524744232941885e-06 1.379727450512291398e-06 7.061525713652372360e-03 5.234810523688793182e-03 3.556442912667989731e-03 5.665456410497426987e-03 1.623276062309741974e-02
7.200000000000000000e+02 1.157407407407407343e-02 6.456255447119474411e-03 1.286582005377567839e-06 1.624145625100936741e-06 1.376585373691341374e-06 1.280257720281952061e-06 1.375777969769842457e-06 1.508114110038150102e-06 1.717713985271984711e-06 1.436552111044875346e-06 1.151184505943092518e-06 1.129860834225837607e-06 1.275440695280849468e-06 1.676458396104862913e-06 1.554445248075353447e-06 1.308271635025448631e-06 1.236121079273289070e-06 1.315782355959527194e-06 1.571719167259288952e-06 1.428953964932588860e-06 1.357242240374034736e-06 1.336081709268910345e-06 1.353530478809261695e-06 1.384014922223286703e-06 1.351397600046766456e-06 1.354917003482114524e-06 1.350780166831100360e-06 1.362892362521961331e-06 7.049578242003917694e-03 5.226589273661375046e-03 3.550886875018477440e-03 5.658098496496677399e-03 1.622552983462810516e-02
7.210000000000000000e+02 1.154199072408678729e-02 6.441485136747360229e-03 1.284397285417071544e-06 1.624929154786514118e-06 1.364444074170023669e-06 1.271913106393185444e-06 1.360503006253566127e-06 1.503101543676166330e-06 1.709890170786820818e-06 1.424420815965277143e-06 1.138463517236232292e-06 1.114943415814195760e-06 1.264335082851175684e-06 1.678579224062559661e-06 1.545301529404241592e-06 1.298485585721209645e-06 1.233977968695398886e-06 1.310843799728900194e-06 1.569106643728446215e-06 1.430344013897411060e-06 1.349339072476141155e-06 1.328133521383279003e-06 1.349669560113397893e-06 1.369621259073028341e-06 1.343409280707419384e-06 1.341479674010770395e-06 1.344581392004329246e-06 1.373901682200084906e-06 7.037667091935873032e-03 5.218397360295057297e-03 3.545362036675214767e-03 5.650747101753950119e-03 1.621830463409423828e-02
7.220000000000000000e+02 1.151004059207648769e-02 6.426744628697633743e-03 1.272263375540205743e-06 1.613833546798559837e-06 1.358388658445619512e-06 1.266649633180350065e-06 1.352349158878496382e-06 1.484096060266892891e-06 1.712561129352252465e-06 1.423213689122349024e-06 1.135821321440744214e-06 1.110207335841550957e-06 1.267187258235935587e-06 1.663357011238986161e-06 1.529394921817583963e-06 1.298248548664560076e-06 1.222483774654392619e-06 1.302866735386487562e-06 1.561328645038884133e-06 1.431802957085892558e-06 1.342794121228507720e-06 1.328563826064055320e-06 1.347252009509247728e-06 1.361515501230314840e-06 1.336069431090436410e-06 1.346214617115037981e-06 1.336684249508834910e-06 1.356366055915714242e-06 7.025782018899917603e-03 5.210204981267452240e-03 3.539843484759330750e-03 5.643425974994897842e-03 1.621109247207641602e-02
7.230000000000000000e+02 1.147822294152419341e-02 6.412039510905742645e-03 1.269155632144247647e-06 1.599661118234507740e-06 1.350630554952658713e-06 1.247666432391270064e-06 1.342143491456226911e-06 1.470947154302848503e-06 1.689734858700830955e-06 1.407320155522029381e-06 1.124046775657916442e-06 1.109071945393225178e-06 1.259455416402488481e-06 1.656762265156430658e-06 1.527372774035029579e-06 1.287225131818559021e-06 1.219409568875562400e-06 1.293533500756893773e-06 1.551595573801023420e-06 1.416866552972351201e-06 1.335557044512825087e-06 1.327486870650318451e-06 1.337718344984750729e-06 1.357247697342245374e-06 1.327880909229861572e-06 1.329103383795882110e-06 1.321103695772762876e-06 1.351024025098013226e-06 7.013919763267040253e-03 5.202045198529958725e-03 3.534340066835284233e-03 5.636110436171293259e-03 1.620388589799404144e-02
7.240000000000000000e+02 1.144653704099386424e-02 6.397376768290996552e-03 1.267442712560296059e-06 1.597582922840956599e-06 1.340114067716058344e-06 1.243755377799971029e-06 1.333065483777318150e-06 1.460382577533891890e-06 1.692340333647734951e-06 1.403827241119870450e-06 1.127263658418087289e-06 1.112515860768326093e-06 1.255421580026450101e-06 1.652325408940669149e-06 1.521457761555211619e-06 1.286663177779701073e-06 1.212452048093837220e-06 1.284798258893715683e-06 1.547396664136613254e-06 1.420990543010702822e-06 1.336325112788472325e-06 1.316292241426708642e-06 1.333523414359660819e-06 1.353090510747279041e-06 1.321580157309654169e-06 1.324111167377850506e-06 1.331812654825625941e-06 1.338263245997950435e-06 7.002078462392091751e-03 5.193879827857017517e-03 3.528848523274064064e-03 5.628823768347501755e-03 1.619667373597621918e-02
7.250000000000000000e+02 1.141498216409036863e-02 6.382755003869533539e-03 1.260326939700462390e-06 1.582323079674097244e-06 1.329734686805750243e-06 1.225305254592967685e-06 1.324173581451759674e-06 1.452819901714974549e-06 1.684416474745376036e-06 1.394536070620233659e-06 1.116481712415406946e-06 1.098146753975015599e-06 1.244634631802910008e-06 1.643083010094414931e-06 1.518614226370118558e-06 1.276891566703852732e-06 1.209807692248432431e-06 1.290376303586526774e-06 1.538348328722349834e-06 1.408219986842595972e-06 1.324937670688086655e-06 1.309276740357745439e-06 1.318161139352014288e-06 1.344133124803192914e-06 1.312109930040605832e-06 1.315805661761260126e-06 1.313032953476067632e-06 1.337935373157961294e-06 6.990261841565370560e-03 5.185754504054784775e-03 3.523370483890175819e-03 5.621535703539848328e-03 1.618946716189384460e-02
7.260000000000000000e+02 1.138355758941784514e-02 6.368184927850961685e-03 1.247834461537422612e-06 1.576996965013677254e-06 1.321645640928181820e-06 1.225339815391635057e-06 1.320348928857129067e-06 1.444145254936302081e-06 1.663781517891038675e-06 1.386950088999583386e-06 1.114985821004665922e-06 1.083829147319192998e-06 1.236598905052233022e-06 1.627965957595733926e-06 1.508951754658482969e-06 1.271165615435165819e-06 1.199792905026697554e-06 1.285369648940104526e-06 1.532384544589149300e-06 1.404228669343865477e-06 1.318768568125960883e-06 1.307695015384524595e-06 1.313449615736317355e-06 1.346387307421537116e-06 1.310986249336565379e-06 1.307938987338275183e-06 1.313039092565304600e-06 1.329205133515642956e-06 6.978480145335197449e-03 5.177655722945928574e-03 3.517908742651343346e-03 5.614273715764284134e-03 1.618230156600475311e-02
7.270000000000000000e+02 1.135226260053847497e-02 6.353656761348247528e-03 1.235999661730602384e-06 1.561069439048878849e-06 1.315029180659621488e-06 1.213968175761692692e-06 1.312570930167566985e-06 1.431940859220048878e-06 1.661040300859895069e-06 1.384671577397966757e-06 1.109901972995430697e-06 1.084108475879475009e-06 1.243584392796037719e-06 1.629526082069787662e-06 1.503475459685432725e-06 1.259506007045274600e-06 1.195464392367284745e-06 1.276830403185158502e-06 1.524553226772695780e-06 1.392354761264869012e-06 1.305316345678875223e-06 1.300107669521821663e-06 1.323495780525263399e-06 1.334404146291490179e-06 1.297863263971521519e-06 1.301152906307834201e-06 1.307151592300215270e-06 1.321454874414484948e-06 6.966711021959781647e-03 5.169529933482408524e-03 3.512464929372072220e-03 5.607020109891891479e-03 1.617511548101902008e-02
7.280000000000000000e+02 1.132109648593165006e-02 6.339170038700103760e-03 1.225257392434286885e-06 1.550102524561225437e-06 1.305099885939853266e-06 1.207221998811291996e-06 1.304623765463475138e-06 1.424203674105228856e-06 1.659049871705065016e-06 1.382350546919042245e-06 1.104431930798455141e-06 1.086922793547273614e-06 1.231478904628602322e-06 1.617483462723612320e-06 1.491474677095538937e-06 1.260058525076601654e-06 1.190134639728057664e-06 1.266425329049525317e-06 1.516968836767773610e-06 1.386757276122807525e-06 1.313412667514057830e-06 1.290145291932276450e-06 1.309626213696901686e-06 1.324028517046826892e-06 1.298773440794320777e-06 1.295618858421221375e-06 1.300784902014129329e-06 1.322837078987504356e-06 6.954963784664869308e-03 5.161461886018514633e-03 3.507031826302409172e-03 5.599793046712875366e-03 1.616795733571052551e-02
7.290000000000000000e+02 1.129005853895352456e-02 6.324714981019496918e-03 1.232258910022210330e-06 1.541750407341169193e-06 1.299886775996128563e-06 1.203637793878442608e-06 1.288511498387379106e-06 1.414014263900753576e-06 1.650884996706736274e-06 1.371990720144822262e-06 1.102378291761851870e-06 1.075647332982043736e-06 1.226606514137529302e-06 1.600564132786530536e-06 1.487136159994406626e-06 1.248166995537758339e-06 1.176241880784800742e-06 1.258139377569023054e-06 1.503289468018920161e-06 1.379189257022517268e-06 1.302641067013610154e-06 1.278176455343782436e-06 1.304111833633214701e-06 1.318311888098833151e-06 1.293095351684314664e-06 1.293697209803212900e-06 1.297193080063152593e-06 1.308065066041308455e-06 6.943242158740758896e-03 5.153394769877195358e-03 3.501618513837456703e-03 5.592565983533859253e-03 1.616079360246658325e-02
7.300000000000000000e+02 1.125914805779696000e-02 6.310306489467620850e-03 1.223208982992218807e-06 1.541361143608810380e-06 1.292075353376276325e-06 1.201473878609249368e-06 1.272490067094622646e-06 1.396923266838712152e-06 1.643335508560994640e-06 1.364804461445601191e-06 1.090081468646530993e-06 1.065432570612756535e-06 1.214518761116778478e-06 1.601561166353349108e-06 1.475741555623244494e-06 1.250443915523646865e-06 1.179495029646204785e-06 1.257430426448991057e-06 1.494769549026386812e-06 1.370056679661502130e-06 1.295276433666003868e-06 1.279111643270880450e-06 1.302834107264061458e-06 1.311335608988883905e-06 1.286502765651675873e-06 1.286491965402092319e-06 1.284618861063790973e-06 1.296752998314332217e-06 6.931548938155174255e-03 5.145345348864793777e-03 3.496210556477308273e-03 5.585372913628816605e-03 1.615362800657749176e-02
7.310000000000000000e+02 1.122836434545185745e-02 6.295936647802591324e-03 1.216825353367312346e-06 1.530306690256111324e-06 1.273988232242118102e-06 1.189427393910591491e-06 1.267837205887190066e-06 1.391463001709780656e-06 1.637392188058583997e-06 1.361900444862840232e-06 1.091842818823351990e-06 1.068972551365732215e-06 1.219702653543208726e-06 1.593307956682110671e-06 1.467079755457234569e-06 1.238479740095499437e-06 1.178488105324504431e-06 1.249199840458459221e-06 1.491899297434429172e-06 1.364447825835668482e-06 1.288019461753719952e-06 1.286782548959308770e-06 1.287265035898599308e-06 1.306033823311736342e-06 1.275121348953689449e-06 1.276471607525309082e-06 1.285068492506979965e-06 1.300217036259709857e-06 6.919877603650093079e-03 5.137301050126552582e-03 3.490820759907364845e-03 5.578177515417337418e-03 1.614649035036563873e-02
7.320000000000000000e+02 1.119770670966586078e-02 6.281620822846889496e-03 1.210678192364866845e-06 1.523922833257529419e-06 1.277846990888065193e-06 1.183492599921009969e-06 1.260195290342380758e-06 1.388973487337352708e-06 1.633999545447295532e-06 1.365322077617747709e-06 1.081891923604416661e-06 1.062744672708504368e-06 1.210726054523547646e-06 1.583052267051243689e-06 1.464467345613229554e-06 1.241254039996420033e-06 1.164681293630565051e-06 1.246336296389927156e-06 1.478542344557354227e-06 1.353270135950879194e-06 1.280721107832505368e-06 1.273674911317357328e-06 1.279298089684743900e-06 1.294560661335708573e-06 1.272325448553601746e-06 1.268829578293662053e-06 1.272529175366798881e-06 1.291743501496966928e-06 6.908227223902940750e-03 5.129284691065549850e-03 3.485449822619557381e-03 5.571004003286361694e-03 1.613935269415378571e-02
7.330000000000000000e+02 1.116717446290543814e-02 6.267324555665254593e-03 1.210088612424442545e-06 1.512192625341413077e-06 1.268031951440207195e-06 1.178939214696583804e-06 1.251279741154576186e-06 1.380559524477575906e-06 1.633218289498472586e-06 1.347635929960233625e-06 1.074741248885402456e-06 1.059151259141799528e-06 1.209026777360122651e-06 1.576401359670853708e-06 1.459103373235848267e-06 1.232386694027809426e-06 1.158977966042584740e-06 1.243253791471943259e-06 1.472169969929382205e-06 1.347782927041407675e-06 1.273718567063042428e-06 1.260233830180368386e-06 1.272369786420313176e-06 1.279591174352390226e-06 1.259406303688592743e-06 1.262028035853290930e-06 1.269182689611625392e-06 1.288294924961519428e-06 6.896615028381347656e-03 5.121283233165740967e-03 3.480089362710714340e-03 5.563850514590740204e-03 1.613223366439342499e-02
7.340000000000000000e+02 1.113676692231733815e-02 6.253084633499383926e-03 1.202554813062306494e-06 1.515954863862134516e-06 1.270995198865421116e-06 1.175033276012982242e-06 1.243859514943324029e-06 1.370418203805456869e-06 1.621756382519379258e-06 1.347937086393358186e-06 1.065946776179771405e-06 1.050512196343333926e-06 1.199322923639556393e-06 1.574591124153812416e-06 1.452541482649394311e-06 1.227409711646032520e-06 1.155557242782379035e-06 1.242120902134047356e-06 1.463531702938780654e-06 1.331679641225491650e-06 1.269396079806028865e-06 1.259603891412552912e-06 1.269806716663879342e-06 1.280968490391387604e-06 1.265388277715828735e-06 1.258565930584154557e-06 1.260894009647017810e-06 1.286883502871205565e-06 6.885018199682235718e-03 5.113296210765838623e-03 3.474741242825984955e-03 5.556707270443439484e-03 1.612511463463306427e-02
7.350000000000000000e+02 1.110648340969040693e-02 6.238881964236497879e-03 1.194691208183940034e-06 1.500332928117131814e-06 1.251216190212289803e-06 1.173546934296609834e-06 1.238692561855714303e-06 1.357633323095797095e-06 1.616850568098016083e-06 1.332495912720332853e-06 1.063305717252660543e-06 1.045489511852792930e-06 1.193497269014187623e-06 1.571059442539990414e-06 1.436710022062470671e-06 1.225253754455479793e-06 1.146031877397035714e-06 1.228440396516816691e-06 1.454261678190960083e-06 1.334905050498491619e-06 1.259830469280132093e-06 1.246904503204859793e-06 1.259011241927510127e-06 1.278442368857213296e-06 1.248424382538360078e-06 1.250569084731978364e-06 1.256487735190603416e-06 1.267739548893587198e-06 6.873429287225008011e-03 5.105321295559406281e-03 3.469408024102449417e-03 5.549581255763769150e-03 1.611799746751785278e-02
7.360000000000000000e+02 1.107632325141776931e-02 6.224734243005514145e-03 1.187996872431540396e-06 1.485781581322953571e-06 1.240110577782616019e-06 1.157822225650306791e-06 1.234244450643018354e-06 1.349161266261944547e-06 1.603561031515710056e-06 1.336482910119229928e-06 1.061431362359144259e-06 1.035687660078110639e-06 1.193571506519219838e-06 1.558645180921303108e-06 1.425675463906372897e-06 1.209176730299077462e-06 1.144468342317850329e-06 1.223441927322710399e-06 1.451276830266579054e-06 1.329123847426672000e-06 1.257175540558819193e-06 1.240047708961355966e-06 1.258096972378552891e-06 1.265598712052451447e-06 1.238154368365940172e-06 1.244524355570320040e-06 1.248186435987008736e-06 1.268674623133847490e-06 6.861873902380466461e-03 5.097371991723775864e-03 3.464089473709464073e-03 5.542470607906579971e-03 1.611089892685413361e-02
7.370000000000000000e+02 1.104628577845937452e-02 6.210609804838895798e-03 1.177874878521834034e-06 1.488262682869390119e-06 1.237320020663901232e-06 1.151478045358089730e-06 1.225959294970380142e-06 1.347285092379024718e-06 1.607437297934666276e-06 1.327271661466511432e-06 1.055645384440140333e-06 1.036498929352092091e-06 1.182231699203839526e-06 1.549631406305707060e-06 1.431845021215849556e-06 1.198331801788299344e-06 1.136516289079736453e-06 1.215168254020682070e-06 1.445075440642540343e-06 1.322041612183966208e-06 1.249588194696116261e-06 1.235455215464753564e-06 1.252228116754849907e-06 1.270237930839357432e-06 1.241432755705318414e-06 1.234612909684074111e-06 1.246457031811587512e-06 1.264347247342811897e-06 6.850349716842174530e-03 5.089428275823593140e-03 3.458777209743857384e-03 5.535381846129894257e-03 1.610380411148071289e-02
7.380000000000000000e+02 1.101637032630488865e-02 6.196531467139720917e-03 1.162610487881465815e-06 1.473368229198968038e-06 1.231845544680254534e-06 1.149541958511690609e-06 1.214766598423011601e-06 1.339992991233884823e-06 1.604352746653603390e-06 1.322865159636421595e-06 1.058491875483014155e-06 1.033086732604715507e-06 1.174380258817109279e-06 1.538035462544939946e-06 1.422064315192983486e-06 1.200233896270219702e-06 1.135098500526510179e-06 1.211535732181800995e-06 1.438208528270479292e-06 1.305693217545922380e-06 1.236408138538536150e-06 1.223431354446802288e-06 1.247261820935818832e-06 1.257827534573152661e-06 1.229391955348546617e-06 1.236563093698350713e-06 1.235422132594976574e-06 1.245924408976861741e-06 6.838862318545579910e-03 5.081507377326488495e-03 3.453481942415237427e-03 5.528301000595092773e-03 1.609671302139759064e-02
7.390000000000000000e+02 1.098657623493694627e-02 6.182492710649967194e-03 1.162077637673064601e-06 1.465142531742458232e-06 1.222442733705975115e-06 1.150737716670846567e-06 1.205915282298519742e-06 1.332179976998304483e-06 1.587043016115785576e-06 1.312025801780691836e-06 1.037327251651731785e-06 1.023064442051691003e-06 1.179949322249740362e-06 1.535532305751985405e-06 1.417249450241797604e-06 1.193839466395729687e-06 1.119790454140456859e-06 1.196692892335704528e-06 1.429111421202833299e-06 1.305693331232760102e-06 1.237520791619317606e-06 1.218268948832701426e-06 1.233695456903660670e-06 1.255906454389332794e-06 1.228177666234842036e-06 1.224640527652809396e-06 1.234467504218628164e-06 1.254538688044704031e-06 6.827363278716802597e-03 5.073596257716417313e-03 3.448197152465581894e-03 5.521229933947324753e-03 1.608962379395961761e-02
7.400000000000000000e+02 1.095690284879474036e-02 6.168483756482601166e-03 1.156499024546064902e-06 1.463534772483399138e-06 1.209411379932134878e-06 1.138901438935135957e-06 1.196919583890121430e-06 1.323581273027230054e-06 1.583053744980134070e-06 1.303093881688255351e-06 1.043962015501165297e-06 1.028146357384684961e-06 1.168247536043054424e-06 1.524455228718579747e-06 1.410950289937318303e-06 1.181660422844288405e-06 1.121750869970128406e-06 1.199567805088008754e-06 1.414674443367403001e-06 1.290519890062569175e-06 1.222831997438333929e-06 1.203336751132155769e-06 1.231627834386017639e-06 1.254546191375993658e-06 1.213626205753826071e-06 1.221935576722898986e-06 1.223389972437871620e-06 1.245574367203516886e-06 6.815910339355468750e-03 5.065711215138435364e-03 3.442941932007670403e-03 5.514177959412336349e-03 1.608256436884403229e-02
7.410000000000000000e+02 1.092734951673796778e-02 6.154529750347137451e-03 1.152941877080593258e-06 1.455845676900935359e-06 1.206509182338777464e-06 1.131308295043709222e-06 1.192719537357334048e-06 1.320254796155495569e-06 1.580316393301472999e-06 1.306470608142262790e-06 1.034440856528817676e-06 1.017414433590602130e-06 1.156147959591180552e-06 1.515129497420275584e-06 1.400885480506985914e-06 1.176567366201197729e-06 1.109496224671602249e-06 1.184304210255504586e-06 1.411315679433755577e-06 1.282791117773740552e-06 1.219141495312214829e-06 1.198900122290069703e-06 1.227312623086618260e-06 1.244159989255422261e-06 1.209086008202575613e-06 1.213319706039328594e-06 1.210612822433176916e-06 1.233177613357838709e-06 6.804486270993947983e-03 5.057828966528177261e-03 3.437687410041689873e-03 5.507154390215873718e-03 1.607550494372844696e-02
7.420000000000000000e+02 1.089791559201110094e-02 6.140596233308315277e-03 1.136129981205158401e-06 1.449967271582863759e-06 1.207985746987105813e-06 1.125188646255992353e-06 1.182572873403842095e-06 1.294659682571364101e-06 1.579120180394966155e-06 1.293835452997882385e-06 1.032617433338600677e-06 1.013194037113862578e-06 1.155517452389176469e-06 1.506678700025076978e-06 1.390061697748024017e-06 1.172526935988571495e-06 1.110982111640623771e-06 1.183222479994583409e-06 1.406185106134216767e-06 1.284323388972552493e-06 1.211933181366475765e-06 1.191319370263954625e-06 1.217261342389974743e-06 1.233324155691661872e-06 1.204659952236397658e-06 1.206539309350773692e-06 1.212430674968345556e-06 1.226932113240764011e-06 6.793066859245300293e-03 5.049973260611295700e-03 3.432445460930466652e-03 5.500121973454952240e-03 1.606845669448375702e-02
7.430000000000000000e+02 1.086860043220800980e-02 6.126716267317533493e-03 1.140229869633913040e-06 1.440253640794253442e-06 1.189140448332182132e-06 1.110676635107665788e-06 1.179862124445207883e-06 1.299039240620913915e-06 1.568042989674722776e-06 1.286610199713322800e-06 1.021486127683601808e-06 1.010603114082186949e-06 1.139724531640240457e-06 1.508175273556844331e-06 1.390541456203209236e-06 1.161210548161761835e-06 1.104944203689228743e-06 1.172071620203496423e-06 1.389950512020732276e-06 1.275397153222002089e-06 1.208473804581444710e-06 1.195073764392873272e-06 1.211011294799391180e-06 1.225951450578577351e-06 1.196399807668058202e-06 1.199653979711001739e-06 1.197390815832477529e-06 1.226260565090342425e-06 6.781678646802902222e-03 5.042128264904022217e-03 3.427228890359401703e-03 5.493120756000280380e-03 1.606139726936817169e-02
7.440000000000000000e+02 1.083940339923690661e-02 6.112879142165184021e-03 1.120123329201305751e-06 1.434062255611934233e-06 1.190845182463817764e-06 1.112758809540537186e-06 1.172995325759984553e-06 1.290633235839777626e-06 1.558553094582748599e-06 1.281793061025382485e-06 1.019644628286187071e-06 1.003052375381230377e-06 1.142170390266983304e-06 1.486520659454981796e-06 1.381523134114104323e-06 1.153220637206686661e-06 1.096768414754478727e-06 1.171998746940516867e-06 1.383342123517650180e-06 1.262152977687946986e-06 1.205701323669927660e-06 1.184363782158470713e-06 1.212440224662714172e-06 1.218356601384584792e-06 1.191541286971187219e-06 1.198181166728318203e-06 1.193440311908489093e-06 1.211486619467905257e-06 6.770302075892686844e-03 5.034296307712793350e-03 3.422014182433485985e-03 5.486130714416503906e-03 1.605436019599437714e-02
7.450000000000000000e+02 1.081032385928561851e-02 6.099074613302946091e-03 1.121153900385252200e-06 1.420754415448755026e-06 1.178024376713437960e-06 1.109361846829415299e-06 1.165471871900081169e-06 1.293711079597414937e-06 1.545012082715402357e-06 1.271158907911740243e-06 1.009137918117630761e-06 9.982691153709311038e-07 1.134680928771558683e-06 1.485976781623321585e-06 1.370511199638713151e-06 1.146898057413636707e-06 1.094007757274084724e-06 1.170225345958897378e-06 1.377113562739396002e-06 1.257992835235199891e-06 1.190406578643887769e-06 1.174042608909076080e-06 1.202112798637244850e-06 1.208135131491872016e-06 1.190666921502270270e-06 1.179822675112518482e-06 1.200348719976318534e-06 1.212759912050387356e-06 6.758970674127340317e-03 5.026496015489101410e-03 3.416813677176833153e-03 5.479160696268081665e-03 1.604733057320117950e-02
7.460000000000000000e+02 1.078136118278719829e-02 6.085307337343692780e-03 1.118741693062474951e-06 1.417873590980889276e-06 1.167865320894634351e-06 1.098014990930096246e-06 1.153432890532712918e-06 1.278626086786971428e-06 1.549067064843256958e-06 1.265021410290501080e-06 1.007620880955073517e-06 9.948495289791026153e-07 1.135614979830279481e-06 1.476838633607258089e-06 1.362498323942418210e-06 1.143463236985553522e-06 1.083340634977503214e-06 1.153265088760235813e-06 1.369283495478157420e-06 1.246473857463570312e-06 1.182434971269685775e-06 1.167070195151609369e-06 1.187391490020672791e-06 1.208408320962917060e-06 1.185781002277508378e-06 1.174612862087087706e-06 1.188735609503055457e-06 1.203713964059716091e-06 6.747656036168336868e-03 5.018693860620260239e-03 3.411627840250730515e-03 5.472191143780946732e-03 1.604031026363372803e-02
7.470000000000000000e+02 1.075251474438584411e-02 6.071572192013263702e-03 1.104952389141544700e-06 1.404842123520211317e-06 1.168574840448854957e-06 1.095710217668965925e-06 1.153841822087997571e-06 1.281385948459501378e-06 1.535997284918266814e-06 1.257039343727228697e-06 1.008389517664909363e-06 9.815245221034274437e-07 1.128145186157780699e-06 1.459327677366673015e-06 1.343696908406855073e-06 1.131918793362274300e-06 1.080476295101107098e-06 1.152318077402014751e-06 1.368679477309342474e-06 1.245549469786055852e-06 1.174277940663159825e-06 1.164775198958523106e-06 1.179769810732977930e-06 1.197840106215153355e-06 1.168742414847656619e-06 1.168974677057121880e-06 1.175686520582530648e-06 1.197699134536378551e-06 6.736354436725378036e-03 5.010910797864198685e-03 3.406460629776120186e-03 5.465249065309762955e-03 1.603329926729202271e-02
7.480000000000000000e+02 1.072378392290314342e-02 6.057890132069587708e-03 1.093018568099068943e-06 1.400065116285986733e-06 1.162131070486793760e-06 1.083986262528924271e-06 1.144067482528043911e-06 1.269399376724322792e-06 1.527174731563718524e-06 1.251845787919592112e-06 9.904392754833679646e-07 9.830224598772474565e-07 1.118293653235014062e-06 1.459087002331216354e-06 1.336116838501766324e-06 1.133434807343292050e-06 1.067295556822500657e-06 1.153724724645144306e-06 1.357952669422957115e-06 1.240464712282118853e-06 1.164054879154718947e-06 1.161723844234074932e-06 1.180289700641878881e-06 1.184105485663167201e-06 1.167745153907162603e-06 1.162314788416551892e-06 1.161161321761028375e-06 1.181990569421031978e-06 6.725084967911243439e-03 5.003133323043584824e-03 3.401305992156267166e-03 5.458314903080463409e-03 1.602628454566001892e-02
7.490000000000000000e+02 1.069516810130463277e-02 6.044240668416023254e-03 1.090827481675660238e-06 1.393675347571843304e-06 1.151496121565287467e-06 1.090399337044800632e-06 1.139393589255632833e-06 1.261421516574046109e-06 1.524175559097784571e-06 1.245648149961198214e-06 9.904684930006624199e-07 9.786029977476573549e-07 1.112454015128605533e-06 1.449661340302554891e-06 1.335008505520818289e-06 1.126620986724446993e-06 1.066208255906531122e-06 1.138309585257957224e-06 1.348030195913452189e-06 1.223713638864865061e-06 1.161683599093521480e-06 1.147065518125600647e-06 1.159899966296507046e-06 1.182909272756660357e-06 1.156517555500613526e-06 1.156426833404111676e-06 1.162871512860874645e-06 1.181241145786771085e-06 6.713831331580877304e-03 4.995391238480806351e-03 3.396149724721908569e-03 5.451398435980081558e-03 1.601928472518920898e-02
7.500000000000000000e+02 1.066666666666666631e-02 6.030634045600891113e-03 1.080090555660717655e-06 1.395069489262823481e-06 1.153119342234276701e-06 1.073262296813481953e-06 1.136248329203226604e-06 1.263051331079623196e-06 1.518418685009237379e-06 1.238445406670507509e-06 9.890071623885887675e-07 9.673747172200819477e-07 1.108797846427478362e-06 1.438760591554455459e-06 1.331368252976972144e-06 1.113597932089760434e-06 1.057717668118129950e-06 1.133428895627730526e-06 1.335089677922951523e-06 1.217192675539990887e-06 1.152888671640539542e-06 1.147002990364853758e-06 1.157213091573794372e-06 1.169884058072057087e-06 1.142461201197875198e-06 1.151060700976813678e-06 1.146668182627763599e-06 1.170049245047266595e-06 6.702602840960025787e-03 4.987653344869613647e-03 3.391025587916374207e-03 5.444499664008617401e-03 1.601229421794414520e-02
7.510000000000000000e+02 1.063827901014359825e-02 6.017055362462997437e-03 1.070526195690035820e-06 1.391933892591623589e-06 1.134594981522241142e-06 1.074132455869403202e-06 1.132107399826054461e-06 1.257050712411000859e-06 1.513652591711434070e-06 1.221672505380411167e-06 9.787116823645192198e-07 9.573932402417995036e-07 1.099513724511780310e-06 1.428043788109789602e-06 1.319278680966817774e-06 1.097112999559612945e-06 1.051586650646640919e-06 1.126532993112050463e-06 1.326319193140079733e-06 1.213381892739562318e-06 1.142300902756687719e-06 1.134318040385551285e-06 1.159169414677307941e-06 1.160685314971487969e-06 1.134560193349898327e-06 1.137996264333196450e-06 1.151231344920233823e-06 1.163878437182574999e-06 6.691400427371263504e-03 4.979938268661499023e-03 3.385898424312472343e-03 5.437614396214485168e-03 1.600531116127967834e-02
7.520000000000000000e+02 1.061000452693526552e-02 6.003513932228088379e-03 1.060543013409187552e-06 1.378938122797990218e-06 1.132839543060981669e-06 1.067896732820372563e-06 1.124863729273783974e-06 1.235273657584912144e-06 1.501020847172185313e-06 1.220285980707558338e-06 9.650481160861090757e-07 9.540093515170156024e-07 1.100273152587760706e-06 1.425592699888511561e-06 1.301778524975816254e-06 1.097200311050983146e-06 1.053018991115095560e-06 1.114830297410662752e-06 1.321220906902453862e-06 1.207415607495931908e-06 1.138899847319407854e-06 1.128763983615499455e-06 1.149180093307222705e-06 1.155355334958585445e-06 1.132079091803461779e-06 1.129164388657954987e-06 1.138284233093145303e-06 1.158720579041983001e-06 6.680217105895280838e-03 4.972239024937152863e-03 3.380795009434223175e-03 5.430737044662237167e-03 1.599833928048610687e-02
7.530000000000000000e+02 1.058184261625476873e-02 5.990021396428346634e-03 1.045938347488117870e-06 1.369005531159928069e-06 1.131878434534883127e-06 1.058801899489481002e-06 1.125374183175154030e-06 1.234960222973313648e-06 1.499237782809359487e-06 1.212980009768216405e-06 9.658012913860147819e-07 9.536278753330407199e-07 1.082307448996289168e-06 1.408228058608074207e-06 1.300089707001461647e-06 1.095398033612582367e-06 1.027824509947095066e-06 1.104293914977461100e-06 1.310555376221600454e-06 1.191168848890811205e-06 1.138600964623037726e-06 1.119067860599898268e-06 1.140209519689960871e-06 1.148030946751532611e-06 1.127736368289333768e-06 1.119610942623694427e-06 1.132275656345882453e-06 1.146125555351318326e-06 6.669067312031984329e-03 4.964551422744989395e-03 3.375694155693054199e-03 5.423884373158216476e-03 1.599137671291828156e-02
7.540000000000000000e+02 1.055379268129656885e-02 5.976564250886440277e-03 1.038193772728845943e-06 1.363074147775478195e-06 1.117833562602754682e-06 1.051950107466836926e-06 1.118046384362969548e-06 1.236336970578122418e-06 1.490068143539247103e-06 1.202259682031581178e-06 9.617133400752209127e-07 9.371104283673048485e-07 1.080798369912372436e-06 1.406663386660511605e-06 1.293471768804010935e-06 1.087586269932216965e-06 1.026789277602802031e-06 1.103698082260962110e-06 1.295828838010493200e-06 1.180809931611292996e-06 1.128147573581372853e-06 1.115478426072513685e-06 1.134211856879119296e-06 1.138696916314074770e-06 1.109203822124982253e-06 1.118696218327386305e-06 1.125440576288383454e-06 1.141695520345820114e-06 6.657919846475124359e-03 4.956879653036594391e-03 3.370624501258134842e-03 5.417033564299345016e-03 1.598441973328590393e-02
7.550000000000000000e+02 1.052585412920485977e-02 5.963137838989496231e-03 1.041434302351262886e-06 1.348585897176235449e-06 1.110279981730855070e-06 1.046949705596489366e-06 1.106574586628994439e-06 1.232229237757564988e-06 1.485474967921618372e-06 1.201204327117011417e-06 9.525653013042756356e-07 9.340524229628499597e-07 1.074210445040080231e-06 1.402809743922261987e-06 1.278445665775507223e-06 1.080012907550553791e-06 1.022387209559383336e-06 1.090785758606216405e-06 1.285683197238540743e-06 1.174453132080088835e-06 1.116379621635132935e-06 1.103894192056031898e-06 1.119977241614833474e-06 1.131573299062438309e-06 1.107496927943429910e-06 1.109275331145909149e-06 1.119467242460814305e-06 1.134930471380357631e-06 6.646805442869663239e-03 4.949207883328199387e-03 3.365558572113513947e-03 5.410204641520977020e-03 1.597745530307292938e-02
7.560000000000000000e+02 1.049802637104224438e-02 5.949759855866432190e-03 1.020216586766764522e-06 1.342864266007381957e-06 1.102997316593246069e-06 1.042887674884696025e-06 1.093870082513603847e-06 1.230525526807468850e-06 1.476666739108623005e-06 1.191484102491813246e-06 9.518034858047030866e-07 9.310110726801212877e-07 1.063644845089584123e-06 1.387693600918282755e-06 1.277509682040545158e-06 1.073057774192420766e-06 1.013462110677210148e-06 1.086086172108480241e-06 1.281391064367198851e-06 1.171105509456538130e-06 1.112692189053632319e-06 1.100284407584695145e-06 1.114890551434655208e-06 1.132700731432123575e-06 1.103739691643568221e-06 1.095612219614849892e-06 1.100494614547642414e-06 1.124781874750624411e-06 6.635715719312429428e-03 4.941565450280904770e-03 3.360502421855926514e-03 5.403398536145687103e-03 1.597051322460174561e-02
7.570000000000000000e+02 1.047030882175869863e-02 5.936418194323778152e-03 1.016204123516217805e-06 1.345935061181080528e-06 1.093901346393977292e-06 1.037844981510716025e-06 1.093652599593042396e-06 1.218055331264622509e-06 1.471445557399420068e-06 1.183279550787119661e-06 9.289097988585126586e-07 9.320768299403425772e-07 1.056181190506322309e-06 1.380218577651248779e-06 1.271561586690950207e-06 1.067931862053228542e-06 1.007789364848576952e-06 1.072413283509376924e-06 1.272562826670764480e-06 1.164316586255154107e-06 1.109566142076801043e-06 1.093099626814364456e-06 1.103592921936069615e-06 1.116809130508045200e-06 1.092441038963443134e-06 1.103025283555325586e-06 1.105096430364937987e-06 1.118094246521650348e-06 6.624642293900251389e-03 4.933945368975400925e-03 3.355466527864336967e-03 5.396600812673568726e-03 1.596358232200145721e-02
7.580000000000000000e+02 1.044270090016081835e-02 5.923101678490638733e-03 1.011978724818618502e-06 1.328804046352161095e-06 1.091571448341710493e-06 1.027097823680378497e-06 1.083808570001565386e-06 1.210499931403319351e-06 1.461669398850062862e-06 1.183612539534806274e-06 9.277140406993567012e-07 9.229827924173150677e-07 1.052775360221858136e-06 1.367905383631295990e-06 1.254405901818245184e-06 1.063006152435264084e-06 1.001102646114304662e-06 1.080026891031593550e-06 1.273029624826449435e-06 1.152235086010477971e-06 1.092554271053813864e-06 1.080675815501308534e-06 1.099132191484386567e-06 1.108972924157569651e-06 1.083947950064612087e-06 1.086275347006449010e-06 1.092364982469007373e-06 1.105872001971874852e-06 6.613606587052345276e-03 4.926324356347322464e-03 3.350433195009827614e-03 5.389808677136898041e-03 1.595664583146572113e-02
7.590000000000000000e+02 1.041520202888135578e-02 5.909817758947610855e-03 9.974752401831210591e-07 1.329292899754364043e-06 1.084432255993306171e-06 1.018161356114433147e-06 1.079731191566679627e-06 1.212611209666647483e-06 1.449132696507149376e-06 1.178519255518040154e-06 9.287214766118268017e-07 9.217027923114073928e-07 1.039034373206959572e-06 1.361051999992923811e-06 1.256464088328357320e-06 1.059535293279623147e-06 9.985878932639025152e-07 1.068907977241906337e-06 1.252759716408036184e-06 1.143483473242667969e-06 1.086749421119748149e-06 1.074896204045217019e-06 1.087782152353611309e-06 1.102374085348856170e-06 1.076718945114407688e-06 1.078124341802322306e-06 1.088673570848186500e-06 1.099522251024609432e-06 6.602573208510875702e-03 4.918727092444896698e-03 3.345422679558396339e-03 5.383026320487260818e-03 1.594972424209117889e-02
7.600000000000000000e+02 1.038781163434903017e-02 5.896593909710645676e-03 9.884453220365685411e-07 1.317797227784467395e-06 1.075606860467814840e-06 1.011025346997485030e-06 1.087358896256773733e-06 1.202487510454375297e-06 1.444845679543504957e-06 1.159589146482176147e-06 9.230831210516043939e-07 9.152931284006626811e-07 1.044427563101635315e-06 1.357017026748508215e-06 1.249493266186618712e-06 1.053828327712835744e-06 9.897128165903268382e-07 1.063680201696115546e-06 1.251375692845613230e-06 1.134448780248931143e-06 1.088446538233256433e-06 1.074099941433814820e-06 1.090986302187957335e-06 1.088693238671112340e-06 1.072272766577953007e-06 1.074924057320458815e-06 1.077416982298018411e-06 1.093900323212437797e-06 6.591562647372484207e-03 4.911146592348814011e-03 3.340428462252020836e-03 5.376265384256839752e-03 1.594282127916812897e-02
7.610000000000000000e+02 1.036052914675862288e-02 5.883398000150918961e-03 9.723271432449109852e-07 1.308264700128347613e-06 1.080690708477050066e-06 1.014568852042430080e-06 1.076243506759055890e-06 1.195816821564221755e-06 1.432214958185795695e-06 1.156749931396916509e-06 9.157474778476171196e-07 9.116737942349573132e-07 1.035384570968744811e-06 1.339900222774303984e-06 1.235488298334530555e-06 1.042476242218981497e-06 9.808452432480407879e-07 1.051267531693156343e-06 1.244322902493877336e-06 1.130988266595522873e-06 1.062826640918501653e-06 1.060690351550874766e-06 1.074055830940778833e-06 1.088114231606596150e-06 1.057612962540588342e-06 1.060312115441774949e-06 1.063969307324441615e-06 1.083644178834219929e-06 6.580591667443513870e-03 4.903574939817190170e-03 3.335428191348910332e-03 5.369524937123060226e-03 1.593590900301933289e-02
7.620000000000000000e+02 1.033335400004133271e-02 5.870236083865165710e-03 9.687535111879697070e-07 1.301261022490507457e-06 1.065059905158705078e-06 1.003930947263143025e-06 1.070464918484503869e-06 1.197832489197026007e-06 1.427669189979496878e-06 1.142547944255056791e-06 9.033977335093368310e-07 9.041224870998121332e-07 1.021065486384031828e-06 1.334716330347873736e-06 1.223622575707850046e-06 1.026547806759481318e-06 9.719810805108863860e-07 1.042113694893487263e-06 1.232725935551570728e-06 1.123204242503561545e-06 1.065830360857944470e-06 1.052557990988134407e-06 1.060072008840506896e-06 1.072380882760626264e-06 1.046206762111978605e-06 1.045963131218741182e-06 1.054616063811408821e-06 1.066637196345254779e-06 6.569626741111278534e-03 4.896025639027357101e-03 3.330448176711797714e-03 5.362796597182750702e-03 1.592899858951568604e-02
7.630000000000000000e+02 1.030628563183542956e-02 5.857099778950214386e-03 9.655828989707515575e-07 1.297134076594375074e-06 1.062644287230796181e-06 1.003677084554510657e-06 1.056207565852673724e-06 1.177941044261388015e-06 1.420457124368113000e-06 1.127112227550242096e-06 9.023406164487823844e-07 8.973992180472123437e-07 1.016137048281962052e-06 1.319324383075581864e-06 1.217640374306938611e-06 1.017838940242654644e-06 9.674884040578035638e-07 1.034043293657305185e-06 1.223059484800614882e-06 1.113507323680096306e-06 1.054541144185350277e-06 1.043017505253374111e-06 1.056197675097791944e-06 1.070990379048453178e-06 1.037776996781758498e-06 1.039754693010763731e-06 1.056479504768503830e-06 1.061162379301094916e-06 6.558691617101430893e-03 4.888491239398717880e-03 3.325484227389097214e-03 5.356078501790761948e-03 1.592209935188293457e-02
7.640000000000000000e+02 1.027932348345714231e-02 5.844010505825281143e-03 9.606350204194313847e-07 1.285821667806885671e-06 1.055143457051599398e-06 9.966614697987097315e-07 1.057312601915327832e-06 1.184518055197258946e-06 1.408361526955559384e-06 1.128121198235021438e-06 8.930693979891657364e-07 8.926036798584391363e-07 1.018630769067385700e-06 1.314742576141725294e-06 1.206887191074201837e-06 1.009011157293571159e-06 9.632714181861956604e-07 1.022357423607900273e-06 1.216393343383970205e-06 1.098652319342363626e-06 1.044150053530756850e-06 1.033702233144140337e-06 1.052479319696431048e-06 1.055552615980559494e-06 1.035280092764878646e-06 1.034947558764542919e-06 1.044237592395802494e-06 1.061952957570611034e-06 6.547776516526937485e-03 4.880971275269985199e-03 3.320523770526051521e-03 5.349370650947093964e-03 1.591523364186286926e-02
7.650000000000000000e+02 1.025246699987184332e-02 5.830964539200067520e-03 9.518577144262962975e-07 1.278169406759843696e-06 1.042747840074298438e-06 9.856190672508091666e-07 1.053825826602405868e-06 1.179996957034745719e-06 1.402176621922990307e-06 1.123607489716960117e-06 8.927233352551411372e-07 8.829460966808255762e-07 1.011170866149768699e-06 1.306608965023769997e-06 1.205595822284522001e-06 1.006047682494681794e-06 9.538659924146486446e-07 1.021733623929321766e-06 1.205053308694914449e-06 1.093230707738257479e-06 1.037886704580159858e-06 1.030516273203829769e-06 1.048769263434223831e-06 1.045687213263590820e-06 1.022545006890140940e-06 1.022791707327996846e-06 1.028654651236138307e-06 1.049805405273218639e-06 6.536885630339384079e-03 4.873451311141252518e-03 3.315592184662818909e-03 5.342687945812940598e-03 1.590834744274616241e-02
7.660000000000000000e+02 1.022571562966548275e-02 5.817944649606943130e-03 9.459195666750019882e-07 1.272725398848706391e-06 1.047841465151577722e-06 9.850939477473730221e-07 1.050382365974655841e-06 1.176743239739153069e-06 1.395656909153331071e-06 1.122241542361734901e-06 8.808240750113327522e-07 8.698218039171479177e-07 1.001501686914707534e-06 1.298842562391655520e-06 1.187340330943698063e-06 9.916232102114008740e-07 9.451150049244461115e-07 1.011678591567033436e-06 1.191104274766985327e-06 1.082785615835746285e-06 1.031530814543657470e-06 1.026070549414725974e-06 1.043278643919620663e-06 1.041085511133132968e-06 1.011865037980896886e-06 1.015392513181723189e-06 1.026024506245448720e-06 1.045191083903773688e-06 6.526011973619461060e-03 4.865956492722034454e-03 3.310659434646368027e-03 5.336015019565820694e-03 1.590148545801639557e-02
7.670000000000000000e+02 1.019906882501627615e-02 5.804961547255516052e-03 9.323343874712008983e-07 1.265736955247120932e-06 1.034813180922355969e-06 9.822247193369548768e-07 1.041009454638697207e-06 1.156431835624971427e-06 1.395603135279088747e-06 1.105601995732286014e-06 8.735202641219075304e-07 8.598525482739205472e-07 9.940830523191834800e-07 1.288413272959587630e-06 1.188901819659804460e-06 9.948147408067598008e-07 9.368653195451770443e-07 9.930480473485658877e-07 1.183984181807318237e-06 1.072571762961160857e-06 1.022054675559047610e-06 1.021401203615823761e-06 1.025523033604258671e-06 1.028516180667793378e-06 1.010937126011413056e-06 1.008232516142015811e-06 1.014016220324265305e-06 1.033721900967066176e-06 6.515167653560638428e-03 4.858490079641342163e-03 3.305743681266903877e-03 5.329353269189596176e-03 1.589462161064147949e-02
7.680000000000000000e+02 1.017252604166666609e-02 5.792015232145786285e-03 9.282355222239857540e-07 1.251903654519992415e-06 1.022636070047155954e-06 9.733016668178606778e-07 1.034430738400260452e-06 1.162573994406557176e-06 1.382481173095584381e-06 1.108322294385288842e-06 8.691776542946172412e-07 8.544526508558192290e-07 9.888236718325060792e-07 1.276861326005018782e-06 1.176045657302893233e-06 9.927204018822521903e-07 9.261135573979117908e-07 9.984175903809955344e-07 1.179237642645603046e-06 1.073992507372167893e-06 1.014490976558590773e-06 1.005510625873284880e-06 1.026172867568675429e-06 1.017970589600736275e-06 1.001209511741762981e-06 9.973922487915842794e-07 1.011283643492788542e-06 1.021035700432548765e-06 6.504346616566181183e-03 4.851019009947776794e-03 3.300833981484174728e-03 5.322696641087532043e-03 1.588775776326656342e-02
7.690000000000000000e+02 1.014608673889553017e-02 5.779105238616466522e-03 9.113326200349547435e-07 1.251833168680605013e-06 1.021212597152043600e-06 9.630347221900592558e-07 1.036618073158024345e-06 1.152107870439067483e-06 1.365991579405090306e-06 1.096983169190934859e-06 8.656664363115851302e-07 8.491696803503145929e-07 9.761804449226474389e-07 1.270538291464617942e-06 1.155948893938330002e-06 9.748926004249369726e-07 9.154986742032633629e-07 9.944210432877298445e-07 1.169744905382685829e-06 1.058681050380982924e-06 1.005605327009106986e-06 1.001732130134769250e-06 1.002457224785757717e-06 1.007131118058168795e-06 9.933623914548661560e-07 9.955314226317568682e-07 1.005964122668956406e-06 1.017359181787469424e-06 6.493537221103906631e-03 4.843569360673427582e-03 3.295953152701258659e-03 5.316061899065971375e-03 1.588092558085918427e-02
7.700000000000000000e+02 1.011975037949063884e-02 5.766230635344982147e-03 9.100303941522724926e-07 1.237904484696628060e-06 1.012421648738381919e-06 9.564013225826784037e-07 1.024327843879291322e-06 1.148017531704681460e-06 1.363238880003336817e-06 1.083150664271670394e-06 8.544580509806110058e-07 8.468813348372350447e-07 9.746607929628225975e-07 1.259650616702856496e-06 1.154550773208029568e-06 9.667140830060816370e-07 9.213654834638873581e-07 9.819272008826374076e-07 1.162122202913451474e-06 1.043985321302898228e-06 9.867818562270258553e-07 9.857494660536758602e-07 9.951332913260557689e-07 1.009211814562149812e-06 9.934121862897882238e-07 9.862923207037965767e-07 9.924501682689879090e-07 1.004089995149115566e-06 6.482747849076986313e-03 4.836139269173145294e-03 3.291074186563491821e-03 5.309443455189466476e-03 1.587407477200031281e-02
7.710000000000000000e+02 1.009351642972136816e-02 5.753400735557079315e-03 9.021775895234895870e-07 1.233861325999896508e-06 9.991890692617744207e-07 9.556586064718430862e-07 1.018047896650386974e-06 1.142891619565489236e-06 1.359807470180385280e-06 1.075893464985711034e-06 8.490865184285212308e-07 8.445669550383172464e-07 9.623968253436032683e-07 1.249329898200812750e-06 1.141988491326628719e-06 9.595595429345848970e-07 9.077360800802125596e-07 9.754967322805896401e-07 1.156066446128534153e-06 1.033555690810317174e-06 9.825364486459875479e-07 9.746934210852487013e-07 9.996696235248236917e-07 9.886106226986157708e-07 9.756868166732601821e-07 9.786117516341619194e-07 9.871322390608838759e-07 9.997627330449176952e-07 6.471985485404729843e-03 4.828714765608310699e-03 3.286201041191816330e-03 5.302840843796730042e-03 1.586724445223808289e-02
7.720000000000000000e+02 1.006738435931165895e-02 5.740589927881956100e-03 8.893694030120968819e-07 1.225716005137655884e-06 9.959569524653488770e-07 9.479682603341643699e-07 1.014941062749130651e-06 1.137119397753849626e-06 1.349874082734459080e-06 1.059502324096683878e-06 8.392798349632357713e-07 8.373063451472262386e-07 9.585708085069200024e-07 1.240114443135098554e-06 1.146403405982709955e-06 9.515106853541510645e-07 9.103657134801323991e-07 9.688495765658444725e-07 1.136853370553581044e-06 1.027827693178551272e-06 9.746120213094400242e-07 9.718957016957574524e-07 9.834175216383300722e-07 9.815223620535107329e-07 9.591019534127553925e-07 9.687770443633780815e-07 9.762795798451406881e-07 9.929881343850865960e-07 6.461233831942081451e-03 4.821308888494968414e-03 3.281343262642621994e-03 5.296248942613601685e-03 1.586041040718555450e-02
7.730000000000000000e+02 1.004135364141322054e-02 5.727822426706552505e-03 8.870820238371379673e-07 1.213043901771015953e-06 9.925880704031442292e-07 9.364609354634012561e-07 1.005216063276748173e-06 1.131156295741675422e-06 1.341557322120934259e-06 1.050657829182455316e-06 8.323630709128337912e-07 8.263878044090233743e-07 9.597864618626772426e-07 1.240961523762962315e-06 1.130310124608513433e-06 9.425837106391554698e-07 8.964864832705643494e-07 9.534911100672616158e-07 1.125508788391016424e-06 1.016447640722617507e-06 9.696027518657501787e-07 9.729253633850021288e-07 9.823514801610144787e-07 9.827273288465221412e-07 9.594450602889992297e-07 9.519780519440246280e-07 9.679442882770672441e-07 9.829108194026048295e-07 6.450523156672716141e-03 4.813916049897670746e-03 3.276503644883632660e-03 5.289673339575529099e-03 1.585360616445541382e-02
7.740000000000000000e+02 1.001542375257897209e-02 5.715084262192249298e-03 8.769364967520232312e-07 1.203260694637720007e-06 9.866097343547153287e-07 9.311027611147437710e-07 9.975764214686932974e-07 1.121575337492686231e-06 1.328388975707639474e-06 1.048168314810027368e-06 8.288844810522277839e-07 8.227959256146277767e-07 9.465894095228577498e-07 1.230405814567347988e-06 1.124154209719563369e-06 9.330871648671745788e-07 8.885729698704381008e-07 9.531104865345696453e-07 1.131298745349340606e-06 1.009988181976950727e-06 9.571425607646233402e-07 9.598604719940340146e-07 9.690255637906375341e-07 9.757532097864896059e-07 9.520146591057709884e-07 9.530240276944823563e-07 9.599397117199259810e-07 9.790070407689199783e-07 6.439825985580682755e-03 4.806537646800279617e-03 3.271670080721378326e-03 5.283100064843893051e-03 1.584679447114467621e-02
7.750000000000000000e+02 9.989594172736732114e-03 5.702402908354997635e-03 8.681075769345625304e-07 1.203162810270441696e-06 9.804878118302440271e-07 9.259728699362312909e-07 9.942951919583720155e-07 1.116302428272319958e-06 1.329894871560100000e-06 1.041240011545596644e-06 8.236120834226312581e-07 8.214739182221819647e-07 9.328390433438471518e-07 1.216098667100595776e-06 1.103266754398646299e-06 9.260072602046420798e-07 8.796918677944631781e-07 9.453638654122187290e-07 1.119963030760118272e-06 1.000268298412265722e-06 9.582588518242118880e-07 9.494963819633994717e-07 9.641444194130599499e-07 9.662917364039458334e-07 9.413100201527413446e-07 9.391093840349640232e-07 9.501781050857971422e-07 9.663743867349694483e-07 6.429140921682119370e-03 4.799180198460817337e-03 3.266849089413881302e-03 5.276548676192760468e-03 1.583999209105968475e-02
7.760000000000000000e+02 9.963864385163142059e-03 5.689735524356365204e-03 8.678510994286625646e-07 1.187495399790350348e-06 9.693133051769109443e-07 9.224187920153781306e-07 9.989328191295498982e-07 1.106310946852318011e-06 1.311099140366422944e-06 1.030197495310858358e-06 8.103943400783464313e-07 8.084923024398449343e-07 9.212241138811805286e-07 1.202980115522223059e-06 1.106753302337892819e-06 9.153490623248217162e-07 8.665106179250869900e-07 9.309650863542628940e-07 1.099070232157828286e-06 9.910187372952350415e-07 9.494265214016195387e-07 9.498870667812298052e-07 9.558303872836404480e-07 9.542404768581036478e-07 9.382795838064339478e-07 9.352226584269374143e-07 9.424189215678779874e-07 9.558057172398548573e-07 6.418481469154357910e-03 4.791830666363239288e-03 3.262047423049807549e-03 5.270006600767374039e-03 1.583319529891014099e-02
7.770000000000000000e+02 9.938233876457815488e-03 5.677099339663982391e-03 8.553656130061426666e-07 1.180670551548246294e-06 9.607624633645173162e-07 9.116116643781424500e-07 9.839545782597269863e-07 1.109235313379031140e-06 1.303065687352500390e-06 1.024071366373391356e-06 8.079848612396745011e-07 8.036217309381754603e-07 9.180282063425693195e-07 1.199200141854817048e-06 1.090692194338771515e-06 9.061101309271180071e-07 8.634667096885095816e-07 9.209514928443240933e-07 1.091162175725912675e-06 9.945098327079904266e-07 9.419093771612097044e-07 9.278132324652688112e-07 9.488164209869864862e-07 9.471584121456544381e-07 9.154704798675084021e-07 9.276533887714322191e-07 9.253025723410246428e-07 9.468608368479181081e-07 6.407845299690961838e-03 4.784506279975175858e-03 3.257242962718009949e-03 5.263479892164468765e-03 1.582640595734119415e-02
7.780000000000000000e+02 9.912702136517733548e-03 5.664501339197158813e-03 8.552491976843157317e-07 1.181357333734922577e-06 9.572036105964798480e-07 9.015832347358809784e-07 9.838641972237383015e-07 1.089823626898578368e-06 1.294861817768833134e-06 1.022916535475815181e-06 8.007002065824053716e-07 8.023568511816847604e-07 9.126847544393967837e-07 1.195358777295041364e-06 1.089685838451259769e-06 9.004997991723939776e-07 8.617490721007925458e-07 9.183957558889233042e-07 1.089419015443127137e-06 9.803898137761279941e-07 9.368843052470765542e-07 9.214887768393964507e-07 9.370244811179873068e-07 9.330261718787369318e-07 9.127912790063419379e-07 9.155029374596779235e-07 9.308265589424991049e-07 9.409061476617353037e-07 6.397237069904804230e-03 4.777170252054929733e-03 3.252458758652210236e-03 5.256966222077608109e-03 1.581963337957859039e-02
7.790000000000000000e+02 9.887268658511867703e-03 5.651937797665596008e-03 8.488237881465465762e-07 1.164584091384313069e-06 9.551175708111259155e-07 8.972720024758018553e-07 9.716555950944893993e-07 1.084792188521532807e-06 1.287584268538921606e-06 1.008452954920358025e-06 7.873523486523481552e-07 7.972626576702168677e-07 9.040861073117412161e-07 1.175291686195123475e-06 1.072826307790819556e-06 8.971760507847648114e-07 8.438287295575719327e-07 9.152676625490130391e-07 1.077180854736070614e-06 9.770365068106912076e-07 9.170087764687195886e-07 9.101323712457087822e-07 9.250105676983366720e-07 9.329744443675735965e-07 9.077438107851776294e-07 9.101090086005569901e-07 9.167643497676181141e-07 9.325431165052577853e-07 6.386648863554000854e-03 4.769868217408657074e-03 3.247687825933098793e-03 5.250469315797090530e-03 1.581286080181598663e-02
7.800000000000000000e+02 9.861932938856015837e-03 5.639422219246625900e-03 8.374878461836487986e-07 1.157854399025382008e-06 9.439193036087090150e-07 8.899127124095684849e-07 9.672168062024866231e-07 1.084964878828031942e-06 1.282794642065709922e-06 1.003882971417624503e-06 7.879733061599836219e-07 7.867335511946293991e-07 8.984297323877399322e-07 1.172794668491405901e-06 1.063832655745500233e-06 8.947347396315308288e-07 8.424630095760221593e-07 9.043960176313703414e-07 1.070059283847513143e-06 9.626468226997531019e-07 9.219623393619258422e-07 9.097347515307774302e-07 9.344670957034395542e-07 9.209574614033044782e-07 8.971344414021586999e-07 8.984001169665134512e-07 9.127313091994437855e-07 9.221517416335700545e-07 6.376074627041816711e-03 4.762576892971992493e-03 3.242935054004192352e-03 5.243985448032617569e-03 1.580608449876308441e-02
7.810000000000000000e+02 9.836694477187886421e-03 5.626935046166181564e-03 8.389327490476716775e-07 1.146763793258287478e-06 9.416432362741034012e-07 8.823480470709910151e-07 9.648309742260607891e-07 1.066254071702132933e-06 1.278026957152178511e-06 9.960773468264960684e-07 7.857033210711961146e-07 7.783755791024304926e-07 8.972114073912962340e-07 1.160741021521971561e-06 1.059428768712677993e-06 8.716575621292577125e-07 8.416974992542236578e-07 8.957405839282728266e-07 1.051823460329615045e-06 9.505443472335173283e-07 9.031929835146002006e-07 8.949364200816489756e-07 9.234951789949263912e-07 9.118419370679475833e-07 9.007810035654983949e-07 8.990198807623528410e-07 9.058489354174525943e-07 9.170533417091064621e-07 6.365513894706964493e-03 4.755307454615831375e-03 3.238180885091423988e-03 5.237512756139039993e-03 1.579933427274227142e-02
7.820000000000000000e+02 9.811552776342383902e-03 5.614465102553367615e-03 8.376428013434633613e-07 1.137093477154849097e-06 9.385555017615843099e-07 8.744145816308446229e-07 9.560599210090003908e-07 1.071181145562150050e-06 1.256370751434587874e-06 9.833171361606218852e-07 7.716115533185075037e-07 7.752634587632201146e-07 8.916589990803913679e-07 1.151938363364024553e-06 1.054338895301043522e-06 8.708814789315511007e-07 8.286074262287002057e-07 8.945411877903097775e-07 1.049658067131531425e-06 9.484202792009455152e-07 9.015003570311819203e-07 8.937647066886711400e-07 9.087593753065448254e-07 9.044360922416672111e-07 8.839913903102569748e-07 8.876035053617670201e-07 8.983290626929374412e-07 9.086194268093095161e-07 6.354991812258958817e-03 4.748041741549968719e-03 3.233453026041388512e-03 5.231054034084081650e-03 1.579258032143115997e-02
7.830000000000000000e+02 9.786507342327133499e-03 5.602058488875627518e-03 8.260864206022233702e-07 1.133861132984748110e-06 9.231077910953899845e-07 8.706910534783673938e-07 9.475841693529218901e-07 1.055658685800153762e-06 1.259044324797287118e-06 9.796140147955156863e-07 7.705590405748807825e-07 7.681161946493375581e-07 8.759012075643113349e-07 1.144393309004954062e-06 1.049565526045626029e-06 8.654244538774946705e-07 8.165792451109155081e-07 8.860324669512920082e-07 1.040419078890408855e-06 9.419475759386841673e-07 9.016591775434790179e-07 8.900631200958741829e-07 9.046279956237412989e-07 8.980563279692432843e-07 8.735897836231742986e-07 8.880555810719670262e-07 8.914132649806560948e-07 8.961528124018514063e-07 6.344490684568881989e-03 4.740785341709852219e-03 3.228718880563974380e-03 5.224605556577444077e-03 1.578583382070064545e-02
7.840000000000000000e+02 9.761557684298208942e-03 5.589655134826898575e-03 8.249857614828215446e-07 1.121719151342404075e-06 9.208799269799783360e-07 8.642809348202717956e-07 9.396056839250377379e-07 1.051088020176393911e-06 1.248762487193744164e-06 9.694250593383912928e-07 7.606025747008970939e-07 7.631601306457014289e-07 8.636730512989743147e-07 1.135493675974430516e-06 1.043659040078637190e-06 8.581535553275898565e-07 8.198203431675210595e-07 8.697259090695297346e-07 1.036495973494311329e-06 9.372192266710044350e-07 8.881475537236838136e-07 8.823025723359023686e-07 8.898235250853758771e-07 8.885247098078252748e-07 8.719969173398567364e-07 8.787633305473718792e-07 8.925147767513408326e-07 8.989697448669176083e-07 6.333998870104551315e-03 4.733555018901824951e-03 3.224011976271867752e-03 5.218177102506160736e-03 1.577908731997013092e-02
7.850000000000000000e+02 9.736703314536087478e-03 5.577309522777795792e-03 8.195124223675520625e-07 1.110110474655812141e-06 9.153699238595436327e-07 8.599687362220720388e-07 9.304754939876147546e-07 1.045268732013937552e-06 1.244865416083484888e-06 9.664486242400016636e-07 7.555732963737682439e-07 7.545268090325407684e-07 8.589505569034372456e-07 1.133311684498039540e-06 1.025541450871969573e-06 8.479971143060538452e-07 8.060923164521227591e-07 8.694075290804903489e-07 1.022593551169848070e-06 9.292800768889719620e-07 8.837675977702019736e-07 8.739904160393052734e-07 8.902228501028730534e-07 8.854169095684483182e-07 8.645734510537295137e-07 8.659816899125871714e-07 8.768919883550552186e-07 8.883666851033922285e-07 6.323532667011022568e-03 4.726327955722808838e-03 3.219310659915208817e-03 5.211757030338048935e-03 1.577236875891685486e-02
7.860000000000000000e+02 9.711943748421809561e-03 5.564979743212461472e-03 8.178170105566096026e-07 1.101376142287335824e-06 9.009995096675993409e-07 8.543028684471209999e-07 9.190571859107876662e-07 1.039519247569842264e-06 1.238523168467509095e-06 9.572753469910821877e-07 7.452729278156766668e-07 7.445268579431285616e-07 8.572861247557739262e-07 1.116153384828066919e-06 1.029171585287258495e-06 8.471505452689598314e-07 7.928134664325625636e-07 8.593545999246998690e-07 1.018074726744089276e-06 9.190734999720007181e-07 8.664088682053261437e-07 8.675611979924724437e-07 8.897370662452885881e-07 8.740161092646303587e-07 8.690044523973483592e-07 8.625160035080625676e-07 8.703924549990915693e-07 8.796158113000274170e-07 6.313079968094825745e-03 4.719138145446777344e-03 3.214614233002066612e-03 5.205338355153799057e-03 1.576564460992813110e-02
7.870000000000000000e+02 9.687278504413362329e-03 5.552695132791996002e-03 8.187723778974032030e-07 1.095801053452305496e-06 8.949712082539917901e-07 8.441380145995935891e-07 9.228551220985536929e-07 1.033308762998785824e-06 1.234922933690540958e-06 9.444603392694261856e-07 7.415670779664651491e-07 7.463936526619363576e-07 8.460973504043067805e-07 1.113503003580262884e-06 1.012520783660875168e-06 8.436674079348449595e-07 7.837148814360261895e-07 8.553346333428635262e-07 1.015187194752797950e-06 9.150487585429800674e-07 8.721063409211637918e-07 8.556471016163413879e-07 8.721912081455229782e-07 8.744185606701648794e-07 8.589749427301285323e-07 8.484186082569067366e-07 8.597759233452961780e-07 8.836556162350461818e-07 6.302656140178442001e-03 4.711935296654701233e-03 3.209942486137151718e-03 5.198950413614511490e-03 1.575892791152000427e-02
7.880000000000000000e+02 9.662707104022262572e-03 5.540436133742332458e-03 8.035232212932896800e-07 1.095397465178393759e-06 8.852255177771439776e-07 8.350191933459427673e-07 9.150269875135563780e-07 1.028569727168360259e-06 1.224255925080797169e-06 9.307726145380001981e-07 7.356725859608559404e-07 7.280987119884230196e-07 8.422710493505292106e-07 1.106257968785939738e-06 1.009095626613998320e-06 8.301843195113178808e-07 7.843090088499593548e-07 8.511112241649243515e-07 1.005755734695412684e-06 9.074177000911731739e-07 8.572300771447771695e-07 8.582886721342219971e-07 8.751684958951955196e-07 8.636723691779479850e-07 8.557524324714904651e-07 8.494036478623456787e-07 8.577329708714387380e-07 8.712148655831697397e-07 6.292255129665136337e-03 4.704748746007680893e-03 3.205274231731891632e-03 5.192564334720373154e-03 1.575220562517642975e-02
7.890000000000000000e+02 9.638229071790349600e-03 5.528212990611791611e-03 8.029156788325053640e-07 1.078219270311819855e-06 8.855611213220981881e-07 8.269774411928665359e-07 9.015876685225521214e-07 1.023529534904810134e-06 1.212583697451918852e-06 9.345814078187686391e-07 7.311959393518918660e-07 7.235129828586650547e-07 8.355980867236212362e-07 1.095128595807182137e-06 9.962781177819124423e-07 8.245515914495626930e-07 7.807857969055476133e-07 8.379882387998804916e-07 1.005435706247226335e-06 9.029363923218625132e-07 8.569609235564712435e-07 8.498912507093336899e-07 8.528886610292829573e-07 8.621349820714385714e-07 8.483115152557729743e-07 8.473126626995508559e-07 8.492972938256571069e-07 8.655967462800617795e-07 6.281867623329162598e-03 4.697591066360473633e-03 3.200615057721734047e-03 5.186198744922876358e-03 1.574551500380039215e-02
7.900000000000000000e+02 9.613843935266784546e-03 5.516017321497201920e-03 7.991916959326772485e-07 1.071812334885180462e-06 8.725302791390276980e-07 8.238235977842123248e-07 9.015716955218522344e-07 1.015034854390250985e-06 1.207077843901060987e-06 9.368325208924943581e-07 7.259274070747778751e-07 7.181912451414973475e-07 8.290612072414660361e-07 1.077714614439173602e-06 9.945025567503762431e-07 8.153610906447283924e-07 7.800892944942461327e-07 8.300219747070514131e-07 9.929425459631602280e-07 8.941565283748786896e-07 8.549390599910111632e-07 8.463071594633220229e-07 8.594820997132046614e-07 8.623177336630760692e-07 8.385628120777255390e-07 8.386081731259764638e-07 8.470079819744569249e-07 8.610248301010869909e-07 6.271510850638151169e-03 4.690437577664852142e-03 3.195970552042126656e-03 5.179839674383401871e-03 1.573882810771465302e-02
7.910000000000000000e+02 9.589551224985256098e-03 5.503864027559757233e-03 7.877747520979028195e-07 1.063816171154030599e-06 8.669040880704415031e-07 8.203785455407341942e-07 8.888534921425161883e-07 1.007910555017588194e-06 1.196006110149028245e-06 9.173563739750534296e-07 7.113122819646378048e-07 7.226658453873824328e-07 8.244255127465294208e-07 1.072753775588353164e-06 9.769478310772683471e-07 8.069166028690233361e-07 7.690102847845992073e-07 8.272854756796732545e-07 9.860912086878670380e-07 8.951021186476282310e-07 8.462445748591562733e-07 8.338564043697260786e-07 8.550772463422617875e-07 8.507866482432291377e-07 8.339702617377042770e-07 8.355698923878662754e-07 8.308471137752349023e-07 8.590737365921086166e-07 6.261161994189023972e-03 4.683300387114286423e-03 3.191331867128610611e-03 5.173509009182453156e-03 1.573213376104831696e-02
7.920000000000000000e+02 9.565350474441383991e-03 5.491750314831733704e-03 7.957175967021612450e-07 1.060642830452707130e-06 8.642100510769523680e-07 8.114431011563283391e-07 8.790528909230488352e-07 1.007296646093891468e-06 1.190909074466617312e-06 9.176873163596610539e-07 7.129083314794115722e-07 7.086413233992061578e-07 8.214262834371766075e-07 1.069929339791997336e-06 9.773148121894337237e-07 8.083065949904266745e-07 7.638789725206152070e-07 8.226762702179257758e-07 9.830297358348616399e-07 8.885546662895649206e-07 8.458683282697165851e-07 8.402125217799039092e-07 8.417272852057067212e-07 8.424553925578948110e-07 8.309617669510771520e-07 8.300430636154487729e-07 8.334533845300029498e-07 8.476024504489032552e-07 6.250835489481687546e-03 4.676168784499168396e-03 3.186715301126241684e-03 5.167166702449321747e-03 1.572545245289802551e-02
7.930000000000000000e+02 9.541241220070318524e-03 5.479649174958467484e-03 7.915379569567448925e-07 1.047200839821016416e-06 8.570607405999908224e-07 8.067059411587251816e-07 8.755469593779707793e-07 9.866844266070984304e-07 1.190245598081673961e-06 9.073793307834421284e-07 7.001393669270328246e-07 7.044718017823470291e-07 8.072302648542972747e-07 1.061804141500033438e-06 9.750652907314361073e-07 8.022592510315007530e-07 7.524374154854740482e-07 8.148369374794128817e-07 9.721990181787987240e-07 8.750566848902963102e-07 8.312413228850346059e-07 8.229023933381540701e-07 8.356295211342512630e-07 8.397482815780676901e-07 8.241718774115724955e-07 8.224039902415825054e-07 8.295542670566646848e-07 8.422306336797191761e-07 6.240537390112876892e-03 4.669071640819311142e-03 3.182106185704469681e-03 5.160850472748279572e-03 1.571876741945743561e-02
7.940000000000000000e+02 9.517223001224549978e-03 5.467590410262346268e-03 7.735205826975288801e-07 1.045723593051661737e-06 8.565702387386409100e-07 8.016789365683507640e-07 8.712827934687084053e-07 9.817053978622425348e-07 1.181341303890803829e-06 8.995521056931465864e-07 6.873098641335673165e-07 7.021192800493736286e-07 8.054969384829746559e-07 1.067729385795246344e-06 9.631120292397099547e-07 7.937309192129760049e-07 7.551736871391767636e-07 8.139793408190598711e-07 9.782636425370583311e-07 8.809340670268284157e-07 8.248507583630271256e-07 8.139473379742412362e-07 8.324637406076362822e-07 8.338812449437682517e-07 8.154491979439626448e-07 8.185853062059322838e-07 8.171530794243153650e-07 8.372753654839470983e-07 6.230258382856845856e-03 4.661974031478166580e-03 3.177498467266559601e-03 5.154540762305259705e-03 1.571210660040378571e-02
7.950000000000000000e+02 9.493295360151893236e-03 5.455565173178911209e-03 7.781603699186234735e-07 1.029524923978897277e-06 8.492932579429179896e-07 7.916901267890352756e-07 8.608208190707955509e-07 9.775636726772063412e-07 1.174996214103884995e-06 8.998038083518622443e-07 6.901171900608460419e-07 6.844032895969576202e-07 7.976768188200367149e-07 1.047583623403625097e-06 9.599825716577470303e-07 7.912854016467463225e-07 7.504680183956224937e-07 8.129316029226174578e-07 9.612928124624886550e-07 8.731296929909149185e-07 8.213258979594684206e-07 8.124885084725974593e-07 8.286139632218691986e-07 8.355987120012287050e-07 8.080455131675989833e-07 8.143847480823751539e-07 8.231908168454538099e-07 8.409851943724788725e-07 6.219999399036169052e-03 4.654892720282077789e-03 3.172917990013957024e-03 5.148252006620168686e-03 1.570544578135013580e-02
7.960000000000000000e+02 9.469457841973687520e-03 5.443571135401725769e-03 7.754284183647541795e-07 1.021579805637884419e-06 8.365738608517858665e-07 7.805531936355691869e-07 8.558255331081454642e-07 9.726434200274525210e-07 1.162723947345511988e-06 8.930515491556434426e-07 6.853395007055951282e-07 6.873519282635243144e-07 7.974180675773823168e-07 1.044019768414727878e-06 9.548340358378482051e-07 7.807706765561306383e-07 7.396812975457578432e-07 8.040574357437435538e-07 9.543750820739660412e-07 8.638875215183361433e-07 8.196338399102387484e-07 8.077923325799929444e-07 8.244990112871164456e-07 8.202346180041786283e-07 8.023873192541941535e-07 8.101470712063019164e-07 8.102819606392586138e-07 8.370347472919092979e-07 6.209751591086387634e-03 4.647818859666585922e-03 3.168332856148481369e-03 5.141975358128547668e-03 1.569878868758678436e-02
7.970000000000000000e+02 9.445709994663173056e-03 5.431618075817823410e-03 7.666794772376306355e-07 1.020900413095660042e-06 8.226058980653760955e-07 7.803158723618253134e-07 8.421654911217046902e-07 9.651294021750800312e-07 1.157179667643504217e-06 8.845997854223242030e-07 6.877500027258065529e-07 6.813412483097636141e-07 7.818522931302140933e-07 1.039938638314197306e-06 9.429817851014377084e-07 7.779171369293180760e-07 7.410408784380706493e-07 7.925094678284949623e-07 9.504225317868986167e-07 8.522994789927906822e-07 8.107376174848468509e-07 8.081594842224149033e-07 8.203725201383349486e-07 8.175135803867306095e-07 8.051485451687767636e-07 8.099774504444212653e-07 8.072668151726247743e-07 8.234654274019703735e-07 6.199525669217109680e-03 4.640769213438034058e-03 3.163773799315094948e-03 5.135709419846534729e-03 1.569215580821037292e-02
7.980000000000000000e+02 9.422051369024063774e-03 5.419685505330562592e-03 7.627652962582942564e-07 1.017000158753944561e-06 8.282765975309303030e-07 7.818252356628363486e-07 8.372079491891781799e-07 9.493584798292431515e-07 1.152540676230273675e-06 8.797182999842334539e-07 6.816709969825751614e-07 6.702039740957843605e-07 7.789113283251936082e-07 1.035882178257452324e-06 9.397444955538958311e-07 7.812591888978204224e-07 7.299989306375209708e-07 7.938769499560294207e-07 9.485785312790540047e-07 8.507172992722189520e-07 8.088637173386814538e-07 8.066124337346991524e-07 8.082388376351445913e-07 8.137527629514806904e-07 7.977988616403308697e-07 7.972233788677840494e-07 8.002432423381833360e-07 8.248033509516972117e-07 6.189330946654081345e-03 4.633727949112653732e-03 3.159215208142995834e-03 5.129451863467693329e-03 1.568550243973731995e-02
7.990000000000000000e+02 9.398481518669300414e-03 5.407785531133413315e-03 7.581312502225046046e-07 9.925737458615913056e-07 8.156812896231713239e-07 7.661142262804787606e-07 8.343632202922890428e-07 9.375676199852023274e-07 1.140684275924286339e-06 8.746781645641021896e-07 6.769734000044991262e-07 6.628978894696047064e-07 7.730763513791316655e-07 1.046349552780156955e-06 9.397204507877177093e-07 7.764418228362046648e-07 7.255904961311898660e-07 7.846275593692553230e-07 9.398941642757563386e-07 8.503287176608864684e-07 8.013884666979720350e-07 7.944905746626318432e-07 8.039111207835958339e-07 8.059348601818783209e-07 7.955346745802671649e-07 7.938259614093112759e-07 8.033968583731621038e-07 8.145995593622501474e-07 6.179139018058776855e-03 4.626707639545202255e-03 3.154673147946596146e-03 5.123221781104803085e-03 1.567887514829635620e-02
8.000000000000000000e+02 9.374999999999999653e-03 5.395914427936077118e-03 7.614592618665483315e-07 9.898114967654692009e-07 8.169797069967899006e-07 7.618776294293638784e-07 8.264109965239185840e-07 9.322318987869948614e-07 1.134792228185688145e-06 8.670336910654441454e-07 6.697378580611257348e-07 6.629395556956296787e-07 7.655423246433201712e-07 1.032855607263627462e-06 9.335089430351217743e-07 7.655121407879050821e-07 7.207227099570445716e-07 7.764534757370711304e-07 9.335111599284573458e-07 8.428388014181109611e-07 7.972374191922426689e-07 7.981659564393339679e-07 8.014442300918744877e-07 8.074508173194772098e-07 7.907002554929931648e-07 7.976688038979773410e-07 7.979075462571927346e-07 8.128894819492415991e-07 6.168980617076158524e-03 4.619685467332601547e-03 3.150130389258265495e-03 5.116976331919431686e-03 1.567224226891994476e-02
8.010000000000000000e+02 9.351606372184581920e-03 5.384074058383703232e-03 7.619206030540226493e-07 9.906869991027633660e-07 8.133760047712712549e-07 7.566765702904376667e-07 8.167261853486706968e-07 9.285946589443483390e-07 1.128122448790236376e-06 8.649298024465679191e-07 6.650690806964121293e-07 6.572855113518016879e-07 7.625372973052435555e-07 1.030575845106795896e-06 9.237053291144547984e-07 7.650245379409170710e-07 7.255007403728086501e-07 7.805851396369689610e-07 9.328223882221209351e-07 8.321168252223287709e-07 8.007421570255246479e-07 7.864312578931276221e-07 7.888131676736520603e-07 7.995462851795309689e-07 7.880020689299271908e-07 7.882507588874432258e-07 7.943893933770596050e-07 8.061010703386273235e-07 6.158845033496618271e-03 4.612679127603769302e-03 3.145607188344001770e-03 5.110761616379022598e-03 1.566563546657562256e-02
8.020000000000000000e+02 9.328300197138077871e-03 5.372276995331048965e-03 7.487670927730505355e-07 9.801202622838900425e-07 8.063324798968096729e-07 7.446294603141723201e-07 8.133828259815345518e-07 9.206955269291938748e-07 1.135688307840609923e-06 8.590995435042714234e-07 6.627890911659051199e-07 6.528724725285428576e-07 7.580842407151067164e-07 1.014070335259020794e-06 9.216875582751526963e-07 7.468554485967615619e-07 7.166919431256246753e-07 7.789753908582497388e-07 9.242285727850685362e-07 8.332636980412644334e-07 7.919053359728422947e-07 7.873293839111283887e-07 7.897093610154115595e-07 7.972825528668181505e-07 7.831543484826397616e-07 7.911293096185545437e-07 7.942437605379382148e-07 7.945508855300431605e-07 6.148715969175100327e-03 4.605689551681280136e-03 3.141095628961920738e-03 5.104560870677232742e-03 1.565902866423130035e-02
8.030000000000000000e+02 9.305081039501620493e-03 5.360506940633058548e-03 7.486233357667515520e-07 9.722028835312812589e-07 7.955354135447123554e-07 7.448699079759535380e-07 8.098354555841069669e-07 9.134292326962167863e-07 1.125188305195479188e-06 8.517712899447360542e-07 6.520299393741879612e-07 6.586324730051273946e-07 7.533188295383297373e-07 1.008068238661508076e-06 9.208059168486215640e-07 7.565152486677106936e-07 7.141544529076782055e-07 7.591456778754945844e-07 9.162124001704796683e-07 8.265528776973951608e-07 7.830244612705428153e-07 7.774079904265818186e-07 7.801677952556929085e-07 7.957057732710381970e-07 7.782693955959985033e-07 7.795729857207334135e-07 7.885632271609210875e-07 8.014038144210644532e-07 6.138620432466268539e-03 4.598719067871570587e-03 3.136597573757171631e-03 5.098365712910890579e-03 1.565240882337093353e-02
8.040000000000000000e+02 9.281948466622114147e-03 5.348770413547754288e-03 7.454787009919527918e-07 9.625393886381061748e-07 7.890524216236372013e-07 7.353066280302300584e-07 7.962070185385528021e-07 9.169806958198023494e-07 1.118615614359441679e-06 8.461813081339641940e-07 6.525385174427356105e-07 6.472002382906794082e-07 7.453652983713254798e-07 1.003938564281270374e-06 9.059311878445441835e-07 7.516250093431153800e-07 7.121185490177595057e-07 7.660530627617845312e-07 9.159396086033666506e-07 8.221334724112239201e-07 7.819464258318475913e-07 7.744712888779758941e-07 7.803967037034453824e-07 7.896374540905526374e-07 7.708560474384285044e-07 7.769289140924229287e-07 7.853804504520667251e-07 7.995079727152187843e-07 6.128530018031597137e-03 4.591757431626319885e-03 3.132103011012077332e-03 5.092181265354156494e-03 1.564581133425235748e-02
8.050000000000000000e+02 9.258902048532078807e-03 5.337068811058998108e-03 7.487660127480921801e-07 9.538678114040521905e-07 7.884232786636857782e-07 7.272661832757876255e-07 7.924608667053689715e-07 9.128991109719208907e-07 1.114462179430120159e-06 8.434740266238804907e-07 6.411340791601105593e-07 6.545877795360866003e-07 7.375901986961252987e-07 9.985715223592706025e-07 9.013687645165191498e-07 7.413219691443373449e-07 7.101688197508337907e-07 7.592303177261783276e-07 9.156082114714081399e-07 8.092592906905338168e-07 7.793705663061700761e-07 7.710648901593231130e-07 7.872338869674422313e-07 7.926389571366598830e-07 7.654714409000007436e-07 7.718472261331044137e-07 7.782561510794039350e-07 7.853946613067819271e-07 6.118465214967727661e-03 4.584810696542263031e-03 3.127624280750751495e-03 5.086010321974754333e-03 1.563922688364982605e-02
8.060000000000000000e+02 9.235941357929671261e-03 5.325386300683021545e-03 7.430707569255901035e-07 9.554279358781059273e-07 7.762156997159763705e-07 7.170786489041347522e-07 7.823506393833667971e-07 8.986518196252291091e-07 1.104971715903957374e-06 8.452418569504516199e-07 6.433340900002804119e-07 6.412599304894683883e-07 7.398124921564885881e-07 1.000347424451319966e-06 9.001199714475660585e-07 7.448854262293025386e-07 6.993030297053337563e-07 7.558064112345164176e-07 8.988268973553203978e-07 8.170662226802960504e-07 7.863562245802313555e-07 7.586086780975165311e-07 7.851255645618948620e-07 7.811337923158134799e-07 7.700112973907380365e-07 7.687786478527414147e-07 7.829182777641108260e-07 7.866401006140222307e-07 6.108427420258522034e-03 4.577883053570985794e-03 3.123158821836113930e-03 5.079861730337142944e-03 1.563264429569244385e-02
8.070000000000000000e+02 9.213065970158879764e-03 5.313743837177753448e-03 7.385585831798380241e-07 9.400831686434685253e-07 7.711568059676210396e-07 7.170164622039010283e-07 7.722578061475360300e-07 8.788013019511708990e-07 1.098770667340431828e-06 8.344515549651987385e-07 6.322612193798704538e-07 6.361451028169540223e-07 7.321375505853211507e-07 9.889706689136801288e-07 8.947399692260660231e-07 7.419984626721998211e-07 6.992503358560497873e-07 7.575544032079051249e-07 9.042828423844184726e-07 8.158406785696570296e-07 7.687852985327481292e-07 7.694492296650423668e-07 7.731526920906617306e-07 7.855052785998850595e-07 7.699993034293584060e-07 7.695942372265562881e-07 7.736655334156239405e-07 7.824303907000285108e-07 6.098404992371797562e-03 4.570958670228719711e-03 3.118705470114946365e-03 5.073714070022106171e-03 1.562606357038021088e-02
8.080000000000000000e+02 9.190275463189883504e-03 5.302127916365861893e-03 7.435720021931047086e-07 9.320260119238810148e-07 7.690915708735701628e-07 7.181108685472281650e-07 7.711594207648886368e-07 8.732502010388998315e-07 1.096101414077566005e-06 8.218142966143204831e-07 6.368141498569457326e-07 6.393875651156122331e-07 7.288288088602712378e-07 9.898226380755659193e-07 8.896270742297929246e-07 7.218017117338604294e-07 6.912581511642201804e-07 7.480544468307925854e-07 9.009980885821278207e-07 8.053221449699776713e-07 7.629566880495985970e-07 7.558132892881985754e-07 7.756837021588580683e-07 7.820687528692360502e-07 7.652164981664100196e-07 7.637345902367087547e-07 7.686937237849633675e-07 7.839914246687840205e-07 6.088406313210725784e-03 4.564038943499326706e-03 3.114255843684077263e-03 5.067585967481136322e-03 1.561948657035827637e-02
8.090000000000000000e+02 9.167569417599594206e-03 5.290540866553783417e-03 7.339398848671407904e-07 9.286112572226556949e-07 7.628513571944495197e-07 7.108218937901256140e-07 7.666263286409957800e-07 8.747488777771650348e-07 1.089821125788148493e-06 8.178867574315518141e-07 6.268993502089870162e-07 6.359846906889288221e-07 7.263541306201659609e-07 9.814408485908643343e-07 8.934065931498480495e-07 7.251217084558447823e-07 6.881937224534340203e-07 7.443945264640206005e-07 8.878748189999896567e-07 8.008944973880716134e-07 7.628810294590948615e-07 7.657832838958711363e-07 7.711646503594238311e-07 7.746862138446886092e-07 7.615984145559195895e-07 7.644654260730021633e-07 7.666947681173041929e-07 7.784740887473162729e-07 6.078410893678665161e-03 4.557155538350343704e-03 3.109805751591920853e-03 5.061458796262741089e-03 1.561292912811040878e-02
8.100000000000000000e+02 9.144947416552355601e-03 5.278986878693103790e-03 7.215426762741117273e-07 9.163726986116671469e-07 7.675554343222756870e-07 7.086270557010720950e-07 7.629719789292721543e-07 8.578214760746050160e-07 1.077947331395989750e-06 8.108511337923118845e-07 6.339358833429287188e-07 6.241895675884734374e-07 7.292038617379148491e-07 9.701960834718192928e-07 8.832546427584020421e-07 7.331621532102872152e-07 6.860158805466198828e-07 7.455194008798571303e-07 8.939523468143306673e-07 8.035858058974554297e-07 7.579666316814837046e-07 7.608988425999996252e-07 7.639162618033878971e-07 7.733033839940617327e-07 7.540958222307381220e-07 7.588481025777582545e-07 7.637167982466053218e-07 7.811570981175464112e-07 6.068445276468992233e-03 4.550278652459383011e-03 3.105387324467301369e-03 5.055355839431285858e-03 1.560636050999164581e-02
8.110000000000000000e+02 9.122409045780809425e-03 5.267470143735408783e-03 7.205325118775363080e-07 9.173174362331337761e-07 7.514525464102916885e-07 7.011206548668269534e-07 7.582748935419658665e-07 8.558104696021473501e-07 1.080452307178347837e-06 8.134122708725044504e-07 6.255922926357015967e-07 6.285755489443545230e-07 7.204317853393149562e-07 9.745768920765840448e-07 8.786046237219125032e-07 7.251784950312867295e-07 6.855693186480493750e-07 7.369669106083165389e-07 8.821703545436321292e-07 7.934857535474293400e-07 7.591679604956880212e-07 7.487702760045067407e-07 7.599007290082226973e-07 7.747075301267614122e-07 7.503856522816931829e-07 7.625843636560603045e-07 7.582772241221391596e-07 7.731786695330811199e-07 6.058506201952695847e-03 4.543402697890996933e-03 3.100975183770060539e-03 5.049259401857852936e-03 1.559981424361467361e-02
8.120000000000000000e+02 9.099953893566940094e-03 5.255979485809803009e-03 7.336181511163886171e-07 9.141701298176485579e-07 7.451837404914840590e-07 6.928366360625659581e-07 7.455598733940860257e-07 8.450960535810736474e-07 1.073860289579897653e-06 8.115699188238068018e-07 6.140001573839981575e-07 6.137887567092548124e-07 7.089536779858462978e-07 9.661561080065439455e-07 8.697288080838916358e-07 7.150823648771620356e-07 6.727188406330242287e-07 7.334817269111226778e-07 8.814913030619209167e-07 7.933468282317335252e-07 7.523665317421546206e-07 7.384142577393504325e-07 7.577426686111721210e-07 7.665349812668864615e-07 7.464173563676013146e-07 7.570390607725130394e-07 7.519275300182926003e-07 7.646995072718709707e-07 6.048578768968582153e-03 4.536544904112815857e-03 3.096567699685692787e-03 5.043177865445613861e-03 1.559327449649572372e-02
8.130000000000000000e+02 9.077581550723256426e-03 5.244504660367965698e-03 7.226581146824173629e-07 9.007812877825926989e-07 7.437451472469547298e-07 6.813560275986674242e-07 7.427380523949977942e-07 8.428173714492004365e-07 1.065238848241278902e-06 8.026014484130428173e-07 6.166821435726888012e-07 6.167263109091436490e-07 7.079742658788745757e-07 9.646876151236938313e-07 8.735360665923508350e-07 7.092742180248023942e-07 6.859226004962692969e-07 7.238688795041525736e-07 8.748405662117875181e-07 7.965461463754763827e-07 7.469859042430471163e-07 7.430399477925675455e-07 7.569458944090001751e-07 7.665382781851803884e-07 7.445416372320323717e-07 7.502586072405392770e-07 7.553076670774316881e-07 7.675170081711257808e-07 6.038664374500513077e-03 4.529702942818403244e-03 3.092173719778656960e-03 5.037111695855855942e-03 1.558673009276390076e-02
8.140000000000000000e+02 9.055291610574165914e-03 5.233087576925754547e-03 7.162168458307860419e-07 8.922773417907592375e-07 7.345978474404546432e-07 6.844148288109863643e-07 7.325766659960208926e-07 8.288626531793852337e-07 1.062411342900304589e-06 7.997047646313149016e-07 6.135205694590695202e-07 6.081280616854201071e-07 7.072817993503122125e-07 9.584701956555363722e-07 8.707838219379482325e-07 7.090558256095391698e-07 6.764045110685401596e-07 7.296139301615767181e-07 8.684140766490600072e-07 7.915937771940662060e-07 7.558026027254527435e-07 7.482764772248629015e-07 7.563905910501489416e-07 7.604600114063941874e-07 7.428362209793704096e-07 7.527759748882090207e-07 7.503633128180808853e-07 7.674212838537641801e-07 6.028785835951566696e-03 4.522879142314195633e-03 3.087792545557022095e-03 5.031039938330650330e-03 1.558019779622554779e-02
8.150000000000000000e+02 9.033083668937484309e-03 5.221675615757703781e-03 7.165334068304218818e-07 8.927711974138219375e-07 7.272351467690896243e-07 6.792280373701942153e-07 7.290288408512424212e-07 8.270615126093616709e-07 1.060461841007054318e-06 7.980132750162738375e-07 6.128730660748260561e-07 6.124557785369688645e-07 7.016606673460046295e-07 9.522559594188351184e-07 8.632920867057691794e-07 7.074683026075945236e-07 6.594635806322912686e-07 7.245442930070566945e-07 8.735355550015810877e-07 7.798056458341307007e-07 7.438809461746132001e-07 7.420712790917605162e-07 7.483084800696815364e-07 7.592217343699303456e-07 7.415887353090511169e-07 7.459579478563682642e-07 7.516192681578104384e-07 7.591339112877903972e-07 6.018918938934803009e-03 4.516058135777711868e-03 3.083421150222420692e-03 5.024999380111694336e-03 1.557367295026779175e-02
8.160000000000000000e+02 9.010957324106113470e-03 5.210306029766798019e-03 7.167989224399207160e-07 8.830278943605662789e-07 7.282939122887910344e-07 6.757103960808308329e-07 7.245020583468431141e-07 8.211552540160482749e-07 1.056404471455607563e-06 7.909823693807993550e-07 6.013739834997977596e-07 6.017093596710765269e-07 7.026446837699040771e-07 9.443363069294719025e-07 8.581665156270901207e-07 7.002017241575231310e-07 6.654951221207738854e-07 7.313614673876145389e-07 8.675480103192967363e-07 7.752138913019734900e-07 7.425183525811007712e-07 7.425733201671391726e-07 7.485291462216991931e-07 7.571171636300277896e-07 7.438487727995379828e-07 7.343832066908362322e-07 7.445469236699864268e-07 7.544737741227436345e-07 6.009070202708244324e-03 4.509255755692720413e-03 3.079058602452278137e-03 5.018957424908876419e-03 1.556716579943895340e-02
8.170000000000000000e+02 8.988912176829880543e-03 5.198972765356302261e-03 7.154657168939593248e-07 8.840935379339498468e-07 7.141746323213737924e-07 6.686625511065358296e-07 7.113568472050246783e-07 8.187192861441872083e-07 1.044081272993935272e-06 7.897872933426697273e-07 6.026349410603870638e-07 6.023432774782122578e-07 6.919587463016796391e-07 9.397437565894506406e-07 8.517799301444028970e-07 7.023454600130207837e-07 6.644871746175340377e-07 7.258660730258270632e-07 8.732135370337346103e-07 7.696078796470828820e-07 7.328647484428074677e-07 7.304229256988037378e-07 7.462154485438077245e-07 7.465653197868959978e-07 7.396465093734150287e-07 7.433410473822732456e-07 7.438334819198644254e-07 7.512512638641055673e-07 5.999242886900901794e-03 4.502474330365657806e-03 3.074705367907881737e-03 5.012932699173688889e-03 1.556065026670694351e-02
8.180000000000000000e+02 8.966947830297522862e-03 5.187661387026309967e-03 7.103626558091491461e-07 8.742305226405733265e-07 7.119641054487146903e-07 6.607318709939136170e-07 7.136625868042756338e-07 8.118400955936522223e-07 1.043137331180332694e-06 7.813012530277774204e-07 5.966138019175559748e-07 6.003965609124861658e-07 6.919637485225393903e-07 9.374588785249216016e-07 8.486003935104236007e-07 6.959296001696202438e-07 6.705478199364733882e-07 7.252108957800373901e-07 8.634817163510888349e-07 7.637171393071184866e-07 7.331553320000239182e-07 7.277467943822557572e-07 7.383679871963977348e-07 7.481314696633489802e-07 7.397273975584539585e-07 7.383780484815360978e-07 7.374616757260810118e-07 7.398112416012736503e-07 5.989422556012868881e-03 4.495691508054733276e-03 3.070364240556955338e-03 5.006926599889993668e-03 1.555414497852325439e-02
8.190000000000000000e+02 8.945063890118835903e-03 5.176374688744544983e-03 7.068620675454440061e-07 8.677537266521540005e-07 7.163129680520796683e-07 6.594078172383888159e-07 7.092252189977443777e-07 8.073921549112128559e-07 1.042398935169330798e-06 7.763619578327052295e-07 5.958206088507722598e-07 5.947975978415342979e-07 6.875054054944484960e-07 9.345158673568221275e-07 8.472985655316733755e-07 6.936220984243846033e-07 6.631985911553783808e-07 7.200010259111877531e-07 8.621783536000293680e-07 7.625807825206720736e-07 7.364561724898521788e-07 7.254831757563806605e-07 7.324227340177458245e-07 7.469756724276521709e-07 7.341278660533134826e-07 7.299560138562810607e-07 7.347942414526187349e-07 7.412843956444703508e-07 5.979636218398809433e-03 4.488933365792036057e-03 3.066032659262418747e-03 5.000932142138481140e-03 1.554764062166213989e-02
8.200000000000000000e+02 8.923259964306960029e-03 5.165121518075466156e-03 6.995168178036692552e-07 8.714268346921016928e-07 7.097068532857520040e-07 6.563776651091757230e-07 7.112437288014916703e-07 8.004005849215900525e-07 1.035526224768545944e-06 7.617551887051376980e-07 5.908652838115813211e-07 5.900341761844174471e-07 6.840377864136826247e-07 9.370574503009265754e-07 8.425425903624272905e-07 6.853405807305534836e-07 6.649588044638221618e-07 7.164123871916672215e-07 8.572988008381798863e-07 7.677015787521668244e-07 7.235775569824909326e-07 7.189118491623958107e-07 7.325921274059510324e-07 7.389297138615802396e-07 7.322054216274409555e-07 7.296028456948988605e-07 7.288625738510745578e-07 7.435912721120985225e-07 5.969861522316932678e-03 4.482170101255178452e-03 3.061702242121100426e-03 4.994933027774095535e-03 1.554115116596221924e-02
8.210000000000000000e+02 8.901535663260840697e-03 5.153905134648084641e-03 6.994320074227289297e-07 8.687161425768863410e-07 6.975138262532709632e-07 6.474965630332008004e-07 6.986122116359183565e-07 7.935972803352342453e-07 1.031077317747985944e-06 7.695543331465160009e-07 5.956800919193483423e-07 5.958963811281137168e-07 6.776547820663836319e-07 9.267465657103457488e-07 8.424727298006473575e-07 6.828318532825505827e-07 6.547835482706432231e-07 7.110625119821634144e-07 8.553084285267686937e-07 7.647504389751702547e-07 7.272276434377999976e-07 7.232812890833884012e-07 7.297161914721073117e-07 7.400934691759175621e-07 7.142356821532303002e-07 7.328568472075858153e-07 7.347057930928713176e-07 7.351164867941406555e-07 5.960110574960708618e-03 4.475434776395559311e-03 3.057391149923205376e-03 4.988957662135362625e-03 1.553466916084289551e-02
8.220000000000000000e+02 8.879890599747811836e-03 5.142714828252792358e-03 7.022547947599377949e-07 8.591953246650518849e-07 6.967564445403695572e-07 6.448115072998916730e-07 6.939128525118576363e-07 7.947861035972891841e-07 1.030316298056277446e-06 7.670185482311353553e-07 5.858946110492979642e-07 5.846709996149002109e-07 6.772312985958706122e-07 9.261945024263695814e-07 8.385395631194114685e-07 6.802624170632043388e-07 6.602852522519242484e-07 7.100943548721261322e-07 8.547942229597538244e-07 7.585890671180095524e-07 7.288559231710678432e-07 7.149800467232125811e-07 7.289365839824313298e-07 7.429770789713074919e-07 7.182428021224041004e-07 7.285501055775966961e-07 7.330506264224823099e-07 7.332347990995913278e-07 5.950369406491518021e-03 4.468709696084260941e-03 3.053090069442987442e-03 4.982997663319110870e-03 1.552818436175584793e-02
8.230000000000000000e+02 8.858324388886345754e-03 5.131548270583152771e-03 6.940376806596759707e-07 8.624859333394852001e-07 6.985147251725720707e-07 6.412995503524143714e-07 6.912495109645533375e-07 7.867294016250525601e-07 1.028448082251998130e-06 7.616764605700154789e-07 5.840681183144624811e-07 5.880285129933326971e-07 6.829553171883162577e-07 9.193744858748686966e-07 8.308058454531419557e-07 6.821207989560207352e-07 6.508796559501206502e-07 7.114567210919631179e-07 8.407097880080982577e-07 7.586145898130780552e-07 7.220513680294970982e-07 7.149330940592335537e-07 7.160019777074921876e-07 7.294762554010958411e-07 7.180161674114060588e-07 7.215779760372242890e-07 7.296651460819703061e-07 7.366470526903867722e-07 5.940652452409267426e-03 4.462004173547029495e-03 3.048799466341733932e-03 4.977038595825433731e-03 1.552171166986227036e-02
8.240000000000000000e+02 8.836836648128947036e-03 5.120412912219762802e-03 6.895282922414480709e-07 8.511980809089436661e-07 6.930350195943901781e-07 6.366380489453149494e-07 6.895954243191226851e-07 7.766012686261092313e-07 1.022875380840559956e-06 7.593249051751627121e-07 5.815639951833873056e-07 5.869289907423080876e-07 6.773079235244949814e-07 9.163212553175981157e-07 8.262699111583060585e-07 6.806191663599747699e-07 6.448584031204518396e-07 7.053097306197742000e-07 8.339777650689939037e-07 7.639836780981568154e-07 7.229388074847520329e-07 7.119631959540129174e-07 7.200607115009916015e-07 7.353772275564551819e-07 7.179051522143709008e-07 7.181594128269352950e-07 7.288617211997916456e-07 7.323494628508342430e-07 5.930964834988117218e-03 4.455299116671085358e-03 3.044520504772663116e-03 4.971100483089685440e-03 1.551525387912988663e-02
8.250000000000000000e+02 8.815426997245178267e-03 5.109312478452920914e-03 6.823880767115042545e-07 8.486860565426468384e-07 6.937551120245188940e-07 6.293765295595221687e-07 6.776388090656837448e-07 7.678096949348400813e-07 1.023368440655758604e-06 7.659295420125999954e-07 5.804828333566547371e-07 5.788437533738033380e-07 6.756851007594377734e-07 9.149293873633723706e-07 8.298575266962870955e-07 6.696702712361002341e-07 6.430086614273022860e-07 7.007386102486634627e-07 8.450273298876709305e-07 7.475306347259902395e-07 7.200052323241834529e-07 7.156975243560736999e-07 7.212317427729431074e-07 7.327648745558690280e-07 7.187967412392026745e-07 7.198818252618366387e-07 7.183372190411319025e-07 7.306355200853431597e-07 5.921282805502414703e-03 4.448604304343461990e-03 3.040251089259982109e-03 4.965172614902257919e-03 1.550878584384918213e-02
8.260000000000000000e+02 8.794095058304850568e-03 5.098242778331041336e-03 6.853651370875013527e-07 8.403369520237902179e-07 6.816824225097661838e-07 6.345055680867517367e-07 6.684072104690130800e-07 7.669672186239040457e-07 1.016716510093829129e-06 7.533215580224350560e-07 5.725269716094771866e-07 5.750082436861703172e-07 6.740812068528612144e-07 9.155020279649761505e-07 8.181518751371186227e-07 6.692022225252003409e-07 6.418391080842411611e-07 6.952091666789783631e-07 8.417277967964764684e-07 7.487620337087719236e-07 7.190610062934865709e-07 7.106485782060190104e-07 7.194533395704638679e-07 7.269517823260684963e-07 7.185733466030796990e-07 7.167366220528492704e-07 7.146560392357059754e-07 7.302422204702452291e-07 5.911635234951972961e-03 4.441931843757629395e-03 3.035988658666610718e-03 4.959249403327703476e-03 1.550232712179422379e-02
8.270000000000000000e+02 8.772840455661333817e-03 5.087194032967090607e-03 6.730272730237629730e-07 8.270122293652093504e-07 6.759131565559073351e-07 6.292892749115708284e-07 6.702075552311725914e-07 7.547138238805928268e-07 1.010011828839196824e-06 7.518148095186916180e-07 5.790381010228884406e-07 5.773309226242417935e-07 6.599158837161667179e-07 9.090606454265071079e-07 8.262160804406448733e-07 6.644057179983064998e-07 6.421641955967061222e-07 6.934326393093215302e-07 8.411452654399909079e-07 7.393271062028361484e-07 7.104770816113159526e-07 7.069460252751014195e-07 7.223498528219352011e-07 7.218246196316613350e-07 7.105605845936224796e-07 7.097939374034467619e-07 7.128607535378250759e-07 7.320820714085130021e-07 5.901981145143508911e-03 4.435266833752393723e-03 3.031728323549032211e-03 4.953340161591768265e-03 1.549587305635213852e-02
8.280000000000000000e+02 8.751662815935028206e-03 5.076176486909389496e-03 6.763119131392159034e-07 8.238199598054052331e-07 6.749851308995857835e-07 6.256661890802206472e-07 6.709499302814947441e-07 7.551516318926587701e-07 1.003687430056743324e-06 7.460114943569351453e-07 5.755111374128318857e-07 5.790320756204891950e-07 6.552012905558513012e-07 9.022922426993318368e-07 8.121483574541343842e-07 6.763119131392159034e-07 6.391580882336711511e-07 6.818866040703142062e-07 8.347611242243146989e-07 7.452219392689585220e-07 7.066900593599712010e-07 7.024597152849310078e-07 7.149483280954882503e-07 7.230597134366689716e-07 7.114030040611396544e-07 7.073879260133253410e-07 7.238612624860252254e-07 7.229000971165078226e-07 5.892362911254167557e-03 4.428609739989042282e-03 3.027491504326462746e-03 4.947440233081579208e-03 1.548945065587759018e-02
8.290000000000000000e+02 8.730561767996962430e-03 5.065188277512788773e-03 6.708206115035864059e-07 8.211265480895235669e-07 6.692361580462602433e-07 6.193324111336551141e-07 6.664402576461725403e-07 7.580781016258697491e-07 9.953248536476166919e-07 7.490214102290337905e-07 5.752054903496173210e-07 5.720202693737519439e-07 6.580397098332468886e-07 9.060076422429119702e-07 8.071594947978155687e-07 6.736514706062735058e-07 6.274360089264519047e-07 6.903343319208943285e-07 8.277966685454885010e-07 7.365562169070472009e-07 7.079864872139296494e-07 6.997530590524547733e-07 7.180188958955113776e-07 7.134794373087061103e-07 6.938608976270188577e-07 7.066463467708672397e-07 7.169555260588822421e-07 7.167348030634457245e-07 5.882753524929285049e-03 4.421973135322332382e-03 3.023259341716766357e-03 4.941550083458423615e-03 1.548301707953214645e-02
8.300000000000000000e+02 8.709536942952532390e-03 5.054228007793426514e-03 6.607904765587591100e-07 8.201575383282033727e-07 6.718098575220210478e-07 6.217902637217775919e-07 6.625114679081889335e-07 7.467646696568408515e-07 1.000331963041389827e-06 7.341275818362191785e-07 5.699998268937633839e-07 5.752132210545823909e-07 6.572836355189792812e-07 8.882918223207525443e-07 8.109586246973776724e-07 6.602517146347963717e-07 6.295319394666876178e-07 6.858472261228598654e-07 8.241930800068075769e-07 7.331473739213834051e-07 6.991146506152290385e-07 7.041663252493890468e-07 7.115759217413142323e-07 7.227591822811518796e-07 7.066329317240160890e-07 6.957353662073728628e-07 7.092488658599904738e-07 7.174677421062369831e-07 5.873170681297779083e-03 4.415346309542655945e-03 3.019039286300539970e-03 4.935677163302898407e-03 1.547657791525125504e-02
8.310000000000000000e+02 8.688587974125385610e-03 5.043299403041601181e-03 6.656346727140771691e-07 8.229849868257588241e-07 6.675553549939650111e-07 6.134843602012551855e-07 6.595913646378903650e-07 7.531822916462260764e-07 9.888782415146124549e-07 7.380758688668720424e-07 5.647659122587356251e-07 5.637371600641927216e-07 6.553982530022040009e-07 9.020126299219555221e-07 8.121355108414718416e-07 6.733638997502566781e-07 6.363569013956293929e-07 6.868505124657531269e-07 8.106341056191013195e-07 7.409375939460005611e-07 7.021998271738993935e-07 6.928879656697972678e-07 7.066434477565053385e-07 7.150621854634664487e-07 7.006756277405656874e-07 6.980992566241184250e-07 7.126203627194627188e-07 7.173850349317945074e-07 5.863606464117765427e-03 4.408737178891897202e-03 3.014820395037531853e-03 4.929821472615003586e-03 1.547017507255077362e-02
8.320000000000000000e+02 8.667714497041420149e-03 5.032395478338003159e-03 6.493283990494091995e-07 8.229140462390205357e-07 6.655775450781220570e-07 6.052659387023595627e-07 6.505234750875388272e-07 7.430664936691755429e-07 9.891384706861572340e-07 7.418684049298462924e-07 5.629836437037738506e-07 5.707817649636126589e-07 6.503570944005332422e-07 8.862211302584910300e-07 8.044243031690712087e-07 6.733391728630522266e-07 6.267869707698991988e-07 6.817326152486202773e-07 8.236184498855436686e-07 7.331601068472082261e-07 6.992019052631803788e-07 6.844267090855282731e-07 7.020612997621356044e-07 7.185656727415334899e-07 6.994878276600502431e-07 6.943784001123276539e-07 7.049839041428640485e-07 7.135730015761510003e-07 5.854055285453796387e-03 4.402140621095895767e-03 3.010629443451762199e-03 4.923962987959384918e-03 1.546375174075365067e-02
8.330000000000000000e+02 8.646916149412946576e-03 5.021519493311643600e-03 6.579971341125201434e-07 8.182408350876357872e-07 6.526584570565319154e-07 5.994500611450348515e-07 6.479078820120776072e-07 7.415286518153152429e-07 9.872303508018376306e-07 7.276196356542641297e-07 5.685002975042152684e-07 5.601286829914897680e-07 6.466315198849770240e-07 8.878948278834286612e-07 8.090136134342174046e-07 6.609642468902166001e-07 6.267916887736646459e-07 6.736343607371964026e-07 8.108432325570902321e-07 7.228354661492630839e-07 6.936544423297164030e-07 6.917069299561262596e-07 7.026147272881644312e-07 7.065868885547388345e-07 6.921241038071457297e-07 6.964807539588946383e-07 7.013512117737263907e-07 7.081235366968030576e-07 5.844525061547756195e-03 4.395544994622468948e-03 3.006433136761188507e-03 4.918136168271303177e-03 1.545734517276287079e-02
8.340000000000000000e+02 8.626192571122957495e-03 5.010680295526981354e-03 6.444305995501053985e-07 8.103328923425578978e-07 6.511777428386267275e-07 5.937961304880445823e-07 6.380093395819130819e-07 7.365650844803894870e-07 9.800069165066815913e-07 7.287165999514400028e-07 5.596409664576640353e-07 5.576847570409881882e-07 6.521664772662916221e-07 8.817704042485274840e-07 8.001829883141908795e-07 6.605963562833494507e-07 6.305605211309739389e-07 6.611854814764228649e-07 8.106956101983087137e-07 7.183008392530609854e-07 6.927477897988865152e-07 6.865803925393265672e-07 6.970669232941872906e-07 7.061881319714302663e-07 6.909091325724148192e-07 6.894688340253196657e-07 7.026139883237192407e-07 6.964914973650593311e-07 5.835016723722219467e-03 4.388977773487567902e-03 3.002243814989924431e-03 4.912308882921934128e-03 1.545093953609466553e-02
8.350000000000000000e+02 8.605543404209544528e-03 4.999869037419557571e-03 6.419073770302929915e-07 8.039398267101205420e-07 6.504753287117637228e-07 6.037764705979498103e-07 6.372731036208278965e-07 7.278861744453024585e-07 9.858404155238531530e-07 7.268301942531252280e-07 5.489588374985032715e-07 5.545733188228041399e-07 6.354111405926232692e-07 8.772752835284336470e-07 7.983935574884526432e-07 6.528071594402717892e-07 6.186171503941295668e-07 6.678875479337875731e-07 8.073874369074474089e-07 7.225912668218370527e-07 6.843138748990895692e-07 6.779931709388620220e-07 6.957695291021082085e-07 6.923190198904194403e-07 6.868500577184022404e-07 6.839823640802933369e-07 6.934025122973253019e-07 7.008940769992477726e-07 5.825521890074014664e-03 4.382413346320390701e-03 2.998062875121831894e-03 4.906485322862863541e-03 1.544454693794250488e-02
8.360000000000000000e+02 8.584968292850438457e-03 4.989082925021648407e-03 6.474305678239034023e-07 7.988751917764602695e-07 6.408441777239204384e-07 5.999217478347418364e-07 6.404001737791986670e-07 7.192297744040843099e-07 9.729805015012971126e-07 7.186619654930836987e-07 5.598258212557993829e-07 5.570896632889343891e-07 6.413618507394858170e-07 8.769695796218002215e-07 8.008361191969015636e-07 6.521333943965146318e-07 6.157281404739478603e-07 6.657821245426021051e-07 8.048675113059289288e-07 7.171058200583502185e-07 6.848533757874974981e-07 6.804286272199533414e-07 6.882602860969200265e-07 6.999841275501239579e-07 6.856652703390864190e-07 6.818451652179646771e-07 6.877644409541971982e-07 6.943873245290888008e-07 5.816046148538589478e-03 4.375854972749948502e-03 2.993901027366518974e-03 4.900680389255285263e-03 1.543815620243549347e-02
8.370000000000000000e+02 8.564466883347679471e-03 4.978309385478496552e-03 6.314231768556055613e-07 7.994729003257816657e-07 6.418702582777768839e-07 5.859091629645263311e-07 6.357139454848947935e-07 7.186240509327035397e-07 9.583649216438061558e-07 7.273926598827529233e-07 5.582934363701497205e-07 5.534394631467876025e-07 6.406717147910967469e-07 8.743148782741627656e-07 7.986412242644291837e-07 6.464152875196305104e-07 6.081548349357035477e-07 6.619800956286781002e-07 7.912521482467127498e-07 7.066554417178849690e-07 6.778446390853787307e-07 6.717518772347830236e-07 6.777648877687170170e-07 6.906059866196301300e-07 6.805383918617735617e-07 6.740694971085758880e-07 6.830893539699900430e-07 6.877500027258065529e-07 5.806591361761093140e-03 4.369321744889020920e-03 2.989756641909480095e-03 4.894878249615430832e-03 1.543176919221878052e-02
8.380000000000000000e+02 8.544038824112417524e-03 4.967588931322097778e-03 6.311699962679995224e-07 7.995329838195175398e-07 6.415765483325230889e-07 5.898525046177383047e-07 6.362365070344822016e-07 7.143080438254401088e-07 9.613248721507261507e-07 7.132412633836793248e-07 5.537540914701821748e-07 5.484575353875698056e-07 6.327665573735430371e-07 8.712553380973986350e-07 7.762210429973492865e-07 6.375781254064349923e-07 6.008408490743022412e-07 6.584646712326502893e-07 7.953517524583730847e-07 7.095881642271706369e-07 6.744962774973828346e-07 6.642215453211974818e-07 6.756206971658684779e-07 6.740736466781527270e-07 6.702904329358716495e-07 6.707133479721960612e-07 6.788601467633270659e-07 6.859510222056997009e-07 5.797152407467365265e-03 4.362795501947402954e-03 2.985608065500855446e-03 4.889111500233411789e-03 1.542539522051811218e-02
8.390000000000000000e+02 8.523683765649839317e-03 4.956868011504411697e-03 6.305632496150792576e-07 7.933685424177383538e-07 6.375027510330255609e-07 5.835551064592436887e-07 6.348375904963177163e-07 7.058786763991520274e-07 9.584730378264794126e-07 7.177594625318306498e-07 5.528517021957668476e-07 5.431380714071565308e-07 6.283306674959021620e-07 8.636853294774482492e-07 7.805267046023800503e-07 6.361916575770010240e-07 6.012342623762378935e-07 6.620977046623011120e-07 7.899086540419375524e-07 7.026857247183215804e-07 6.788524160583619960e-07 6.596604293918062467e-07 6.717862106597749516e-07 6.807333079450472724e-07 6.677131523247226141e-07 6.706483191010192968e-07 6.718340728184557520e-07 6.871683240206039045e-07 5.787736270576715469e-03 4.356277640908956528e-03 2.981478814035654068e-03 4.883335903286933899e-03 1.541902590543031693e-02
8.400000000000000000e+02 8.503401360544218454e-03 4.946192260831594467e-03 6.258858320506988093e-07 7.922896543277602177e-07 6.342331175801518839e-07 5.823013680128497072e-07 6.216487804522330407e-07 7.094786269590258598e-07 9.560144462739117444e-07 7.170015123847406358e-07 5.498614541465940420e-07 5.445247666102659423e-07 6.326167749648448080e-07 8.699476552465057466e-07 7.766518024254764896e-07 6.387787720996129792e-07 6.010393462929641828e-07 6.540261097143229563e-07 7.813388265276444145e-07 7.020712473604362458e-07 6.701655479446344543e-07 6.540557819789682981e-07 6.717401674904976971e-07 6.788332598262059037e-07 6.668429364253825042e-07 6.667335696874943096e-07 6.702683208459347952e-07 6.801158178859623149e-07 5.778335034847259521e-03 4.349770490080118179e-03 2.977347932755947113e-03 4.877560306340456009e-03 1.541266776621341705e-02
8.410000000000000000e+02 8.483191263444090496e-03 4.935553763061761856e-03 6.208395006979117170e-07 7.811863156348408666e-07 6.314601819212839473e-07 5.764924821960448753e-07 6.147840849735075608e-07 7.036339866317575797e-07 9.569961321176378988e-07 7.042901870590867475e-07 5.425596896202478092e-07 5.453300104818481486e-07 6.305438091658288613e-07 8.599579928159073461e-07 7.665813654966768809e-07 6.343046834444976412e-07 6.018523777129303198e-07 6.458437269429850858e-07 7.809064754837891087e-07 6.893457680234860163e-07 6.693584850836487021e-07 6.579201681233826093e-07 6.591243959519488271e-07 6.752204626536695287e-07 6.618599854846252128e-07 6.670279049103555735e-07 6.652248316640907433e-07 6.799932066314795520e-07 5.768942646682262421e-03 4.343271255493164062e-03 2.973229158669710159e-03 4.871810320764780045e-03 1.540630683302879333e-02
8.420000000000000000e+02 8.463053131047556382e-03 4.924927372485399246e-03 6.180603691063879523e-07 7.779806310281855986e-07 6.191984311954001896e-07 5.735965373787621502e-07 6.147701014924678020e-07 6.990182441768411081e-07 9.470865620642143767e-07 7.100916832314396743e-07 5.348308036445814651e-07 5.424089408734289464e-07 6.237921752472175285e-07 8.563008009332406800e-07 7.766294061184453312e-07 6.286335292315925471e-07 6.015350777488492895e-07 6.341326184156059753e-07 7.723553494543011766e-07 6.915141739227692597e-07 6.603466431442939211e-07 6.486108645731292199e-07 6.610454192923498340e-07 6.620417138947232161e-07 6.529143092848244123e-07 6.565351782228390221e-07 6.606267675124399830e-07 6.690437999168352690e-07 5.759576335549354553e-03 4.336800891906023026e-03 2.969125518575310707e-03 4.866075702011585236e-03 1.539995055645704269e-02
8.430000000000000000e+02 8.442986622087696874e-03 4.914325661957263947e-03 6.162512136143050157e-07 7.774700065965589602e-07 6.202850499903433956e-07 5.705963985747075640e-07 6.077264629311684985e-07 6.888278107908263337e-07 9.360710464534349740e-07 7.018243195489048958e-07 5.375253522288403474e-07 5.377127649808244314e-07 6.237259526642446872e-07 8.493963719047314953e-07 7.573301559204992373e-07 6.301951316345366649e-07 5.979571255920745898e-07 6.388273732227389701e-07 7.672961146454326808e-07 6.917861128385993652e-07 6.530837026730296202e-07 6.457830181716417428e-07 6.608379976569267455e-07 6.681156605736759957e-07 6.446041425078874454e-07 6.501161919914011378e-07 6.519468342958134599e-07 6.556801395163347479e-07 5.750233773142099380e-03 4.330346826463937759e-03 2.965028164908289909e-03 4.860345274209976196e-03 1.539360359311103821e-02
8.440000000000000000e+02 8.422991397318118842e-03 4.903765860944986343e-03 6.007560955367807765e-07 7.744277468191285152e-07 6.175038151923217811e-07 5.739022412853955757e-07 6.045614213689987082e-07 6.928705147402069997e-07 9.428172234038356692e-07 6.965878469600284006e-07 5.384230803429090884e-07 5.331294232746586204e-07 6.229528821677376982e-07 8.507618076691869646e-07 7.602000096085248515e-07 6.254083473322680220e-07 5.898788799640897196e-07 6.362196813824994024e-07 7.707710665272315964e-07 6.870409379189368337e-07 6.520819511024456006e-07 6.444030873353767674e-07 6.534456815643352456e-07 6.608005946873163339e-07 6.549716431436536368e-07 6.548052056132291909e-07 6.513127459584211465e-07 6.625065793741669040e-07 5.740899126976728439e-03 4.323883913457393646e-03 2.960936399176716805e-03 4.854629281908273697e-03 1.538725662976503372e-02
8.450000000000000000e+02 8.403067119498617774e-03 4.893226549029350281e-03 5.993296099404687993e-07 7.691563155276526231e-07 6.158756491458916571e-07 5.667972118317265995e-07 6.167944093249388970e-07 6.948247346372227184e-07 9.390217883264995180e-07 6.908163072694151197e-07 5.351352569959999528e-07 5.416051180873182602e-07 6.288456688707810827e-07 8.325708904521889053e-07 7.471203957720717881e-07 6.241791652428219095e-07 5.924913466515135951e-07 6.344228040688904002e-07 7.649550184396503028e-07 6.836341412963520270e-07 6.432140935430652462e-07 6.460746817538165487e-07 6.475166856034775265e-07 6.598506843147333711e-07 6.496527475974289700e-07 6.472503741861146409e-07 6.506179488496854901e-07 6.616834866690624040e-07 5.731584504246711731e-03 4.317442886531352997e-03 2.956857671961188316e-03 4.848923068493604660e-03 1.538093108683824539e-02
8.460000000000000000e+02 8.383213453380949573e-03 4.882714711129665375e-03 5.930423867539502680e-07 7.637340218025201466e-07 6.164671049191383645e-07 5.707256036657781806e-07 6.024499157319951337e-07 6.905509053467540070e-07 9.333605817118950654e-07 6.875881695123098325e-07 5.272791554489231203e-07 5.270506449051026721e-07 6.169406105982488953e-07 8.300763738589012064e-07 7.401812922580575105e-07 6.140049322311824653e-07 5.876521527170552872e-07 6.245520580705488101e-07 7.547254767814592924e-07 6.750273087163805030e-07 6.433638759517634753e-07 6.460438726207939908e-07 6.403700467672024388e-07 6.549277600242930930e-07 6.438558557420037687e-07 6.410961645997304004e-07 6.424917273761820979e-07 6.521277668980474118e-07 5.722296424210071564e-03 4.311008844524621964e-03 2.952792448922991753e-03 4.843227565288543701e-03 1.537459436804056168e-02
8.470000000000000000e+02 8.363430065694742871e-03 4.872223827987909317e-03 5.925066943746060133e-07 7.639850423402094748e-07 6.025167067491565831e-07 5.635187676489294972e-07 6.064243507353239693e-07 6.873033271403983235e-07 9.377385481457167771e-07 6.857176799712760840e-07 5.353041956368542742e-07 5.245312308943539392e-07 6.039389859324728604e-07 8.352672011824324727e-07 7.415068239424726926e-07 6.121918545431981329e-07 5.820954243063169997e-07 6.304465500761580188e-07 7.552580996161850635e-07 6.709104809488053434e-07 6.440416768782597501e-07 6.360965585372468922e-07 6.401201062544714659e-07 6.477117153735889588e-07 6.378272701113019139e-07 6.360211273204186000e-07 6.364694513649737928e-07 6.543229460476140957e-07 5.713010672479867935e-03 4.304585512727499008e-03 2.948733279481530190e-03 4.837537650018930435e-03 1.536827348172664642e-02
8.480000000000000000e+02 8.343716625133499806e-03 4.861767869442701340e-03 5.807383445244340692e-07 7.575560516670520883e-07 6.063815476409217808e-07 5.653797074955946300e-07 5.996545269226771779e-07 6.747245606675278395e-07 9.249202435057668481e-07 6.837585715402383357e-07 5.241951726020488422e-07 5.228988584349281155e-07 6.111877723924408201e-07 8.146834602484887000e-07 7.347039172600489110e-07 6.038113724571303464e-07 5.793750119664764497e-07 6.246165185075369664e-07 7.493246130252373405e-07 6.686115057163988240e-07 6.380890340551559348e-07 6.265193519539025147e-07 6.504528755613137037e-07 6.467041657742811367e-07 6.340764571177714970e-07 6.314792813100211788e-07 6.386760560417314991e-07 6.426200798159698024e-07 5.703756120055913925e-03 4.298185929656028748e-03 2.944678766652941704e-03 4.831868223845958710e-03 1.536196842789649963e-02
8.490000000000000000e+02 8.324072802340728647e-03 4.851336125284433365e-03 5.807759748677199241e-07 7.490973530366318300e-07 6.045386271580355242e-07 5.641506959364050999e-07 5.992112619424005970e-07 6.784490551581257023e-07 9.196569976666069124e-07 6.767023137399519328e-07 5.246185423857241403e-07 5.192933940634247847e-07 5.973934094072319567e-07 8.152774171321652830e-07 7.349661927946726792e-07 6.117003295003087260e-07 5.757565304520539939e-07 6.150119133963016793e-07 7.423193437716690823e-07 6.615866823267424479e-07 6.321403702713723760e-07 6.217762802407378331e-07 6.403922157005581539e-07 6.447604050663358066e-07 6.289844804996391758e-07 6.257299105527636129e-07 6.240460379558498971e-07 6.400757683877600357e-07 5.694504361599683762e-03 4.291801713407039642e-03 2.940642647445201874e-03 4.826199728995561600e-03 1.535565964877605438e-02
8.500000000000000000e+02 8.304498269896194371e-03 4.840931855142116547e-03 5.813060965920158196e-07 7.520417284467839636e-07 5.963549369880638551e-07 5.579685193879413418e-07 6.008244213262514677e-07 6.702396717628289480e-07 9.155193652077286970e-07 6.819854547757131513e-07 5.254854045233514626e-07 5.138261371939734090e-07 6.030751364960451610e-07 8.178072334885655437e-07 7.306518909899750724e-07 5.995428296046156902e-07 5.748859734922007192e-07 6.073350959923118353e-07 7.315845778066432104e-07 6.482680987573985476e-07 6.282397180257248692e-07 6.221722514965222217e-07 6.300613790699571837e-07 6.327280175355554093e-07 6.206821012710861396e-07 6.231891802599420771e-07 6.236991225705423858e-07 6.256344136090774555e-07 5.685289856046438217e-03 4.285414703190326691e-03 2.936617005616426468e-03 4.820545669645071030e-03 1.534934900701045990e-02
8.510000000000000000e+02 8.284992702302261189e-03 4.830557387322187424e-03 5.698910285900637973e-07 7.467089062629383989e-07 5.954811399533355143e-07 5.589770353253697976e-07 5.957207918072526809e-07 6.726996844008681364e-07 9.153974929176911246e-07 6.722764851474494208e-07 5.139481231708487030e-07 5.089789283374557272e-07 5.990653448861849029e-07 8.147970333993725944e-07 7.355080242632539012e-07 5.939053266956761945e-07 5.698822747035592329e-07 6.024532694937079214e-07 7.299471462829387747e-07 6.514383699141035322e-07 6.289828888839110732e-07 6.142133202047261875e-07 6.265853471631999128e-07 6.214781365088128950e-07 6.134637828836275730e-07 6.171966333567979746e-07 6.234604370547458529e-07 6.317872589534090366e-07 5.676080007106065750e-03 4.279049113392829895e-03 2.932582516223192215e-03 4.814906045794487000e-03 1.534304954111576080e-02
8.520000000000000000e+02 8.265555775970375579e-03 4.820209462195634842e-03 5.594433218902850058e-07 7.348857593569846358e-07 5.823571882501710206e-07 5.457243332784855738e-07 5.853091238350316416e-07 6.630436928389826789e-07 9.131107390203396790e-07 6.614235985580307897e-07 5.133708214088983368e-07 5.080270852886314970e-07 5.923369030824687798e-07 8.073418484855210409e-07 7.286298000508395489e-07 5.928001769461843651e-07 5.609218192148546223e-07 6.017489226906036492e-07 7.277257623172772583e-07 6.406598345165548380e-07 6.140635946394468192e-07 6.210549940988130402e-07 6.289899943112686742e-07 6.245530812520883046e-07 6.079145578041789122e-07 6.147328690531139728e-07 6.187205485730373766e-07 6.230371241144894157e-07 5.666898563504219055e-03 4.272687248885631561e-03 2.928568748757243156e-03 4.809286911040544510e-03 1.533675938844680786e-02
8.530000000000000000e+02 8.246187169207637793e-03 4.809885285794734955e-03 5.565725587075576186e-07 7.303475513253943063e-07 5.797615472147299442e-07 5.510567575583991129e-07 5.916274403716670349e-07 6.628003461628395598e-07 8.991563618110376410e-07 6.596811772396904416e-07 5.100108069200359751e-07 5.149863682163413614e-07 5.857334599568275735e-07 7.991029065124166664e-07 7.261365908561856486e-07 5.849129820489906706e-07 5.645944725074514281e-07 5.972216285954345949e-07 7.237081831590330694e-07 6.354287052090512589e-07 6.121806563896825537e-07 6.122058948676567525e-07 6.164656269902479835e-07 6.260263489821227267e-07 6.064117314963368699e-07 5.964226943433459383e-07 6.159933718663523905e-07 6.243137704586843029e-07 5.657717585563659668e-03 4.266343545168638229e-03 2.924571279436349869e-03 4.803661257028579712e-03 1.533047296106815338e-02
8.540000000000000000e+02 8.226886562203489586e-03 4.799577873200178146e-03 5.502463409357005730e-07 7.398772368105710484e-07 5.782910079688008409e-07 5.430324563349131495e-07 5.852913886883470695e-07 6.613646519326721318e-07 9.022649578582786489e-07 6.577024009857268538e-07 5.116947932037874125e-07 5.017921012040460482e-07 5.815008989884518087e-07 7.901622893768944778e-07 7.188139079516986385e-07 5.763895387644879520e-07 5.529450390895362943e-07 5.965827654108579736e-07 7.173614449129672721e-07 6.369895686475501861e-07 6.036673880771559197e-07 6.095299909247842152e-07 6.104760927883035038e-07 6.074354814700200222e-07 5.974388841423206031e-07 5.980915034342615400e-07 6.127473284323059488e-07 6.228015081433113664e-07 5.648571066558361053e-03 4.260007292032241821e-03 2.920572180300951004e-03 4.798044916242361069e-03 1.532419677823781967e-02
8.550000000000000000e+02 8.207653637016518178e-03 4.789303056895732880e-03 5.549566139961825684e-07 7.296467856576782651e-07 5.781437266705324873e-07 5.431901399788330309e-07 5.886511189601151273e-07 6.630751272496127058e-07 8.903252251002413686e-07 6.491400199593044817e-07 5.008146217733155936e-07 5.018468414164090063e-07 5.840923904543160461e-07 7.856206138967536390e-07 7.094288321241037920e-07 5.803852332064707298e-07 5.484183702719747089e-07 5.928974360358552076e-07 7.065466434141853824e-07 6.284878395490522962e-07 6.179510023684997577e-07 5.942041525486274622e-07 6.073358918001758866e-07 6.093291062825301196e-07 5.960609428257157560e-07 5.987271265439630952e-07 6.004975148243829608e-07 6.175017688292427920e-07 5.639432929456233978e-03 4.253680817782878876e-03 2.916593570262193680e-03 4.792441148310899734e-03 1.531793363392353058e-02
8.560000000000000000e+02 8.188488077561359088e-03 4.779050592333078384e-03 5.408580250332306605e-07 7.301279651983350050e-07 5.786403107777005062e-07 5.336868298400077038e-07 5.789783017462468706e-07 6.594474939447536599e-07 8.943556508711481001e-07 6.438917807827237993e-07 4.874844989899429493e-07 5.056921850155049469e-07 5.790970476482470986e-07 7.817650384822627530e-07 7.060179996187798679e-07 5.731138799092150293e-07 5.435773573481128551e-07 5.814279688820533920e-07 6.975581641199823935e-07 6.303021677922515664e-07 5.983970368106383830e-07 5.930341444582154509e-07 6.077784746594261378e-07 5.977341857033025008e-07 5.888953182875411585e-07 5.940922278568905313e-07 6.053649599380150903e-07 6.094927584854303859e-07 5.630316212773323059e-03 4.247372504323720932e-03 2.912607975304126740e-03 4.786861594766378403e-03 1.531165279448032379e-02
8.570000000000000000e+02 8.169389569595709999e-03 4.768842365592718124e-03 5.364816502151370514e-07 7.164328508224571124e-07 5.642750693368725479e-07 5.348746299205231480e-07 5.769320523540955037e-07 6.482291610154788941e-07 8.884372846296173520e-07 6.388266911017126404e-07 4.923880396745516919e-07 4.946556373397470452e-07 5.764579782407963648e-07 7.806885946592956316e-07 6.942980235180584714e-07 5.654358687934291083e-07 5.397675977292237803e-07 5.844815404998371378e-07 6.993773808972036932e-07 6.239366143745428417e-07 5.976425541120988782e-07 5.980596711196994875e-07 6.004360670885944273e-07 5.956432573839265388e-07 5.728716132580302656e-07 5.854819846717873588e-07 5.962540399195859209e-07 5.940819960414955858e-07 5.621217191219329834e-03 4.241079557687044144e-03 2.908646827563643456e-03 4.781262483447790146e-03 1.530540082603693008e-02
8.580000000000000000e+02 8.150357800707450431e-03 4.758647643029689789e-03 5.359350438993715215e-07 7.165686497501155827e-07 5.602794317383086309e-07 5.298783207763335668e-07 5.793256150354864076e-07 6.441308073590334971e-07 8.795376515990938060e-07 6.408250214917643461e-07 4.870914835919393227e-07 4.948068976773356553e-07 5.693046318810957018e-07 7.720786356912867632e-07 6.956948936931439675e-07 5.490329613166977651e-07 5.386197017287486233e-07 5.722151854570256546e-07 7.010571039245405700e-07 6.229792006706702523e-07 5.878581532670068555e-07 5.829996894135547336e-07 5.915380825172178447e-07 5.986144060443621129e-07 5.784368113381788135e-07 5.829723477290826850e-07 5.973805059511505533e-07 5.923960770815028809e-07 5.612131208181381226e-03 4.234783817082643509e-03 2.904676133766770363e-03 4.775706678628921509e-03 1.529914140701293945e-02
8.590000000000000000e+02 8.131392460301863773e-03 4.748481791466474533e-03 5.271418217489554081e-07 7.104659403012192342e-07 5.643365170726610813e-07 5.310216693032998592e-07 5.805724185847793706e-07 6.429528980333998334e-07 8.638396593596553430e-07 6.377183581207646057e-07 4.878581876255339012e-07 4.861455522586766165e-07 5.709122206098982133e-07 7.615956292283954099e-07 6.905329996698128525e-07 5.489631575983366929e-07 5.356760084396228194e-07 5.691953219866263680e-07 6.934751013432105538e-07 6.147585054350201972e-07 5.885547693651460577e-07 5.769917379438993521e-07 5.858675535819202196e-07 5.847172133144340478e-07 5.816123689328378532e-07 5.750864602305227891e-07 5.862186753802234307e-07 5.927150823481497355e-07 5.603063851594924927e-03 4.228503443300724030e-03 2.900736639276146889e-03 4.770147148519754410e-03 1.529288291931152344e-02
8.600000000000000000e+02 8.112493239588966856e-03 4.738344345241785049e-03 5.256412123344489373e-07 7.133289159355626907e-07 5.602896067102847155e-07 5.281402764012455009e-07 5.654487154060916509e-07 6.431315568988793530e-07 8.709063763490121346e-07 6.257368454498646315e-07 4.774670969709404744e-07 4.806109359378751833e-07 5.762570935985422693e-07 7.610553325321234297e-07 6.887104859742976259e-07 5.551121375901857391e-07 5.316499596119683702e-07 5.722596938539936673e-07 6.775279643989051692e-07 6.060988084755081218e-07 5.886357712370227091e-07 5.745783937527448870e-07 5.856703637618920766e-07 5.789195256511447951e-07 5.687480211236106697e-07 5.684356096935516689e-07 5.662958528773742728e-07 5.866515380148484837e-07 5.594015587121248245e-03 4.222235176712274551e-03 2.896789228543639183e-03 4.764604382216930389e-03 1.528665050864219666e-02
8.610000000000000000e+02 8.093659831570938420e-03 4.728225525468587875e-03 5.236730089563934598e-07 7.060025382088497281e-07 5.562399110203841701e-07 5.311344466463197023e-07 5.723450726691226009e-07 6.456510845964658074e-07 8.638431268082058523e-07 6.282068625296233222e-07 4.712353245395206613e-07 4.825507744499191176e-07 5.632732609228696674e-07 7.512985007451788988e-07 6.866223998258647043e-07 5.472454063237819355e-07 5.219214358476165216e-07 5.587892815128725488e-07 6.759194093319820240e-07 6.070774247746157926e-07 5.783979872830968816e-07 5.710206778530846350e-07 5.685820383405371103e-07 5.790149089079932310e-07 5.737834953833953477e-07 5.650122716360783670e-07 5.765726882600574754e-07 5.827577638228831347e-07 5.584980826824903488e-03 4.215984605252742767e-03 2.892861841246485710e-03 4.759065341204404831e-03 1.528041716665029526e-02
8.620000000000000000e+02 8.074891931029656855e-03 4.718142561614513397e-03 5.133521767675119918e-07 7.074420977914996911e-07 5.556657356464711484e-07 5.229975954534893390e-07 5.589981810771860182e-07 6.401909331543720327e-07 8.603764172221417539e-07 6.232427836039278191e-07 4.777208459927351214e-07 4.701512068550073309e-07 5.620794922833738383e-07 7.416281846417405177e-07 6.799769494136853609e-07 5.509784273272089195e-07 5.272169119052705355e-07 5.633011141981114633e-07 6.716099960613064468e-07 5.942309826423297636e-07 5.645020451083837543e-07 5.682276764673588332e-07 5.650295520354120526e-07 5.779889420409745071e-07 5.609178401755343657e-07 5.600221015811257530e-07 5.629952397612214554e-07 5.640007998408691492e-07 5.575960502028465271e-03 4.209747072309255600e-03 2.888938877731561661e-03 4.753530956804752350e-03 1.527418289333581924e-02
8.630000000000000000e+02 8.056189234514326419e-03 4.708079155534505844e-03 5.148518198438978288e-07 6.943429298189585097e-07 5.487790986080653965e-07 5.181778419682814274e-07 5.594602043856866658e-07 6.381902153407281730e-07 8.575882475270191208e-07 6.227263611435773782e-07 4.725450537534925388e-07 4.706735978743381565e-07 5.584677182923769578e-07 7.442745868502242956e-07 6.707886655021866318e-07 5.401771545621159021e-07 5.193631977817858569e-07 5.538310006159008481e-07 6.610185891986475326e-07 5.913676091040542815e-07 5.653027983498759568e-07 5.558947577810613438e-07 5.711337962566176429e-07 5.720174840462277643e-07 5.522646233657724224e-07 5.597685230895876884e-07 5.599475230155803729e-07 5.649296213050547522e-07 5.566966719925403595e-03 4.203503020107746124e-03 2.885027788579463959e-03 4.748019855469465256e-03 1.526796072721481323e-02
8.640000000000000000e+02 8.037551440329217950e-03 4.698045551776885986e-03 5.089364094601478428e-07 6.899234108459495474e-07 5.494919719239987899e-07 5.227011001807113644e-07 5.609900313174875919e-07 6.266167815738299396e-07 8.473750199300411623e-07 6.113127142270968761e-07 4.677713718592713121e-07 4.704634193331003189e-07 5.504555815605272073e-07 7.288572305697016418e-07 6.602242024200677406e-07 5.370417852645914536e-07 5.166548362467437983e-07 5.527812163563794456e-07 6.594787578251271043e-07 5.900566861782863270e-07 5.589878924183722120e-07 5.547722707888169680e-07 5.603535555565031245e-07 5.640997073896869551e-07 5.503293891706562135e-07 5.532402838070993312e-07 5.521548018805333413e-07 5.697889946532086469e-07 5.557991564273834229e-03 4.197296220809221268e-03 2.881107619032263756e-03 4.742510616779327393e-03 1.526173669844865799e-02
8.650000000000000000e+02 8.018978248521501512e-03 4.688030574470758438e-03 5.040465680394845549e-07 6.914155505910457578e-07 5.439608798951667268e-07 5.167153744878305588e-07 5.568020924329175614e-07 6.294320655797491781e-07 8.490135314787039533e-07 6.058168651179585140e-07 4.598729503868526081e-07 4.564653011129848892e-07 5.420969273473019712e-07 7.374258643721987028e-07 6.537494527947274037e-07 5.236864808466634713e-07 5.152167545929842163e-07 5.447789703794114757e-07 6.509732202175655402e-07 5.747775162490142975e-07 5.589931220129074063e-07 5.515380507858935744e-07 5.501823920894821640e-07 5.417388138084788807e-07 5.471524673339445144e-07 5.452351388157694601e-07 5.580940296567860059e-07 5.592382308350352105e-07 5.549020133912563324e-03 4.191084299236536026e-03 2.877220045775175095e-03 4.737014882266521454e-03 1.525552291423082352e-02
8.660000000000000000e+02 8.000469360869170987e-03 4.678036086261272430e-03 4.922867447021417320e-07 6.873765983073099051e-07 5.384767405303136911e-07 5.116969532537041232e-07 5.553576443162455689e-07 6.285147264861734584e-07 8.464634220217703842e-07 6.065210982342250645e-07 4.623481402177276323e-07 4.585053545724804280e-07 5.467086907628981862e-07 7.258379923769098241e-07 6.466780746450240258e-07 5.312742814567172900e-07 5.021192350795899983e-07 5.394295499172585551e-07 6.442389803851256147e-07 5.781436129836947657e-07 5.472111865856277291e-07 5.460478291752224322e-07 5.500434667737863492e-07 5.549183583752892446e-07 5.292633886710973457e-07 5.464985406433697790e-07 5.573247108259238303e-07 5.589137117567588575e-07 5.540077574551105499e-03 4.184892401099205017e-03 2.873332006856799126e-03 4.731533117592334747e-03 1.524931471794843674e-02
8.670000000000000000e+02 7.982024480869083158e-03 4.668070934712886810e-03 5.024958795729617123e-07 6.855265155536471866e-07 5.342843678590725176e-07 5.079683660369482823e-07 5.558618454415409360e-07 6.260480063247086946e-07 8.267923021776368842e-07 5.983893061056733131e-07 4.509502957716904348e-07 4.566396114569215570e-07 5.334759407560341060e-07 7.156752985792991240e-07 6.424903062907105777e-07 5.113261636324750725e-07 4.923166443404625170e-07 5.361135890780133195e-07 6.452999627981625963e-07 5.682209121005143970e-07 5.505157787411008030e-07 5.367401740841160063e-07 5.477135118781006895e-07 5.421556465989851858e-07 5.317515388014726341e-07 5.395353355197585188e-07 5.493170078807452228e-07 5.510760843208117876e-07 5.531152244657278061e-03 4.178694449365139008e-03 2.869450254365801811e-03 4.726052284240722656e-03 1.524310559034347534e-02
8.680000000000000000e+02 7.963643313725073114e-03 4.658136982470750809e-03 4.924637551084742881e-07 6.742571372342354152e-07 5.338037567526043858e-07 5.031571390645694919e-07 5.486294867296237499e-07 6.171813424771244172e-07 8.224730549954983871e-07 5.936332740930083673e-07 4.518526850461057620e-07 4.537041320418211399e-07 5.290864919516025111e-07 7.063215434754965827e-07 6.431399697248707525e-07 5.149250910108094104e-07 4.896128871223481838e-07 5.386834232012915891e-07 6.321786258922656998e-07 5.560403906201827340e-07 5.361391117730818223e-07 5.324926632965798490e-07 5.495396067090041470e-07 5.401167300078668632e-07 5.280268737806181889e-07 5.363953050618874840e-07 5.370978897190070711e-07 5.438590164885681588e-07 5.522231571376323700e-03 4.172532819211483002e-03 2.865576185286045074e-03 4.720580298453569412e-03 1.523691602051258087e-02
8.690000000000000000e+02 7.945325566336185891e-03 4.648217465728521347e-03 4.953794814355205745e-07 6.694147600683209021e-07 5.312875828167307191e-07 5.041833901486825198e-07 5.408382435234670993e-07 6.244869723559531849e-07 8.178679422599088866e-07 5.920516059632063843e-07 4.479259700929105747e-07 4.568777569602389121e-07 5.308331765263574198e-07 7.064235205689328723e-07 6.426141112569894176e-07 5.063730554866197053e-07 4.887671138931182213e-07 5.205597517488058656e-07 6.297696586443635169e-07 5.599641212938877288e-07 5.339726953934587073e-07 5.295678988659346942e-07 5.379052936405059882e-07 5.312534199219953734e-07 5.231167961028404534e-07 5.237620257503294852e-07 5.331122565621626563e-07 5.432615353129222058e-07 5.513335112482309341e-03 4.166370723396539688e-03 2.861719345673918724e-03 4.715125542134046555e-03 1.523071806877851486e-02
8.700000000000000000e+02 7.927070947284977492e-03 4.638338927179574966e-03 4.824009351978020277e-07 6.686441338388249278e-07 5.200278678785252851e-07 4.985681130165176000e-07 5.365344009078398813e-07 6.111018819865421392e-07 8.165119993464031722e-07 5.832068268318835180e-07 4.397933821564947721e-07 4.535301911801070673e-07 5.216940621721732896e-07 7.008663374108436983e-07 6.326336574602464680e-07 5.027120550948893651e-07 4.876025059274979867e-07 5.301962460180220660e-07 6.217318855306075420e-07 5.564940011026919819e-07 5.347203568817349151e-07 5.248973025118175428e-07 5.337359425539034419e-07 5.323220193531597033e-07 5.187947635931777768e-07 5.288038096296077128e-07 5.283732775751559529e-07 5.307069841364864260e-07 5.504458677023649216e-03 4.160220734775066376e-03 2.857866464182734489e-03 4.709689412266016006e-03 1.522453594952821732e-02
8.710000000000000000e+02 7.908879166825942553e-03 4.628474824130535126e-03 4.762791832035873085e-07 6.665436558250803500e-07 5.170331860426813364e-07 5.014956059312680736e-07 5.320358127391955350e-07 6.140800223874975927e-07 8.125108479362097569e-07 5.772187137154105585e-07 4.337155701250594575e-07 4.451965764928900171e-07 5.263362936602788977e-07 6.966805585761903785e-07 6.281252922235580627e-07 5.002542025067668874e-07 4.876951607002411038e-07 5.217169700699741952e-07 6.243937491490214597e-07 5.483508971337869298e-07 5.246170076134148985e-07 5.130592057867033873e-07 5.306392836246232037e-07 5.219032459535810631e-07 5.154478799340722617e-07 5.206429136705992278e-07 5.251712877907266375e-07 5.223964194556174334e-07 5.495590623468160629e-03 4.154083784669637680e-03 2.854013582691550255e-03 4.704254679381847382e-03 1.521835103631019592e-02
8.720000000000000000e+02 7.890749936874000975e-03 4.618648439645767212e-03 4.801109412255755160e-07 6.559811822626215871e-07 5.138577989782788791e-07 4.873778038927412126e-07 5.318404987519897986e-07 6.178577791615680326e-07 8.051550821619457565e-07 5.818077397634624504e-07 4.319696813581686001e-07 4.403833884225605289e-07 5.144244141774834134e-07 6.861693009341252036e-07 6.195318746904376894e-07 4.940276880915916990e-07 4.692870447797758970e-07 5.131313400852377526e-07 6.129824328127142508e-07 5.406835157373279799e-07 5.229385919847118203e-07 5.114169994158146437e-07 5.190486831452290062e-07 5.227000769991718698e-07 5.105372906655247789e-07 5.128671318743727170e-07 5.130995077706757002e-07 5.238458697931491770e-07 5.486749112606048584e-03 4.147961270064115524e-03 2.850190037861466408e-03 4.698833450675010681e-03 1.521219592541456223e-02
8.730000000000000000e+02 7.872682970993099064e-03 4.608836956322193146e-03 4.684465579884999897e-07 6.527127993649628479e-07 5.143319867784157395e-07 4.772519446305523161e-07 5.233032993601227645e-07 6.052543994883308187e-07 7.996786166586389299e-07 5.605991759694006760e-07 4.372905380023439648e-07 4.296358611100004055e-07 5.080512437416473404e-07 6.796430511712969746e-07 6.089443900236801710e-07 4.907571451440162491e-07 4.789864078702521510e-07 5.093505137665488292e-07 6.113922381700831465e-07 5.412831569628906436e-07 5.096876520838122815e-07 5.031588443671353161e-07 5.171144721316522919e-07 5.202130068937549368e-07 5.141925498719501775e-07 5.165306902199517936e-07 5.094819925943738781e-07 5.212312998992274515e-07 5.477918777614831924e-03 4.141840618103742599e-03 2.846362534910440445e-03 4.693406168371438980e-03 1.520601753145456314e-02
8.740000000000000000e+02 7.854677984384900863e-03 4.599050153046846390e-03 4.766247911902610213e-07 6.417715212592156604e-07 5.059566206000454258e-07 4.791573360307666007e-07 5.117026944390090648e-07 6.150058879939024337e-07 7.886302455517579801e-07 5.555726261263771448e-07 4.324315625581220957e-07 4.330478304837015457e-07 5.072963631391758099e-07 6.732856263624853455e-07 6.072067435525241308e-07 4.869095278081658762e-07 4.635706432054575998e-07 5.086873215986997820e-07 6.006997068652708549e-07 5.254647135188861284e-07 5.021775564273411874e-07 5.093962727187317796e-07 5.149921094016463030e-07 5.209268465478089638e-07 5.009570713809807785e-07 5.077426976640708745e-07 5.183341613701486494e-07 5.161122089702985249e-07 5.469101481139659882e-03 4.135732538998126984e-03 2.842538990080356598e-03 4.688003566116094589e-03 1.519985031336545944e-02
8.750000000000000000e+02 7.836734693877550617e-03 4.589279182255268097e-03 4.549344794213538989e-07 6.359744588735338766e-07 5.097196549286309164e-07 4.725517612769181142e-07 5.119841830492077861e-07 6.031785915183718316e-07 7.932912922115065157e-07 5.563766194427444134e-07 4.259390209426783258e-07 4.263749815436312929e-07 4.974285729986149818e-07 6.742205869159079157e-07 5.996691925247432664e-07 4.877305173067725264e-07 4.511297504450340057e-07 5.004341687708802056e-07 5.963038915979268495e-07 5.279511015032767318e-07 5.065229515821556561e-07 4.983498342880920973e-07 5.160713385521376040e-07 5.073798092780634761e-07 4.998263420930015855e-07 5.015789952267368790e-07 5.082384291199559812e-07 5.183644589124014601e-07 5.460308864712715149e-03 4.129636101424694061e-03 2.838732674717903137e-03 4.682607483118772507e-03 1.519370265305042267e-02
8.760000000000000000e+02 7.818852817914554929e-03 4.579545464366674423e-03 4.557718398245924618e-07 6.348773240461014211e-07 4.985611781194165815e-07 4.657478314129548380e-07 5.096896984468912706e-07 6.051482728253176901e-07 7.868510465414146893e-07 5.511202516572666354e-07 4.274929779057856649e-07 4.123808992062549805e-07 4.942106670569046400e-07 6.727865979883063119e-07 6.030722943251021206e-07 4.741872032809624216e-07 4.563061111184651963e-07 4.963289939041715115e-07 5.957849680271465331e-07 5.253217523204511963e-07 5.060451258032117039e-07 5.000395617571484763e-07 5.041985673415183555e-07 5.110310326017497573e-07 4.980414587407722138e-07 5.032463263887620997e-07 5.046783257967035752e-07 5.088404577691107988e-07 5.451528821140527725e-03 4.123553633689880371e-03 2.834928920492529869e-03 4.677223972976207733e-03 1.518755313009023666e-02
8.770000000000000000e+02 7.801032076543726497e-03 4.569843411445617676e-03 4.479080359942599898e-07 6.361820510392135475e-07 4.891173830401385203e-07 4.775628212883020751e-07 5.147561523699550889e-07 6.003569978929590434e-07 7.803165544828516431e-07 5.485348992806393653e-07 4.089624496828037081e-07 4.144110903325781692e-07 4.903131980427133385e-07 6.652819024566269945e-07 5.974520718154963106e-07 4.813245482182537671e-07 4.466965890514984494e-07 4.873827492701821029e-07 5.829097631249169353e-07 5.150263291398005094e-07 4.993336801817349624e-07 4.944201918988255784e-07 5.048666480433894321e-07 4.976415084456675686e-07 4.885772568741231225e-07 4.843174110646941699e-07 4.944881197843642440e-07 5.014283601667557377e-07 5.442768335342407227e-03 4.117486998438835144e-03 2.831138204783201218e-03 4.671845119446516037e-03 1.518140546977519989e-02
8.780000000000000000e+02 7.783272191406229341e-03 4.560153000056743622e-03 4.446139314495667350e-07 6.280590127971663605e-07 4.842175940211745910e-07 4.640988322535122279e-07 5.022479285798908677e-07 5.972065082460176200e-07 7.685021046199835837e-07 5.433961973722034600e-07 4.062849257024936378e-07 4.081827569279994350e-07 4.838984750676900148e-07 6.599053108402586076e-07 5.947575800746562891e-07 4.779318487635464408e-07 4.505602646531770006e-07 4.879028665527584963e-07 5.768370101577602327e-07 5.050704317000054289e-07 4.928939461024128832e-07 4.927166514789860230e-07 4.983939447811280843e-07 4.874936507803795394e-07 4.852150823353440501e-07 4.893304890174476895e-07 4.881735549133736640e-07 4.945243858855974395e-07 5.434021353721618652e-03 4.111414775252342224e-03 2.827348420396447182e-03 4.666479770094156265e-03 1.517526153475046158e-02
8.790000000000000000e+02 7.765572885725712492e-03 4.550488200038671494e-03 4.472077819173136959e-07 6.219310080268769525e-07 4.901525585410126951e-07 4.587440116665675305e-07 4.989220769857638516e-07 5.911521157031529583e-07 7.657264973204291891e-07 5.377767138270428404e-07 4.058829290443100035e-07 4.063653875618911115e-07 4.796098096448986325e-07 6.536860155392787419e-07 5.941938638898136560e-07 4.676105049838952255e-07 4.454557824828953017e-07 4.829830118069367018e-07 5.756612040386244189e-07 5.134332354828075040e-07 4.805346520697639789e-07 4.813236387235519942e-07 4.908164896733069327e-07 4.865497089667769615e-07 4.875764716416597366e-07 4.816574801225215197e-07 4.895272240901249461e-07 4.959084662914392538e-07 5.425294861197471619e-03 4.105376079678535461e-03 2.823570044711232185e-03 4.661135375499725342e-03 1.516912225633859634e-02
8.800000000000000000e+02 7.747933884297520876e-03 4.540851339697837830e-03 4.466688778848038055e-07 6.289060934250301216e-07 4.771276280735037290e-07 4.699270732544391649e-07 5.018959541303047445e-07 5.827948825753992423e-07 7.587779577988840174e-07 5.386474413171526976e-07 4.001566367151099257e-07 4.053181044127995847e-07 4.878899062532582320e-07 6.483045353888883255e-07 5.813503776153083891e-07 4.670732209888228681e-07 4.352940550234052353e-07 4.809217557522060815e-07 5.704924888050300069e-07 5.089277124170621391e-07 4.837717142436304130e-07 4.779727191817073617e-07 4.889624278803239577e-07 4.797621500074455980e-07 4.779990376846399158e-07 4.745042190279491479e-07 4.786357408192998264e-07 4.861603883909992874e-07 5.416582338511943817e-03 4.099326673895120621e-03 2.819799352437257767e-03 4.655777011066675186e-03 1.516300532966852188e-02
8.810000000000000000e+02 7.730354913478002486e-03 4.531234037131071091e-03 4.378587163955671713e-07 6.156924996503221337e-07 4.771088697452796623e-07 4.536651942999014864e-07 4.966188953403616324e-07 5.777806109108496457e-07 7.500414653804909904e-07 5.331322086021828000e-07 3.970229158767324407e-07 4.048871744544157991e-07 4.730912337436166126e-07 6.433485282286710571e-07 5.733570560551015660e-07 4.590275466398452409e-07 4.282418331058579497e-07 4.753565576720575336e-07 5.753323648605146445e-07 5.037288701714714989e-07 4.867115421802736819e-07 4.794337655766867101e-07 4.843155352318717632e-07 4.829635145142674446e-07 4.706431866452476243e-07 4.703452134435792686e-07 4.807545224139175843e-07 4.860880267187894788e-07 5.407881457358598709e-03 4.093303345143795013e-03 2.816036809235811234e-03 4.650444723665714264e-03 1.515688654035329819e-02
8.820000000000000000e+02 7.712835701173893603e-03 4.521652124822139740e-03 4.301107026094541652e-07 6.043587177373410668e-07 4.692323045674129389e-07 4.512998259542655433e-07 4.806302627002878580e-07 5.784302175015909597e-07 7.574677169941423927e-07 5.284354074319708161e-07 3.998523254722385900e-07 3.977272626798367128e-07 4.763162166909751249e-07 6.439482262976525817e-07 5.697208393939945381e-07 4.568877614019584144e-07 4.303929586058075074e-07 4.667725761464680545e-07 5.622695766760443803e-07 5.010994641452271026e-07 4.726606732674554223e-07 4.751458106966310879e-07 4.883921747023123316e-07 4.776525202032644302e-07 4.622630456196930027e-07 4.706809306753712008e-07 4.721627817616536049e-07 4.819348191631434020e-07 5.399207584559917450e-03 4.087280947715044022e-03 2.812295919284224510e-03 4.645118024200201035e-03 1.515076588839292526e-02
8.830000000000000000e+02 7.695375976831788159e-03 4.512075800448656082e-03 4.317760726735286880e-07 5.960721978226501960e-07 4.701023783582058968e-07 4.454972213352448307e-07 4.842142402594618034e-07 5.717851649933436420e-07 7.478428756257926580e-07 5.251983452581043821e-07 3.957070475735235959e-07 4.000567912498809164e-07 4.705456149167730473e-07 6.309795708148158155e-07 5.706079946321551688e-07 4.469611667445860803e-07 4.269797670986008598e-07 4.759093599204788916e-07 5.625142307508212980e-07 4.946583089804335032e-07 4.743789929761987878e-07 4.591542221987765515e-07 4.719424282484396826e-07 4.796102075488306582e-07 4.650797507110837614e-07 4.716510204616497504e-07 4.740558949833939550e-07 4.773088448928319849e-07 5.390534643083810806e-03 4.081271588802337646e-03 2.808552002534270287e-03 4.639800172299146652e-03 1.514465641230344772e-02
8.840000000000000000e+02 7.677975471427693835e-03 4.502534866333007812e-03 4.490646574595302809e-07 5.920291528127563652e-07 4.596116411903494736e-07 4.403501918659458170e-07 4.857469662056246307e-07 5.775001454821904190e-07 7.441161073984403629e-07 5.219342256168602034e-07 3.855047054912574822e-07 3.914627200174436439e-07 4.645408751002833014e-07 6.346648433463997208e-07 5.625080348181654699e-07 4.425733948210108792e-07 4.253366796547197737e-07 4.673629518947564065e-07 5.655440418195212260e-07 5.005479124520206824e-07 4.734272636142122792e-07 4.568996132547908928e-07 4.779319624503841624e-07 4.762913192735140910e-07 4.611462145476252772e-07 4.655526595342962537e-07 4.721584332401107531e-07 4.780256972480856348e-07 5.381898023188114166e-03 4.075278062373399734e-03 2.804805524647235870e-03 4.634487908333539963e-03 1.513854973018169403e-02
8.850000000000000000e+02 7.660633917456669689e-03 4.493009764701128006e-03 4.403800346608477412e-07 5.915539418310800102e-07 4.512641282872209558e-07 4.348464130998763721e-07 4.792926233676553238e-07 5.769589392912166659e-07 7.390340215351898223e-07 5.169681571715045720e-07 3.858393426980910590e-07 3.939927637475193478e-07 4.584225052894908004e-07 6.283474363044661004e-07 5.546684747059771325e-07 4.447812784746929538e-07 4.260582500137388706e-07 4.599508827141107759e-07 5.561641387430427130e-07 4.860664262196223717e-07 4.691443109550164081e-07 4.583453971918061143e-07 4.700566762494418072e-07 4.741793873108690605e-07 4.614736326402635314e-07 4.645652040835557273e-07 4.693259256782766897e-07 4.753188989070622483e-07 5.373257212340831757e-03 4.069292452186346054e-03 2.801076741889119148e-03 4.629197064787149429e-03 1.513245142996311188e-02
8.860000000000000000e+02 7.643351048922541850e-03 4.483515862375497818e-03 4.353044289473473327e-07 5.908598836867895443e-07 4.563800928281125380e-07 4.308334382585599087e-07 4.771807198267197236e-07 5.573150474447174929e-07 7.373173502855934203e-07 5.099036570754833519e-07 3.757748743282718351e-07 3.814251954281644430e-07 4.497574366268963786e-07 6.215056487235415261e-07 5.488734018399554770e-07 4.453803796877764398e-07 4.118558933896565577e-07 4.508773940870014485e-07 5.538555001294298563e-07 4.834773221773502883e-07 4.590887101585394703e-07 4.630048806575359777e-07 4.715338945970870554e-07 4.701640818893793039e-07 4.584283601616334636e-07 4.638530981537769549e-07 4.615941122665390139e-07 4.764825689562712796e-07 5.364646203815937042e-03 4.063329193741083145e-03 2.797360299155116081e-03 4.623915068805217743e-03 1.512636430561542511e-02
8.870000000000000000e+02 7.626126601327708546e-03 4.474036861211061478e-03 4.214030013827141374e-07 5.803780140922754072e-07 4.530518253886839375e-07 4.326296050294331508e-07 4.795920176547951996e-07 5.570541929955652449e-07 7.349552220148325432e-07 5.067230404165457003e-07 3.706757922827819129e-07 3.818023799340153346e-07 4.529386501417320687e-07 6.193831723066978157e-07 5.551954131988168228e-07 4.364437700132839382e-07 4.250940719430218451e-07 4.526252155301335733e-07 5.524094035536109004e-07 4.758573197705118218e-07 4.453778785773465643e-07 4.560607749226619489e-07 4.634223387256497517e-07 4.681671725847991183e-07 4.518454659319104394e-07 4.614916235823329771e-07 4.566736890865286114e-07 4.706549532329518115e-07 5.356048699468374252e-03 4.057364072650671005e-03 2.793653169646859169e-03 4.618631675839424133e-03 1.512027252465486526e-02
8.880000000000000000e+02 7.608960311663014522e-03 4.464601166546344757e-03 4.320986874972732039e-07 5.760709314017731231e-07 4.480736492951109540e-07 4.350401923147728667e-07 4.751120172841183376e-07 5.519112846741336398e-07 7.299661319848382846e-07 5.062192940386012197e-07 3.676523760987038258e-07 3.774598837935627671e-07 4.412801501985086361e-07 6.087837505219795275e-07 5.562874321185518056e-07 4.338137387094320729e-07 4.130531010559934657e-07 4.408288418744632509e-07 5.465822141559328884e-07 4.778208335665112827e-07 4.556728470106463647e-07 4.572656280288356356e-07 4.609246957443247084e-07 4.622743858817557339e-07 4.483426891965791583e-07 4.558548596378386719e-07 4.556374619824055117e-07 4.664431116907508112e-07 5.347455386072397232e-03 4.051409196108579636e-03 2.789942780509591103e-03 4.613361787050962448e-03 1.511419191956520081e-02
8.890000000000000000e+02 7.591851918397713936e-03 4.455175250768661499e-03 4.209106521102512488e-07 5.765020318904134911e-07 4.471162640129477950e-07 4.306184848701377632e-07 4.689155161941016559e-07 5.521457637769344728e-07 7.132500741136027500e-07 5.070052679911896121e-07 3.642127524017269025e-07 3.831810033716465114e-07 4.377896800633607199e-07 6.116385407040070277e-07 5.407746357377618551e-07 4.306423875277687330e-07 4.120378207517205738e-07 4.487189642077282770e-07 5.470862447509716731e-07 4.801254362973850220e-07 4.542890224001894239e-07 4.451151198736624792e-07 4.627963505754451035e-07 4.535531559213268338e-07 4.489836271659441991e-07 4.521403127455414506e-07 4.485835063405829715e-07 4.637375354832329322e-07 5.338885821402072906e-03 4.045468289405107498e-03 2.786253578960895538e-03 4.608111456036567688e-03 1.510812249034643173e-02
8.900000000000000000e+02 7.574801161469511303e-03 4.445773549377918243e-03 4.233757238125690492e-07 5.721169031858153176e-07 4.417877619289356517e-07 4.188589741715986747e-07 4.571933232000446878e-07 5.450000344353611581e-07 7.109586590559047181e-07 4.887192517344374210e-07 3.659141327716497472e-07 3.770076659748156089e-07 4.300289901948417537e-07 6.030413715052418411e-07 5.413235726337006781e-07 4.357807483756914735e-07 4.049203710110305110e-07 4.430056605997378938e-07 5.386326620282488875e-07 4.707443963525292929e-07 4.545899230379291112e-07 4.427241435678297421e-07 4.486989837459987029e-07 4.557621195999672636e-07 4.471590386856405530e-07 4.526183090547419852e-07 4.520241247973899590e-07 4.615955617737199645e-07 5.330334883183240891e-03 4.039532970637083054e-03 2.782564610242843628e-03 4.602863918989896774e-03 1.510203257203102112e-02
8.910000000000000000e+02 7.557807782274673578e-03 4.436391871422529221e-03 4.206043797694292152e-07 5.628681378766486887e-07 4.460131606265349546e-07 4.142245586535864277e-07 4.545219383089715848e-07 5.442781798592477571e-07 7.133179451557225548e-07 4.845294938604638446e-07 3.713176113251392962e-07 3.726596276010241127e-07 4.339428301136649679e-07 6.026338610354287084e-07 5.382444214774295688e-07 4.258482420027576154e-07 4.017086041585571365e-07 4.393286019421793753e-07 5.262854756438173354e-07 4.616399280621408252e-07 4.371350996734690852e-07 4.327388865021930542e-07 4.453425219708151417e-07 4.504792627813003492e-07 4.442773331447824603e-07 4.414052341417118441e-07 4.525963106516428525e-07 4.546344598566065542e-07 5.321810953319072723e-03 4.033612553030252457e-03 2.778891706839203835e-03 4.597619641572237015e-03 1.509596500545740128e-02
8.920000000000000000e+02 7.540871523658227230e-03 4.427042789757251740e-03 4.136934137477510376e-07 5.637044750983477570e-07 4.380306677376211155e-07 4.055189037899253890e-07 4.508767688093939796e-07 5.383205348152841907e-07 7.071158734106575139e-07 4.852502115682000294e-07 3.646916866273386404e-07 3.643889954219048377e-07 4.294766995371901430e-07 5.946670853518298827e-07 5.330129511094128247e-07 4.142831357967224903e-07 4.010656482478225371e-07 4.328766465278022224e-07 5.300656198414799292e-07 4.590837079376797192e-07 4.448762069841905031e-07 4.363289747288945364e-07 4.525701342572574504e-07 4.511223039571632398e-07 4.437488030362146674e-07 4.392495611682534218e-07 4.413511192069563549e-07 4.567574762859294424e-07 5.313276778906583786e-03 4.027713555842638016e-03 2.775216009467840195e-03 4.592392127960920334e-03 1.508991047739982605e-02
8.930000000000000000e+02 7.523992129904232516e-03 4.417710006237030029e-03 4.133152913254889427e-07 5.608662831946276128e-07 4.337465213666291675e-07 3.993290818016248522e-07 4.420092238888173597e-07 5.372093596633931156e-07 7.047397616588568781e-07 4.775392881128937006e-07 3.688781191613088595e-07 3.633372216427233070e-07 4.257708781096880557e-07 5.824713298352435231e-07 5.205421871323778760e-07 4.148008940774161601e-07 3.907794621227367315e-07 4.385947534046863439e-07 5.222311756369890645e-07 4.605192032158811344e-07 4.390337267068389338e-07 4.380822815619467292e-07 4.463845471036620438e-07 4.405719380429218290e-07 4.393993719986610813e-07 4.300991918171348516e-07 4.428515296694968129e-07 4.547674166133219842e-07 5.304784048348665237e-03 4.021809902042150497e-03 2.771547995507717133e-03 4.587177652865648270e-03 1.508385688066482544e-02
8.940000000000000000e+02 7.507169346726123675e-03 4.408414009958505630e-03 4.121918095734145027e-07 5.504413138623931445e-07 4.350547158082918031e-07 4.009660301562689710e-07 4.422819586125115165e-07 5.282632855596602894e-07 7.007466251707228366e-07 4.780133053827739786e-07 3.626231546149938367e-07 3.607788130466360599e-07 4.254418684013216989e-07 5.873528152733342722e-07 5.202268766879569739e-07 4.046509616273397114e-07 3.881984582676523132e-07 4.303666685245843837e-07 5.199520387577649672e-07 4.516969056567177176e-07 4.324107578668190399e-07 4.262716686298517743e-07 4.479951485336641781e-07 4.437056304595898837e-07 4.331474201535456814e-07 4.332948151386517566e-07 4.449262291927880142e-07 4.528309318629908375e-07 5.296291317790746689e-03 4.015929996967315674e-03 2.767896512523293495e-03 4.581959918141365051e-03 1.507780235260725021e-02
8.950000000000000000e+02 7.490402921257139322e-03 4.399129655212163925e-03 4.064159213612583699e-07 5.500423867488279939e-07 4.271132070243766066e-07 3.966294173096684972e-07 4.387778744785464369e-07 5.246589012131153140e-07 6.944379151718749199e-07 4.760799470204801764e-07 3.581061491786385886e-07 3.510740498313680291e-07 4.191366258510242915e-07 5.869707138117519207e-07 5.190926231080084108e-07 4.035487108922097832e-07 3.856731041196326260e-07 4.315361650242266478e-07 5.109999392516328953e-07 4.516178080393729033e-07 4.325414693084894679e-07 4.226523060424369760e-07 4.343734758549544495e-07 4.451753454759455053e-07 4.263549726601922885e-07 4.338587871188792633e-07 4.421154358169587795e-07 4.383097405025182525e-07 5.287830252200365067e-03 4.010054282844066620e-03 2.764246659353375435e-03 4.576761741191148758e-03 1.507177576422691345e-02
8.960000000000000000e+02 7.473692602040816167e-03 4.389873705804347992e-03 4.091629932645446388e-07 5.391183890424144920e-07 4.146042158481577644e-07 3.968790167618863052e-07 4.325515590153372614e-07 5.220383627602132037e-07 6.862927079964720178e-07 4.707283380867011147e-07 3.463265159098227741e-07 3.529743537455942715e-07 4.208315544929064345e-07 5.845662371939397417e-07 5.191319587538600899e-07 4.121676511203986593e-07 3.775589618726371555e-07 4.182578834388550604e-07 5.153264623913855758e-07 4.497355803323443979e-07 4.371827913018933032e-07 4.244687090704246657e-07 4.448363029041502159e-07 4.323294717778480845e-07 4.296272209103335626e-07 4.313951080803235527e-07 4.403486002502177143e-07 4.463366849449812435e-07 5.279369652271270752e-03 4.004178103059530258e-03 2.760613104328513145e-03 4.571555647999048233e-03 1.506573241204023361e-02
8.970000000000000000e+02 7.457038139021561658e-03 4.380636382848024368e-03 3.984737872997357044e-07 5.390930368776025716e-07 4.142031571063853335e-07 3.956062926135928137e-07 4.367104793345788494e-07 5.130989961799059529e-07 6.895018032082589343e-07 4.725857252196874470e-07 3.412605167341098422e-07 3.504139272081374656e-07 4.127039403556409525e-07 5.796914024358557072e-07 5.053261133980413433e-07 4.106734650122234598e-07 3.781614736908522900e-07 4.302041247683519032e-07 5.172186661184241530e-07 4.515239311331242789e-07 4.311921770749904681e-07 4.255140879649843555e-07 4.326370230955944862e-07 4.291076720619457774e-07 4.231999639614514308e-07 4.238744679696537787e-07 4.371723605345323449e-07 4.318754065479879500e-07 5.270931404083967209e-03 3.998333588242530823e-03 2.756974427029490471e-03 4.566392395645380020e-03 1.505969371646642685e-02
8.980000000000000000e+02 7.440439283535300354e-03 4.371421877294778824e-03 4.040045666897640331e-07 5.323841492099745665e-07 4.195189546862820862e-07 3.963865253808762645e-07 4.261388824033929268e-07 5.078877620690036565e-07 6.808057833040948026e-07 4.710581720246409532e-07 3.420625773742358433e-07 3.482472266114200465e-07 4.018063179955788655e-07 5.781748768640682101e-07 5.061425554231391288e-07 4.008908263131161220e-07 3.827079240181774367e-07 4.175417132046277402e-07 5.068002906227775384e-07 4.455857265384111088e-07 4.334512198056472698e-07 4.245565605742740445e-07 4.327747262777847936e-07 4.328472300585417543e-07 4.208999939692148473e-07 4.269780049526161747e-07 4.251172640579170547e-07 4.304823164602566976e-07 5.262506660073995590e-03 3.992479760199785233e-03 2.753362059593200684e-03 4.561212845146656036e-03 1.505366526544094086e-02
8.990000000000000000e+02 7.423895788300187946e-03 4.362235777080059052e-03 4.011927217106858734e-07 5.233575279817159753e-07 4.183163753168628318e-07 3.971185265072563197e-07 4.232335584219981683e-07 5.013610007154056802e-07 6.812776405240583699e-07 4.581686141591490014e-07 3.404836377285391791e-07 3.439741078636870952e-07 4.092027552360377740e-07 5.743588644691044465e-07 5.075669946563721169e-07 3.940600095120316837e-07 3.723497457031044178e-07 4.180000985343212960e-07 5.010454060538904741e-07 4.412143539411772508e-07 4.296797726510703797e-07 4.276843696970900055e-07 4.293654285447701113e-07 4.348724189640051918e-07 4.240440887315344298e-07 4.253937220255465945e-07 4.223603866648772964e-07 4.338593271313584410e-07 5.254096817225217819e-03 3.986645955592393875e-03 2.749738283455371857e-03 4.556048661470413208e-03 1.504764612764120102e-02
9.000000000000000000e+02 7.407407407407407690e-03 4.353065043687820435e-03 3.986326930771610932e-07 5.248089109954889864e-07 4.155800752414506860e-07 3.867138502755551599e-07 4.108470363917149371e-07 5.070965585218800697e-07 6.706532076350413263e-07 4.568516658309818013e-07 3.364475560374557972e-07 3.482555825939925853e-07 4.038064673750341171e-07 5.766392519035434816e-07 4.946128910887637176e-07 3.964127586186805274e-07 3.750500070509588113e-07 4.078391668826952809e-07 5.021693709750252310e-07 4.434752440829470288e-07 4.183343946806417080e-07 4.201952776838879799e-07 4.240061457494448405e-07 4.295028759315755451e-07 4.248340417234430788e-07 4.266665030172589468e-07 4.205903962883894565e-07 4.290625099656608654e-07 5.245710723102092743e-03 3.980820532888174057e-03 2.746131736785173416e-03 4.550889600068330765e-03 1.504162792116403580e-02
9.010000000000000000e+02 7.390973896312027537e-03 4.343915730714797974e-03 4.002095295163599076e-07 5.233651449998433236e-07 4.102727189092547633e-07 3.788543097016372485e-07 4.230604417898575775e-07 4.941024371873936616e-07 6.701752681692596525e-07 4.576339165396348108e-07 3.332289963964285562e-07 3.416637639475084143e-07 3.972799902385304449e-07 5.755144911745446734e-07 4.976758418706594966e-07 3.893713653724262258e-07 3.739126555046823341e-07 4.032406764054030646e-07 4.992175490770023316e-07 4.410259180076536722e-07 4.210375550428580027e-07 4.133876245759893209e-07 4.271847160453035031e-07 4.226946828111977084e-07 4.169215515048563248e-07 4.233206425396929262e-07 4.304075105210358743e-07 4.281767758129717549e-07 5.237333942204713821e-03 3.975011408329010010e-03 2.742529381066560745e-03 4.545751493424177170e-03 1.503561809659004211e-02
9.020000000000000000e+02 7.374595011823933607e-03 4.334798548370599747e-03 3.979596954195585568e-07 5.201370640861568972e-07 4.115286742489843164e-07 3.772883871988597093e-07 4.109395206342014717e-07 4.934049684379715472e-07 6.672935910501109902e-07 4.542037004284793511e-07 3.334178302338841604e-07 3.449198970884026494e-07 3.925172507024399238e-07 5.611939286609413102e-07 4.971881821802526247e-07 3.916785829005675623e-07 3.754902593300357694e-07 4.164745632806443609e-07 4.998089480068301782e-07 4.323407836182013853e-07 4.160020523613638943e-07 4.183753787856403505e-07 4.240458508775191149e-07 4.213938211705681169e-07 4.189796527498401701e-07 4.219292293328180676e-07 4.243836997375183273e-07 4.266388771156925941e-07 5.228963680565357208e-03 3.969213459640741348e-03 2.738944254815578461e-03 4.540622700005769730e-03 1.502961572259664536e-02
9.030000000000000000e+02 7.358270512098836515e-03 4.325694870203733444e-03 3.872700347073987359e-07 5.134425578035006765e-07 4.066090184551285347e-07 3.691797871852031676e-07 4.131502180371171562e-07 4.864972993345872965e-07 6.638532568103983067e-07 4.471142176498688059e-07 3.317530286039982457e-07 3.429410071476013400e-07 3.957139256272057537e-07 5.614716656054952182e-07 4.948960850015282631e-07 3.941999011658481322e-07 3.690483083573781187e-07 4.035361200749321142e-07 4.996867346562794410e-07 4.337620396199781680e-07 4.123725148019730113e-07 4.125492694129206939e-07 4.223408893722080393e-07 4.255864212154847337e-07 4.112000056011311244e-07 4.091218102075799834e-07 4.165787856891256524e-07 4.218684352963464335e-07 5.220618564635515213e-03 3.963420633226633072e-03 2.735359827056527138e-03 4.535486456006765366e-03 1.502361334860324860e-02
9.040000000000000000e+02 7.342000156629336673e-03 4.316613078117370605e-03 3.911784460797207430e-07 4.986920885130530223e-07 3.963523909078503493e-07 3.684800446990266209e-07 3.996092914348992053e-07 4.797361725650262088e-07 6.613103096242411993e-07 4.464026801542786416e-07 3.308140605895459885e-07 3.399925674330006586e-07 3.881836789787485031e-07 5.578495461122656707e-07 4.862155833507131319e-07 3.957611909299885156e-07 3.697601016483531566e-07 4.098801866803114535e-07 4.947753495798679069e-07 4.353263705070276046e-07 4.158702040513162501e-07 4.158577269208763028e-07 4.197960947749379557e-07 4.108385667223046767e-07 4.079779500898439437e-07 4.017232129172043642e-07 4.128955595206207363e-07 4.207872166261950042e-07 5.212291609495878220e-03 3.957626409828662872e-03 2.731783781200647354e-03 4.530373029410839081e-03 1.501761376857757568e-02
9.050000000000000000e+02 7.325783706236073736e-03 4.307562950998544693e-03 3.891452422521979315e-07 5.132141041030990891e-07 3.902549110534891952e-07 3.674878996662300779e-07 4.013409125036559999e-07 4.834874403059075121e-07 6.542260280184564181e-07 4.385365173220634460e-07 3.307747533654037397e-07 3.307895326543075498e-07 3.941136981211457169e-07 5.469444772643328179e-07 4.805780804417736363e-07 3.849745269235427259e-07 3.707657185714197112e-07 4.006292044778092531e-07 4.891494995717948768e-07 4.352162079612753587e-07 4.140670739616325591e-07 4.070654711085808231e-07 4.152508950028277468e-07 4.170109377810149454e-07 4.074898640737956157e-07 4.081757083440606948e-07 4.157906801083299797e-07 4.178274650712410221e-07 5.203968379646539688e-03 3.951855003833770752e-03 2.728211460635066032e-03 4.525264259427785873e-03 1.501161698251962662e-02
9.060000000000000000e+02 7.309620923058929819e-03 4.298534709960222244e-03 3.849848724257753929e-07 5.006112928640504833e-07 3.963819494856579695e-07 3.678379130178655032e-07 4.042938712700561155e-07 4.790328489434614312e-07 6.541307016050268430e-07 4.452718371794617269e-07 3.191865118878922658e-07 3.281992064785299590e-07 3.923579470210825093e-07 5.461533874040469527e-07 4.847714762945543043e-07 3.947824609440431232e-07 3.636064889178669546e-07 4.023460746793716680e-07 4.823258450414869003e-07 4.270053750587976538e-07 4.114803573429526296e-07 4.062441689711704385e-07 4.147233596540900180e-07 4.142235638937563635e-07 4.039030443436786300e-07 4.156846102887357119e-07 4.087392824203561759e-07 4.177465484644926619e-07 5.195679608732461929e-03 3.946095239371061325e-03 2.724656369537115097e-03 4.520161077380180359e-03 1.500562857836484909e-02
9.070000000000000000e+02 7.293511570548314241e-03 4.289517644792795181e-03 3.893873667948355433e-07 5.001587624064995907e-07 3.906527581420959905e-07 3.579295082545286277e-07 3.999147395461477572e-07 4.747282105199701618e-07 6.489303245871269610e-07 4.329542093728377949e-07 3.136290445127087878e-07 3.325211253013549140e-07 3.849974348213436315e-07 5.504571163328364491e-07 4.830546913581201807e-07 3.829493948614981491e-07 3.647621724667260423e-07 4.011984628959908150e-07 4.870003635915054474e-07 4.294573443530680379e-07 4.138073848025669577e-07 4.019744324068597052e-07 4.089203855528467102e-07 4.180258201813558117e-07 3.978138920501805842e-07 4.093178347375214798e-07 4.088826415227231337e-07 4.140658802498364821e-07 5.187390372157096863e-03 3.940354567021131516e-03 2.721105236560106277e-03 4.515068605542182922e-03 1.499965600669384003e-02
9.080000000000000000e+02 7.277455413456500322e-03 4.280531778931617737e-03 3.832157062788610347e-07 4.851242465520044789e-07 3.756026387691235868e-07 3.520650579957873560e-07 4.019671848709549522e-07 4.688001808972330764e-07 6.510884418275963981e-07 4.411691634231829084e-07 3.154032981456111884e-07 3.205987582077796105e-07 3.829917147868400207e-07 5.399423343988019042e-07 4.814971248379151803e-07 3.709435816290351795e-07 3.606364202823897358e-07 3.926930105535575422e-07 4.874449359704158269e-07 4.259667321093729697e-07 4.042060766096255975e-07 4.005640334980853368e-07 4.100620287772471784e-07 4.126324313347140560e-07 4.007199265743111027e-07 4.063140011112409411e-07 4.082180282694025664e-07 4.199885665912006516e-07 5.179122556000947952e-03 3.934603184461593628e-03 2.717554336413741112e-03 4.509993828833103180e-03 1.499368716031312943e-02
9.090000000000000000e+02 7.261452217829043702e-03 4.271559882909059525e-03 3.749948689346638275e-07 4.933096988679608330e-07 3.882707062530244002e-07 3.465909230726538226e-07 3.904117420461261645e-07 4.743573356336128199e-07 6.431868087020120583e-07 4.360198033737106016e-07 3.134204575871990528e-07 3.286162666427117074e-07 3.740539114005514421e-07 5.392425919126253575e-07 4.789953891304321587e-07 3.770962564431101782e-07 3.625695512710080948e-07 3.845236165034293663e-07 4.810880227523739450e-07 4.254115708590688882e-07 4.126754049593728269e-07 3.963896233472041786e-07 4.035705387650523335e-07 4.126572150653373683e-07 4.082855014075903455e-07 4.018573918074253015e-07 4.097557280147157144e-07 4.081117594978422858e-07 5.170866847038269043e-03 3.928874153643846512e-03 2.714011818170547485e-03 4.504911601543426514e-03 1.498770993202924728e-02
9.100000000000000000e+02 7.245501750996256179e-03 4.262614063918590546e-03 3.825399517154437490e-07 4.849168817600002512e-07 3.933405423595104367e-07 3.497064255952864187e-07 3.837930080408114009e-07 4.638509381038602442e-07 6.324780201794055756e-07 4.268295583642611746e-07 3.110432942321494920e-07 3.192653252881427761e-07 3.810142459315102315e-07 5.403580871643498540e-07 4.773870045937655959e-07 3.793288385622872738e-07 3.627999092259415193e-07 3.951572011828830000e-07 4.782465907737787347e-07 4.278591632100869901e-07 4.010622660644003190e-07 3.948380253859795630e-07 4.019651953512948239e-07 4.056489331105694873e-07 3.917067488146130927e-07 3.956609475608274806e-07 4.006133167422376573e-07 4.129327066948462743e-07 5.162638612091541290e-03 3.923150245100259781e-03 2.710489323362708092e-03 4.499851260334253311e-03 1.498175784945487976e-02
9.110000000000000000e+02 7.229603781564751530e-03 4.253686871379613876e-03 3.749922825591056608e-07 4.778863171850389335e-07 3.863047481900139246e-07 3.457049047028704081e-07 3.842243359031272121e-07 4.595827363118587527e-07 6.389610689438995905e-07 4.199688135031465208e-07 3.080202475302940002e-07 3.151995997541234829e-07 3.681534508359618485e-07 5.317023124007391743e-07 4.775194497597112786e-07 3.699904311815771507e-07 3.616363812852796400e-07 3.820665028797520790e-07 4.713874659501016140e-07 4.216987576910469215e-07 4.019974255697889021e-07 3.940375847832910949e-07 4.008697089830093319e-07 4.053828206451726146e-07 3.998807187599595636e-07 3.900262868228310253e-07 4.024247459710750263e-07 4.182403188224270707e-07 5.154413636773824692e-03 3.917443100363016129e-03 2.706964500248432159e-03 4.494801163673400879e-03 1.497579365968704224e-02
9.120000000000000000e+02 7.213758079409048583e-03 4.244795534759759903e-03 3.774105437059915857e-07 4.786713247995066922e-07 3.869523084176762495e-07 3.455313617450883612e-07 3.816307980741839856e-07 4.536019275747094071e-07 6.271268944146868307e-07 4.305747438593243714e-07 3.118681775049481075e-07 3.205338146017311374e-07 3.765281633150152629e-07 5.298537644193856977e-07 4.752367601668083807e-07 3.646488266895175911e-07 3.519399740525841480e-07 3.888505375471140724e-07 4.750304753997625085e-07 4.189891456007899251e-07 3.972397166762675624e-07 3.939561281640635571e-07 4.015452361727511743e-07 4.024258828394522425e-07 3.831641208762448514e-07 3.968625321704166709e-07 3.988691616996220546e-07 4.035955782910605194e-07 5.146210081875324249e-03 3.911744337528944016e-03 2.703443868085741997e-03 4.489755723625421524e-03 1.496984530240297318e-02
9.130000000000000000e+02 7.197964415663250619e-03 4.235913511365652084e-03 3.657764580111688701e-07 4.830832267543883063e-07 3.780846782319713384e-07 3.473524259334226372e-07 3.801048649165750248e-07 4.413332419517246308e-07 6.299757160377339460e-07 4.274577634078013944e-07 3.046857557365001412e-07 3.176384666403464507e-07 3.703327422499569366e-07 5.343237035049241967e-07 4.731073204311542213e-07 3.723590680237975903e-07 3.593741269014572026e-07 3.913402224497986026e-07 4.696717894603352761e-07 4.172106571331823943e-07 3.925127600723499199e-07 3.908114649675553665e-07 3.946545348298968747e-07 4.070653290000336710e-07 3.889923050337529276e-07 3.919268465324421413e-07 3.930186665002111113e-07 4.074095159012358636e-07 5.138025153428316116e-03 3.906052559614181519e-03 2.699937671422958374e-03 4.484724719077348709e-03 1.496389042586088181e-02
9.140000000000000000e+02 7.182222562712773338e-03 4.227068275213241577e-03 3.729492448201199295e-07 4.768198778037913144e-07 3.694638621709600557e-07 3.415152320940251229e-07 3.715167906648275675e-07 4.489417335662437836e-07 6.235900968931673560e-07 4.206917765259277076e-07 3.055281752040173160e-07 3.122703446933883242e-07 3.654031672795099439e-07 5.305467425387178082e-07 4.686344254878349602e-07 3.686197942442959175e-07 3.517274080877541564e-07 3.773698153963778168e-07 4.707516438884340459e-07 4.166484757206490031e-07 3.893001121468842030e-07 3.901931222571874969e-07 3.963585868405061774e-07 4.047129493756074226e-07 3.923257168025884312e-07 3.942569151149655227e-07 3.984858096828247653e-07 4.039722512061416637e-07 5.129834171384572983e-03 3.900384530425071716e-03 2.696441952139139175e-03 4.479697905480861664e-03 1.495795603841543198e-02
9.150000000000000000e+02 7.166532294186150898e-03 4.218232352286577225e-03 3.746270920146343997e-07 4.748706601276353467e-07 3.704841731178021291e-07 3.359923823609278770e-07 3.764749010315426858e-07 4.352361600012955023e-07 6.227122639756998979e-07 4.181258645985508338e-07 3.078282304613821907e-07 3.182628915965324268e-07 3.624190583195741056e-07 5.258389137452468276e-07 4.609547943346115062e-07 3.623273698849516222e-07 3.491950621992145898e-07 3.817016533957939828e-07 4.667353152854047948e-07 4.132338062845519744e-07 3.898036311511532404e-07 3.880325607497070450e-07 3.909536019364168169e-07 4.002104390110616805e-07 3.917731419278425165e-07 3.960241770073480438e-07 3.932366894332517404e-07 3.961965262533340137e-07 5.121665075421333313e-03 3.894709283486008644e-03 2.692949259653687477e-03 4.474676214158535004e-03 1.495201792567968369e-02
9.160000000000000000e+02 7.150893384946893118e-03 4.209419246762990952e-03 3.611303043271618662e-07 4.698758573340455769e-07 3.737338545306556625e-07 3.295088220056641148e-07 3.763529434763768222e-07 4.437425502601399785e-07 6.196806339175964240e-07 4.215316096178867156e-07 3.007073416938510491e-07 3.141080355817393865e-07 3.596503574954112992e-07 5.131468583385867532e-07 4.502512638282496482e-07 3.646872528406674974e-07 3.360722757861367427e-07 3.793466305523907067e-07 4.660882950702216476e-07 4.080858673205511877e-07 3.854364649669150822e-07 3.831655988051352324e-07 3.887803075031115441e-07 4.008764733498537680e-07 3.848167580144945532e-07 3.919430469068174716e-07 3.864750510729209054e-07 4.031190883324597962e-07 5.113522056490182877e-03 3.889054525643587112e-03 2.689459361135959625e-03 4.469662439078092575e-03 1.494608633220195770e-02
9.170000000000000000e+02 7.135305611085411212e-03 4.200623836368322372e-03 3.646981383553793421e-07 4.717506669749127468e-07 3.638923544713179581e-07 3.375803032668045489e-07 3.665703047772694845e-07 4.307809717829513829e-07 6.114135544521559495e-07 4.049403514727600850e-07 2.993259045069862623e-07 3.043985259409964783e-07 3.590875223835610086e-07 5.235818321125407238e-07 4.655471173009573249e-07 3.561036692190100439e-07 3.479286760921240784e-07 3.763695985981030390e-07 4.675705724821455078e-07 4.024739155283896253e-07 3.887417392434144858e-07 3.800317358582105953e-07 3.907701113803341286e-07 3.981552652021491667e-07 3.867475015795207582e-07 3.840712281544256257e-07 3.848390690563974204e-07 3.974421645125403302e-07 5.105391144752502441e-03 3.883401397615671158e-03 2.685982501134276390e-03 4.464666824787855148e-03 1.494015846401453018e-02
9.180000000000000000e+02 7.119768749911002496e-03 4.191851709038019180e-03 3.654865565749787493e-07 4.652591201192990411e-07 3.566300392776611261e-07 3.395562941932439571e-07 3.661365042262332281e-07 4.294198561183293350e-07 6.097700975260522682e-07 4.085167688572255429e-07 2.900104334457864752e-07 3.041809293335973052e-07 3.619045685354649322e-07 5.207741082813299727e-07 4.566624909330130322e-07 3.600363527311856160e-07 3.405142763313051546e-07 3.769458203350950498e-07 4.655770169392781099e-07 3.991074208897771314e-07 3.864899724703718675e-07 3.790364360156672774e-07 3.909857753114920342e-07 4.000674778126267483e-07 3.859783817006245954e-07 3.945427238249976654e-07 3.869567137826379621e-07 3.917321009794250131e-07 5.097286310046911240e-03 3.877761773765087128e-03 2.682505641132593155e-03 4.459672607481479645e-03 1.493423525243997574e-02
9.190000000000000000e+02 7.104282579943900153e-03 4.183108452707529068e-03 3.606473057971015805e-07 4.559383057767263381e-07 3.607115957038331544e-07 3.295814110515493667e-07 3.692221923756733304e-07 4.309860344164917478e-07 6.078218461880169343e-07 4.104307151919783792e-07 2.961562017844698858e-07 3.047381653686898062e-07 3.604109508614783408e-07 5.151691198079788592e-07 4.537702409379562596e-07 3.554474972133903066e-07 3.379118709290196421e-07 3.738967677691107383e-07 4.642600970328203402e-07 3.942863315842259908e-07 3.832961681382585084e-07 3.864685709231707733e-07 3.882836097091058036e-07 3.869037925596785499e-07 3.888969501986139221e-07 3.840717965886142338e-07 3.874251603974698810e-07 4.007721088328253245e-07 5.089183803647756577e-03 3.872126806527376175e-03 2.679044147953391075e-03 4.454688169062137604e-03 1.492832880467176437e-02
9.200000000000000000e+02 7.088846880907372430e-03 4.174379166215658188e-03 3.581579051115113543e-07 4.603107015554996906e-07 3.583844829790905351e-07 3.201531058039108757e-07 3.610530256992205977e-07 4.227682097734941635e-07 6.061981707716768142e-07 4.008949758826929610e-07 2.929296272213832708e-07 3.019370069523574784e-07 3.496820966120139929e-07 5.169789574210881256e-07 4.602648289164790185e-07 3.542242552612151485e-07 3.375319863607728621e-07 3.735546556526969653e-07 4.662870480842684628e-07 3.930814500563428737e-07 3.749921972939773696e-07 3.756357216389005771e-07 3.879822543240152299e-07 3.902536036548553966e-07 3.828501746738766087e-07 3.881402790284482762e-07 3.843649949430982815e-07 3.907645123035763390e-07 5.081091076135635376e-03 3.866510232910513878e-03 2.675594994798302650e-03 4.449720494449138641e-03 1.492240652441978455e-02
9.210000000000000000e+02 7.073461433719898175e-03 4.165670368820428848e-03 3.590097605865594232e-07 4.492888194818078773e-07 3.494670863801729865e-07 3.162162158787396038e-07 3.568550539512216346e-07 4.146783965097711189e-07 6.094394962019578088e-07 4.058737488321639830e-07 3.029200854598457227e-07 3.007355644513154402e-07 3.564184112292423379e-07 5.114355872137821279e-07 4.515623288625647547e-07 3.566258044429559959e-07 3.349976793742825976e-07 3.708278768499440048e-07 4.617222089109418448e-07 3.921002189599676058e-07 3.798420493694720790e-07 3.741710088434047066e-07 3.856585237826948287e-07 3.837788540295150597e-07 3.764799885175307281e-07 3.802341836944833631e-07 3.829613319794589188e-07 3.882208545746834716e-07 5.073015578091144562e-03 3.860915079712867737e-03 2.672144677489995956e-03 4.444756545126438141e-03 1.491650287061929703e-02
9.220000000000000000e+02 7.058126020487387464e-03 4.156991839408874512e-03 3.627245916959509486e-07 4.527702515133569250e-07 3.431168522638472496e-07 3.144356526263436535e-07 3.552956115981942276e-07 4.204206049962522229e-07 5.976393140372238122e-07 4.049545054840564262e-07 2.988676328641304281e-07 2.994346459672669880e-07 3.505653864976920886e-07 5.126808559907658491e-07 4.533477522272733040e-07 3.458805792888597352e-07 3.338755618642608169e-07 3.660024106011405820e-07 4.571189151647558901e-07 3.954821181650913786e-07 3.837320150523737539e-07 3.807865596172632650e-07 3.849042684578307671e-07 3.806286770213773707e-07 3.766566862850595498e-07 3.763304050607985118e-07 3.825309420335543109e-07 3.783150361869047629e-07 5.064965225756168365e-03 3.855303162708878517e-03 2.668696455657482147e-03 4.439797252416610718e-03 1.491060107946395874e-02
9.230000000000000000e+02 7.042840424495468155e-03 4.148323554545640945e-03 3.610358021433057729e-07 4.552667576263047522e-07 3.454694308402395109e-07 3.201365359473129502e-07 3.537263069119944703e-07 4.217165781028597848e-07 6.009958042341168039e-07 3.997228930074925302e-07 2.841766786332300398e-07 3.002932658091594931e-07 3.540203863394708605e-07 5.132195610713097267e-07 4.499725037021562457e-07 3.465324596163554816e-07 3.350053532358288066e-07 3.663143672838486964e-07 4.504122728121728869e-07 3.915643560503667686e-07 3.813659361640020506e-07 3.733110247594595421e-07 3.839554096884967294e-07 3.796326097926794318e-07 3.746212087207823060e-07 3.729814181951951468e-07 3.731711046839336632e-07 3.865117434997955570e-07 5.056925117969512939e-03 3.849720116704702377e-03 2.665269188582897186e-03 4.434850066900253296e-03 1.490470487624406815e-02
9.240000000000000000e+02 7.027604430201833154e-03 4.139684606343507767e-03 3.567622854916407960e-07 4.459910485365981003e-07 3.478302232906571589e-07 3.183417902619112283e-07 3.485712909423455130e-07 4.104298909624048974e-07 5.989913347548281308e-07 3.973594857598072849e-07 2.868677881906478433e-07 2.901446407577168429e-07 3.486888147108402336e-07 5.024639335715619382e-07 4.398807504912838340e-07 3.460599202753655845e-07 3.294671273579297122e-07 3.605031224651611410e-07 4.467320593448675936e-07 3.855274428588018054e-07 3.738733767022495158e-07 3.731390165739867371e-07 3.799153205363836605e-07 3.794720555561070796e-07 3.715283014571468811e-07 3.636454835032054689e-07 3.874809522130817641e-07 3.805296273640124127e-07 5.048893392086029053e-03 3.844139864668250084e-03 2.661837730556726456e-03 4.429909866303205490e-03 1.489881705492734909e-02
9.250000000000000000e+02 7.012417823228633655e-03 4.131069872528314590e-03 3.506743269099388272e-07 4.492071354889048962e-07 3.349036319377773907e-07 3.088037203724525170e-07 3.420468033255019691e-07 4.111989824195916299e-07 5.935643230259302072e-07 3.898275338087842101e-07 2.951809392470750026e-07 2.947158179722464411e-07 3.483744421828305349e-07 5.149537969373341184e-07 4.377559434942668304e-07 3.462142501575726783e-07 3.349118742335122079e-07 3.676771314076177077e-07 4.482551219098240836e-07 3.802059325153095415e-07 3.657697789094527252e-07 3.691066297051293077e-07 3.745290086953900754e-07 3.759051594443008071e-07 3.681897737806139048e-07 3.687381138206546893e-07 3.799711976171238348e-07 3.784615216773090651e-07 5.040884017944335938e-03 3.838564734905958176e-03 2.658426063135266304e-03 4.424981772899627686e-03 1.489291805773973465e-02
9.260000000000000000e+02 6.997280390354948705e-03 4.122476559132337570e-03 3.508398265239520697e-07 4.515503917446039850e-07 3.455366197613329859e-07 2.993475902712816605e-07 3.465013378445291892e-07 4.032711160562030273e-07 5.879633135918993503e-07 3.831336243820260279e-07 2.887138634832808748e-07 2.932729330495931208e-07 3.423105567890161183e-07 5.072157023278123233e-07 4.440529153271199903e-07 3.397551893158379244e-07 3.319525490041996818e-07 3.592791415485407924e-07 4.497414920479059219e-07 3.835876896118861623e-07 3.683871057091891998e-07 3.692127847898518667e-07 3.738725524726760341e-07 3.745598746718314942e-07 3.692308609970496036e-07 3.665990959689224837e-07 3.773155015096563147e-07 3.714800982379529160e-07 5.032879766076803207e-03 3.833019873127341270e-03 2.655014628544449806e-03 4.420057404786348343e-03 1.488704420626163483e-02
9.270000000000000000e+02 6.982191919509291196e-03 4.113890696316957474e-03 3.419463041609560605e-07 4.478185076095542172e-07 3.385295883617800428e-07 3.035348754565347917e-07 3.365592249338078545e-07 3.979515099672426004e-07 5.886067810934036970e-07 3.848636822567641502e-07 2.838085606526874471e-07 2.811084414133802056e-07 3.450941790106298868e-07 5.077482114757003728e-07 4.385948955132334959e-07 3.465359839083248517e-07 3.327670583530561998e-07 3.609079328725783853e-07 4.425310180522501469e-07 3.841633713363989955e-07 3.739808107638964429e-07 3.632108871443051612e-07 3.677451161365752341e-07 3.792883660480583785e-07 3.650673363608802902e-07 3.701055959481891477e-07 3.792935103774652816e-07 3.754155386559432372e-07 5.024902988225221634e-03 3.827468026429414749e-03 2.651607384905219078e-03 4.415147937834262848e-03 1.488118059933185577e-02
9.280000000000000000e+02 6.967152199762187588e-03 4.105346743017435074e-03 3.487656954348494764e-07 4.463992695491469931e-07 3.347318795476894593e-07 3.035580959931394318e-07 3.364196174970857101e-07 3.987832997154328041e-07 5.856211942045774776e-07 3.853137116038851673e-07 2.796429043883108534e-07 2.922036514974024612e-07 3.425843999593780609e-07 4.931356443194090389e-07 4.461007563349994598e-07 3.425148804581112927e-07 3.178977010520611657e-07 3.565707231700798729e-07 4.451035522379243048e-07 3.795560132857644930e-07 3.698459920542518375e-07 3.610284977639821591e-07 3.688810750190896215e-07 3.688329570650239475e-07 3.576975871055765310e-07 3.653668727565673180e-07 3.751405870389135089e-07 3.709170641741366126e-07 5.016933660954236984e-03 3.821923397481441498e-03 2.648206194862723351e-03 4.410235211253166199e-03 1.487530954182147980e-02
9.290000000000000000e+02 6.952161021318801863e-03 4.096800461411476135e-03 3.423608632147079334e-07 4.363082268810103415e-07 3.355729631948634051e-07 3.052709587336721597e-07 3.463711664153379388e-07 3.932850063392834272e-07 5.822740263283776585e-07 3.762026778986182762e-07 2.774635845526063349e-07 2.806182237691245973e-07 3.384857336641289294e-07 4.953485586156602949e-07 4.366123391719156643e-07 3.430463948461692780e-07 3.209893009170627920e-07 3.532343555434636073e-07 4.368061183868121589e-07 3.696909800510184141e-07 3.716583876212098403e-07 3.649520863291400019e-07 3.688010394853336038e-07 3.777792585424322169e-07 3.704772382207011105e-07 3.604117750910518225e-07 3.740327940704446519e-07 3.688297738335677423e-07 5.008984822779893875e-03 3.816394601017236710e-03 2.644821302965283394e-03 4.405347164720296860e-03 1.486944220960140228e-02
9.300000000000000000e+02 6.937218175511620198e-03 4.088283516466617584e-03 3.368946863702149130e-07 4.286141006559773814e-07 3.301814501810440561e-07 2.946536028503032867e-07 3.318115489037154475e-07 3.935708150493155699e-07 5.778583727078512311e-07 3.843895228783367202e-07 2.754845240815484431e-07 2.772303560050204396e-07 3.382741056157101411e-07 4.903164381175884046e-07 4.363685093267122284e-07 3.375465951194200898e-07 3.266239616550592473e-07 3.636930898665013956e-07 4.285606394205387915e-07 3.674731772207451286e-07 3.704053597175516188e-07 3.550935616658534855e-07 3.634551148934406228e-07 3.704183768604707438e-07 3.599135709464462707e-07 3.695155896821233910e-07 3.718710388511681231e-07 3.694382257890538312e-07 5.001043435186147690e-03 3.810876049101352692e-03 2.641432918608188629e-03 4.400460049510002136e-03 1.486357208341360092e-02
9.310000000000000000e+02 6.922323454793189411e-03 4.079789388924837112e-03 3.345265611187642207e-07 4.347844821950275218e-07 3.354878685968287755e-07 3.055539536944706924e-07 3.272942592502658954e-07 3.882527153109549545e-07 5.768866344624257181e-07 3.808121675774600590e-07 2.774598328869615216e-07 2.801025971166382078e-07 3.351874227064399747e-07 4.899952728010248393e-07 4.249973528658301802e-07 3.447327969752222998e-07 3.184692047852877295e-07 3.590754715787625173e-07 4.296157669614331098e-07 3.755201305466471240e-07 3.737941653980669798e-07 3.559295578270393889e-07 3.665405472474958515e-07 3.686276954795175698e-07 3.513399633447988890e-07 3.626455793437344255e-07 3.651133226867386838e-07 3.673409878501843195e-07 4.993116948753595352e-03 3.805365413427352905e-03 2.638063859194517136e-03 4.395582713186740875e-03 1.485772710293531418e-02
9.320000000000000000e+02 6.907476652728913522e-03 4.071305505931377411e-03 3.310464649075584020e-07 4.403152900067652809e-07 3.263986911861138651e-07 2.988514893331739586e-07 3.280703140262630768e-07 3.791792551055550575e-07 5.749990918957337271e-07 3.778898758355353493e-07 2.798075229293317534e-07 2.811549109082989162e-07 3.403820301173254848e-07 4.831742899114033207e-07 4.295560813716292614e-07 3.383862576811225154e-07 3.177482312821666710e-07 3.579559120225894731e-07 4.309606254082609667e-07 3.675506832223618403e-07 3.676233575333753834e-07 3.583458010325557552e-07 3.582054262096789898e-07 3.645762944870512001e-07 3.581187399959162576e-07 3.635576319993560901e-07 3.651179554253758397e-07 3.724347266143013258e-07 4.985207226127386093e-03 3.799862228333950043e-03 2.634695032611489296e-03 4.390705842524766922e-03 1.485187467187643051e-02
9.330000000000000000e+02 6.892677563989895416e-03 4.062854684889316559e-03 3.305047471258149017e-07 4.329118610257864930e-07 3.273634945344383596e-07 2.941375782938848715e-07 3.230478853311069543e-07 3.875327365676639602e-07 5.799225846203626134e-07 3.821822929239715450e-07 2.813229968978703255e-07 2.769343723230122123e-07 3.384966191788407741e-07 4.809937195204838645e-07 4.238804081069247331e-07 3.411374791539856233e-07 3.212495869320264319e-07 3.515716286983661121e-07 4.276680840575863840e-07 3.598591149511776166e-07 3.596502438085735776e-07 3.618851565079239663e-07 3.670572823466500267e-07 3.567442945495713502e-07 3.584145247259584721e-07 3.583953116503835190e-07 3.636451140209828736e-07 3.717612742093479028e-07 4.977318458259105682e-03 3.794383490458130836e-03 2.631329465657472610e-03 4.385852254927158356e-03 1.484602689743041992e-02
9.340000000000000000e+02 6.877925984345840092e-03 4.054436460137367249e-03 3.352221540353639284e-07 4.285332124709384516e-07 3.127285879145347280e-07 2.925533237885247217e-07 3.244276172154059168e-07 3.744582102171989391e-07 5.721622073906473815e-07 3.667385044536786154e-07 2.691068914373317966e-07 2.758646928668895271e-07 3.344617027778440388e-07 4.797587962457328103e-07 4.171070600023085717e-07 3.199245099949621363e-07 3.260356606915593147e-07 3.527908063460927224e-07 4.214909949951106682e-07 3.690943799483648036e-07 3.636496899162011687e-07 3.558616015197912930e-07 3.657928004940913524e-07 3.585962247143470449e-07 3.498303726701124106e-07 3.504424626044055913e-07 3.646402433332696091e-07 3.718171228683786467e-07 4.969435743987560272e-03 3.788894740864634514e-03 2.627970883622765541e-03 4.380997736006975174e-03 1.484018657356500626e-02
9.350000000000000000e+02 6.863221710658011683e-03 4.046015907078981400e-03 3.279979523540532682e-07 4.230311390074348310e-07 3.178747363108413992e-07 2.875629547816060949e-07 3.169829483340436127e-07 3.733354674295696896e-07 5.652627237395790871e-07 3.732698132807854563e-07 2.703220047806098592e-07 2.701842731767101213e-07 3.330274580548575614e-07 4.785041483046370558e-07 4.233818344800965860e-07 3.360742368840874406e-07 3.116450386642100057e-07 3.439429008267325116e-07 4.246195146606623894e-07 3.740484544323408045e-07 3.539584270129125798e-07 3.545110871527867857e-07 3.545004005900409538e-07 3.619146298206032952e-07 3.535888595251890365e-07 3.530635694914963096e-07 3.540669979429367231e-07 3.618147275119554251e-07 4.961576312780380249e-03 3.783427644520998001e-03 2.624627435579895973e-03 4.376147873699665070e-03 1.483435090631246567e-02
9.360000000000000000e+02 6.848564540872232979e-03 4.037625156342983246e-03 3.264738381858478533e-07 4.208932296023704112e-07 3.108806652107887203e-07 2.908482201746664941e-07 3.230288996292074444e-07 3.733728988208895316e-07 5.586628617493261117e-07 3.663182042146218009e-07 2.687589244487753604e-07 2.809335910569643602e-07 3.320706696285924409e-07 4.738510881452384638e-07 4.177813934802543372e-07 3.288762400188716128e-07 3.220731628061912488e-07 3.408822806250100257e-07 4.208981465581018711e-07 3.647870130407682154e-07 3.467670524059940362e-07 3.532033758801844670e-07 3.612837531363766175e-07 3.616893025082390523e-07 3.506691541588224936e-07 3.584146952562150545e-07 3.617572872371965786e-07 3.611163776895409683e-07 4.953711759299039841e-03 3.777964739128947258e-03 2.621277002617716789e-03 4.371318034827709198e-03 1.482851710170507431e-02
9.370000000000000000e+02 6.833954274011952608e-03 4.029261879622936249e-03 3.254162947996519506e-07 4.122818779705994530e-07 3.203618632596771931e-07 2.883936076614190824e-07 3.164043391734594479e-07 3.671818546990834875e-07 5.575884642894379795e-07 3.701537139022548217e-07 2.594239276731968857e-07 2.746121197105821921e-07 3.210106456208450254e-07 4.748763444695214275e-07 4.146521916936762864e-07 3.215150172763969749e-07 3.244325910145562375e-07 3.464523956608900335e-07 4.158616491167776985e-07 3.654236024885904044e-07 3.534690051765210228e-07 3.514756485856196377e-07 3.559183028301049490e-07 3.522198426253453363e-07 3.482279282707168022e-07 3.499339982226956636e-07 3.530555829911463661e-07 3.504222547690005740e-07 4.945884458720684052e-03 3.772508585825562477e-03 2.617945894598960876e-03 4.366486798971891403e-03 1.482269261032342911e-02
9.380000000000000000e+02 6.819390710171348638e-03 4.020906053483486176e-03 3.251840610118961195e-07 4.131216826408490306e-07 3.110501722858316498e-07 2.919606458817725070e-07 3.132203687528090086e-07 3.707658322582574328e-07 5.555980351346079260e-07 3.688080312258534832e-07 2.691667475573922275e-07 2.742547451362042921e-07 3.279956501955894055e-07 4.716540047411399428e-07 4.135701487939513754e-07 3.140341959806391969e-07 3.145114817471039714e-07 3.364849305853567785e-07 4.166043083841941552e-07 3.616734431943768868e-07 3.559889023563300725e-07 3.512382704684569035e-07 3.518855180573154939e-07 3.568748354609851958e-07 3.428638422064977931e-07 3.452914256740768906e-07 3.549168354766152333e-07 3.561784183148120064e-07 4.938057623803615570e-03 3.767072455957531929e-03 2.614616183564066887e-03 4.361663013696670532e-03 1.481688208878040314e-02
9.390000000000000000e+02 6.804873650508493771e-03 4.012577235698699951e-03 3.218977724372962257e-07 4.126038959384459304e-07 3.053654040741093922e-07 2.891253245707048336e-07 3.121027418728772318e-07 3.756039461677573854e-07 5.523343133972957730e-07 3.654432418898068136e-07 2.655047524058318231e-07 2.729441632709495025e-07 3.187170989349397132e-07 4.608531298799789511e-07 4.055754914134013234e-07 3.200261460278852610e-07 3.166832982515188633e-07 3.445312302119418746e-07 4.149303265421622200e-07 3.588054653391736792e-07 3.447513279297709232e-07 3.498816170122154290e-07 3.519633651194453705e-07 3.442440856815665029e-07 3.442489457938791020e-07 3.522066549521696288e-07 3.444553158260532655e-07 3.567285489225469064e-07 4.930254071950912476e-03 3.761643311008810997e-03 2.611300675198435783e-03 4.356847144663333893e-03 1.481105852872133255e-02
9.400000000000000000e+02 6.790402897238569102e-03 4.004255402833223343e-03 3.160438666327536339e-07 4.107140227915806463e-07 3.121344036571827019e-07 2.807508110436174320e-07 3.179142140652402304e-07 3.617452364323980873e-07 5.518064085663354490e-07 3.697607269259606255e-07 2.623156376557744807e-07 2.678995087990188040e-07 3.248914595133101102e-07 4.624796474672621116e-07 4.115797480608307524e-07 3.236613395074527944e-07 3.116736024821875617e-07 3.463757138888468035e-07 4.049157666941027856e-07 3.572748994429275626e-07 3.349878454628196778e-07 3.401071921871334780e-07 3.478892267594346777e-07 3.397094303636549739e-07 3.372612695784482639e-07 3.437276347995066317e-07 3.476060896900889929e-07 3.533392884946806589e-07 4.922461695969104767e-03 3.756220918148756027e-03 2.607983071357011795e-03 4.352054093033075333e-03 1.480525545775890350e-02
9.410000000000000000e+02 6.775978253627124720e-03 3.995982930064201355e-03 3.128595267298805993e-07 4.123709516079543391e-07 3.022642260930297198e-07 2.790025064314249903e-07 3.031821051990846172e-07 3.678886741909082048e-07 5.502165549842175096e-07 3.663134577891469235e-07 2.596044907932082424e-07 2.734415147642721422e-07 3.189951200965879252e-07 4.636339383523591096e-07 4.040836927288182778e-07 3.122998748494865140e-07 3.030256436886702431e-07 3.463624977939616656e-07 4.065915675255382666e-07 3.560603829555475386e-07 3.423189696150075179e-07 3.396975785108224954e-07 3.463331381681200583e-07 3.494068891995993908e-07 3.388329616882401751e-07 3.422617282922146842e-07 3.451913244134630077e-07 3.474823415672290139e-07 4.914671648293733597e-03 3.750805277377367020e-03 2.604678040370345116e-03 4.347259178757667542e-03 1.479944679886102676e-02
9.420000000000000000e+02 6.761599523983393215e-03 3.987706266343593597e-03 3.058470667838264490e-07 4.058601632550562499e-07 3.136149189231218770e-07 2.693866463232552633e-07 2.961168377169087762e-07 3.640499244284001179e-07 5.455697760226030368e-07 3.598445914576586802e-07 2.530637175368610770e-07 2.642430274590878980e-07 3.203339815627259668e-07 4.627104885912558530e-07 4.025461066703428514e-07 3.171336118157341843e-07 2.971345622881926829e-07 3.236223733438237105e-07 4.063872722781525226e-07 3.474744119102979312e-07 3.361721496730751824e-07 3.468551028618094278e-07 3.456544845903408714e-07 3.454542820691131055e-07 3.386074070022004889e-07 3.296071326985838823e-07 3.412057481000374537e-07 3.489817004265205469e-07 4.906901624053716660e-03 3.745400812476873398e-03 2.601379062980413437e-03 4.342467058449983597e-03 1.479364559054374695e-02
9.430000000000000000e+02 6.747266513653656095e-03 3.979452420026063919e-03 3.139973046017985325e-07 3.989387948877265444e-07 3.050628265555133112e-07 2.757229253802506719e-07 2.983338731610274408e-07 3.640952570549416123e-07 5.444726980385894421e-07 3.604403104873199482e-07 2.548845827732293401e-07 2.681842090623831609e-07 3.155260230869316729e-07 4.642215287731232820e-07 4.119807783808937529e-07 3.068699925279361196e-07 3.017115091097366530e-07 3.311161265173723223e-07 4.027108388982014731e-07 3.479731276456732303e-07 3.415109688376105623e-07 3.382573652288556332e-07 3.333682627726375358e-07 3.381071280728065176e-07 3.299340676221618196e-07 3.361683695857209386e-07 3.421868655095750000e-07 3.386479932032671059e-07 4.899159539490938187e-03 3.740011947229504585e-03 2.598088001832365990e-03 4.337693564593791962e-03 1.478785648941993713e-02
9.440000000000000000e+02 6.732979029014650972e-03 3.971215337514877319e-03 3.099526395544671686e-07 3.941271984331251588e-07 3.028870310117781628e-07 2.743675509009335656e-07 2.961782854526973097e-07 3.624757027864689007e-07 5.373672706809884403e-07 3.518429991800076095e-07 2.529301923459570389e-07 2.655727655564987799e-07 3.171665809986734530e-07 4.484714395402988885e-07 3.976716698161908425e-07 3.159048276302200975e-07 3.021009433723520488e-07 3.276659867879061494e-07 3.936042389796057250e-07 3.456543140600842889e-07 3.290176664449973032e-07 3.332708047310006805e-07 3.361627136655442882e-07 3.289073902124073356e-07 3.267161616804514779e-07 3.354098225827328861e-07 3.372252308508905116e-07 3.384694764463347383e-07 4.891424439847469330e-03 3.734633792191743851e-03 2.594799501821398735e-03 4.332924727350473404e-03 1.478206552565097809e-02
9.450000000000000000e+02 6.718736877467035989e-03 3.963010385632514954e-03 3.022299779331660829e-07 3.969172439610701986e-07 3.002133439622411970e-07 2.750337841916916659e-07 2.965627743378718151e-07 3.617595893956604414e-07 5.305747663442161866e-07 3.444591243351169396e-07 2.556319884661206743e-07 2.647673511546599912e-07 3.164902011576486984e-07 4.449951802598661743e-07 3.965627399793447694e-07 3.027888624274055474e-07 2.887199173073895508e-07 3.236388579352933448e-07 3.932674985662742984e-07 3.443617231368989451e-07 3.325193347336607985e-07 3.300056903299264377e-07 3.389921801044692984e-07 3.303325968317949446e-07 3.208961345535499277e-07 3.216877928480244009e-07 3.338536203045805451e-07 3.341181979976681760e-07 4.883699119091033936e-03 3.729249583557248116e-03 2.591519150882959366e-03 4.328162875026464462e-03 1.477628480643033981e-02
9.460000000000000000e+02 6.704539867428898486e-03 3.954830113798379898e-03 2.924086572875239654e-07 4.002965283689263742e-07 2.947524819774116622e-07 2.807099974688753719e-07 2.972037691506557167e-07 3.642067554210370872e-07 5.416721364781551529e-07 3.462782842689193785e-07 2.617009045025042724e-07 2.649153429956641048e-07 3.102431094248458976e-07 4.555673456252407050e-07 3.888596324941318016e-07 2.997408614646701608e-07 2.950435487036884297e-07 3.261041285895771580e-07 3.900420892932743300e-07 3.356839499701891327e-07 3.302950801753468113e-07 3.342091758895548992e-07 3.323032728985708673e-07 3.330088702568900771e-07 3.213990282802114962e-07 3.279888289853261085e-07 3.300704349840088980e-07 3.314524406050622929e-07 4.875991959124803543e-03 3.723884932696819305e-03 2.588250907137989998e-03 4.323408473283052444e-03 1.477050036191940308e-02
9.470000000000000000e+02 6.690387808329309634e-03 3.946656826883554459e-03 3.049023007406503893e-07 3.983081171554658795e-07 2.891030419505113969e-07 2.635686371377232717e-07 2.940843444321217248e-07 3.483278874227835331e-07 5.341922815205180086e-07 3.554211787104577525e-07 2.560992129474470858e-07 2.643107279709511204e-07 3.089536448896978982e-07 4.452635948837269098e-07 3.871265334964846261e-07 3.092596330134256277e-07 2.839295518697326770e-07 3.119156701814063126e-07 3.859021830976416823e-07 3.434875566199480090e-07 3.230778986562654609e-07 3.257048319937894121e-07 3.318638164273579605e-07 3.230854588309739484e-07 3.196880982159200357e-07 3.290883796580601484e-07 3.210597583347407635e-07 3.279057239069516072e-07 4.868282936513423920e-03 3.718529362231492996e-03 2.584986854344606400e-03 4.318669904023408890e-03 1.476472709327936172e-02
9.480000000000000000e+02 6.676280510601933713e-03 3.938494715839624405e-03 2.996347348016570322e-07 3.932316587906825589e-07 2.908731175921275280e-07 2.737575641731382348e-07 2.912045999892143300e-07 3.515627042816049652e-07 5.278280923448619433e-07 3.548143752141186269e-07 2.491992745490279049e-07 2.534725922487268690e-07 3.256874663293274352e-07 4.392128687413787702e-07 3.814012643488240428e-07 3.020149961230345070e-07 2.917537642588285962e-07 3.188465029779763427e-07 3.915678234989172779e-07 3.375455150944617344e-07 3.215751291918422794e-07 3.194942337358952500e-07 3.320600683309749002e-07 3.288831464942632010e-07 3.173649645304976730e-07 3.229124558856710792e-07 3.252175133638957050e-07 3.253481679621472722e-07 4.860615823417901993e-03 3.713179146870970726e-03 2.581728156656026840e-03 4.313926212489604950e-03 1.475895289331674576e-02
9.490000000000000000e+02 6.662217785678674689e-03 3.930366598069667816e-03 2.956683431420970010e-07 3.870510170145280426e-07 2.944559582829242572e-07 2.655240791682444979e-07 2.932912366304663010e-07 3.471239722330210498e-07 5.251916945780976675e-07 3.452415455740265315e-07 2.507308920485229464e-07 2.524157025618478656e-07 3.126703518319118302e-07 4.395325561290519545e-07 3.793968801346636610e-07 2.989829397392895771e-07 2.919427686265407829e-07 3.180641101607761811e-07 3.785947910728282295e-07 3.393894587588874856e-07 3.227837339636607794e-07 3.235790870803612052e-07 3.270106390118598938e-07 3.202766265530954115e-07 3.173510663145862054e-07 3.201636218364001252e-07 3.216435118247318314e-07 3.299143713775265496e-07 4.852940328419208527e-03 3.707838244736194611e-03 2.578471321612596512e-03 4.309207666665315628e-03 1.475318055599927902e-02
9.500000000000000000e+02 6.648199445983379169e-03 3.922262694686651230e-03 2.943835681890050182e-07 3.838875386463769246e-07 2.820799238634208450e-07 2.665779561539238784e-07 2.892469979087763932e-07 3.444129106355831027e-07 5.186216185393277556e-07 3.414243110455572605e-07 2.528655045352934394e-07 2.464880424213333754e-07 3.064741349589894526e-07 4.388774073049717117e-07 3.819789640147064347e-07 2.957984577278693905e-07 2.874731990232248791e-07 3.213814068203646457e-07 3.789005802445899462e-07 3.378300164058600785e-07 3.262583163632370997e-07 3.102599919202475576e-07 3.292524297648924403e-07 3.184227921337878797e-07 3.161843267207586905e-07 3.187215327216108562e-07 3.195589499682682799e-07 3.180572605288034538e-07 4.845295567065477371e-03 3.702514572069048882e-03 2.575228689238429070e-03 4.304480273276567459e-03 1.474742405116558075e-02
9.510000000000000000e+02 6.634225304925580984e-03 3.914164379239082336e-03 2.862198584807629231e-07 3.843320257601590129e-07 2.834558472386561334e-07 2.662559950294962618e-07 2.861678467525052838e-07 3.503598406950914068e-07 5.265615072858054191e-07 3.385196407634794014e-07 2.472019389188062632e-07 2.459264294429885922e-07 3.009340332482679514e-07 4.291339337214594707e-07 3.823845986516971607e-07 2.972861636862944579e-07 2.761181292498804396e-07 3.153287764234846691e-07 3.808939084137819009e-07 3.285767320448940154e-07 3.225757723157585133e-07 3.175628364715521457e-07 3.263143355525244260e-07 3.170327431689656805e-07 3.157197738801187370e-07 3.215356230157340178e-07 3.159435948418831686e-07 3.244884112518775510e-07 4.837667103856801987e-03 3.697196254506707191e-03 2.571979071944952011e-03 4.299782682210206985e-03 1.474167127162218094e-02
9.520000000000000000e+02 6.620295176894287412e-03 3.906084923073649406e-03 2.799338858494593296e-07 3.774254651034425478e-07 2.858555205875745742e-07 2.642598246893612668e-07 2.880429406104667578e-07 3.472432865692098858e-07 5.165445600141538307e-07 3.316916661333380034e-07 2.435192811844899552e-07 2.487961410224670544e-07 2.967195769087993540e-07 4.246388982664939249e-07 3.699270223478379194e-07 2.909574163822981063e-07 2.727450976180989528e-07 3.062454538849124219e-07 3.778676216370513430e-07 3.305412690224329708e-07 3.128258470042055706e-07 3.233068071040179348e-07 3.241252670704852790e-07 3.135849340196728008e-07 3.054259991586150136e-07 3.120110534382547485e-07 3.102560697243461618e-07 3.206229735042143147e-07 4.830032587051391602e-03 3.691877936944365501e-03 2.568760653957724571e-03 4.295065999031066895e-03 1.473591476678848267e-02
9.530000000000000000e+02 6.606408877251821778e-03 3.898032940924167633e-03 2.830775542861374561e-07 3.763930180866736919e-07 2.699063941236090614e-07 2.610048284168442478e-07 2.828822687206411501e-07 3.440270290866465075e-07 5.149732942300033756e-07 3.312564160751207964e-07 2.383269759320683079e-07 2.455555261349218199e-07 2.972187473915255396e-07 4.264197173142747488e-07 3.727926127794489730e-07 2.916705170719069429e-07 2.820011957282986259e-07 3.120658504940365674e-07 3.734760696261218982e-07 3.229408207516826224e-07 3.182856289640767500e-07 3.193152622316119960e-07 3.168626676597341429e-07 3.123587077880074503e-07 3.065022724513255525e-07 3.079201746913895477e-07 3.106007966380275320e-07 3.118066445040312828e-07 4.822413902729749680e-03 3.686573123559355736e-03 2.565528266131877899e-03 4.290368873625993729e-03 1.473016943782567978e-02
9.540000000000000000e+02 6.592566222327703347e-03 3.890005173161625862e-03 2.822528983870142838e-07 3.763067866202618461e-07 2.704923076635168400e-07 2.635771352288429625e-07 2.751568786152347457e-07 3.467225724307354540e-07 5.168281518308504019e-07 3.372326773387612775e-07 2.417390021491883090e-07 2.494660691354511073e-07 3.004144275564613054e-07 4.260541572875808924e-07 3.642127524017269025e-07 2.966873466903052758e-07 2.781793568829016294e-07 3.064365046157035977e-07 3.650473558991507161e-07 3.172265223838621750e-07 3.069934280119923642e-07 3.027956267942499835e-07 3.144445486213953700e-07 3.095122451668430585e-07 3.026134436368010938e-07 3.126071987935574725e-07 3.147912650547368685e-07 3.207801171356550185e-07 4.814827349036931992e-03 3.681298345327377319e-03 2.562312409281730652e-03 4.285684321075677872e-03 1.472443342208862305e-02
9.550000000000000000e+02 6.578767029412570591e-03 3.881987649947404861e-03 2.688655627025582362e-07 3.787336595451051835e-07 2.807786643188592279e-07 2.556112121965270489e-07 2.826241427555942209e-07 3.369954697518551257e-07 5.074082878309127409e-07 3.220251301172538660e-07 2.350454479937980068e-07 2.404851215942471754e-07 2.908703038428939180e-07 4.225779548505670391e-07 3.697212491715617944e-07 2.862515486867778236e-07 2.768229023786261678e-07 3.108802957285661250e-07 3.635298071458237246e-07 3.220822577532089781e-07 3.073215566473663785e-07 3.064622831061569741e-07 3.023545787073089741e-07 3.118845768312894506e-07 2.970053856188314967e-07 3.060210929106688127e-07 3.029297772627614904e-07 3.120691474123304943e-07 4.807241261005401611e-03 3.676021238788962364e-03 2.559096552431583405e-03 4.281002562493085861e-03 1.471868529915809631e-02
9.560000000000000000e+02 6.565011116752157358e-03 3.873985027894377708e-03 2.684294884147675475e-07 3.708689746417803690e-07 2.765421811545820674e-07 2.525637796679802705e-07 2.803623999625415308e-07 3.357274067639082205e-07 5.127228632773039863e-07 3.285385048457101220e-07 2.336991968832080602e-07 2.474000382335361792e-07 2.916937944519304438e-07 4.235316737322136760e-07 3.623588895607099403e-07 2.777463805614388548e-07 2.775261691567720845e-07 3.019832206518913154e-07 3.642360866251692642e-07 3.215863557670672890e-07 3.024105978965963004e-07 3.004165023412497249e-07 2.983731519634602591e-07 3.040817659893946256e-07 3.040944704935100162e-07 3.092765439305367181e-07 3.030482957910862751e-07 3.078715167248446960e-07 4.799668677151203156e-03 3.670749487355351448e-03 2.555888844653964043e-03 4.276314284652471542e-03 1.471296604722738266e-02
9.570000000000000000e+02 6.551298303541304609e-03 3.866020124405622482e-03 2.764967632629122818e-07 3.675178277262602933e-07 2.782410035706561757e-07 2.590843735106318491e-07 2.772094092051702319e-07 3.309503711079742061e-07 5.064332526671933010e-07 3.194912778781144880e-07 2.329968538106186315e-07 2.388185009749577148e-07 2.907377165684010834e-07 4.312682619911356596e-07 3.605909739690105198e-07 2.777867678105394589e-07 2.715698599331517471e-07 2.989056042679294478e-07 3.532194057243032148e-07 3.163067674449848710e-07 3.137759279070451157e-07 3.012939373547851574e-07 3.031956339327734895e-07 3.076279995184449945e-07 3.007652082942513516e-07 2.981700504278705921e-07 3.065597695695032598e-07 3.066133729134890018e-07 4.792117513716220856e-03 3.665479365736246109e-03 2.552693709731101990e-03 4.271664656698703766e-03 1.470723375678062439e-02
9.580000000000000000e+02 6.537628409918018121e-03 3.858054289594292641e-03 2.689814095901965629e-07 3.694478891702601686e-07 2.706974839838949265e-07 2.520709472264570650e-07 2.789576001305249520e-07 3.345278685173980193e-07 5.060976491222390905e-07 3.148605571823281934e-07 2.260704690115744597e-07 2.368558114085317357e-07 2.932023903667868581e-07 4.120524863537866622e-07 3.615617458763153991e-07 2.776525604986090912e-07 2.679600186183961341e-07 2.927236266714317026e-07 3.552362670689035440e-07 3.179779923812020570e-07 2.988062703934701858e-07 3.027732589089282556e-07 2.962707412734744139e-07 2.987535197007673560e-07 2.999877608544920804e-07 2.974749406803312013e-07 2.999805417402967578e-07 3.137057547064614482e-07 4.784572403877973557e-03 3.660219023004174232e-03 2.549490192905068398e-03 4.267013631761074066e-03 1.470151264220476151e-02
9.590000000000000000e+02 6.524001256957575635e-03 3.850130364298820496e-03 2.707611486130190315e-07 3.652748432614316698e-07 2.677192867395206122e-07 2.559634140197886154e-07 2.751808381162845762e-07 3.335845804031123407e-07 4.914665510113991331e-07 3.214188382116844878e-07 2.176914932761064847e-07 2.312908549129133462e-07 2.841283048837794922e-07 4.109710118882503593e-07 3.547901599176839227e-07 2.770797777884581592e-07 2.640245213569869520e-07 2.927893376636347966e-07 3.495747762372047873e-07 3.192069470969727263e-07 2.962176779419678496e-07 2.937560168447816977e-07 3.066859335376648232e-07 2.964274301575642312e-07 2.935952352345339023e-07 2.944949812899722019e-07 2.982155535846686689e-07 3.009501199358055601e-07 4.777038469910621643e-03 3.654981730505824089e-03 2.546306699514389038e-03 4.262360744178295135e-03 1.469579525291919708e-02
9.600000000000000000e+02 6.510416666666666956e-03 3.842207603156566620e-03 2.611127172258420615e-07 3.600977720452647191e-07 2.751751821961079258e-07 2.565429326750745531e-07 2.645087988639716059e-07 3.351820225816481980e-07 4.940596909364103340e-07 3.116591926755063469e-07 2.241817043113769614e-07 2.359310400379399653e-07 2.940171555110282497e-07 4.121598919937241590e-07 3.559491403848369373e-07 2.799006892928446177e-07 2.629511755003477447e-07 2.908461453898780746e-07 3.560284085324383341e-07 3.120503322406875668e-07 2.969191825741290813e-07 2.844046207428618800e-07 2.962776761705754325e-07 2.961456289085617755e-07 2.918144161867530784e-07 2.984669720262900228e-07 2.946337076537020039e-07 3.001411528202879708e-07 4.769531544297933578e-03 3.649740712717175484e-03 2.543135313317179680e-03 4.257722757756710052e-03 1.469007600098848343e-02
9.610000000000000000e+02 6.496874461977583497e-03 3.834306495264172554e-03 2.575887663169851294e-07 3.554324621291016228e-07 2.658696018897899194e-07 2.439411446175654419e-07 2.665842089299985673e-07 3.293412760285718832e-07 4.923439291815157048e-07 3.040577496449259343e-07 2.301464405718434136e-07 2.327322192741121398e-07 2.976421740186196985e-07 4.102009825146524236e-07 3.467884823749045609e-07 2.635316320720448857e-07 2.560203711254871450e-07 2.823331897161551751e-07 3.477836685306101572e-07 3.009018598731927341e-07 2.873865128094621468e-07 2.902989422182145063e-07 2.902530980009032646e-07 2.929239713012066204e-07 2.888159258418454556e-07 2.917410881764226360e-07 2.859054291093343636e-07 2.961465384032635484e-07 4.762027878314256668e-03 3.644522745162248611e-03 2.539961365982890129e-03 4.253086168318986893e-03 1.468437258154153824e-02
9.620000000000000000e+02 6.483374466742450326e-03 3.826420288532972336e-03 2.618110670482565183e-07 3.639889882833813317e-07 2.639052070207981160e-07 2.450496481287700590e-07 2.765372073554317467e-07 3.307185352241504006e-07 4.867630423177615739e-07 3.081971726714982651e-07 2.312870606147043873e-07 2.256450102322560269e-07 2.821328735080896877e-07 4.026809108381712576e-07 3.544959099599509500e-07 2.665227611942100339e-07 2.475362919085455360e-07 2.773404048639349639e-07 3.470341596312209731e-07 2.962339635814714711e-07 2.948270889646664727e-07 2.880801730498205870e-07 2.949479096514551202e-07 2.872537265830032993e-07 2.880003648897400126e-07 2.911298793151217978e-07 2.922445219155633822e-07 2.881832017465058016e-07 4.754549358040094376e-03 3.639303147792816162e-03 2.536787185817956924e-03 4.248452372848987579e-03 1.467868592590093613e-02
9.630000000000000000e+02 6.469916505727493772e-03 3.818555502220988274e-03 2.501956544165295782e-07 3.576171820895979181e-07 2.607964404433005257e-07 2.366765841088636080e-07 2.672572634310199646e-07 3.291832513241388369e-07 4.856507871409121435e-07 3.119583027455519186e-07 2.224801676220522495e-07 2.281521602753855404e-07 2.754509580427111359e-07 3.947842515117372386e-07 3.518582900596811669e-07 2.651158297339861747e-07 2.577019984073558589e-07 2.818652546920930035e-07 3.395560668195685139e-07 2.853766716270911274e-07 2.859774212993215770e-07 2.848008477940311423e-07 2.927262130469898693e-07 2.765935107618133770e-07 2.792960742681316333e-07 2.842783430878625950e-07 2.855167622328735888e-07 2.904252482949232217e-07 4.747074563056230545e-03 3.634098218753933907e-03 2.533635590225458145e-03 4.243835806846618652e-03 1.467297412455081940e-02
9.640000000000000000e+02 6.456500404607358468e-03 3.810714464634656906e-03 2.576516351382451830e-07 3.587366563806426711e-07 2.562520649007637985e-07 2.401977496901963605e-07 2.644592598244344117e-07 3.226709850423503667e-07 4.864991751674097031e-07 2.986045046782237478e-07 2.169855832789835404e-07 2.268831309493180015e-07 2.753637602381786564e-07 3.939707937661296455e-07 3.430185415709274821e-07 2.625532715683220886e-07 2.512529704290500376e-07 2.825942146955640055e-07 3.381309454653091962e-07 2.920049553267745068e-07 2.815074253703642171e-07 2.781586658784362953e-07 2.885382741624198388e-07 2.849227769274875754e-07 2.716526807944319444e-07 2.824425564540433697e-07 2.870046671432646690e-07 2.930378002474753885e-07 4.739610943943262100e-03 3.628900740295648575e-03 2.530478639528155327e-03 4.239226691424846649e-03 1.466727256774902344e-02
9.650000000000000000e+02 6.443125989959461695e-03 3.802891820669174194e-03 2.552497448959911708e-07 3.538157784532813821e-07 2.550326030359428842e-07 2.281212232446705457e-07 2.692784732971631456e-07 3.294468626791058341e-07 4.829850581700156908e-07 3.033043185496353544e-07 2.123058493452845141e-07 2.266299503617119626e-07 2.725481351717462530e-07 3.947705806695012143e-07 3.356364004503120668e-07 2.595699584162503015e-07 2.535861653996107634e-07 2.781833359222218860e-07 3.405860411476169247e-07 2.834678980434546247e-07 2.831220626831054688e-07 2.729890411501401104e-07 2.893750945531792240e-07 2.884721652662847191e-07 2.680033901469869306e-07 2.798760476707684575e-07 2.854246474726096494e-07 2.863382064788311254e-07 4.732162691652774811e-03 3.623705822974443436e-03 2.527331002056598663e-03 4.234624095261096954e-03 1.466159056872129440e-02
9.660000000000000000e+02 6.429793089258387627e-03 3.795088734477758408e-03 2.430344352433166932e-07 3.480599843896925449e-07 2.526024900362244807e-07 2.339545233098760946e-07 2.562717611453990685e-07 3.253620093346398789e-07 4.722161293102544732e-07 2.937383669632254168e-07 2.161313261694886023e-07 2.243776435761901666e-07 2.669772527497116243e-07 3.905824996763840318e-07 3.416202787320798961e-07 2.571103721038525691e-07 2.532665064336470095e-07 2.690521512249688385e-07 3.408061672871554038e-07 2.890110408770851791e-07 2.851238320999982534e-07 2.785103561109281145e-07 2.800876472974778153e-07 2.826709533110260963e-07 2.748990937107009813e-07 2.803612915158737451e-07 2.804030714287364390e-07 2.898650848237593891e-07 4.724732600152492523e-03 3.618524409830570221e-03 2.524192212149500847e-03 4.230041988193988800e-03 1.465590298175811768e-02
9.670000000000000000e+02 6.416501530870323197e-03 3.787291236221790314e-03 2.393841782577510457e-07 3.435567634824110428e-07 2.471847153628914384e-07 2.343614369237911887e-07 2.615720404719468206e-07 3.171610387653345242e-07 4.727035900486953324e-07 2.981151396852510516e-07 2.117727575523531414e-07 2.219652941448657657e-07 2.665191516371123726e-07 3.862321307224192424e-07 3.328559046167356428e-07 2.517425627956981771e-07 2.498979085885366658e-07 2.794723172883095685e-07 3.361280960234580562e-07 2.892571728807524778e-07 2.659255073922395241e-07 2.745935887560335686e-07 2.805102212732890621e-07 2.745709082319081062e-07 2.711610989081236767e-07 2.742899880558979930e-07 2.832392738127964549e-07 2.787430162243254017e-07 4.717308562248945236e-03 3.613349050283432007e-03 2.521060872822999954e-03 4.225459415465593338e-03 1.465022470802068710e-02
9.680000000000000000e+02 6.403251144047537348e-03 3.779526799917221069e-03 2.430297172395512462e-07 3.352537589762505377e-07 2.461562758071522694e-07 2.352711874209489906e-07 2.597585933017398929e-07 3.217304822555888677e-07 4.667656980927858967e-07 2.900795266214117873e-07 2.146795736734929960e-07 2.138438048859825358e-07 2.704481119053525617e-07 3.860993160742509644e-07 3.425278691793209873e-07 2.608177851470827591e-07 2.367832934169200598e-07 2.760644406407664064e-07 3.282091256551211700e-07 2.935803706805018010e-07 2.697052821076795226e-07 2.729571804138686275e-07 2.751650640675507020e-07 2.751204135620355373e-07 2.660806899257295299e-07 2.710296769237174885e-07 2.795425473323120968e-07 2.781663113182730740e-07 4.709887783974409103e-03 3.608189057558774948e-03 2.517930231988430023e-03 4.220879171043634415e-03 1.464455761015415192e-02
9.690000000000000000e+02 6.390041758922894964e-03 3.771771676838397980e-03 2.470132471898978110e-07 3.420083203309332021e-07 2.494342652425984852e-07 2.347752143805337255e-07 2.586619416433677543e-07 3.213413890534866368e-07 4.635784591755509609e-07 2.907044347466580803e-07 2.038750466226701974e-07 2.221923978140694089e-07 2.685357856080372585e-07 3.877169945099012693e-07 3.256445495480875252e-07 2.555523508362966822e-07 2.418682356619683560e-07 2.666510852122883080e-07 3.267741988111083629e-07 2.861264079001557548e-07 2.664104954419599380e-07 2.656495325936703011e-07 2.720635450259578647e-07 2.679044825981691247e-07 2.643798779899952933e-07 2.592678072232956765e-07 2.744055791481514461e-07 2.718792302403016947e-07 4.702509846538305283e-03 3.603033954277634621e-03 2.514801220968365669e-03 4.216310568153858185e-03 1.463888026773929596e-02
9.700000000000000000e+02 6.376873206504410710e-03 3.764046821743249893e-03 2.344524148156779120e-07 3.385739546502009034e-07 2.413277684354397934e-07 2.195078252498205984e-07 2.521327928661776241e-07 3.219651887320651440e-07 4.623859979346889304e-07 2.923477495642146096e-07 2.086867993966734502e-07 2.159379164368147030e-07 2.654156787684769370e-07 3.702297988184000133e-07 3.233780319078505272e-07 2.520255577564967098e-07 2.346373122463774052e-07 2.689080531581566902e-07 3.202639220489800209e-07 2.824103262355492916e-07 2.647088308549427893e-07 2.702353469885565573e-07 2.700631398511177395e-07 2.675950838693097467e-07 2.553246645220497157e-07 2.677926715932699153e-07 2.628891593303706031e-07 2.728002925778127974e-07 4.695129580795764923e-03 3.597882110625505447e-03 2.511690137907862663e-03 4.211741499602794647e-03 1.463321410119533539e-02
9.710000000000000000e+02 6.363745318669849702e-03 3.756321733817458153e-03 2.376897754174933652e-07 3.368863588093518047e-07 2.406041801350511378e-07 2.277566153452426079e-07 2.495561943760549184e-07 3.162884922858211212e-07 4.631275771771470318e-07 2.875286497783235973e-07 2.034171586728916736e-07 2.101163119050397654e-07 2.619999293074215529e-07 3.670963621971168322e-07 3.244601316509942990e-07 2.483284333720803261e-07 2.311535638455097796e-07 2.690499059099238366e-07 3.194012379026389681e-07 2.698450884963676799e-07 2.653586648193595465e-07 2.662710585354943760e-07 2.678976898096152581e-07 2.618127439291129122e-07 2.586000960036471952e-07 2.596848389657679945e-07 2.662907547801296460e-07 2.703488348743121605e-07 4.687753506004810333e-03 3.592756111174821854e-03 2.508578589186072350e-03 4.207191057503223419e-03 1.462754979729652405e-02
9.720000000000000000e+02 6.350657928161357671e-03 3.748636459931731224e-03 2.362587565585272387e-07 3.272614890192926396e-07 2.410777426575805293e-07 2.231100353355941479e-07 2.467868682742846431e-07 3.101262393556680763e-07 4.582710459999361774e-07 2.894019246468815254e-07 2.047802638571738498e-07 2.068626656637206906e-07 2.633665872053825296e-07 3.633957987858593697e-07 3.209344754395715427e-07 2.465011732510902220e-07 2.299381094417185523e-07 2.567615808857226511e-07 3.185485581980174175e-07 2.708702595555223525e-07 2.526177240724791773e-07 2.573011670392588712e-07 2.657297955011017621e-07 2.608006468562962255e-07 2.581692797321011312e-07 2.591592931366903940e-07 2.580789271178218769e-07 2.678444843695615418e-07 4.680403508245944977e-03 3.587624290958046913e-03 2.505474491044878960e-03 4.202648997306823730e-03 1.462189853191375732e-02
9.730000000000000000e+02 6.337610868580131895e-03 3.740959567949175835e-03 2.367816165360636660e-07 3.276657878359401366e-07 2.406202952442981768e-07 2.252669446534127928e-07 2.568796446666965494e-07 3.097959506703773513e-07 4.551208974135079188e-07 2.866800059564411640e-07 2.040318065610335907e-07 1.991177640547903138e-07 2.540830053021636559e-07 3.710610769758204697e-07 3.090715097187057836e-07 2.466572368575725704e-07 2.339014173458053847e-07 2.479443708125472767e-07 3.117781375294725876e-07 2.713384503749693977e-07 2.578439364242512966e-07 2.544727237818733556e-07 2.577869508968433365e-07 2.526222999676974723e-07 2.620834038680186495e-07 2.547345729908556677e-07 2.597902266643359326e-07 2.618544101551378844e-07 4.673063289374113083e-03 3.582502482458949089e-03 2.502381103113293648e-03 4.198100417852401733e-03 1.461625564843416214e-02
9.740000000000000000e+02 6.324603974381137229e-03 3.733295947313308716e-03 2.259436797658054275e-07 3.214992432276631007e-07 2.340063076644582907e-07 2.203259299449200626e-07 2.469557500717201037e-07 3.055948809560504742e-07 4.484714111185894581e-07 2.768727540569670964e-07 1.922543191312797717e-07 2.030115240359009476e-07 2.603634925435471814e-07 3.681552982470748248e-07 3.133489769879815867e-07 2.406608814453647938e-07 2.298943257983410149e-07 2.495883677511301357e-07 3.145624987155315466e-07 2.758701782568095950e-07 2.495507658295537112e-07 2.528882419028377626e-07 2.611963054732768796e-07 2.569662171936215600e-07 2.478624878676782828e-07 2.567063859260088066e-07 2.511618504286161624e-07 2.659224094259116100e-07 4.665738902986049652e-03 3.577396040782332420e-03 2.499278634786605835e-03 4.193572793155908585e-03 1.461060158908367157e-02
9.750000000000000000e+02 6.311637080867849893e-03 3.725657006725668907e-03 2.256136752976090065e-07 3.237629755403759191e-07 2.338863112072431250e-07 2.100071156974081532e-07 2.482571233031194424e-07 3.087050117756007239e-07 4.450872665984206833e-07 2.789398934055498103e-07 1.916438492344241240e-07 1.969668659285161993e-07 2.491859447673050454e-07 3.642178967311338056e-07 3.096430987170606386e-07 2.376218333210999845e-07 2.243652801325879409e-07 2.563534735600114800e-07 3.013468585777445696e-07 2.704953772081353236e-07 2.544437904816732043e-07 2.438946467009373009e-07 2.522507145386043703e-07 2.542920185533148469e-07 2.525256661556340987e-07 2.570427000136987772e-07 2.469571427354821935e-07 2.543784489716927055e-07 4.658430349081754684e-03 3.572295885533094406e-03 2.496200380846858025e-03 4.189041908830404282e-03 1.460495963692665100e-02
9.760000000000000000e+02 6.298710024187046362e-03 3.718030173331499100e-03 2.248783772529350244e-07 3.140324054129450815e-07 2.351507646380923688e-07 2.169240786997761461e-07 2.392762894487532321e-07 3.068671787787025096e-07 4.386428145153331570e-07 2.788280539789411705e-07 1.905280697656053235e-07 2.047498099955191719e-07 2.483604646386083914e-07 3.565751285350415856e-07 3.121443512554833433e-07 2.321583991715669981e-07 2.244356664959923364e-07 2.516825077236717334e-07 3.032419613191450480e-07 2.643141385760827689e-07 2.507258045625349041e-07 2.470605409143900033e-07 2.588541008208267158e-07 2.500746916211937787e-07 2.486201822193834232e-07 2.519260817734902957e-07 2.462622603616182460e-07 2.517908512800204335e-07 4.651131574064493179e-03 3.567196428775787354e-03 2.493123523890972137e-03 4.184536635875701904e-03 1.459931861609220505e-02
9.770000000000000000e+02 6.285822641323626954e-03 3.710431745275855064e-03 2.175347333377430914e-07 3.262777283907780657e-07 2.213794658700862783e-07 2.092730255753849633e-07 2.407325041531294119e-07 2.995544718942255713e-07 4.407505400649824878e-07 2.735347663929132978e-07 1.935661515517494990e-07 1.987304045769633376e-07 2.543642381169775035e-07 3.606953953294578241e-07 3.005313828907674178e-07 2.239680583215886145e-07 2.194909853869830840e-07 2.480024932083324529e-07 3.017297558471909724e-07 2.664543217179016210e-07 2.374331131704821019e-07 2.353917523123527644e-07 2.562087786373012932e-07 2.564432577401021263e-07 2.466985336013749475e-07 2.428811001209396636e-07 2.553076967615197646e-07 2.503162193079333520e-07 4.643845837563276291e-03 3.562112338840961456e-03 2.490055747330188751e-03 4.180028568953275681e-03 1.459368411451578140e-02
9.780000000000000000e+02 6.272974770095474974e-03 3.702838439494371414e-03 2.154827711819962133e-07 3.112816102657234296e-07 2.199142699055300909e-07 2.153343388044959283e-07 2.402768473075411748e-07 2.998796162501093931e-07 4.378092626211582683e-07 2.721960186136129778e-07 1.852554021297692088e-07 1.900617832006901153e-07 2.451162970373843564e-07 3.519744495861232281e-07 3.032963888927042717e-07 2.316974700988794211e-07 2.165161987477404182e-07 2.449564817652571946e-07 2.920589281529828440e-07 2.558529956786514958e-07 2.408406203358026687e-07 2.418169344764464768e-07 2.483769776517874561e-07 2.454134175877697999e-07 2.410572221833717776e-07 2.373494112362095620e-07 2.439502964080020320e-07 2.458196490806585643e-07 4.636571276932954788e-03 3.557047806680202484e-03 2.486989367753267288e-03 4.175524227321147919e-03 1.458805240690708160e-02
9.790000000000000000e+02 6.260166249148356628e-03 3.695276100188493729e-03 2.091683057869886397e-07 3.202589482498297002e-07 2.198270294684334658e-07 2.140411083928484004e-07 2.384032313784700818e-07 2.941026764347043354e-07 4.353863118922163267e-07 2.598041248802474001e-07 1.812031626968746423e-07 1.929373922848753864e-07 2.382648460752534447e-07 3.508733641410799464e-07 3.039907312540890416e-07 2.262650014017708600e-07 2.136494572368974332e-07 2.365049596164681134e-07 3.000809556397143751e-07 2.554841955770825734e-07 2.423417981844977476e-07 2.386107951224403223e-07 2.413590607375226682e-07 2.474941425134602468e-07 2.385842208241228946e-07 2.434479426938196411e-07 2.429139271953317802e-07 2.482181855611997889e-07 4.629312548786401749e-03 3.551981179043650627e-03 2.483926014974713326e-03 4.171031992882490158e-03 1.458243001252412796e-02
9.800000000000000000e+02 6.247396917950853897e-03 3.687720047309994698e-03 2.118553794616673258e-07 3.234159180465212557e-07 2.158549250452779233e-07 2.118237318882165710e-07 2.308754574187332764e-07 2.933973348717699992e-07 4.466530754143605009e-07 2.668392085070081521e-07 1.834125242794470978e-07 1.901576780483082985e-07 2.337531412877069670e-07 3.472852938557480229e-07 3.017476615241321269e-07 2.269666055099150981e-07 2.142839576890764874e-07 2.349301553294935729e-07 2.993871532908087829e-07 2.552261264554545050e-07 2.487825270236498909e-07 2.312907696477850550e-07 2.482812533344258554e-07 2.435354247154464247e-07 2.347760386101072072e-07 2.350059560285444604e-07 2.516092649784695823e-07 2.439375634821772110e-07 4.622062202543020248e-03 3.546916414052248001e-03 2.480876864865422249e-03 4.166549537330865860e-03 1.457680761814117432e-02
9.810000000000000000e+02 6.234666616789333836e-03 3.680185880511999130e-03 2.179478570951687288e-07 3.117283711162599502e-07 2.226059763188459328e-07 2.115763777510437649e-07 2.284247528905325453e-07 2.910549881107726833e-07 4.394347570269019343e-07 2.516423478482465725e-07 1.857104194868952618e-07 1.924472172731839237e-07 2.301042201224845485e-07 3.450315659847547067e-07 2.998378647589561297e-07 2.241230134814031771e-07 2.130932585941991420e-07 2.371521787836172734e-07 2.861330870018718997e-07 2.466514388288487680e-07 2.369249187950117630e-07 2.462269605985056842e-07 2.426202172500779852e-07 2.443717903588549234e-07 2.343525409287394723e-07 2.367649187817733036e-07 2.434476868984347675e-07 2.355903774287071428e-07 4.614829551428556442e-03 3.541875164955854416e-03 2.477825619280338287e-03 4.162075929343700409e-03 1.457119360566139221e-02
9.820000000000000000e+02 6.221975186762955176e-03 3.672682447358965874e-03 2.054543983831536025e-07 3.142511388887214707e-07 2.219917831780549022e-07 2.112957702138373861e-07 2.342396783205913380e-07 2.938115812867181376e-07 4.315878072702616919e-07 2.599903723421448376e-07 1.817152082139728009e-07 1.762256260917638429e-07 2.368042260059155524e-07 3.402608967917331029e-07 2.933784628567082109e-07 2.188764369748241734e-07 2.097820157587193535e-07 2.327599730733709293e-07 2.952260160782316234e-07 2.466336468387453351e-07 2.340809288625678164e-07 2.364470930160678108e-07 2.411640593891206663e-07 2.436637203118152684e-07 2.360708037940639770e-07 2.348278655972535489e-07 2.320076220030387049e-07 2.432670100915856892e-07 4.607610404491424561e-03 3.536822274327278137e-03 2.474783919751644135e-03 4.157588351517915726e-03 1.456558145582675934e-02
9.830000000000000000e+02 6.209322469778710482e-03 3.665172029286623001e-03 2.104221579202203429e-07 3.105340340425755130e-07 2.234416598412281019e-07 2.037850634906135383e-07 2.340294287250799243e-07 2.888764072395133553e-07 4.200425678391184192e-07 2.598348771698510973e-07 1.680143526527899667e-07 1.799409830027798307e-07 2.273043122613671585e-07 3.372732351181184640e-07 2.853309410966176074e-07 2.169313688682450447e-07 2.049361995659637614e-07 2.245060528593967319e-07 2.907449641043058364e-07 2.392841338405560236e-07 2.390100917182280682e-07 2.316297127435973380e-07 2.308806443807043252e-07 2.351957562041206984e-07 2.327716401850921102e-07 2.369706209037758526e-07 2.340164115821607993e-07 2.382788437671479187e-07 4.600394051522016525e-03 3.531803376972675323e-03 2.471743151545524597e-03 4.153133369982242584e-03 1.455998606979846954e-02
9.840000000000000000e+02 6.196708308546500406e-03 3.657699329778552055e-03 2.047507621227850905e-07 2.964477232580975397e-07 2.192492871699869283e-07 2.031320747164500062e-07 2.370638014781434322e-07 2.933236942226358224e-07 4.287448689410666702e-07 2.503544465071172453e-07 1.711348573962823139e-07 1.772644822040092549e-07 2.158278817887548939e-07 3.364636143032839755e-07 2.838004036220809212e-07 2.122612556831882102e-07 2.018122842173397657e-07 2.229047737500877702e-07 2.830031746725580888e-07 2.408089017080783378e-07 2.302861048519844189e-07 2.238445802049682243e-07 2.335826110311245429e-07 2.394398563865252072e-07 2.322992855852135108e-07 2.320486913731656387e-07 2.315238134542596526e-07 2.402207428531255573e-07 4.593200981616973877e-03 3.526772605255246162e-03 2.468716818839311600e-03 4.148666746914386749e-03 1.455438695847988129e-02
9.850000000000000000e+02 6.184132546574247838e-03 3.650244325399398804e-03 2.027510248581165797e-07 2.990603036323591368e-07 2.141512140951817855e-07 2.008105184359010309e-07 2.249270778520440217e-07 2.856963590147643117e-07 4.194480709429626586e-07 2.542454353715584148e-07 1.708358610130744637e-07 1.764687169725220883e-07 2.210695129178930074e-07 3.350887425312976120e-07 2.837814747636002721e-07 2.056834631503079436e-07 2.070385249908213154e-07 2.255477795642946148e-07 2.898907780490844743e-07 2.469985247444128618e-07 2.302817279087321367e-07 2.271048344937298680e-07 2.308614313051293720e-07 2.264648344407760305e-07 2.294883501008371240e-07 2.327207084817928262e-07 2.289237244212927180e-07 2.277950699181019445e-07 4.586016759276390076e-03 3.521767444908618927e-03 2.465689554810523987e-03 4.144219215959310532e-03 1.454878039658069611e-02
9.860000000000000000e+02 6.171595028163045019e-03 3.642791416496038437e-03 2.026765599794089212e-07 2.911853300702205161e-07 2.199956696813387680e-07 2.003165633368553245e-07 2.306082791392327636e-07 2.850295572898176033e-07 4.172209457919962006e-07 2.539555623570777243e-07 1.749601779010845348e-07 1.790363199916100712e-07 2.137417709491273854e-07 3.362070799539651489e-07 2.811831905091821682e-07 2.108205023887421703e-07 1.979880437374959001e-07 2.157934204660705291e-07 2.855341563190449961e-07 2.330861548216489609e-07 2.205941598276695004e-07 2.260372298223956022e-07 2.320158500879188068e-07 2.322178858094048337e-07 2.286519134031550493e-07 2.255409725648860331e-07 2.215186327703122515e-07 2.300807722122044652e-07 4.578841384500265121e-03 3.516765777021646500e-03 2.462673000991344452e-03 4.139782395213842392e-03 1.454318501055240631e-02
9.870000000000000000e+02 6.159095598402331007e-03 3.635367145761847496e-03 2.008241182238634792e-07 2.986218703426857246e-07 2.103901977079658536e-07 1.967216860521148192e-07 2.220659922613776871e-07 2.844834625648218207e-07 4.151088432990945876e-07 2.407259103165415581e-07 1.743449615787540097e-07 1.726328235918117571e-07 2.222744655000497005e-07 3.260400376348115969e-07 2.809671570958016673e-07 2.123288709299231414e-07 2.006743073934558197e-07 2.214133019151631743e-07 2.755160153355973307e-07 2.345312566376378527e-07 2.219786665591527708e-07 2.204958207130403025e-07 2.285244562472144025e-07 2.226520479098326177e-07 2.205423328405231587e-07 2.207795262165745953e-07 2.238088825379236368e-07 2.239760732436479884e-07 4.571696743369102478e-03 3.511773422360420227e-03 2.459670882672071457e-03 4.135352093726396561e-03 1.453759800642728806e-02
9.880000000000000000e+02 6.146634103165106444e-03 3.627948695793747902e-03 2.050925189678309835e-07 2.967962871025520144e-07 2.146932303048743051e-07 1.893904340022345423e-07 2.300857175896453555e-07 2.740373190590617014e-07 4.162279765296261758e-07 2.431771690680761822e-07 1.671248810453107581e-07 1.722079900901007932e-07 2.123923650287906639e-07 3.326539399495231919e-07 2.866943873414129484e-07 2.036046709008587641e-07 1.974261465420568129e-07 2.184515750514037791e-07 2.747153757809428498e-07 2.313178697477269452e-07 2.192412722479275544e-07 2.238232212903312757e-07 2.267799885657950654e-07 2.176156073119273060e-07 2.166373604950422305e-07 2.187928913599535008e-07 2.171345698798177182e-07 2.242317975742480485e-07 4.564553964883089066e-03 3.506776876747608185e-03 2.456661313772201538e-03 4.130915738642215729e-03 1.453201845288276672e-02
9.890000000000000000e+02 6.134210389103189089e-03 3.620560746639966965e-03 2.015235054386721458e-07 2.812965647081000498e-07 2.035158956914528972e-07 1.923936281400528969e-07 2.201639972554403357e-07 2.860101062651665416e-07 4.146010610384109896e-07 2.396486706857103854e-07 1.678565837437417940e-07 1.739352910590241663e-07 2.098030336128431372e-07 3.254017144627141533e-07 2.839361172846111003e-07 2.063041080191396759e-07 1.920654710829694523e-07 2.201947211233346025e-07 2.757649610884982394e-07 2.314141909209865844e-07 2.221152897163847229e-07 2.210898202292810311e-07 2.188076138054384501e-07 2.146971098682115553e-07 2.141853201464982703e-07 2.129973353248715284e-07 2.274938140089943772e-07 2.182701450692547951e-07 4.557421896606683731e-03 3.501793835312128067e-03 2.453663153573870659e-03 4.126500338315963745e-03 1.452642679214477539e-02
9.900000000000000000e+02 6.121824303642485823e-03 3.613191656768321991e-03 2.000968208903941559e-07 2.866772206289169844e-07 2.003782242354645859e-07 1.925398294133628951e-07 2.147735784774340573e-07 2.738864566254051169e-07 4.073275476912385784e-07 2.398547280790808145e-07 1.616872964405047242e-07 1.745847555412183283e-07 2.135505212663701968e-07 3.278093743119825376e-07 2.719305030041141436e-07 2.081930432495937566e-07 1.962361011464963667e-07 2.142799928606109461e-07 2.833486121289752191e-07 2.240141157017205842e-07 2.214233632003015373e-07 2.124174898199271411e-07 2.213818106611142866e-07 2.172259883082006127e-07 2.123643696450017160e-07 2.101474620985754882e-07 2.215815868567005964e-07 2.218011729837598978e-07 4.550294950604438782e-03 3.496825695037841797e-03 2.450674306601285934e-03 4.122090525925159454e-03 1.452087610960006714e-02
9.910000000000000000e+02 6.109475694978316711e-03 3.605833742767572403e-03 1.985544457738797064e-07 2.923532349541346775e-07 2.042982458760889131e-07 1.874457922212968697e-07 2.139675103762783692e-07 2.803509744353505084e-07 3.930962861886655446e-07 2.368156799548160052e-07 1.575424306565764709e-07 1.614621112366876332e-07 2.116303363663973869e-07 3.165653197356732562e-07 2.650530461778544122e-07 2.065810491558295325e-07 1.903165696148789721e-07 2.111908230517656193e-07 2.738718478667578893e-07 2.309182889348448953e-07 2.148166373672211193e-07 2.134449346158362459e-07 2.219109376255801180e-07 2.201138613600051031e-07 2.125837852418044349e-07 2.118601827305610641e-07 2.147923083839486935e-07 2.285115670019877143e-07 4.543198738247156143e-03 3.491868032142519951e-03 2.447678474709391594e-03 4.117686767131090164e-03 1.451529189944267273e-02
9.920000000000000000e+02 6.097164412070759862e-03 3.598495153710246086e-03 2.010459354551130673e-07 2.828147955824533710e-07 1.967925697954342468e-07 1.813710781561894692e-07 2.129805949380170205e-07 2.640808816067874432e-07 3.951305416194372810e-07 2.378536265723596443e-07 1.610239905858179554e-07 1.593721350445775897e-07 2.084032217908315943e-07 3.161799781992158387e-07 2.727772141497553093e-07 1.968851535139037878e-07 1.853770896786954836e-07 2.086162709247219027e-07 2.699315757581643993e-07 2.237942311467122636e-07 2.122420426076132571e-07 2.072957556720211869e-07 2.178311433453927748e-07 2.217915948676818516e-07 2.086304817794371047e-07 2.098571201258891961e-07 2.218087047367589548e-07 2.152292495338770095e-07 4.536112770438194275e-03 3.486918518319725990e-03 2.444697078317403793e-03 4.113286267966032028e-03 1.450972817838191986e-02
9.930000000000000000e+02 6.084890304640032735e-03 3.591166110709309578e-03 2.064086572772794170e-07 2.824082514507608721e-07 1.959982824928374612e-07 1.888634528768307064e-07 2.131874765609609312e-07 2.653420665410521906e-07 3.979382654506480321e-07 2.315938161245867377e-07 1.562400484544923529e-07 1.656895989299300709e-07 2.134478762627622928e-07 3.174506275627209106e-07 2.654303727922524558e-07 1.992851679233353934e-07 1.828007754056670819e-07 2.082300767369815730e-07 2.690740359412302496e-07 2.250560413585844799e-07 2.128907539145075134e-07 2.087570720732401242e-07 2.142451904774134164e-07 2.149502478232534486e-07 2.107576762000462622e-07 2.133990903985250043e-07 2.175270594761968823e-07 2.215071361888476531e-07 4.529024008661508560e-03 3.481969237327575684e-03 2.441717311739921570e-03 4.108893219381570816e-03 1.450416631996631622e-02
9.940000000000000000e+02 6.072653223161908996e-03 3.583872225135564804e-03 1.953849846358934883e-07 2.670137746463296935e-07 1.941553477990964893e-07 1.916346690222781035e-07 2.050740022241370752e-07 2.684208197933912743e-07 3.868982787480490515e-07 2.293303538181135082e-07 1.514535341584632988e-07 1.589057347928246600e-07 2.097379336873927969e-07 3.075377605910034617e-07 2.639807803461735602e-07 1.901301232010155218e-07 1.843473000917583704e-07 2.055430599057217478e-07 2.603765665298851673e-07 2.222588904032818391e-07 2.096019073860588833e-07 2.048052749614726054e-07 2.109940879790883628e-07 2.085805590468226001e-07 2.035614414808151196e-07 2.147038173916371306e-07 2.153162768081529066e-07 2.107514944782451494e-07 4.521961789578199387e-03 3.477034624665975571e-03 2.438750118017196655e-03 4.104510415345430374e-03 1.449861191213130951e-02
9.950000000000000000e+02 6.060453018863159666e-03 3.576585557311773300e-03 1.955003625653262134e-07 2.723540433180460241e-07 1.955718289536889642e-07 1.817957553384985658e-07 2.037011483935202705e-07 2.605145823508792091e-07 3.855005559216806432e-07 2.290846055075235199e-07 1.536780303013074445e-07 1.652798715667813667e-07 2.019955616106017260e-07 3.116049072104942752e-07 2.584813785233563976e-07 1.967475782294059172e-07 1.856978855130364536e-07 2.082397543290426256e-07 2.606460043352853972e-07 2.143139283816708485e-07 2.052699414889502805e-07 2.081729348901717458e-07 2.128569178694306174e-07 2.120888353829286643e-07 1.952829222773289075e-07 1.999651573214578093e-07 2.054798500239485293e-07 2.154834248813131126e-07 4.514909349381923676e-03 3.472110489383339882e-03 2.435782458633184433e-03 4.100136458873748779e-03 1.449306961148977280e-02
9.960000000000000000e+02 6.048289543717036768e-03 3.569314023479819298e-03 1.960765700914635090e-07 2.708581803290144308e-07 1.832534053392009810e-07 1.843977912585614831e-07 2.058874457588899531e-07 2.565967065493168775e-07 3.832880111076519825e-07 2.273693553433986381e-07 1.517403092066160752e-07 1.590889837643771898e-07 2.024037115688770427e-07 3.042536320663202787e-07 2.520844759601459373e-07 1.892479275511504966e-07 1.842897461301618023e-07 2.094684532494284213e-07 2.587542269338882761e-07 2.210272782576794270e-07 2.102650000779249240e-07 2.012041164789479808e-07 2.121812343602869078e-07 2.112444548174607917e-07 1.994460063770020497e-07 2.063178925482134218e-07 2.158028422627467080e-07 2.242291117227068753e-07 4.507860168814659119e-03 3.467182628810405731e-03 2.432822948321700096e-03 4.095759242773056030e-03 1.448751613497734070e-02
9.970000000000000000e+02 6.036162650438778657e-03 3.562051570042967796e-03 1.891992980063150753e-07 2.698694459013495361e-07 1.967518983292393386e-07 1.761656278631562600e-07 2.013807005596390809e-07 2.531442362396774115e-07 3.750300550109386677e-07 2.171042865484196227e-07 1.590802582995820558e-07 1.581280741902446607e-07 1.909543385636425228e-07 3.023457963990949793e-07 2.568057482221774990e-07 1.897623178592766635e-07 1.809453635814861627e-07 2.008949735454734764e-07 2.587641745321889175e-07 2.184879974720388418e-07 2.157652119194608531e-07 2.062295436644490110e-07 2.149815827579004690e-07 2.114902883931790711e-07 1.993385865262098378e-07 2.081165177969523938e-07 2.059508119600650389e-07 2.081186778468691045e-07 4.500833339989185333e-03 3.462274558842182159e-03 2.429878106340765953e-03 4.091403912752866745e-03 1.448196358978748322e-02
9.980000000000000000e+02 6.024072192481154386e-03 3.554822411388158798e-03 1.856388962551136501e-07 2.676492556474840967e-07 1.934641318257490639e-07 1.798234876559945405e-07 2.041802957819527364e-07 2.573748361101024784e-07 3.780650388307549292e-07 2.147957616216444876e-07 1.485058191974530928e-07 1.572120709170121700e-07 1.871173083145549754e-07 2.996246735165186692e-07 2.695865646273887251e-07 1.838294991785005550e-07 1.754292213718144922e-07 2.036547783745845663e-07 2.609609168757742736e-07 2.093339617204037495e-07 2.082909134060173528e-07 1.970508662907377584e-07 2.067025093310803641e-07 2.062746062847509165e-07 1.999562897481155233e-07 2.026181533665294410e-07 2.078974858932269854e-07 2.107354077907075407e-07 4.493815824389457703e-03 3.457379061728715897e-03 2.426929073408246040e-03 4.087049514055252075e-03 1.447641942650079727e-02
9.990000000000000000e+02 6.012018024030035823e-03 3.547601634636521339e-03 1.881170277329147211e-07 2.652762134403019445e-07 1.896769674658571603e-07 1.786291932148742490e-07 1.938430074233110645e-07 2.508156455860444112e-07 3.785034436987189110e-07 2.129184792920568725e-07 1.464985359689308098e-07 1.570127352579220315e-07 1.914688709803158417e-07 3.032406254988018190e-07 2.527750098124670330e-07 1.857233797863955260e-07 1.808509608736130758e-07 1.899104518088279292e-07 2.497272078016976593e-07 2.163562271562113892e-07 2.018582421214887290e-07 2.070403297693701461e-07 2.072372353723039851e-07 2.055168408787722001e-07 2.042808802116269362e-07 2.020391178803038201e-07 2.000469123686343664e-07 2.087626711499979137e-07 4.486801568418741226e-03 3.452476812526583672e-03 2.423991216346621513e-03 4.082705825567245483e-03 1.447089482098817825e-02
1.000000000000000000e+03 6.000000000000000125e-03 3.540395293384790421e-03 1.901486115229999996e-07 2.606941507110605016e-07 1.867453107706751325e-07 1.712013926180588896e-07 1.958562449999590172e-07 2.502474387711117743e-07 3.799723629072104814e-07 2.085002250851175631e-07 1.420641524418897461e-07 1.549808956724518794e-07 2.010628747939335881e-07 2.908977592142036883e-07 2.615951757434231695e-07 1.799624271825450705e-07 1.776472799974726513e-07 1.979216648351211916e-07 2.496489912573451875e-07 2.158893153136887122e-07 1.966601388403432793e-07 2.049102647561085178e-07 2.093876361186630675e-07 2.074200438073603436e-07 1.928181063703959808e-07 2.033439301385442377e-07 2.061060939695380512e-07 2.040252127244457370e-07 4.479820840060710907e-03 3.447587136179208755e-03 2.421049633994698524e-03 4.078365396708250046e-03 1.446535624563694000e-02
1.001000000000000000e+03 5.988017976029964308e-03 3.533213632181286812e-03 1.898682739920332097e-07 2.566114289948018268e-07 1.911623002115447889e-07 1.707630588043684838e-07 1.944201244441501331e-07 2.485348886693827808e-07 3.745087155948567670e-07 2.115859132345576654e-07 1.430128975243860623e-07 1.567924954315458308e-07 1.852725688422651729e-07 3.001658797074924223e-07 2.491476607247022912e-07 1.806094331868735026e-07 1.683274319930205820e-07 1.943360530276549980e-07 2.575456505837792065e-07 2.087175943188412930e-07 1.947995968976101722e-07 2.029561017025116598e-07 2.063866304524708539e-07 2.061399868580338079e-07 1.954673365389680839e-07 2.072658844554098323e-07 1.961836630925972713e-07 2.066380488940922078e-07 4.472836386412382126e-03 3.442715853452682495e-03 2.418120857328176498e-03 4.074030090123414993e-03 1.445982605218887329e-02
