1.000000000000000000e+00 6.000000000000000000e+03 7.193381347656250000e+02 7.193381347656250000e+02 7.193381347656250000e+02 7.193381347656250000e+02 7.193381347656250000e+02 7.193381347656250000e+02 7.193381347656250000e+02
2.000000000000000000e+00 1.500000000000000000e+03 6.130058288574218750e+01 6.130058670043945312e+01 6.130058288574218750e+01 6.130058288574218750e+01 6.130058288574218750e+01 6.130058288574218750e+01 6.130058288574218750e+01
3.000000000000000000e+00 6.666666666666666288e+02 2.751275062561035156e+01 2.751274871826171875e+01 8.037555694580078125e+00 3.930423974990844727e+00 3.366051197052001953e+00 4.484447479248046875e+00 3.725000381469726562e+00
4.000000000000000000e+00 3.750000000000000000e+02 1.809429550170898438e+01 1.597881698608398438e+01 2.145789861679077148e+00 1.091465830802917480e+00 1.684430241584777832e+00 1.792711973190307617e+00 2.612183809280395508e+00
5.000000000000000000e+00 2.400000000000000000e+02 1.260236835479736328e+01 8.992395401000976562e+00 1.046065330505371094e+00 2.474129945039749146e-01 5.456739068031311035e-01 1.131238818168640137e+00 1.819675207138061523e+00
6.000000000000000000e+00 1.666666666666666572e+02 9.112482070922851562e+00 5.041270732879638672e+00 6.932089924812316895e-01 1.081452444195747375e-01 2.528121471405029297e-01 4.104300737380981445e-01 6.423070430755615234e-01
7.000000000000000000e+00 1.224489795918367321e+02 6.823735713958740234e+00 3.010597467422485352e+00 5.222965478897094727e-01 6.629603356122970581e-02 1.152900680899620056e-01 2.299471497535705566e-01 3.641330301761627197e-01
8.000000000000000000e+00 9.375000000000000000e+01 5.279049873352050781e+00 2.000269651412963867e+00 4.199137985706329346e-01 4.967184364795684814e-02 7.090006768703460693e-02 1.296208202838897705e-01 1.683518886566162109e-01
9.000000000000000000e+00 7.407407407407407618e+01 4.206309318542480469e+00 1.457538127899169922e+00 3.506386876106262207e-01 4.323752596974372864e-02 5.073882266879081726e-02 8.670438826084136963e-02 1.104227304458618164e-01
1.000000000000000000e+01 6.000000000000000000e+01 3.439881801605224609e+00 1.110847353935241699e+00 3.002949059009552002e-01 4.023167490959167480e-02 4.321635141968727112e-02 6.713617593050003052e-02 7.480040192604064941e-02
1.100000000000000000e+01 4.958677685950413405e+01 2.876910448074340820e+00 8.570836186408996582e-01 2.620092332363128662e-01 3.859432414174079895e-02 3.842360898852348328e-02 5.621108412742614746e-02 5.597623065114021301e-02
1.200000000000000000e+01 4.166666666666666430e+01 2.452294349670410156e+00 6.667465567588806152e-01 2.319589555263519287e-01 3.749438747763633728e-02 3.523098677396774292e-02 4.700971022248268127e-02 4.749428480863571167e-02
1.300000000000000000e+01 3.550295857988165693e+01 2.124032258987426758e+00 5.290225744247436523e-01 2.078070491552352905e-01 3.664141148328781128e-02 3.334726393222808838e-02 4.209978878498077393e-02 4.300888627767562866e-02
1.400000000000000000e+01 3.061224489795918302e+01 1.864506125450134277e+00 4.318467676639556885e-01 1.880278140306472778e-01 3.591755405068397522e-02 3.216762095689773560e-02 3.833953291177749634e-02 4.051111266016960144e-02
1.500000000000000000e+01 2.666666666666666785e+01 1.655174255371093750e+00 3.613919913768768311e-01 1.715776026248931885e-01 3.527238592505455017e-02 3.141181543469429016e-02 3.652019798755645752e-02 3.865243494510650635e-02
1.600000000000000000e+01 2.343750000000000000e+01 1.483337402343750000e+00 3.066616654396057129e-01 1.577164679765701294e-01 3.468245267868041992e-02 3.088100440800189972e-02 3.487626835703849792e-02 3.728335350751876831e-02
1.700000000000000000e+01 2.076124567474048277e+01 1.340109348297119141e+00 2.616873085498809814e-01 1.459056884050369263e-01 3.413566574454307556e-02 3.046496957540512085e-02 3.412849828600883484e-02 3.616132587194442749e-02
1.800000000000000000e+01 1.851851851851851904e+01 1.219139218330383301e+00 2.243527621030807495e-01 1.357435286045074463e-01 3.362476453185081482e-02 3.010748885571956635e-02 3.344542533159255981e-02 3.539374843239784241e-02
1.900000000000000000e+01 1.662049861495844993e+01 1.115792274475097656e+00 1.939870268106460571e-01 1.269247382879257202e-01 3.314484283328056335e-02 2.978497371077537537e-02 3.293379396200180054e-02 3.454970195889472961e-02
2.000000000000000000e+01 1.500000000000000000e+01 1.026619315147399902e+00 1.697283983230590820e-01 1.192133203148841858e-01 3.269217535853385925e-02 2.948493137955665588e-02 3.256463631987571716e-02 3.389103710651397705e-02
2.100000000000000000e+01 1.360544217687074742e+01 9.490059018135070801e-01 1.502065658569335938e-01 1.124240085482597351e-01 3.226390853524208069e-02 2.920049428939819336e-02 3.220824897289276123e-02 3.332306444644927979e-02
2.200000000000000000e+01 1.239669421487603351e+01 8.809346556663513184e-01 1.339832246303558350e-01 1.064096167683601379e-01 3.185759112238883972e-02 2.892777696251869202e-02 3.191627934575080872e-02 3.285220637917518616e-02
2.300000000000000000e+01 1.134215500945179578e+01 8.208251595497131348e-01 1.200103759765625000e-01 1.010515764355659485e-01 3.147113323211669922e-02 2.866439335048198700e-02 3.164226561784744263e-02 3.244654461741447449e-02
2.400000000000000000e+01 1.041666666666666607e+01 7.674222588539123535e-01 1.077473536133766174e-01 9.625381231307983398e-02 3.110276535153388977e-02 2.840890362858772278e-02 3.137347474694252014e-02 3.210290521383285522e-02
2.500000000000000000e+01 9.599999999999999645e+00 7.197155952453613281e-01 9.699314087629318237e-02 9.193737059831619263e-02 3.075099177658557892e-02 2.816031314432621002e-02 3.111542016267776489e-02 3.181115910410881042e-02
2.600000000000000000e+01 8.875739644970414233e+00 6.768851876258850098e-01 8.765190839767456055e-02 8.803701400756835938e-02 3.041440807282924652e-02 2.791797183454036713e-02 3.086479194462299347e-02 3.155630454421043396e-02
2.700000000000000000e+01 8.230452674897119181e+00 6.382569074630737305e-01 7.959187030792236328e-02 8.449843525886535645e-02 3.009181097149848938e-02 2.768138609826564789e-02 3.062073700129985809e-02 3.133472427725791931e-02
2.800000000000000000e+01 7.653061224489795755e+00 6.032724976539611816e-01 7.262298464775085449e-02 8.127586543560028076e-02 2.978215552866458893e-02 2.745023369789123535e-02 3.038368932902812958e-02 3.113367408514022827e-02
2.900000000000000000e+01 7.134363852556480090e+00 5.714654326438903809e-01 6.653925776481628418e-02 7.833082228899002075e-02 2.948451600968837738e-02 2.722417376935482025e-02 3.015351668000221252e-02 3.095272369682788849e-02
3.000000000000000000e+01 6.666666666666666963e+00 5.424438118934631348e-01 6.116294488310813904e-02 7.563057541847229004e-02 2.919798903167247772e-02 2.700299769639968872e-02 2.992986515164375305e-02 3.078461624681949615e-02
3.100000000000000000e+01 6.243496357960458099e+00 5.158758759498596191e-01 5.636265873908996582e-02 7.314713299274444580e-02 2.892183698713779449e-02 2.678641863167285919e-02 2.971222251653671265e-02 3.062937967479228973e-02
3.200000000000000000e+01 5.859375000000000000e+00 4.914788007736206055e-01 5.204800143837928772e-02 7.085642218589782715e-02 2.865535579621791840e-02 2.657426521182060242e-02 2.950006164610385895e-02 3.048336878418922424e-02
3.300000000000000000e+01 5.509641873278236623e+00 4.690107107162475586e-01 4.815544188022613525e-02 6.873776763677597046e-02 2.839792892336845398e-02 2.636633813381195068e-02 2.929294109344482422e-02 3.034614957869052887e-02
3.400000000000000000e+01 5.190311418685120692e+00 4.482634663581848145e-01 4.463734105229377747e-02 6.677327305078506470e-02 2.814896591007709503e-02 2.616249583661556244e-02 2.909045480191707611e-02 3.021591342985630035e-02
3.500000000000000000e+01 4.897959183673469497e+00 4.290559291839599609e-01 4.145567491650581360e-02 6.494715064764022827e-02 2.790796384215354919e-02 2.596254646778106689e-02 2.889229543507099152e-02 3.009202703833580017e-02
3.600000000000000000e+01 4.629629629629629761e+00 4.112325310707092285e-01 3.857921063899993896e-02 6.324581801891326904e-02 2.767444401979446411e-02 2.576637081801891327e-02 2.869814261794090271e-02 2.997351624071598053e-02
3.700000000000000000e+01 4.382761139517896254e+00 3.946562111377716064e-01 3.598134219646453857e-02 6.165726855397224426e-02 2.744795382022857666e-02 2.557379752397537231e-02 2.850787900388240814e-02 2.985973283648490906e-02
3.800000000000000000e+01 4.155124653739612484e+00 3.792072832584381104e-01 3.363792970776557922e-02 6.017096340656280518e-02 2.722810953855514526e-02 2.538473345339298248e-02 2.832126989960670471e-02 2.975009381771087646e-02
3.900000000000000000e+01 3.944773175542406474e+00 3.647803366184234619e-01 3.152576088905334473e-02 5.877751484513282776e-02 2.701454050838947296e-02 2.519903890788555145e-02 2.813819423317909241e-02 2.964409627020359039e-02
4.000000000000000000e+01 3.750000000000000000e+00 3.512823283672332764e-01 2.962206676602363586e-02 5.746871232986450195e-02 2.680691145360469818e-02 2.501658536493778229e-02 2.795847132802009583e-02 2.954133041203022003e-02
4.100000000000000000e+01 3.569303985722783956e+00 3.386313915252685547e-01 2.790502645075321198e-02 5.623715743422508240e-02 2.660491317510604858e-02 2.483726106584072113e-02 2.778198942542076111e-02 2.944140136241912842e-02
4.200000000000000000e+01 3.401360544217686854e+00 3.267540335655212402e-01 2.635389752686023712e-02 5.507633462548255920e-02 2.640823833644390106e-02 2.466097474098205566e-02 2.760864421725273132e-02 2.934405393898487091e-02
4.300000000000000000e+01 3.244997295835586826e+00 3.155850470066070557e-01 2.494904585182666779e-02 5.398038029670715332e-02 2.621661685407161713e-02 2.448765374720096588e-02 2.743830718100070953e-02 2.924903668463230133e-02
4.400000000000000000e+01 3.099173553719008378e+00 3.050663769245147705e-01 2.367171272635459900e-02 5.294403806328773499e-02 2.602981962263584137e-02 2.431716583669185638e-02 2.727083675563335419e-02 2.915611676871776581e-02
4.500000000000000000e+01 2.962962962962962798e+00 2.951454818248748779e-01 2.250390499830245972e-02 5.196260288357734680e-02 2.584760636091232300e-02 2.414942160248756409e-02 2.710618078708648682e-02 2.906514145433902740e-02
4.600000000000000000e+01 2.835538752362948944e+00 2.857754826545715332e-01 2.142858318984508514e-02 5.103183165192604065e-02 2.566975355148315430e-02 2.398436143994331360e-02 2.694419026374816895e-02 2.897598966956138611e-02
4.700000000000000000e+01 2.716161158895427974e+00 2.769141495227813721e-01 2.043005637824535370e-02 5.014785006642341614e-02 2.549606561660766602e-02 2.382187545299530029e-02 2.678482048213481903e-02 2.888851612806320190e-02
4.800000000000000000e+01 2.604166666666666519e+00 2.685230970382690430e-01 1.949469000101089478e-02 4.930721223354339600e-02 2.532636001706123352e-02 2.366190031170845032e-02 2.662792429327964783e-02 2.880261279642581940e-02
4.900000000000000000e+01 2.498958767180341489e+00 2.605679333209991455e-01 1.861143857240676880e-02 4.850682988762855530e-02 2.516046352684497833e-02 2.350436337292194366e-02 2.647347375750541687e-02 2.871821820735931396e-02
5.000000000000000000e+01 2.399999999999999911e+00 2.530169486999511719e-01 1.777193322777748108e-02 4.774379730224609375e-02 2.499817311763763428e-02 2.334919199347496033e-02 2.632137015461921692e-02 2.863523550331592560e-02
5.100000000000000000e+01 2.306805074971165048e+00 2.458419799804687500e-01 1.697031594812870026e-02 4.701549187302589417e-02 2.483938448131084442e-02 2.319632098078727722e-02 2.617155201733112335e-02 2.855360135436058044e-02
5.200000000000000000e+01 2.218934911242603558e+00 2.390169054269790649e-01 1.620271801948547363e-02 4.631965234875679016e-02 2.468390390276908875e-02 2.304568514227867126e-02 2.602394483983516693e-02 2.847326174378395081e-02
5.300000000000000000e+01 2.135991456034175950e+00 2.325179129838943481e-01 1.546672545373439789e-02 4.565401002764701843e-02 2.453162521123886108e-02 2.289721556007862091e-02 2.587847784161567688e-02 2.839416638016700745e-02
5.400000000000000000e+01 2.057613168724279795e+00 2.263233959674835205e-01 1.476088259369134903e-02 4.501663148403167725e-02 2.438243664801120758e-02 2.275087125599384308e-02 2.573510631918907166e-02 2.831627242267131805e-02
5.500000000000000000e+01 1.983471074380165344e+00 2.204134315252304077e-01 1.408420223742723465e-02 4.440568760037422180e-02 2.423621155321598053e-02 2.260657399892807007e-02 2.559374086558818817e-02 2.823954634368419647e-02
5.600000000000000000e+01 1.913265306122448939e+00 2.147698998451232910e-01 1.343608275055885315e-02 4.381949827075004578e-02 2.409278973937034607e-02 2.246429957449436188e-02 2.545433491468429565e-02 2.816395834088325500e-02
5.700000000000000000e+01 1.846722068328716437e+00 2.093759328126907349e-01 1.281603798270225525e-02 4.325656592845916748e-02 2.395211718976497650e-02 2.232398651540279388e-02 2.531683444976806641e-02 2.808946929872035980e-02
5.800000000000000000e+01 1.783590963139120023e+00 2.042162418365478516e-01 1.222366653382778168e-02 4.271543398499488831e-02 2.381406538188457489e-02 2.218554727733135223e-02 2.518120966851711273e-02 2.801604568958282471e-02
5.900000000000000000e+01 1.723642631427750649e+00 1.992765963077545166e-01 1.165856048464775085e-02 4.219481348991394043e-02 2.367854677140712738e-02 2.204898558557033539e-02 2.504737488925457001e-02 2.794368751347064972e-02
6.000000000000000000e+01 1.666666666666666741e+00 1.945438832044601440e-01 1.112015452235937119e-02 4.169358313083648682e-02 2.354544959962368011e-02 2.191421762108802795e-02 2.491530030965805054e-02 2.787234447896480560e-02
6.100000000000000000e+01 1.612469766191883869e+00 1.900058388710021973e-01 1.060773618519306183e-02 4.121051728725433350e-02 2.341472916305065155e-02 2.178121730685234070e-02 2.478495799005031586e-02 2.780198119580745697e-02
6.200000000000000000e+01 1.560874089490114525e+00 1.856514066457748413e-01 1.012044306844472885e-02 4.074464365839958191e-02 2.328624762594699860e-02 2.164995670318603516e-02 2.465626411139965057e-02 2.773260511457920074e-02
6.300000000000000000e+01 1.511715797430083219e+00 1.814701855182647705e-01 9.657085873186588287e-03 4.029501602053642273e-02 2.315996959805488586e-02 2.152035757899284363e-02 2.452921681106090546e-02 2.766417339444160461e-02
6.400000000000000000e+01 1.464843750000000000e+00 1.774524152278900146e-01 9.216293692588806152e-03 3.986071795225143433e-02 2.303578518331050873e-02 2.139241807162761688e-02 2.440376952290534973e-02 2.759668603539466858e-02
6.500000000000000000e+01 1.420118343195266197e+00 1.735892146825790405e-01 8.796571753919124603e-03 3.944095224142074585e-02 2.291364967823028564e-02 2.126605622470378876e-02 2.427987009286880493e-02 2.753004990518093109e-02
6.600000000000000000e+01 1.377410468319559156e+00 1.698722541332244873e-01 8.396363817155361176e-03 3.903496265411376953e-02 2.279350534081459045e-02 2.114128321409225464e-02 2.415749058127403259e-02 2.746434137225151062e-02
6.700000000000000000e+01 1.336600579193584215e+00 1.662936061620712280e-01 8.014066144824028015e-03 3.864194825291633606e-02 2.267525717616081238e-02 2.101803943514823914e-02 2.403658628463745117e-02 2.739948965609073639e-02
6.800000000000000000e+01 1.297577854671280173e+00 1.628462076187133789e-01 7.648150436580181122e-03 3.826133534312248230e-02 2.255887165665626526e-02 2.089628949761390686e-02 2.391712926328182220e-02 2.733546122908592224e-02
6.900000000000000000e+01 1.260239445494643951e+00 1.595231890678405762e-01 7.297214586287736893e-03 3.789250180125236511e-02 2.244427986443042755e-02 2.077600546181201935e-02 2.379909157752990723e-02 2.727227658033370972e-02
7.000000000000000000e+01 1.224489795918367374e+00 1.563183218240737915e-01 6.959971971809864044e-03 3.753479570150375366e-02 2.233142219483852386e-02 2.065716497600078583e-02 2.368243597447872162e-02 2.720989845693111420e-02
7.100000000000000000e+01 1.190240031739734139e+00 1.532256305217742920e-01 6.635306868702173233e-03 3.718774393200874329e-02 2.222024649381637573e-02 2.053971961140632629e-02 2.356711775064468384e-02 2.714828774333000183e-02
7.200000000000000000e+01 1.157407407407407440e+00 1.502396166324615479e-01 6.322281900793313980e-03 3.685076907277107239e-02 2.211071550846099854e-02 2.042364887893199921e-02 2.345311455428600311e-02 2.708745561540126801e-02
7.300000000000000000e+01 1.125914805779695937e+00 1.473550498485565186e-01 6.020180415362119675e-03 3.652346506714820862e-02 2.200276218354701996e-02 2.030892297625541687e-02 2.334042079746723175e-02 2.702738903462886810e-02
7.400000000000000000e+01 1.095690284879474063e+00 1.445672810077667236e-01 5.728450138121843338e-03 3.620534390211105347e-02 2.189636416733264923e-02 2.019552327692508698e-02 2.322899177670478821e-02 2.696803212165832520e-02
7.500000000000000000e+01 1.066666666666666652e+00 1.418713927268981934e-01 5.446735769510269165e-03 3.589597716927528381e-02 2.179144322872161865e-02 2.008341625332832336e-02 2.311880141496658325e-02 2.690940164029598236e-02
7.600000000000000000e+01 1.038781163434903121e+00 1.392633020877838135e-01 5.174827296286821365e-03 3.559499233961105347e-02 2.168800868093967438e-02 1.997254975140094757e-02 2.300981990993022919e-02 2.685147337615489960e-02
7.700000000000000000e+01 1.011975037949063960e+00 1.367389857769012451e-01 4.912594798952341080e-03 3.530201315879821777e-02 2.158597111701965332e-02 1.986292377114295959e-02 2.290204353630542755e-02 2.679422125220298767e-02
7.800000000000000000e+01 9.861932938856016184e-01 1.342946588993072510e-01 4.660008475184440613e-03 3.501667827367782593e-02 2.148531377315521240e-02 1.975452899932861328e-02 2.279542386531829834e-02 2.673766016960144043e-02
7.900000000000000000e+01 9.613843935266783713e-01 1.319265514612197876e-01 4.417079966515302658e-03 3.473864868283271790e-02 2.138599939644336700e-02 1.964731514453887939e-02 2.268994413316249847e-02 2.668173797428607941e-02
8.000000000000000000e+01 9.375000000000000000e-01 1.296315640211105347e-01 4.183816257864236832e-03 3.446764126420021057e-02 2.128797769546508789e-02 1.954127103090286255e-02 2.258557826280593872e-02 2.662645652890205383e-02
8.100000000000000000e+01 9.144947416552354769e-01 1.274063885211944580e-01 3.960270900279283524e-03 3.420333191752433777e-02 2.119123935699462891e-02 1.943636499345302582e-02 2.248233929276466370e-02 2.657179348170757294e-02
8.200000000000000000e+01 8.923259964306959890e-01 1.252479702234268188e-01 3.746467642486095428e-03 3.394546732306480408e-02 2.109572850167751312e-02 1.933260448276996613e-02 2.238016761839389801e-02 2.651777677237987518e-02
8.300000000000000000e+01 8.709536942952532668e-01 1.231535300612449646e-01 3.542407415807247162e-03 3.369376435875892639e-02 2.100142836570739746e-02 1.922991871833801270e-02 2.227903716266155243e-02 2.646433562040328979e-02
8.400000000000000000e+01 8.503401360544217136e-01 1.211203560233116150e-01 3.347993828356266022e-03 3.344800323247909546e-02 2.090830355882644653e-02 1.912833377718925476e-02 2.217895165085792542e-02 2.641146816313266754e-02
8.500000000000000000e+01 8.304498269896193330e-01 1.191460117697715759e-01 3.163117915391921997e-03 3.320791199803352356e-02 2.081630378961563110e-02 1.902780123054981232e-02 2.207990176975727081e-02 2.635919675230979919e-02
8.600000000000000000e+01 8.112493239588967064e-01 1.172279864549636841e-01 2.987606450915336609e-03 3.297329694032669067e-02 2.072544209659099579e-02 1.892831735312938690e-02 2.198183909058570862e-02 2.630746364593505859e-02
8.700000000000000000e+01 7.927070947284978741e-01 1.153639778494834900e-01 2.821253379806876183e-03 3.274392336606979370e-02 2.063564956188201904e-02 1.882983744144439697e-02 2.188475057482719421e-02 2.625630050897598267e-02
8.800000000000000000e+01 7.747933884297520946e-01 1.135518625378608704e-01 2.663754858076572418e-03 3.251959756016731262e-02 2.054693922400474548e-02 1.873237825930118561e-02 2.178861945867538452e-02 2.620567008852958679e-02
8.900000000000000000e+01 7.574801161469510991e-01 1.117897257208824158e-01 2.514826832339167595e-03 3.230016306042671204e-02 2.045924030244350433e-02 1.863589324057102203e-02 2.169344574213027954e-02 2.615557238459587097e-02
9.000000000000000000e+01 7.407407407407406996e-01 1.100754365324974060e-01 2.374141709879040718e-03 3.208537399768829346e-02 2.037258259952068329e-02 1.854036003351211548e-02 2.159918472170829773e-02 2.610598132014274597e-02
9.100000000000000000e+01 7.245501750996256041e-01 1.084071919322013855e-01 2.241340931504964828e-03 3.187511488795280457e-02 2.028689533472061157e-02 1.844581402838230133e-02 2.150584757328033447e-02 2.605690620839595795e-02
9.200000000000000000e+01 7.088846880907372361e-01 1.067833229899406433e-01 2.116070594638586044e-03 3.166919946670532227e-02 2.020217105746269226e-02 1.835218258202075958e-02 2.141340635716915131e-02 2.600830234587192535e-02
9.300000000000000000e+01 6.937218175511620233e-01 1.052020788192749023e-01 1.997939310967922211e-03 3.146743774414062500e-02 2.011840604245662689e-02 1.825949549674987793e-02 2.132183127105236053e-02 2.596017904579639435e-02
9.400000000000000000e+01 6.790402897238569935e-01 1.036618724465370178e-01 1.886611338704824448e-03 3.126976266503334045e-02 2.003556489944458008e-02 1.816769689321517944e-02 2.123113162815570831e-02 2.591254562139511108e-02
9.500000000000000000e+01 6.648199445983379308e-01 1.021612137556076050e-01 1.781734405085444450e-03 3.107599541544914246e-02 1.995361596345901489e-02 1.807679235935211182e-02 2.114127390086650848e-02 2.586538903415203094e-02
9.600000000000000000e+01 6.510416666666666297e-01 1.006986647844314575e-01 1.682957517914474010e-03 3.088594973087310791e-02 1.987256109714508057e-02 1.798674650490283966e-02 2.105225622653961182e-02 2.581867575645446777e-02
9.700000000000000000e+01 6.376873206504410918e-01 9.927283972501754761e-02 1.589972060173749924e-03 3.069955669343471527e-02 1.979235000908374786e-02 1.789757050573825836e-02 2.096407487988471985e-02 2.577242068946361542e-02
9.800000000000000000e+01 6.247396917950853723e-01 9.788245707750320435e-02 1.502439961768686771e-03 3.051670454442501068e-02 1.971298642456531525e-02 1.780923828482627869e-02 2.087670192122459412e-02 2.572659403085708618e-02
9.900000000000000000e+01 6.121824303642485754e-01 9.652619808912277222e-02 1.420029788278043270e-03 3.033721446990966797e-02 1.963447220623493195e-02 1.772174239158630371e-02 2.079011499881744385e-02 2.568118646740913391e-02
1.000000000000000000e+02 5.999999999999999778e-01 9.520293027162551880e-02 1.342450850643217564e-03 3.016102500259876251e-02 1.955675892531871796e-02 1.763506047427654266e-02 2.070434577763080597e-02 2.563622780144214630e-02
1.010000000000000000e+02 5.881776296441525442e-01 9.391152113676071167e-02 1.269426429644227028e-03 2.998802065849304199e-02 1.947982050478458405e-02 1.754918880760669708e-02 2.061933092772960663e-02 2.559168450534343719e-02
1.020000000000000000e+02 5.767012687427912621e-01 9.265074878931045532e-02 1.200705766677856445e-03 2.981806173920631409e-02 1.940367743372917175e-02 1.746409572660923004e-02 2.053507603704929352e-02 2.554753236472606659e-02
1.030000000000000000e+02 5.655575454802526103e-01 9.141986072063446045e-02 1.136013772338628769e-03 2.965113334357738495e-02 1.932829804718494415e-02 1.737980730831623077e-02 2.045156992971897125e-02 2.550377696752548218e-02
1.040000000000000000e+02 5.547337278106508895e-01 9.021759033203125000e-02 1.075137988664209843e-03 2.948707528412342072e-02 1.925365440547466278e-02 1.729627884924411774e-02 2.036879397928714752e-02 2.546043321490287781e-02
1.050000000000000000e+02 5.442176870748299811e-01 8.904311060905456543e-02 1.017880043946206570e-03 2.932580932974815369e-02 1.917975954711437225e-02 1.721349917352199554e-02 2.028675936162471771e-02 2.541746385395526886e-02
1.060000000000000000e+02 5.339978640085439876e-01 8.789550513029098511e-02 9.640544303692877293e-04 2.916725352406501770e-02 1.910655573010444641e-02 1.713147573173046112e-02 2.020541951060295105e-02 2.537489309906959534e-02
1.070000000000000000e+02 5.240632369639269816e-01 8.677391707897186279e-02 9.135173168033361435e-04 2.901132218539714813e-02 1.903407089412212372e-02 1.705017499625682831e-02 2.012480236589908600e-02 2.533266879618167877e-02
1.080000000000000000e+02 5.144032921810699488e-01 8.567740023136138916e-02 8.660795283503830433e-04 2.885792590677738190e-02 1.896227709949016571e-02 1.696959882974624634e-02 2.004486508667469025e-02 2.529083751142024994e-02
1.090000000000000000e+02 5.050079959599360624e-01 8.460526913404464722e-02 8.216723217628896236e-04 2.870702184736728668e-02 1.889115758240222931e-02 1.688972860574722290e-02 1.996560581028461456e-02 2.524933032691478729e-02
1.100000000000000000e+02 4.958677685950413361e-01 8.355665951967239380e-02 7.801408064551651478e-04 2.855852432548999786e-02 1.882069557905197144e-02 1.681057550013065338e-02 1.988702081143856049e-02 2.520820870995521545e-02
1.110000000000000000e+02 4.869734599464329294e-01 8.253094553947448730e-02 7.413779967464506626e-04 2.841234020888805389e-02 1.875087991356849670e-02 1.673211902379989624e-02 1.980910636484622955e-02 2.516739815473556519e-02
1.120000000000000000e+02 4.783163265306122347e-01 8.152736723423004150e-02 7.052764995023608208e-04 2.826843783259391785e-02 1.868172921240329742e-02 1.665432192385196686e-02 1.973182149231433868e-02 2.512695640325546265e-02
1.130000000000000000e+02 4.698880100242775470e-01 8.054525405168533325e-02 6.717477808706462383e-04 2.812672406435012817e-02 1.861319318413734436e-02 1.657721400260925293e-02 1.965521089732646942e-02 2.508684992790222168e-02
1.140000000000000000e+02 4.616805170821791093e-01 7.958395034074783325e-02 6.406918400898575783e-04 2.798713929951190948e-02 1.854527555406093597e-02 1.650075055658817291e-02 1.957922056317329407e-02 2.504706941545009613e-02
1.150000000000000000e+02 4.536862003780718355e-01 7.864277809858322144e-02 6.119930185377597809e-04 2.784963324666023254e-02 1.847795210778713226e-02 1.642494276165962219e-02 1.950385794043540955e-02 2.500761672854423523e-02
1.160000000000000000e+02 4.458977407847800056e-01 7.772123813629150391e-02 5.855674389749765396e-04 2.771414071321487427e-02 1.841123402118682861e-02 1.634979061782360077e-02 1.942912116646766663e-02 2.496844902634620667e-02
1.170000000000000000e+02 4.383081306158229107e-01 7.681868970394134521e-02 5.613057292066514492e-04 2.758063003420829773e-02 1.834510453045368195e-02 1.627526246011257172e-02 1.935497671365737915e-02 2.492963336408138275e-02
1.180000000000000000e+02 4.309106578569376622e-01 7.593454420566558838e-02 5.390924634411931038e-04 2.744901180267333984e-02 1.827953197062015533e-02 1.620136387646198273e-02 1.928143762052059174e-02 2.489111572504043579e-02
1.190000000000000000e+02 4.236988913212343943e-01 7.506833225488662720e-02 5.188217619433999062e-04 2.731926180422306061e-02 1.821454800665378571e-02 1.612809114158153534e-02 1.920847781002521515e-02 2.485289797186851501e-02
1.200000000000000000e+02 4.166666666666666852e-01 7.421953976154327393e-02 5.003909463994204998e-04 2.719131484627723694e-02 1.815008930861949921e-02 1.605540700256824493e-02 1.913610473275184631e-02 2.481498010456562042e-02
1.210000000000000000e+02 4.098080732190423903e-01 7.338762283325195312e-02 4.837295564357191324e-04 2.706511691212654114e-02 1.808620430529117584e-02 1.598333194851875305e-02 1.906431093811988831e-02 2.477736398577690125e-02
1.220000000000000000e+02 4.031174415479709672e-01 7.257211208343505859e-02 4.686936445068567991e-04 2.694065496325492859e-02 1.802284270524978638e-02 1.591182872653007507e-02 1.899307221174240112e-02 2.474003657698631287e-02
1.230000000000000000e+02 3.965893317469760260e-01 7.177259773015975952e-02 4.551802994683384895e-04 2.681786939501762390e-02 1.796000637114048004e-02 1.584094204008579254e-02 1.892241463065147400e-02 2.470299415290355682e-02
1.240000000000000000e+02 3.902185223725286312e-01 7.098861038684844971e-02 4.431079432833939791e-04 2.669669315218925476e-02 1.789768412709236145e-02 1.577061787247657776e-02 1.885230839252471924e-02 2.466622926294803619e-02
1.250000000000000000e+02 3.840000000000000080e-01 7.021966576576232910e-02 4.323529719840735197e-04 2.657714672386646271e-02 1.783588342368602753e-02 1.570086553692817688e-02 1.878272369503974915e-02 2.462974563241004944e-02
1.260000000000000000e+02 3.779289493575208048e-01 6.946544349193572998e-02 4.228110483381897211e-04 2.645912207663059235e-02 1.777458377182483673e-02 1.563164778053760529e-02 1.871369965374469757e-02 2.459353208541870117e-02
1.270000000000000000e+02 3.720007440014880262e-01 6.872546672821044922e-02 4.143789701629430056e-04 2.634260803461074829e-02 1.771377772092819214e-02 1.556301303207874298e-02 1.864518597722053528e-02 2.455759793519973755e-02
1.280000000000000000e+02 3.662109375000000000e-01 6.799942255020141602e-02 4.069457645528018475e-04 2.622757479548454285e-02 1.765344105660915375e-02 1.549489609897136688e-02 1.857720874249935150e-02 2.452191710472106934e-02
1.290000000000000000e+02 3.605552550928429745e-01 6.728689372539520264e-02 4.004129150416702032e-04 2.611398324370384216e-02 1.759360171854496002e-02 1.542733702808618546e-02 1.850974373519420624e-02 2.448648773133754730e-02
1.300000000000000000e+02 3.550295857988165493e-01 6.658755987882614136e-02 3.946851065848022699e-04 2.600179612636566162e-02 1.753420196473598480e-02 1.536031533032655716e-02 1.844279095530509949e-02 2.445132844150066376e-02
1.310000000000000000e+02 3.496299749431851511e-01 6.590103358030319214e-02 3.896648995578289032e-04 2.589099667966365814e-02 1.747530885040760040e-02 1.529380213469266891e-02 1.837633922696113586e-02 2.441641315817832947e-02
1.320000000000000000e+02 3.443526170798897890e-01 6.522697210311889648e-02 3.852791851386427879e-04 2.578148804605007172e-02 1.741684786975383759e-02 1.522783748805522919e-02 1.831039413809776306e-02 2.438174374401569366e-02
1.330000000000000000e+02 3.391938492848662889e-01 6.456513702869415283e-02 3.814532246906310320e-04 2.567331306636333466e-02 1.735883206129074097e-02 1.516233477741479874e-02 1.824492402374744415e-02 2.434733137488365173e-02
1.340000000000000000e+02 3.341501447983960538e-01 6.391511112451553345e-02 3.781044215429574251e-04 2.556642889976501465e-02 1.730126701295375824e-02 1.509736664593219757e-02 1.817995496094226837e-02 2.431315369904041290e-02
1.350000000000000000e+02 3.292181069958847739e-01 6.327668577432632446e-02 3.751866461243480444e-04 2.546076849102973938e-02 1.724412292242050171e-02 1.503289863467216492e-02 1.811545342206954956e-02 2.427922748029232025e-02
1.360000000000000000e+02 3.243944636678200433e-01 6.264948844909667969e-02 3.726387803908437490e-04 2.535633370280265808e-02 1.718742027878761292e-02 1.496893167495727539e-02 1.805143058300018311e-02 2.424554340541362762e-02
1.370000000000000000e+02 3.196760615909212122e-01 6.203332915902137756e-02 3.704059054143726826e-04 2.525310963392257690e-02 1.713112927973270416e-02 1.490542944520711899e-02 1.798789761960506439e-02 2.421206608414649963e-02
1.380000000000000000e+02 3.150598613736609876e-01 6.142784655094146729e-02 3.684586845338344574e-04 2.515103481709957123e-02 1.707527413964271545e-02 1.484242547303438187e-02 1.792480237782001495e-02 2.417883463203907013e-02
1.390000000000000000e+02 3.105429325604264768e-01 6.083284318447113037e-02 3.667426935862749815e-04 2.505009248852729797e-02 1.701981388032436371e-02 1.477991696447134018e-02 1.786217279732227325e-02 2.414583601057529449e-02
1.400000000000000000e+02 3.061224489795918435e-01 6.024802103638648987e-02 3.652294690255075693e-04 2.495028078556060791e-02 1.696475222706794739e-02 1.471784524619579315e-02 1.779999956488609314e-02 2.411303296685218811e-02
1.410000000000000000e+02 3.017956843217142193e-01 5.967311188578605652e-02 3.638723283074796200e-04 2.485155686736106873e-02 1.691009476780891418e-02 1.465625315904617310e-02 1.773826591670513153e-02 2.408048510551452637e-02
1.420000000000000000e+02 2.975600079349335347e-01 5.910791084170341492e-02 3.626463294494897127e-04 2.475389838218688965e-02 1.685583777725696564e-02 1.459511183202266693e-02 1.767696999013423920e-02 2.404812909662723541e-02
1.430000000000000000e+02 2.934128808254682363e-01 5.855224281549453735e-02 3.615361056290566921e-04 2.465729042887687683e-02 1.680196076631546021e-02 1.453441567718982697e-02 1.761610992252826691e-02 2.401598170399665833e-02
1.440000000000000000e+02 2.893518518518518601e-01 5.800577998161315918e-02 3.605049278121441603e-04 2.456168830394744873e-02 1.674847491085529327e-02 1.447419170290231705e-02 1.755568012595176697e-02 2.398406527936458588e-02
1.450000000000000000e+02 2.853745541022592036e-01 5.746833607554435730e-02 3.595230227801948786e-04 2.446712739765644073e-02 1.669535599648952484e-02 1.441439148038625717e-02 1.749567873775959015e-02 2.395235002040863037e-02
1.460000000000000000e+02 2.814787014449239844e-01 5.693975463509559631e-02 3.585712693165987730e-04 2.437351457774639130e-02 1.664261519908905029e-02 1.435504108667373657e-02 1.743609271943569183e-02 2.392083965241909027e-02
1.470000000000000000e+02 2.776620852422601593e-01 5.641978979110717773e-02 3.576467279344797134e-04 2.428087778389453888e-02 1.659022457897663116e-02 1.429612655192613602e-02 1.737692207098007202e-02 2.388952113687992096e-02
1.480000000000000000e+02 2.739225712198685159e-01 5.590821057558059692e-02 3.567051317077130079e-04 2.418917231261730194e-02 1.653819903731346130e-02 1.423762645572423935e-02 1.731815561652183533e-02 2.385841123759746552e-02
1.490000000000000000e+02 2.702580964821404419e-01 5.540488660335540771e-02 3.557422605808824301e-04 2.409839443862438202e-02 1.648654974997043610e-02 1.417955849319696426e-02 1.725982129573822021e-02 2.382749132812023163e-02
1.500000000000000000e+02 2.666666666666666630e-01 5.490957200527191162e-02 3.547313390299677849e-04 2.400851994752883911e-02 1.643523946404457092e-02 1.412189938127994537e-02 1.720186695456504822e-02 2.379676140844821930e-02
1.510000000000000000e+02 2.631463532301214769e-01 5.442214384675025940e-02 3.536537114996463060e-04 2.391953393816947937e-02 1.638427935540676117e-02 1.406466215848922729e-02 1.714431121945381165e-02 2.376624755561351776e-02
1.520000000000000000e+02 2.596952908587257802e-01 5.394235998392105103e-02 3.524587664287537336e-04 2.383141219615936279e-02 1.633367314934730530e-02 1.400781702250242233e-02 1.708715222775936127e-02 2.373590506613254547e-02
1.530000000000000000e+02 2.563116749967960795e-01 5.347007513046264648e-02 3.511508693918585777e-04 2.374414727091789246e-02 1.628338731825351715e-02 1.395139377564191818e-02 1.703038252890110016e-02 2.370576001703739166e-02
1.540000000000000000e+02 2.529937594872659901e-01 5.300520360469818115e-02 3.497046418488025665e-04 2.365770563483238220e-02 1.623344235122203827e-02 1.389537565410137177e-02 1.697399839758872986e-02 2.367580868303775787e-02
1.550000000000000000e+02 2.497398543184183028e-01 5.254747346043586731e-02 3.481198800727725029e-04 2.357208542525768280e-02 1.618382707238197327e-02 1.383972540497779846e-02 1.691800169646739960e-02 2.364600822329521179e-02
1.560000000000000000e+02 2.465483234714004046e-01 5.209673196077346802e-02 3.463441680651158094e-04 2.348727546632289886e-02 1.613454148173332214e-02 1.378448866307735443e-02 1.686236821115016937e-02 2.361642941832542419e-02
1.570000000000000000e+02 2.434175828634021765e-01 5.165292695164680481e-02 3.443888854235410690e-04 2.340324781835079193e-02 1.608558185398578644e-02 1.372961979359388351e-02 1.680709794163703918e-02 2.358701452612876892e-02
1.580000000000000000e+02 2.403460983816695928e-01 5.121580138802528381e-02 3.422349691390991211e-04 2.332000248134136200e-02 1.603690907359123230e-02 1.367514207959175110e-02 1.675220951437950134e-02 2.355777472257614136e-02
1.590000000000000000e+02 2.373323840037973309e-01 5.078526958823204041e-02 3.398769476916640997e-04 2.323753200471401215e-02 1.598858088254928589e-02 1.362104713916778564e-02 1.669767685234546661e-02 2.352871932089328766e-02
1.600000000000000000e+02 2.343750000000000000e-01 5.036120116710662842e-02 3.372773644514381886e-04 2.315577492117881775e-02 1.594054512679576874e-02 1.356730796396732330e-02 1.664350368082523346e-02 2.349982038140296936e-02
1.610000000000000000e+02 2.314725512133019580e-01 4.994340986013412476e-02 3.344688448123633862e-04 2.307475917041301727e-02 1.589283905923366547e-02 1.351395715028047562e-02 1.658968813717365265e-02 2.347110211849212646e-02
1.620000000000000000e+02 2.286236854138088692e-01 4.953178390860557556e-02 3.314373898319900036e-04 2.299446053802967072e-02 1.584540307521820068e-02 1.346096303313970566e-02 1.653620973229408264e-02 2.344253659248352051e-02
1.630000000000000000e+02 2.258270917234370956e-01 4.912620037794113159e-02 3.281593089923262596e-04 2.291485294699668884e-02 1.579828746616840363e-02 1.340833771973848343e-02 1.648308336734771729e-02 2.341416105628013611e-02
1.640000000000000000e+02 2.230814991076739973e-01 4.872656986117362976e-02 3.246722917538136244e-04 2.283595502376556396e-02 1.575145311653614044e-02 1.335606165230274200e-02 1.643031649291515350e-02 2.338592521846294403e-02
1.650000000000000000e+02 2.203856749311294827e-01 4.833268746733665466e-02 3.209584101568907499e-04 2.275774255394935608e-02 1.570490933954715729e-02 1.330413483083248138e-02 1.637788116931915283e-02 2.335787564516067505e-02
1.660000000000000000e+02 2.177384235738133167e-01 4.794452711939811707e-02 3.170269483234733343e-04 2.268017455935478210e-02 1.565866731107234955e-02 1.325256843119859695e-02 1.632578857243061066e-02 2.332998253405094147e-02
1.670000000000000000e+02 2.151385851052386167e-01 4.756187647581100464e-02 3.129015967715531588e-04 2.260326966643333435e-02 1.561270188540220261e-02 1.320134662091732025e-02 1.627401635050773621e-02 2.330222912132740021e-02
1.680000000000000000e+02 2.125850340136054284e-01 4.718472436070442200e-02 3.085820935666561127e-04 2.252701856195926666e-02 1.556701585650444031e-02 1.315047591924667358e-02 1.622257567942142487e-02 2.327464893460273743e-02
1.690000000000000000e+02 2.100766779874654322e-01 4.681286215782165527e-02 3.040726296603679657e-04 2.245140634477138519e-02 1.552160456776618958e-02 1.309993397444486618e-02 1.617147400975227356e-02 2.324721962213516235e-02
1.700000000000000000e+02 2.076124567474048332e-01 4.644626751542091370e-02 2.993962552864104509e-04 2.237641997635364532e-02 1.547647453844547272e-02 1.304972916841506958e-02 1.612069085240364075e-02 2.321994118392467499e-02
1.710000000000000000e+02 2.051913409254129406e-01 4.608477279543876648e-02 2.945691230706870556e-04 2.230203337967395782e-02 1.543160807341337204e-02 1.299985218793153763e-02 1.607020758092403412e-02 2.319283038377761841e-02
1.720000000000000000e+02 2.028123309897241766e-01 4.572833329439163208e-02 2.896033693104982376e-04 2.222825028002262115e-02 1.538701634854078293e-02 1.295032072812318802e-02 1.602005586028099060e-02 2.316585369408130646e-02
1.730000000000000000e+02 2.004744562130375274e-01 4.537678509950637817e-02 2.844991686288267374e-04 2.215506136417388916e-02 1.534269098192453384e-02 1.290110684931278229e-02 1.597023382782936096e-02 2.313903346657752991e-02
1.740000000000000000e+02 1.981767736821244685e-01 4.503011330962181091e-02 2.792815794236958027e-04 2.208246104419231415e-02 1.529862079769372940e-02 1.285221800208091736e-02 1.592068560421466827e-02 2.311235852539539337e-02
1.750000000000000000e+02 1.959183673469387654e-01 4.468816891312599182e-02 2.739672490861266851e-04 2.201045304536819458e-02 1.525481604039669037e-02 1.280364487320184708e-02 1.587148196995258331e-02 2.308581396937370300e-02
1.760000000000000000e+02 1.936983471074380236e-01 4.435084015130996704e-02 2.685672370716929436e-04 2.193897403776645660e-02 1.521125622093677521e-02 1.275538653135299683e-02 1.582254841923713684e-02 2.305944822728633881e-02
1.770000000000000000e+02 1.915158479364167388e-01 4.401808977127075195e-02 2.630922826938331127e-04 2.186808362603187561e-02 1.516795437783002853e-02 1.270744949579238892e-02 1.577392406761646271e-02 2.303319238126277924e-02
1.780000000000000000e+02 1.893700290367377748e-01 4.368979483842849731e-02 2.575615944806486368e-04 2.179772220551967621e-02 1.512491144239902496e-02 1.265982259064912796e-02 1.572562009096145630e-02 2.300710789859294891e-02
1.790000000000000000e+02 1.872600730314284700e-01 4.336586967110633850e-02 2.519893751014024019e-04 2.172788791358470917e-02 1.508209481835365295e-02 1.261250209063291550e-02 1.567758619785308838e-02 2.298112586140632629e-02
1.800000000000000000e+02 1.851851851851851749e-01 4.304628819227218628e-02 2.463988203089684248e-04 2.165861427783966064e-02 1.503953617066144943e-02 1.256548706442117691e-02 1.562985964119434357e-02 2.295530587434768677e-02
1.810000000000000000e+02 1.831445926559018278e-01 4.273087158799171448e-02 2.407779538771137595e-04 2.158983983099460602e-02 1.499722804874181747e-02 1.251877658069133759e-02 1.558241900056600571e-02 2.292960323393344879e-02
1.820000000000000000e+02 1.811375437749064010e-01 4.241962358355522156e-02 2.351445873500779271e-04 2.152158692479133606e-02 1.495515648275613785e-02 1.247235108166933060e-02 1.553525496274232864e-02 2.290404774248600006e-02
1.830000000000000000e+02 1.791633073546537724e-01 4.211245849728584290e-02 2.295228186994791031e-04 2.145383879542350769e-02 1.491329912096261978e-02 1.242622733116149902e-02 1.548838987946510315e-02 2.287861146032810211e-02
1.840000000000000000e+02 1.772211720226843090e-01 4.180923476815223694e-02 2.239056339021772146e-04 2.138659358024597168e-02 1.487170904874801636e-02 1.238039415329694748e-02 1.544178463518619537e-02 2.285332046449184418e-02
1.850000000000000000e+02 1.753104455807158457e-01 4.150996357202529907e-02 2.183133765356615186e-04 2.131983824074268341e-02 1.483033318072557449e-02 1.233487110584974289e-02 1.539547089487314224e-02 2.282815799117088318e-02
1.860000000000000000e+02 1.734304543877905058e-01 4.121449962258338928e-02 2.127655025105923414e-04 2.125355787575244904e-02 1.478918176144361496e-02 1.228961441665887833e-02 1.534942537546157837e-02 2.280311100184917450e-02
1.870000000000000000e+02 1.715805427664502947e-01 4.092285409569740295e-02 2.072616189252585173e-04 2.118775807321071625e-02 1.474826969206333160e-02 1.224464178085327148e-02 1.530365739017724991e-02 2.277820557355880737e-02
1.880000000000000000e+02 1.697600724309642484e-01 4.063485935330390930e-02 2.018037048401311040e-04 2.112243697047233582e-02 1.470758579671382904e-02 1.219995692372322083e-02 1.525816507637500763e-02 2.275342121720314026e-02
1.890000000000000000e+02 1.679684219366759101e-01 4.035054519772529602e-02 1.964023540494963527e-04 2.105757035315036774e-02 1.466710865497589111e-02 1.215554587543010712e-02 1.521293446421623230e-02 2.272875979542732239e-02
1.900000000000000000e+02 1.662049861495844827e-01 4.006978124380111694e-02 1.910752907861024141e-04 2.099315449595451355e-02 1.462686900049448013e-02 1.211141422390937805e-02 1.516797393560409546e-02 2.270422317087650299e-02
1.910000000000000000e+02 1.644691757353142769e-01 3.979254886507987976e-02 1.858250907389447093e-04 2.092919126152992249e-02 1.458683516830205917e-02 1.206756848841905594e-02 1.512328349053859711e-02 2.267982065677642822e-02
1.920000000000000000e+02 1.627604166666666574e-01 3.951872885227203369e-02 1.806589425541460514e-04 2.086567506194114685e-02 1.454701460897922516e-02 1.202397979795932770e-02 1.507883332669734955e-02 2.265552803874015808e-02
1.930000000000000000e+02 1.610781497489865433e-01 3.924831748008728027e-02 1.755832490744069219e-04 2.080259844660758972e-02 1.450742781162261963e-02 1.198066584765911102e-02 1.503465138375759125e-02 2.263135462999343872e-02
1.940000000000000000e+02 1.594218301626102730e-01 3.898121416568756104e-02 1.706014299998059869e-04 2.073994092643260956e-02 1.446802914142608643e-02 1.193761825561523438e-02 1.499072741717100143e-02 2.260729484260082245e-02
1.950000000000000000e+02 1.577909270216962534e-01 3.871741145849227905e-02 1.657399552641436458e-04 2.067771740257740021e-02 1.442885398864746094e-02 1.189482584595680237e-02 1.494706142693758011e-02 2.258336916565895081e-02
1.960000000000000000e+02 1.561849229487713431e-01 3.845677152276039124e-02 1.609815953997895122e-04 2.061591856181621552e-02 1.438988931477069855e-02 1.185229327529668808e-02 1.490362919867038727e-02 2.255954593420028687e-02
1.970000000000000000e+02 1.546033136643562012e-01 3.819931298494338989e-02 1.563338155392557383e-04 2.055450901389122009e-02 1.435112394392490387e-02 1.181002706289291382e-02 1.486045960336923599e-02 2.253584004938602448e-02
1.980000000000000000e+02 1.530456075910621438e-01 3.794496133923530579e-02 1.518166245659813285e-04 2.049353159964084625e-02 1.431255694478750229e-02 1.176802348345518112e-02 1.481754705309867859e-02 2.251223661005496979e-02
1.990000000000000000e+02 1.515113254715790003e-01 3.769365698099136353e-02 1.474290038459002972e-04 2.043294161558151245e-02 1.427418831735849380e-02 1.172627415508031845e-02 1.477484777569770813e-02 2.248877100646495819e-02
2.000000000000000000e+02 1.499999999999999944e-01 3.744530677795410156e-02 1.431672426406294107e-04 2.037273347377777100e-02 1.423604134470224380e-02 1.168478094041347504e-02 1.473239623010158539e-02 2.246540226042270660e-02
2.010000000000000000e+02 1.485111754659538263e-01 3.719995915889739990e-02 1.390448014717549086e-04 2.031291835010051727e-02 1.419807970523834229e-02 1.164351496845483780e-02 1.469020266085863113e-02 2.244214341044425964e-02
2.020000000000000000e+02 1.470444074110381361e-01 3.695745021104812622e-02 1.350534876110032201e-04 2.025351859629154205e-02 1.416029781103134155e-02 1.160250790417194366e-02 1.464824192225933075e-02 2.241898514330387115e-02
2.030000000000000000e+02 1.455992622970710415e-01 3.671782463788986206e-02 1.311926607741042972e-04 2.019447088241577148e-02 1.412271521985530853e-02 1.156175509095191956e-02 1.460650656372308731e-02 2.239596843719482422e-02
2.040000000000000000e+02 1.441753171856978155e-01 3.648098185658454895e-02 1.275001122849062085e-04 2.013582177460193634e-02 1.408534776419401169e-02 1.152123603969812393e-02 1.456501521170139313e-02 2.237302623689174652e-02
2.050000000000000000e+02 1.427721594289113605e-01 3.624688833951950073e-02 1.239381235791370273e-04 2.007753588259220123e-02 1.404814142733812332e-02 1.148096378892660141e-02 1.452375855296850204e-02 2.235020138323307037e-02
2.060000000000000000e+02 1.413893863700631526e-01 3.601549938321113586e-02 1.205177686642855406e-04 2.001960389316082001e-02 1.401114370673894882e-02 1.144092623144388199e-02 1.448271702975034714e-02 2.232747524976730347e-02
2.070000000000000000e+02 1.400266050549604513e-01 3.578677773475646973e-02 1.172450211015529931e-04 1.996203698217868805e-02 1.397432480007410049e-02 1.140111219137907028e-02 1.444192789494991302e-02 2.230487577617168427e-02
2.080000000000000000e+02 1.386834319526627224e-01 3.556066751480102539e-02 1.141132233897224069e-04 1.990481838583946228e-02 1.393769029527902603e-02 1.136155892163515091e-02 1.440133620053529739e-02 2.228235639631748199e-02
2.090000000000000000e+02 1.373594926856070153e-01 3.533714637160301208e-02 1.111093151848763227e-04 1.984796859323978424e-02 1.390124298632144928e-02 1.132222265005111694e-02 1.436096709221601486e-02 2.225993946194648743e-02
2.100000000000000000e+02 1.360544217687074953e-01 3.511613607406616211e-02 1.082631933968514204e-04 1.979145035147666931e-02 1.386497169733047485e-02 1.128311920911073685e-02 1.432084199041128159e-02 2.223764173686504364e-02
2.110000000000000000e+02 1.347678623570899015e-01 3.489761427044868469e-02 1.055575266946107149e-04 1.973527669906616211e-02 1.382889691740274429e-02 1.124425604939460754e-02 1.428093016147613525e-02 2.221543900668621063e-02
2.120000000000000000e+02 1.334994660021359969e-01 3.468155488371849060e-02 1.029789709718897939e-04 1.967946067452430725e-02 1.379298046231269836e-02 1.120561081916093826e-02 1.424122694879770279e-02 2.219332754611968994e-02
2.130000000000000000e+02 1.322488924155260093e-01 3.446790575981140137e-02 1.005391241051256657e-04 1.962395571172237396e-02 1.375724375247955322e-02 1.116719748824834824e-02 1.420173048973083496e-02 2.217131480574607849e-02
2.140000000000000000e+02 1.310158092409817454e-01 3.425662592053413391e-02 9.821694402489811182e-05 1.956879720091819763e-02 1.372167561203241348e-02 1.112899370491504669e-02 1.416246965527534485e-02 2.214940823614597321e-02
2.150000000000000000e+02 1.297998918334234697e-01 3.404768556356430054e-02 9.602944919606670737e-05 1.951395533978939056e-02 1.368629373610019684e-02 1.109100971370935440e-02 1.412340719252824783e-02 2.212758734822273254e-02
2.160000000000000000e+02 1.286008230452674872e-01 3.384104743599891663e-02 9.394269000040367246e-05 1.945943385362625122e-02 1.365106273442506790e-02 1.105325762182474136e-02 1.408455986529588699e-02 2.210587076842784882e-02
2.170000000000000000e+02 1.274182930196011698e-01 3.363668546080589294e-02 9.199464693665504456e-05 1.940524578094482422e-02 1.361602917313575745e-02 1.101571600884199142e-02 1.404593233019113541e-02 2.208425290882587433e-02
2.180000000000000000e+02 1.262519989899840156e-01 3.343451768159866333e-02 9.015782416099682450e-05 1.935134083032608032e-02 1.358114741742610931e-02 1.097840536385774612e-02 1.400749664753675461e-02 2.206272445619106293e-02
2.190000000000000000e+02 1.251016450866328789e-01 3.323456272482872009e-02 8.841438102535903454e-05 1.929778046905994415e-02 1.354644168168306351e-02 1.094129495322704315e-02 1.396927051246166229e-02 2.204130031168460846e-02
2.200000000000000000e+02 1.239669421487603340e-01 3.303675726056098938e-02 8.677256118971854448e-05 1.924452185630798340e-02 1.351189427077770233e-02 1.090439036488533020e-02 1.393126416951417923e-02 2.201996557414531708e-02
2.210000000000000000e+02 1.228476075428431014e-01 3.284107521176338196e-02 8.523096039425581694e-05 1.919154077768325806e-02 1.347751915454864502e-02 1.086770370602607727e-02 1.389344036579132080e-02 2.199870161712169647e-02
2.220000000000000000e+02 1.217433649866082324e-01 3.264746814966201782e-02 8.378112397622317076e-05 1.913888193666934967e-02 1.344329584389925003e-02 1.083122845739126205e-02 1.385582610964775085e-02 2.197753638029098511e-02
2.230000000000000000e+02 1.206539443785316357e-01 3.245594725012779236e-02 8.242634794441983104e-05 1.908651925623416901e-02 1.340925320982933044e-02 1.079494040459394455e-02 1.381838973611593246e-02 2.195647358894348145e-02
2.240000000000000000e+02 1.195790816326530587e-01 3.226643428206443787e-02 8.116537355817854404e-05 1.903443969786167145e-02 1.337535586208105087e-02 1.075888611376285553e-02 1.378117222338914871e-02 2.193550392985343933e-02
2.250000000000000000e+02 1.185185185185185230e-01 3.207890689373016357e-02 7.997267675818875432e-05 1.898266002535820007e-02 1.334161777049303055e-02 1.072302181273698807e-02 1.374414283782243729e-02 2.191462181508541107e-02
2.260000000000000000e+02 1.174720025060693868e-01 3.189336508512496948e-02 7.884664955781772733e-05 1.893115602433681488e-02 1.330804824829101562e-02 1.068735495209693909e-02 1.370731648057699203e-02 2.189380116760730743e-02
2.270000000000000000e+02 1.164392866153040051e-01 3.170976787805557251e-02 7.780739542795345187e-05 1.887994445860385895e-02 1.327463146299123764e-02 1.065189018845558167e-02 1.367067545652389526e-02 2.187309600412845612e-02
2.280000000000000000e+02 1.154201292705447773e-01 3.152805566787719727e-02 7.683737931074574590e-05 1.882901601493358612e-02 1.324136275798082352e-02 1.061661075800657272e-02 1.363421045243740082e-02 2.185246907174587250e-02
2.290000000000000000e+02 1.144142941591502899e-01 3.134823217988014221e-02 7.593660120619460940e-05 1.877836510539054871e-02 1.320824585855007172e-02 1.058155857026576996e-02 1.359796244651079178e-02 2.183192968368530273e-02
2.300000000000000000e+02 1.134215500945179589e-01 3.117024712264537811e-02 7.509616989409551024e-05 1.872799731791019440e-02 1.317528542131185532e-02 1.054667122662067413e-02 1.356188487261533737e-02 2.181148156523704529e-02
2.310000000000000000e+02 1.124416708832293305e-01 3.099410980939865112e-02 7.430724508594721556e-05 1.867787167429924011e-02 1.314247958362102509e-02 1.051199715584516525e-02 1.352599728852510452e-02 2.179110050201416016e-02
2.320000000000000000e+02 1.114744351961950014e-01 3.081973828375339508e-02 7.356946298386901617e-05 1.862804032862186432e-02 1.310981251299381256e-02 1.047750003635883331e-02 1.349028013646602631e-02 2.177080325782299042e-02
2.330000000000000000e+02 1.105196264436626163e-01 3.064715489745140076e-02 7.289396307896822691e-05 1.857846044003963470e-02 1.307730749249458313e-02 1.044320315122604370e-02 1.345475856214761734e-02 2.175059914588928223e-02
2.340000000000000000e+02 1.095770326539557277e-01 3.047629445791244507e-02 7.226084562717005610e-05 1.852915622293949127e-02 1.304493565112352371e-02 1.040908880531787872e-02 1.341941952705383301e-02 2.173047512769699097e-02
2.350000000000000000e+02 1.086464463558171056e-01 3.030717000365257263e-02 7.166849536588415504e-05 1.848008856177330017e-02 1.301272213459014893e-02 1.037516351789236069e-02 1.338425371795892715e-02 2.171043865382671356e-02
2.360000000000000000e+02 1.077276644642344156e-01 3.013975359499454498e-02 7.112276944098994136e-05 1.843128912150859833e-02 1.298064738512039185e-02 1.034143008291721344e-02 1.334926765412092209e-02 2.169046737253665924e-02
2.370000000000000000e+02 1.068204881696309394e-01 2.997396513819694519e-02 7.059880590531975031e-05 1.838273927569389343e-02 1.294872723519802094e-02 1.030787825584411621e-02 1.331445947289466858e-02 2.167058549821376801e-02
2.380000000000000000e+02 1.059247228303085986e-01 2.980984374880790710e-02 7.012341666268184781e-05 1.833444461226463318e-02 1.291692815721035004e-02 1.027450710535049438e-02 1.327983755618333817e-02 2.165077254176139832e-02
2.390000000000000000e+02 1.050401778680345177e-01 2.964735403656959534e-02 6.966823275433853269e-05 1.828642748296260834e-02 1.288527902215719223e-02 1.024132221937179565e-02 1.324537023901939392e-02 2.163106761872768402e-02
2.400000000000000000e+02 1.041666666666666713e-01 2.948642894625663757e-02 6.924132321728393435e-05 1.823861524462699890e-02 1.285377237945795059e-02 1.020831055939197540e-02 1.321108732372522354e-02 2.161140553653240204e-02
2.410000000000000000e+02 1.033040064737177355e-01 2.932708896696567535e-02 6.882473826408386230e-05 1.819106936454772949e-02 1.282241847366094589e-02 1.017548050731420517e-02 1.317696366459131241e-02 2.159184031188488007e-02
2.420000000000000000e+02 1.024520183047605976e-01 2.916930615901947021e-02 6.844744348200038075e-05 1.814375631511211395e-02 1.279118191450834274e-02 1.014283206313848495e-02 1.314301416277885437e-02 2.157235704362392426e-02
2.430000000000000000e+02 1.016105268505817227e-01 2.901304513216018677e-02 6.806368764955550432e-05 1.809667982161045074e-02 1.276009529829025269e-02 1.011035311967134476e-02 1.310924720019102097e-02 2.155294083058834076e-02
2.440000000000000000e+02 1.007793603869927418e-01 2.885829657316207886e-02 6.769636092940345407e-05 1.804985292255878448e-02 1.272913254797458649e-02 1.007805857807397842e-02 1.307563669979572296e-02 2.153359912335872650e-02
2.450000000000000000e+02 9.995835068721366234e-02 2.870503626763820648e-02 6.733098416589200497e-05 1.800324395298957825e-02 1.269831880927085876e-02 1.004592794924974442e-02 1.304219476878643036e-02 2.151433005928993225e-02
2.460000000000000000e+02 9.914733293674400649e-02 2.855323255062103271e-02 6.696882337564602494e-05 1.795687712728977203e-02 1.266761776059865952e-02 1.001396868377923965e-02 1.300890371203422546e-02 2.149514295160770416e-02
2.470000000000000000e+02 9.834614565064170311e-02 2.840288914740085602e-02 6.662026135018095374e-05 1.791073381900787354e-02 1.263705547899007797e-02 9.982188232243061066e-03 1.297579891979694366e-02 2.147601731121540070e-02
2.480000000000000000e+02 9.755463059313215779e-02 2.825396135449409485e-02 6.625477544730529189e-05 1.786482147872447968e-02 1.260664127767086029e-02 9.950569830834865570e-03 1.294283382594585419e-02 2.145697921514511108e-02
2.490000000000000000e+02 9.677263269947258828e-02 2.810643613338470459e-02 6.589210534002631903e-05 1.781912706792354584e-02 1.257634535431861877e-02 9.919113479554653168e-03 1.291004009544849396e-02 2.143800258636474609e-02
2.500000000000000000e+02 9.600000000000000200e-02 2.796029858291149139e-02 6.551956903422251344e-05 1.777367666363716125e-02 1.254618633538484573e-02 9.887827560305595398e-03 1.287741120904684067e-02 2.141909860074520111e-02
2.510000000000000000e+02 9.523658354629291334e-02 2.781553938984870911e-02 6.512896652566269040e-05 1.772841066122055054e-02 1.251615025103092194e-02 9.856713004410266876e-03 1.284493505954742432e-02 2.140027843415737152e-02
2.520000000000000000e+02 9.448223733938020119e-02 2.767210826277732849e-02 6.472988752648234367e-05 1.768338121473789215e-02 1.248624082654714584e-02 9.825764223933219910e-03 1.281260699033737183e-02 2.138152346014976501e-02
2.530000000000000000e+02 9.373681825993220029e-02 2.753003314137458801e-02 6.431135989259928465e-05 1.763857901096343994e-02 1.245646178722381592e-02 9.794965386390686035e-03 1.278046332299709320e-02 2.136284671723842621e-02
2.540000000000000000e+02 9.300018600037200656e-02 2.738925628364086151e-02 6.388883775798603892e-05 1.759398728609085083e-02 1.242681033909320831e-02 9.764337912201881409e-03 1.274845190346240997e-02 2.134423702955245972e-02
2.550000000000000000e+02 9.227220299884660026e-02 2.724975161254405975e-02 6.342808046611025929e-05 1.754959486424922943e-02 1.239727810025215149e-02 9.733877144753932953e-03 1.271659694612026215e-02 2.132567763328552246e-02
2.560000000000000000e+02 9.155273437500000000e-02 2.711155079305171967e-02 6.295873026829212904e-05 1.750542037189006805e-02 1.236787904053926468e-02 9.703558869659900665e-03 1.268489379435777664e-02 2.130719274282455444e-02
2.570000000000000000e+02 9.084164786749231169e-02 2.697459422051906586e-02 6.245873373700305820e-05 1.746144518256187439e-02 1.233858987689018250e-02 9.673423133790493011e-03 1.265335083007812500e-02 2.128879539668560028e-02
2.580000000000000000e+02 9.013881377321074362e-02 2.683890238404273987e-02 6.194557499838992953e-05 1.741768047213554382e-02 1.230943668633699417e-02 9.643415920436382294e-03 1.262195222079753876e-02 2.127045392990112305e-02
2.590000000000000000e+02 8.944410488812033766e-02 2.670440636575222015e-02 6.140589539427310228e-05 1.737412437796592712e-02 1.228039432317018509e-02 9.613599628210067749e-03 1.259069796651601791e-02 2.125217206776142120e-02
2.600000000000000000e+02 8.875739644970413733e-02 2.657114714384078979e-02 6.083422704250551760e-05 1.733077131211757660e-02 1.225146837532520294e-02 9.583900682628154755e-03 1.255959458649158478e-02 2.123397402465343475e-02
2.610000000000000000e+02 8.807856608094420670e-02 2.643905393779277802e-02 6.026153278071433306e-05 1.728760451078414917e-02 1.222267094999551773e-02 9.554374963045120239e-03 1.252863835543394089e-02 2.121581323444843292e-02
2.620000000000000000e+02 8.740749373579628778e-02 2.630815282464027405e-02 5.965505624772049487e-05 1.724466122686862946e-02 1.219398528337478638e-02 9.524993598461151123e-03 1.249782834202051163e-02 2.119774185121059418e-02
2.630000000000000000e+02 8.674406164611314640e-02 2.617842517793178558e-02 5.902634438825771213e-05 1.720189861953258514e-02 1.216543558984994888e-02 9.495764039456844330e-03 1.246716640889644623e-02 2.117974124848842621e-02
2.640000000000000000e+02 8.608815426997244724e-02 2.604982070624828339e-02 5.838820288772694767e-05 1.715934090316295624e-02 1.213697064667940140e-02 9.466701187193393707e-03 1.243664789944887161e-02 2.116179652512073517e-02
2.650000000000000000e+02 8.543965824136703913e-02 2.592235431075096130e-02 5.771801806986331940e-05 1.711697503924369812e-02 1.210864912718534470e-02 9.437762200832366943e-03 1.240627281367778778e-02 2.114390581846237183e-02
2.660000000000000000e+02 8.479846232121657224e-02 2.579601481556892395e-02 5.702798080164939165e-05 1.707477681338787079e-02 1.208043191581964493e-02 9.408986195921897888e-03 1.237604115158319473e-02 2.112608589231967926e-02
2.670000000000000000e+02 8.416445734966124248e-02 2.567077241837978363e-02 5.633026012219488621e-05 1.703279092907905579e-02 1.205233111977577209e-02 9.380348958075046539e-03 1.234594639390707016e-02 2.110834419727325439e-02
2.680000000000000000e+02 8.353753619959901344e-02 2.554661594331264496e-02 5.561788566410541534e-05 1.699099130928516388e-02 1.202434208244085312e-02 9.351870976388454437e-03 1.231600157916545868e-02 2.109062857925891876e-02
2.690000000000000000e+02 8.291759373142991441e-02 2.542355842888355255e-02 5.488698661793023348e-05 1.694937795400619507e-02 1.199646480381488800e-02 9.323516860604286194e-03 1.228619180619716644e-02 2.107301726937294006e-02
2.700000000000000000e+02 8.230452674897119347e-02 2.530152350664138794e-02 5.414916813606396317e-05 1.690795086324214935e-02 1.196869555860757828e-02 9.295327588915824890e-03 1.225650124251842499e-02 2.105544507503509521e-02
2.710000000000000000e+02 8.169823395650931130e-02 2.518054656684398651e-02 5.339782364899292588e-05 1.686671935021877289e-02 1.194105111062526703e-02 9.267264045774936676e-03 1.222695969045162201e-02 2.103794366121292114e-02
2.720000000000000000e+02 8.109861591695501082e-02 2.506063133478164673e-02 5.263588900561444461e-05 1.682564057409763336e-02 1.191351562738418579e-02 9.239358827471733093e-03 1.219755411148071289e-02 2.102048695087432861e-02
2.730000000000000000e+02 8.050557501106951619e-02 2.494171261787414551e-02 5.186709677218459547e-05 1.678476110100746155e-02 1.188607234507799149e-02 9.211581200361251831e-03 1.216828543692827225e-02 2.100310474634170532e-02
2.740000000000000000e+02 7.991901539773030305e-02 2.482380904257297516e-02 5.108867117087356746e-05 1.674404554069042206e-02 1.185874734073877335e-02 9.183946065604686737e-03 1.213915739208459854e-02 2.098578587174415588e-02
2.750000000000000000e+02 7.933884297520661655e-02 2.470689453184604645e-02 5.030845932196825743e-05 1.670351997017860413e-02 1.183153782039880753e-02 9.156454354524612427e-03 1.211015041917562485e-02 2.096851915121078491e-02
2.760000000000000000e+02 7.876496534341524691e-02 2.459096349775791168e-02 4.953184907208196819e-05 1.666316017508506775e-02 1.180441677570343018e-02 9.129095822572708130e-03 1.208129618316888809e-02 2.095131762325763702e-02
2.770000000000000000e+02 7.819729176712846008e-02 2.447600476443767548e-02 4.874370279139839113e-05 1.662297546863555908e-02 1.177741773426532745e-02 9.101871401071548462e-03 1.205254159867763519e-02 2.093416452407836914e-02
2.780000000000000000e+02 7.763573314010661919e-02 2.436200715601444244e-02 4.796299617737531662e-05 1.658298261463642120e-02 1.175052113831043243e-02 9.074794128537178040e-03 1.202393695712089539e-02 2.091708779335021973e-02
2.790000000000000000e+02 7.708020195012911524e-02 2.424894645810127258e-02 4.718251511803828180e-05 1.654313690960407257e-02 1.172372885048389435e-02 9.047844447195529938e-03 1.199544779956340790e-02 2.090004272758960724e-02
2.800000000000000000e+02 7.653061224489796088e-02 2.413683943450450897e-02 4.639667895389720798e-05 1.650348491966724396e-02 1.169704087078571320e-02 9.021029807627201080e-03 1.196708623319864273e-02 2.088308148086071014e-02
2.810000000000000000e+02 7.598687959878927534e-02 2.402563020586967468e-02 4.562980029731988907e-05 1.646398939192295074e-02 1.167046371847391129e-02 8.994351141154766083e-03 1.193887274712324142e-02 2.086616493761539459e-02
2.820000000000000000e+02 7.544892108042855483e-02 2.391535043716430664e-02 4.486022226046770811e-05 1.642464846372604370e-02 1.164397504180669785e-02 8.967791683971881866e-03 1.191078778356313705e-02 2.084929868578910828e-02
2.830000000000000000e+02 7.491665522106656649e-02 2.380597218871116638e-02 4.409490065881982446e-05 1.638548821210861206e-02 1.161759812384843826e-02 8.941366337239742279e-03 1.188279781490564346e-02 2.083251439034938812e-02
2.840000000000000000e+02 7.439000198373338368e-02 2.369747497141361237e-02 4.335360063123516738e-05 1.634648628532886505e-02 1.159131992608308792e-02 8.915074169635772705e-03 1.185496710240840912e-02 2.081575803458690643e-02
2.850000000000000000e+02 7.386888273314866360e-02 2.358985133469104767e-02 4.259874549461528659e-05 1.630764827132225037e-02 1.156515255570411682e-02 8.888925425708293915e-03 1.182723324745893478e-02 2.079906314611434937e-02
2.860000000000000000e+02 7.335322020636705909e-02 2.348312363028526306e-02 4.188064485788345337e-05 1.626897230744361877e-02 1.153906248509883881e-02 8.862874470651149750e-03 1.179964002221822739e-02 2.078242041170597076e-02
2.870000000000000000e+02 7.284293848413844752e-02 2.337722480297088623e-02 4.116835043532773852e-05 1.623045094311237335e-02 1.151309348642826080e-02 8.836975321173667908e-03 1.177216600626707077e-02 2.076584659516811371e-02
2.880000000000000000e+02 7.233796296296296502e-02 2.327218465507030487e-02 4.044689558213576674e-05 1.619209162890911102e-02 1.148722227662801743e-02 8.811205625534057617e-03 1.174480933696031570e-02 2.074931561946868896e-02
2.890000000000000000e+02 7.183822032782175016e-02 2.316796407103538513e-02 3.975946310674771667e-05 1.615389622747898102e-02 1.146144140511751175e-02 8.785550482571125031e-03 1.171758398413658142e-02 2.073284052312374115e-02
2.900000000000000000e+02 7.134363852556480090e-02 2.306460216641426086e-02 3.908147482434287667e-05 1.611586101353168488e-02 1.143576204776763916e-02 8.760024793446063995e-03 1.169045921415090561e-02 2.071643248200416565e-02
2.910000000000000000e+02 7.085414673893788984e-02 2.296203933656215668e-02 3.841674697468988597e-05 1.607797481119632721e-02 1.141017675399780273e-02 8.734616450965404510e-03 1.166345737874507904e-02 2.070005983114242554e-02
2.920000000000000000e+02 7.036967536123099609e-02 2.286027744412422180e-02 3.777653182623907924e-05 1.604023575782775879e-02 1.138470321893692017e-02 8.709343150258064270e-03 1.163659058511257172e-02 2.068375423550605774e-02
2.930000000000000000e+02 6.989015597153140635e-02 2.275934070348739624e-02 3.713069236255250871e-05 1.600266806781291962e-02 1.135930512100458145e-02 8.684182539582252502e-03 1.160982996225357056e-02 2.066748775541782379e-02
2.940000000000000000e+02 6.941552131056503983e-02 2.265916019678115845e-02 3.652282612165436149e-05 1.596523821353912354e-02 1.133401319384574890e-02 8.659141138195991516e-03 1.158318948000669479e-02 2.065128274261951447e-02
2.950000000000000000e+02 6.894570525711002373e-02 2.255976758897304535e-02 3.592638677218928933e-05 1.592795923352241516e-02 1.130881905555725098e-02 8.634231984615325928e-03 1.155666448175907135e-02 2.063512988388538361e-02
2.960000000000000000e+02 6.848064280496712897e-02 2.246114425361156464e-02 3.534928691806271672e-05 1.589082926511764526e-02 1.128371059894561768e-02 8.609429001808166504e-03 1.153024565428495407e-02 2.061901614069938660e-02
2.970000000000000000e+02 6.802027004047206393e-02 2.236330322921276093e-02 3.479788938420824707e-05 1.585385389626026154e-02 1.125868689268827438e-02 8.584757335484027863e-03 1.150394696742296219e-02 2.060296386480331421e-02
2.980000000000000000e+02 6.756452412053511047e-02 2.226620353758335114e-02 3.424092210480012000e-05 1.581702567636966705e-02 1.123376563191413879e-02 8.560189045965671539e-03 1.147776469588279724e-02 2.058695256710052490e-02
2.990000000000000000e+02 6.711334325119405753e-02 2.216984331607818604e-02 3.372141145518980920e-05 1.578034088015556335e-02 1.120894681662321091e-02 8.535753004252910614e-03 1.145169232040643692e-02 2.057101950049400330e-02
3.000000000000000000e+02 6.666666666666666574e-02 2.207421883940696716e-02 3.321052281535230577e-05 1.574380882084369659e-02 1.118420809507369995e-02 8.511427789926528931e-03 1.142573822289705276e-02 2.055511437356472015e-02
3.010000000000000000e+02 6.622443460888952083e-02 2.197933383285999298e-02 3.271736204624176025e-05 1.570740155875682831e-02 1.115955784916877747e-02 8.487218990921974182e-03 1.139989122748374939e-02 2.053927257657051086e-02
3.020000000000000000e+02 6.578658830753036924e-02 2.188516035676002502e-02 3.224020110792480409e-05 1.567114889621734619e-02 1.113500539213418961e-02 8.463133126497268677e-03 1.137415878474712372e-02 2.052345685660839081e-02
3.030000000000000000e+02 6.535306996046139072e-02 2.179169282317161560e-02 3.179411578457802534e-05 1.563504338264465332e-02 1.111055444926023483e-02 8.439143188297748566e-03 1.134852226823568344e-02 2.050771936774253845e-02
3.040000000000000000e+02 6.492382271468144506e-02 2.169891633093357086e-02 3.135482620564289391e-05 1.559907663613557816e-02 1.108617614954710007e-02 8.415292017161846161e-03 1.132300961762666702e-02 2.049199491739273071e-02
3.050000000000000000e+02 6.449879064767535808e-02 2.160684764385223389e-02 3.093569830525666475e-05 1.556324772536754608e-02 1.106187142431735992e-02 8.391520008444786072e-03 1.129759475588798523e-02 2.047634497284889221e-02
3.060000000000000000e+02 6.407791874919901987e-02 2.151546254754066467e-02 3.052630563615821302e-05 1.552755385637283325e-02 1.103767938911914825e-02 8.367893286049365997e-03 1.127230096608400345e-02 2.046073786914348602e-02
3.070000000000000000e+02 6.366115290347908184e-02 2.142474427819252014e-02 3.014036337845027447e-05 1.549199596047401428e-02 1.101356744766235352e-02 8.344359695911407471e-03 1.124709192663431168e-02 2.044518664479255676e-02
3.080000000000000000e+02 6.324843987181649752e-02 2.133473008871078491e-02 2.976998621306847781e-05 1.545659080147743225e-02 1.098954491317272186e-02 8.320931345224380493e-03 1.122201606631278992e-02 2.042965218424797058e-02
3.090000000000000000e+02 6.283972727558362337e-02 2.124534547328948975e-02 2.940976082754787058e-05 1.542130392044782639e-02 1.096561364829540253e-02 8.297634311020374298e-03 1.119701657444238663e-02 2.041419036686420441e-02
3.100000000000000000e+02 6.243496357960457571e-02 2.115662954747676849e-02 2.907046473410446197e-05 1.538615301251411438e-02 1.094175316393375397e-02 8.274416439235210419e-03 1.117213629186153412e-02 2.039876393973827362e-02
3.110000000000000000e+02 6.203409807590905961e-02 2.106856368482112885e-02 2.874122583307325840e-05 1.535114459693431854e-02 1.091799419373273849e-02 8.251329883933067322e-03 1.114737056195735931e-02 2.038341015577316284e-02
3.120000000000000000e+02 6.163708086785010115e-02 2.098114043474197388e-02 2.843299444066360593e-05 1.531626749783754349e-02 1.089430879801511765e-02 8.228349499404430389e-03 1.112269517034292221e-02 2.036807313561439514e-02
3.130000000000000000e+02 6.124386285457644741e-02 2.089435420930385590e-02 2.811498052324168384e-05 1.528151985257863998e-02 1.087071001529693604e-02 8.205465972423553467e-03 1.109812874346971512e-02 2.035278826951980591e-02
3.140000000000000000e+02 6.085439571585054414e-02 2.080818451941013336e-02 2.782126102829352021e-05 1.524690631777048111e-02 1.084719132632017136e-02 8.182694204151630402e-03 1.107366289943456650e-02 2.033757045865058899e-02
3.150000000000000000e+02 6.046863189720332737e-02 2.072264999151229858e-02 2.754650631686672568e-05 1.521241851150989532e-02 1.082377135753631592e-02 8.160022087395191193e-03 1.104930508881807327e-02 2.032236196100711823e-02
3.160000000000000000e+02 6.008652459541739821e-02 2.063772454857826233e-02 2.727160790527705103e-05 1.517806109040975571e-02 1.080042961984872818e-02 8.137461729347705841e-03 1.102502550929784775e-02 2.030722610652446747e-02
3.170000000000000000e+02 5.970802774433022625e-02 2.055340632796287537e-02 2.700932964216917753e-05 1.514383312314748764e-02 1.077717076987028122e-02 8.115004748106002808e-03 1.100085396319627762e-02 2.029213309288024902e-02
3.180000000000000000e+02 5.933309600094933273e-02 2.046967670321464539e-02 2.675829455256462097e-05 1.510973181575536728e-02 1.075398828834295273e-02 8.092655800282955170e-03 1.097679976373910904e-02 2.027707360684871674e-02
3.190000000000000000e+02 5.896168473187173714e-02 2.038655430078506470e-02 2.650924034242052585e-05 1.507576368749141693e-02 1.073088962584733963e-02 8.070405572652816772e-03 1.095282007008790970e-02 2.026206068694591522e-02
3.200000000000000000e+02 5.859375000000000000e-02 2.030401304364204407e-02 2.627141293487511575e-05 1.504190638661384583e-02 1.070787478238344193e-02 8.048268035054206848e-03 1.092895586043596268e-02 2.024710364639759064e-02
3.210000000000000000e+02 5.822924855154744395e-02 2.022204734385013580e-02 2.603417124191764742e-05 1.500818785279989243e-02 1.068492792546749115e-02 8.026212453842163086e-03 1.090519409626722336e-02 2.023217640817165375e-02
3.220000000000000000e+02 5.786813780332548951e-02 2.014065906405448914e-02 2.580582440714351833e-05 1.497457455843687057e-02 1.066207420080900192e-02 8.004272356629371643e-03 1.088151894509792328e-02 2.021728642284870148e-02
3.230000000000000000e+02 5.751037583030604861e-02 2.005985379219055176e-02 2.559345011832192540e-05 1.494110748171806335e-02 1.063929311931133270e-02 7.982434704899787903e-03 1.085794251412153244e-02 2.020245417952537537e-02
3.240000000000000000e+02 5.715592135345221730e-02 1.997959427535533905e-02 2.538269109209068120e-05 1.490774471312761307e-02 1.061659678816795349e-02 7.960679940879344940e-03 1.083445642143487930e-02 2.018766477704048157e-02
3.250000000000000000e+02 5.680473372781064817e-02 1.989991031587123871e-02 2.517171742510981858e-05 1.487453002482652664e-02 1.059397868812084198e-02 7.939042523503303528e-03 1.081108301877975464e-02 2.017291821539402008e-02
3.260000000000000000e+02 5.645677293085927390e-02 1.982076093554496765e-02 2.496157685527577996e-05 1.484141498804092407e-02 1.057142112404108047e-02 7.917499169707298279e-03 1.078777294605970383e-02 2.015820704400539398e-02
3.270000000000000000e+02 5.611199955110400539e-02 1.974216289818286896e-02 2.476836016285233200e-05 1.480842195451259613e-02 1.054896973073482513e-02 7.896048948168754578e-03 1.076459512114524841e-02 2.014353498816490173e-02
3.280000000000000000e+02 5.577037477691849932e-02 1.966411620378494263e-02 2.456812035234179348e-05 1.477553136646747589e-02 1.052658353000879288e-02 7.874697446823120117e-03 1.074149645864963531e-02 2.012890577316284180e-02
3.290000000000000000e+02 5.543186038562097212e-02 1.958657987415790558e-02 2.437927651044446975e-05 1.474279165267944336e-02 1.050428021699190140e-02 7.853434421122074127e-03 1.071847975254058838e-02 2.011434175074100494e-02
3.300000000000000000e+02 5.509641873278237068e-02 1.950959675014019012e-02 2.419117481622379273e-05 1.471014879643917084e-02 1.048204209655523300e-02 7.832272909581661224e-03 1.069556549191474915e-02 2.009978331625461578e-02
3.310000000000000000e+02 5.476401274176029982e-02 1.943311281502246857e-02 2.401929486950393766e-05 1.467762049287557602e-02 1.045987848192453384e-02 7.811216171830892563e-03 1.067274715751409531e-02 2.008527889847755432e-02
3.320000000000000000e+02 5.443460589345332917e-02 1.935715787112712860e-02 2.384186700510326773e-05 1.464522257447242737e-02 1.043780241161584854e-02 7.790247444063425064e-03 1.065002195537090302e-02 2.007082663476467133e-02
3.330000000000000000e+02 5.410816221627032241e-02 1.928172074258327484e-02 2.366026092204265296e-05 1.461293920874595642e-02 1.041579712182283401e-02 7.769370917230844498e-03 1.062737125903367996e-02 2.005641721189022064e-02
3.340000000000000000e+02 5.378464627630965417e-02 1.920677162706851959e-02 2.348580528632737696e-05 1.458076294511556625e-02 1.039386168122291565e-02 7.748588919639587402e-03 1.060479972511529922e-02 2.004204504191875458e-02
3.350000000000000000e+02 5.346402316774337415e-02 1.913233473896980286e-02 2.332394797122105956e-05 1.454872265458106995e-02 1.037199888378381729e-02 7.727906107902526855e-03 1.058234274387359619e-02 2.002770267426967621e-02
3.360000000000000000e+02 5.314625850340135710e-02 1.905840635299682617e-02 2.315810343134216964e-05 1.451675407588481903e-02 1.035021338611841202e-02 7.707315497100353241e-03 1.055997144430875778e-02 2.001341618597507477e-02
3.370000000000000000e+02 5.283131840555081032e-02 1.898495666682720184e-02 2.299469269928522408e-05 1.448492333292961121e-02 1.032851450145244598e-02 7.686807308346033096e-03 1.053769048303365707e-02 1.999915391206741333e-02
3.380000000000000000e+02 5.251916949686635805e-02 1.891200058162212372e-02 2.282494642713572830e-05 1.445320248603820801e-02 1.030687242746353149e-02 7.666401099413633347e-03 1.051550265401601791e-02 1.998493075370788574e-02
3.390000000000000000e+02 5.220977889158639335e-02 1.883950643241405487e-02 2.268155003548599780e-05 1.442158967256546021e-02 1.028531882911920547e-02 7.646078243851661682e-03 1.049338374286890030e-02 1.997073553502559662e-02
3.400000000000000000e+02 5.190311418685120831e-02 1.876750588417053223e-02 2.252416197734419256e-05 1.439009327441453934e-02 1.026383042335510254e-02 7.625843398272991180e-03 1.047135889530181885e-02 1.995660550892353058e-02
3.410000000000000000e+02 5.159914345421866277e-02 1.869597099721431732e-02 2.236854379589203745e-05 1.435868907719850540e-02 1.024240162223577499e-02 7.605702616274356842e-03 1.044942531734704971e-02 1.994250714778900146e-02
3.420000000000000000e+02 5.129783523135323514e-02 1.862491108477115631e-02 2.221206341346260160e-05 1.432741712778806686e-02 1.022104546427726746e-02 7.585652172565460205e-03 1.042756997048854828e-02 1.992843672633171082e-02
3.430000000000000000e+02 5.099915851388452104e-02 1.855430938303470612e-02 2.206830504292156547e-05 1.429622899740934372e-02 1.019977591931819916e-02 7.565693464130163193e-03 1.040581241250038147e-02 1.991442777216434479e-02
3.440000000000000000e+02 5.070308274743104415e-02 1.848416589200496674e-02 2.192198189732152969e-05 1.426516659557819366e-02 1.017857342958450317e-02 7.545817177742719650e-03 1.038413401693105698e-02 1.990043185651302338e-02
3.450000000000000000e+02 5.040957781978575719e-02 1.841447129845619202e-02 2.177260284952353686e-05 1.423419546335935593e-02 1.015744265168905258e-02 7.526020519435405731e-03 1.036252453923225403e-02 1.988646760582923889e-02
3.460000000000000000e+02 5.011861405325938185e-02 1.834522560238838196e-02 2.162578493880573660e-05 1.420334260910749435e-02 1.013636682182550430e-02 7.506322115659713745e-03 1.034102588891983032e-02 1.987257041037082672e-02
3.470000000000000000e+02 4.983016219717795181e-02 1.827642321586608887e-02 2.148185558326076716e-05 1.417258381843566895e-02 1.011536922305822372e-02 7.486710790544748306e-03 1.031958870589733124e-02 1.985870487987995148e-02
3.480000000000000000e+02 4.954419342053111713e-02 1.820806227624416351e-02 2.133434827555902302e-05 1.414194330573081970e-02 1.009443402290344238e-02 7.467187009751796722e-03 1.029823813587427139e-02 1.984485983848571777e-02
3.490000000000000000e+02 4.926067930476761558e-02 1.814013347029685974e-02 2.119434611813630909e-05 1.411140244454145432e-02 1.007358357310295105e-02 7.447741925716400146e-03 1.027696300297975540e-02 1.983107253909111023e-02
3.500000000000000000e+02 4.897959183673469136e-02 1.807264611124992371e-02 2.105188832501880825e-05 1.408097334206104279e-02 1.005279645323753357e-02 7.428375072777271271e-03 1.025579124689102173e-02 1.981730759143829346e-02
3.510000000000000000e+02 4.870090340175810273e-02 1.800557784736156464e-02 2.090007546939887106e-05 1.405063737183809280e-02 1.003206521272659302e-02 7.409090176224708557e-03 1.023469585925340652e-02 1.980358175933361053e-02
3.520000000000000000e+02 4.842458677685950591e-02 1.793892309069633484e-02 2.075937663903459907e-05 1.402040105313062668e-02 1.001140661537647247e-02 7.389920298010110855e-03 1.021366287022829056e-02 1.978990435600280762e-02
3.530000000000000000e+02 4.815061512410821060e-02 1.787270419299602509e-02 2.059638973150867969e-05 1.399026904255151749e-02 9.990816004574298859e-03 7.370800245553255081e-03 1.019272860139608383e-02 1.977623999118804932e-02
3.540000000000000000e+02 4.787896198410418469e-02 1.780688762664794922e-02 2.045578730758279562e-05 1.396023668348789215e-02 9.970294311642646790e-03 7.351779844611883163e-03 1.017186976969242096e-02 1.976261846721172333e-02
3.550000000000000000e+02 4.760960126958936611e-02 1.774150133132934570e-02 2.030044925049878657e-05 1.393031887710094452e-02 9.949849918484687805e-03 7.332846056669950485e-03 1.015108451247215271e-02 1.974903419613838196e-02
3.560000000000000000e+02 4.734250725918444369e-02 1.767650805413722992e-02 2.014659003179986030e-05 1.390048768371343613e-02 9.929458610713481903e-03 7.313981652259826660e-03 1.013038307428359985e-02 1.973547600209712982e-02
3.570000000000000000e+02 4.707765459124826218e-02 1.761190406978130341e-02 1.998922016355209053e-05 1.387075334787368774e-02 9.909131564199924469e-03 7.295201066881418228e-03 1.010975148528814316e-02 1.972196809947490692e-02
3.580000000000000000e+02 4.681501825785711751e-02 1.754772663116455078e-02 1.983131733140908182e-05 1.384112425148487091e-02 9.888879023492336273e-03 7.276495918631553650e-03 1.008921209722757339e-02 1.970849744975566864e-02
3.590000000000000000e+02 4.655457359890131236e-02 1.748391985893249512e-02 1.966367017303127795e-05 1.381160039454698563e-02 9.868684224784374237e-03 7.257881108671426773e-03 1.006874628365039825e-02 1.969507336616516113e-02
3.600000000000000000e+02 4.629629629629629373e-02 1.742052100598812103e-02 1.948591489053796977e-05 1.378216966986656189e-02 9.848557412624359131e-03 7.239342667162418365e-03 1.004835125058889389e-02 1.968165300786495209e-02
3.610000000000000000e+02 4.604016236830595077e-02 1.735749840736389160e-02 1.931088627316057682e-05 1.375282555818557739e-02 9.828481823205947876e-03 7.220881991088390350e-03 1.002802699804306030e-02 1.966826803982257843e-02
3.620000000000000000e+02 4.578614816397545695e-02 1.729486510157585144e-02 1.913597770908381790e-05 1.372357737272977829e-02 9.808490984141826630e-03 7.202504668384790421e-03 1.000779774039983749e-02 1.965493522584438324e-02
3.630000000000000000e+02 4.553423035767138055e-02 1.723262667655944824e-02 1.896760659292340279e-05 1.369443442672491074e-02 9.788557887077331543e-03 7.184211630374193192e-03 9.987630881369113922e-03 1.964163966476917267e-02
3.640000000000000000e+02 4.528438594372660025e-02 1.717072725296020508e-02 1.878004331956617534e-05 1.366538647562265396e-02 9.768675081431865692e-03 7.165978662669658661e-03 9.967548772692680359e-03 1.962835527956485748e-02
3.650000000000000000e+02 4.503659223118784000e-02 1.710924319922924042e-02 1.858994983194861561e-05 1.363642513751983643e-02 9.748882614076137543e-03 7.147832773625850677e-03 9.947529062628746033e-03 1.961512863636016846e-02
3.660000000000000000e+02 4.479082683866344311e-02 1.704807765781879425e-02 1.840292316046543419e-05 1.360756251960992813e-02 9.729134850203990936e-03 7.129759527742862701e-03 9.927594102919101715e-03 1.960193365812301636e-02
3.670000000000000000e+02 4.454706768926935262e-02 1.698732376098632812e-02 1.821123078116215765e-05 1.357880700379610062e-02 9.709437377750873566e-03 7.111778017133474350e-03 9.907724335789680481e-03 1.958874613046646118e-02
3.680000000000000000e+02 4.430529300567107726e-02 1.692691072821617126e-02 1.801380494725890458e-05 1.355013158172369003e-02 9.689821861684322357e-03 7.093864027410745621e-03 9.887933731079101562e-03 1.957561820745468140e-02
3.690000000000000000e+02 4.406548130521955459e-02 1.686688326299190521e-02 1.782468279998283833e-05 1.352155301719903946e-02 9.670252911746501923e-03 7.076025009155273438e-03 9.868214838206768036e-03 1.956251077353954315e-02
3.700000000000000000e+02 4.382761139517896143e-02 1.680718734860420227e-02 1.761728344717994332e-05 1.349306106567382812e-02 9.650763124227523804e-03 7.058256771415472031e-03 9.848574176430702209e-03 1.954943127930164337e-02
3.710000000000000000e+02 4.359166236804440375e-02 1.674784906208515167e-02 1.741347659844905138e-05 1.346466038376092911e-02 9.631311520934104919e-03 7.040563505142927170e-03 9.829003363847732544e-03 1.953640393912792206e-02
3.720000000000000000e+02 4.335761359694762646e-02 1.668886654078960419e-02 1.722092383715789765e-05 1.343636494129896164e-02 9.611954912543296814e-03 7.022941950708627701e-03 9.809494018554687500e-03 1.952340826392173767e-02
3.730000000000000000e+02 4.312544473114879318e-02 1.663021929562091827e-02 1.700567918305750936e-05 1.340814214199781418e-02 9.592629969120025635e-03 7.005397696048021317e-03 9.790059179067611694e-03 1.951042003929615021e-02
3.740000000000000000e+02 4.289513569161257367e-02 1.657192781567573547e-02 1.680481000221334398e-05 1.338000968098640442e-02 9.573383256793022156e-03 6.987930275499820709e-03 9.770712815225124359e-03 1.949748396873474121e-02
3.750000000000000000e+02 4.266666666666666524e-02 1.651396416127681732e-02 1.660486123000737280e-05 1.335198432207107544e-02 9.554171003401279449e-03 6.970536895096302032e-03 9.751415811479091644e-03 1.948456838726997375e-02
3.760000000000000000e+02 4.244001810774106209e-02 1.645635440945625305e-02 1.639070433157030493e-05 1.332403253763914108e-02 9.535047225654125214e-03 6.953220348805189133e-03 9.732203558087348938e-03 1.947169937193393707e-02
3.770000000000000000e+02 4.221517072518627539e-02 1.639906875789165497e-02 1.619288195797707886e-05 1.329617947340011597e-02 9.515970945358276367e-03 6.935965269804000854e-03 9.713061153888702393e-03 1.945885643362998962e-02
3.780000000000000000e+02 4.199210548416897754e-02 1.634211465716362000e-02 1.598699236637912691e-05 1.326841115951538086e-02 9.496953338384628296e-03 6.918784230947494507e-03 9.693982079625129700e-03 1.944603212177753448e-02
3.790000000000000000e+02 4.177080360064327341e-02 1.628547534346580505e-02 1.578081173647660762e-05 1.324072293937206268e-02 9.477987885475158691e-03 6.901676300913095474e-03 9.674962610006332397e-03 1.943324878811836243e-02
3.800000000000000000e+02 4.155124653739612067e-02 1.622918620705604553e-02 1.557800169393885881e-05 1.321313437074422836e-02 9.459093213081359863e-03 6.884638220071792603e-03 9.656026959419250488e-03 1.942050457000732422e-02
3.810000000000000000e+02 4.133341600016533085e-02 1.617319881916046143e-02 1.537986645416822284e-05 1.318561844527721405e-02 9.440248832106590271e-03 6.867679301649332047e-03 9.637163951992988586e-03 1.940776966512203217e-02
3.820000000000000000e+02 4.111729393382856923e-02 1.611753925681114197e-02 1.518615954410051927e-05 1.315819192677736282e-02 9.421465918421745300e-03 6.850769743323326111e-03 9.618357755243778229e-03 1.939509250223636627e-02
3.830000000000000000e+02 4.090286251866193101e-02 1.606220006942749023e-02 1.499878362665185705e-05 1.313086133450269699e-02 9.402737952768802643e-03 6.833951454609632492e-03 9.599615819752216339e-03 1.938242651522159576e-02
3.840000000000000000e+02 4.069010416666666435e-02 1.600717194378376007e-02 1.480602986703161150e-05 1.310360245406627655e-02 9.384067729115486145e-03 6.817191839218139648e-03 9.580945596098899841e-03 1.936979964375495911e-02
3.850000000000000000e+02 4.047900151796255536e-02 1.595245487987995148e-02 1.461005922465119511e-05 1.307644415646791458e-02 9.365460835397243500e-03 6.800489034503698349e-03 9.562355466187000275e-03 1.935719512403011322e-02
3.860000000000000000e+02 4.026953743724663581e-02 1.589804515242576599e-02 1.442989014321938157e-05 1.304937992244958878e-02 9.346896782517433167e-03 6.783872842788696289e-03 9.543817490339279175e-03 1.934462599456310272e-02
3.870000000000000000e+02 4.006169501031588837e-02 1.584394089877605438e-02 1.424649872205918655e-05 1.302237436175346375e-02 9.328407235443592072e-03 6.767328828573226929e-03 9.525337256491184235e-03 1.933208853006362915e-02
3.880000000000000000e+02 3.985545754065256824e-02 1.579014211893081665e-02 1.406968203809810802e-05 1.299545168876647949e-02 9.309965185821056366e-03 6.750844419002532959e-03 9.506939910352230072e-03 1.931956037878990173e-02
3.890000000000000000e+02 3.965080854607093419e-02 1.573663949966430664e-02 1.389323460898594931e-05 1.296861749142408371e-02 9.291575290262699127e-03 6.734429858624935150e-03 9.488604031503200531e-03 1.930710487067699432e-02
3.900000000000000000e+02 3.944773175542406335e-02 1.568342372775077820e-02 1.371884809486800805e-05 1.294187549501657486e-02 9.273240342736244202e-03 6.718089338392019272e-03 9.470322169363498688e-03 1.929464191198348999e-02
3.910000000000000000e+02 3.924621110536953561e-02 1.563052833080291748e-02 1.355215135845355690e-05 1.291520800441503525e-02 9.254969656467437744e-03 6.701794918626546860e-03 9.452109225094318390e-03 1.928221806883811951e-02
3.920000000000000000e+02 3.904623073719283577e-02 1.557791605591773987e-02 1.339111804554704577e-05 1.288862805813550949e-02 9.236741811037063599e-03 6.685587111860513687e-03 9.433974511921405792e-03 1.926982775330543518e-02
3.930000000000000000e+02 3.884777499368723824e-02 1.552557665854692459e-02 1.322957905358634889e-05 1.286211237311363220e-02 9.218566119670867920e-03 6.669433787465095520e-03 9.415887296199798584e-03 1.925747655332088470e-02
3.940000000000000000e+02 3.865082841608905029e-02 1.547355391085147858e-02 1.307989350607385859e-05 1.283571403473615646e-02 9.200472384691238403e-03 6.653351243585348129e-03 9.397874586284160614e-03 1.924513652920722961e-02
3.950000000000000000e+02 3.845537574106713818e-02 1.542179472744464874e-02 1.292068918701261282e-05 1.280935667455196381e-02 9.182414971292018890e-03 6.637336220592260361e-03 9.379912167787551880e-03 1.923283375799655914e-02
3.960000000000000000e+02 3.826140189776553596e-02 1.537032146006822586e-02 1.278172021557111293e-05 1.278309989720582962e-02 9.164407849311828613e-03 6.621376145631074905e-03 9.362027980387210846e-03 1.922055706381797791e-02
3.970000000000000000e+02 3.806889200489819991e-02 1.531913038343191147e-02 1.264422189706237987e-05 1.275692414492368698e-02 9.146454744040966034e-03 6.605483591556549072e-03 9.344204328954219818e-03 1.920830272138118744e-02
3.980000000000000000e+02 3.787783136789475008e-02 1.526822056621313095e-02 1.249709657713538036e-05 1.273080613464117050e-02 9.128559380769729614e-03 6.589655298739671707e-03 9.326430037617683411e-03 1.919607818126678467e-02
3.990000000000000000e+02 3.768820547609625510e-02 1.521759293973445892e-02 1.235976196767296642e-05 1.270478498190641403e-02 9.110727347433567047e-03 6.573891267180442810e-03 9.308738633990287781e-03 1.918389461934566498e-02
4.000000000000000000e+02 3.749999999999999861e-02 1.516722608357667923e-02 1.222988339577568695e-05 1.267884206026792526e-02 9.092931635677814484e-03 6.558194290846586227e-03 9.291091002523899078e-03 1.917173154652118683e-02
4.010000000000000000e+02 3.731320078855231148e-02 1.511713024228811264e-02 1.209535275847883895e-05 1.265297643840312958e-02 9.075201116502285004e-03 6.542564369738101959e-03 9.273516945540904999e-03 1.915957778692245483e-02
4.020000000000000000e+02 3.712779386648845659e-02 1.506729330867528915e-02 1.197538131236797199e-05 1.262717880308628082e-02 9.057508781552314758e-03 6.526985205709934235e-03 9.255994111299514771e-03 1.914748176932334900e-02
4.030000000000000000e+02 3.694376543171868504e-02 1.501773297786712646e-02 1.184958273370284587e-05 1.260147430002689362e-02 9.039881639182567596e-03 6.511461921036243439e-03 9.238536469638347626e-03 1.913539879024028778e-02
4.040000000000000000e+02 3.676110185275953401e-02 1.496845297515392303e-02 1.172639258584240451e-05 1.257584057748317719e-02 9.022295475006103516e-03 6.496031302958726883e-03 9.221144020557403564e-03 1.912334933876991272e-02
4.050000000000000000e+02 3.657978966620942241e-02 1.491941139101982117e-02 1.161069940280867741e-05 1.255028694868087769e-02 9.004776366055011749e-03 6.480635609477758408e-03 9.203802794218063354e-03 1.911132596433162689e-02
4.060000000000000000e+02 3.639981557426776038e-02 1.487063243985176086e-02 1.150065872934646904e-05 1.252480037510395050e-02 8.987304754555225372e-03 6.465305108577013016e-03 9.186522103846073151e-03 1.909931935369968414e-02
4.070000000000000000e+02 3.622116644229666366e-02 1.482212077826261520e-02 1.138283278123708442e-05 1.249937992542982101e-02 8.969871327280998230e-03 6.450037471950054169e-03 9.169313125312328339e-03 1.908734627068042755e-02
4.080000000000000000e+02 3.604382929642445388e-02 1.477386709302663803e-02 1.128381427406566218e-05 1.247405726462602615e-02 8.952497504651546478e-03 6.434835959225893021e-03 9.152146056294441223e-03 1.907541789114475250e-02
4.090000000000000000e+02 3.586779132119009145e-02 1.472586300224065781e-02 1.118692762247519568e-05 1.244880352169275284e-02 8.935170248150825500e-03 6.419686600565910339e-03 9.135044179856777191e-03 1.906350255012512207e-02
4.100000000000000000e+02 3.569303985722784012e-02 1.467810478061437607e-02 1.106740546674700454e-05 1.242361683398485184e-02 8.917909115552902222e-03 6.404601037502288818e-03 9.118006564676761627e-03 1.905160583555698395e-02
4.110000000000000000e+02 3.551956239899124734e-02 1.463059615343809128e-02 1.097580116038443521e-05 1.239851024001836777e-02 8.900679647922515869e-03 6.389576476067304611e-03 9.101020172238349915e-03 1.903973892331123352e-02
4.120000000000000000e+02 3.534734659251578814e-02 1.458334177732467651e-02 1.087405962607590482e-05 1.237348187714815140e-02 8.883510716259479523e-03 6.374617572873830795e-03 9.084091521799564362e-03 1.902790553867816925e-02
4.130000000000000000e+02 3.517638023321940227e-02 1.453632488846778870e-02 1.077728211384965107e-05 1.234851311892271042e-02 8.866387419402599335e-03 6.359700113534927368e-03 9.067234583199024200e-03 1.901609823107719421e-02
4.140000000000000000e+02 3.500665126374011282e-02 1.448956225067377090e-02 1.068242090696003288e-05 1.232361793518066406e-02 8.849315345287322998e-03 6.344849709421396255e-03 9.050417691469192505e-03 1.900430396199226379e-02
4.150000000000000000e+02 3.483814777181012956e-02 1.444301940500736237e-02 1.058286852639866993e-05 1.229880936443805695e-02 8.832291699945926666e-03 6.330061703920364380e-03 9.033676236867904663e-03 1.899254135787487030e-02
4.160000000000000000e+02 3.467085798816568060e-02 1.439672708511352539e-02 1.049385173246264458e-05 1.227406598627567291e-02 8.815318346023559570e-03 6.315325852483510971e-03 9.016971103847026825e-03 1.898082345724105835e-02
4.170000000000000000e+02 3.450477028449182998e-02 1.435068156570196152e-02 1.040730512613663450e-05 1.224940270185470581e-02 8.798395283520221710e-03 6.300650537014007568e-03 9.000335820019245148e-03 1.896910928189754486e-02
4.180000000000000000e+02 3.433987317140175383e-02 1.430486701428890228e-02 1.031719602906377986e-05 1.222481206059455872e-02 8.781513199210166931e-03 6.286032032221555710e-03 8.983750827610492706e-03 1.895742118358612061e-02
4.190000000000000000e+02 3.417615529644967010e-02 1.425928995013237000e-02 1.023503773467382416e-05 1.220028288662433624e-02 8.764685131609439850e-03 6.271473132073879242e-03 8.967219851911067963e-03 1.894576288759708405e-02
4.200000000000000000e+02 3.401360544217687382e-02 1.421392709016799927e-02 1.015051293506985530e-05 1.217582449316978455e-02 8.747913874685764313e-03 6.256966851651668549e-03 8.950748480856418610e-03 1.893413253128528595e-02
4.210000000000000000e+02 3.385221252419022553e-02 1.416881009936332703e-02 1.006399270409019664e-05 1.215143781155347824e-02 8.731178939342498779e-03 6.242519244551658630e-03 8.934330195188522339e-03 1.892252638936042786e-02
4.220000000000000000e+02 3.369196558927247537e-02 1.412391476333141327e-02 9.977574336517136544e-06 1.212713960558176041e-02 8.714495226740837097e-03 6.228134036064147949e-03 8.917980827391147614e-03 1.891094632446765900e-02
4.230000000000000000e+02 3.353285381352379829e-02 1.407925318926572800e-02 9.900831173581536859e-06 1.210288237780332565e-02 8.697862736880779266e-03 6.213799584656953812e-03 8.901667781174182892e-03 1.889938861131668091e-02
4.240000000000000000e+02 3.337486650053399923e-02 1.403481140732765198e-02 9.825940651353448629e-06 1.207870617508888245e-02 8.681272156536579132e-03 6.199515890330076218e-03 8.885414339601993561e-03 1.888787001371383667e-02
4.250000000000000000e+02 3.321799307958477748e-02 1.399060245603322983e-02 9.743082955537829548e-06 1.205459889024496078e-02 8.664721623063087463e-03 6.185289006680250168e-03 8.869201876223087311e-03 1.887635514140129089e-02
4.260000000000000000e+02 3.306222310388150232e-02 1.394659839570522308e-02 9.662037882662843913e-06 1.203056890517473221e-02 8.648231625556945801e-03 6.171117536723613739e-03 8.853056468069553375e-03 1.886487193405628204e-02
4.270000000000000000e+02 3.290754624881395835e-02 1.390281040221452713e-02 9.591964044375345111e-06 1.200659573078155518e-02 8.631792850792407990e-03 6.156996358186006546e-03 8.836971595883369446e-03 1.885341107845306396e-02
4.280000000000000000e+02 3.275395231024543635e-02 1.385924778878688812e-02 9.516320460534188896e-06 1.198270544409751892e-02 8.615397848188877106e-03 6.142937578260898590e-03 8.820946328341960907e-03 1.884197629988193512e-02
4.290000000000000000e+02 3.260143120282980173e-02 1.381590403616428375e-02 9.440687790629453957e-06 1.195886638015508652e-02 8.599039167165756226e-03 6.128926295787096024e-03 8.804948069155216217e-03 1.883057877421379089e-02
4.300000000000000000e+02 3.244997295835586743e-02 1.377277076244354248e-02 9.365760888613294810e-06 1.193510647863149643e-02 8.582722395658493042e-03 6.114979740232229233e-03 8.789015933871269226e-03 1.881919614970684052e-02
4.310000000000000000e+02 3.229956772411862742e-02 1.372985634952783585e-02 9.302562830271199346e-06 1.191141922026872635e-02 8.566470816731452942e-03 6.101083476096391678e-03 8.773129433393478394e-03 1.880783028900623322e-02
4.320000000000000000e+02 3.215020576131687180e-02 1.368714682757854462e-02 9.230481737176887691e-06 1.188779156655073166e-02 8.550246246159076691e-03 6.087228655815124512e-03 8.757313713431358337e-03 1.879649795591831207e-02
4.330000000000000000e+02 3.200187744347668395e-02 1.364464592188596725e-02 9.164760740532074124e-06 1.186422444880008698e-02 8.534076623618602753e-03 6.073437631130218506e-03 8.741528727114200592e-03 1.878518424928188324e-02
4.340000000000000000e+02 3.185457325490029246e-02 1.360236108303070068e-02 9.101373507292009890e-06 1.184073369950056076e-02 8.517954498529434204e-03 6.059692706912755966e-03 8.725810796022415161e-03 1.877388171851634979e-02
4.350000000000000000e+02 3.170828378913990997e-02 1.356026995927095413e-02 9.036247320182155818e-06 1.181730069220066071e-02 8.501873351633548737e-03 6.046007853001356125e-03 8.710133843123912811e-03 1.876261457800865173e-02
4.360000000000000000e+02 3.156299974749600390e-02 1.351839210838079453e-02 8.962738320406060666e-06 1.179393753409385681e-02 8.485844358801841736e-03 6.032368633896112442e-03 8.694519288837909698e-03 1.875138469040393829e-02
4.370000000000000000e+02 3.141871193753960345e-02 1.347671914845705032e-02 8.895861355995293707e-06 1.177064701914787292e-02 8.469843305647373199e-03 6.018789485096931458e-03 8.678951300680637360e-03 1.874017342925071716e-02
4.380000000000000000e+02 3.127541127165821971e-02 1.343523710966110229e-02 8.837538189254701138e-06 1.174741983413696289e-02 8.453895337879657745e-03 6.005245726555585861e-03 8.663433603942394257e-03 1.872898079454898834e-02
4.390000000000000000e+02 3.113308876562491737e-02 1.339396648108959198e-02 8.782939403317868710e-06 1.172425411641597748e-02 8.438002318143844604e-03 5.991776008158922195e-03 8.647965267300605774e-03 1.871780864894390106e-02
4.400000000000000000e+02 3.099173553719008350e-02 1.335289329290390015e-02 8.723544851818587631e-06 1.170114520937204361e-02 8.422137238085269928e-03 5.978335160762071609e-03 8.632544428110122681e-03 1.870665699243545532e-02
4.410000000000000000e+02 3.085134280469557441e-02 1.331200636923313141e-02 8.662612344778608531e-06 1.167810149490833282e-02 8.406334556639194489e-03 5.964955314993858337e-03 8.617171086370944977e-03 1.869552955031394958e-02
4.420000000000000000e+02 3.071190188571077534e-02 1.327132899314165115e-02 8.603377864346839488e-06 1.165514439344406128e-02 8.390554226934909821e-03 5.951627623289823532e-03 8.601851761341094971e-03 1.868443004786968231e-02
4.430000000000000000e+02 3.057340419569016740e-02 1.323083601891994476e-02 8.548620826331898570e-06 1.163222920149564743e-02 8.374836295843124390e-03 5.938354413956403732e-03 8.586586453020572662e-03 1.867334544658660889e-02
4.440000000000000000e+02 3.043584124665205809e-02 1.319053862243890762e-02 8.489378160447813570e-06 1.160938013345003128e-02 8.359150961041450500e-03 5.925123114138841629e-03 8.571356534957885742e-03 1.866227760910987854e-02
4.450000000000000000e+02 3.029920464587804521e-02 1.315043959766626358e-02 8.427959983237087727e-06 1.158661209046840668e-02 8.343512192368507385e-03 5.911940708756446838e-03 8.556185290217399597e-03 1.865125261247158051e-02
4.460000000000000000e+02 3.016348609463290892e-02 1.311052031815052032e-02 8.378990060009527951e-06 1.156388130038976669e-02 8.327914401888847351e-03 5.898807663470506668e-03 8.541062474250793457e-03 1.864024624228477478e-02
4.470000000000000000e+02 3.002867738690449470e-02 1.307078171521425247e-02 8.333968253282364458e-06 1.154122874140739441e-02 8.312365971505641937e-03 5.885726306587457657e-03 8.525990881025791168e-03 1.862926781177520752e-02
4.480000000000000000e+02 2.989477040816326467e-02 1.303124614059925079e-02 8.277145752799697220e-06 1.151863764971494675e-02 8.296857587993144989e-03 5.872693844139575958e-03 8.510973304510116577e-03 1.861828938126564026e-02
4.490000000000000000e+02 2.976175713414120141e-02 1.299188937991857529e-02 8.225983037846162915e-06 1.149610243737697601e-02 8.281386457383632660e-03 5.859714001417160034e-03 8.495978079736232758e-03 1.860734447836875916e-02
4.500000000000000000e+02 2.962962962962963076e-02 1.295271702110767365e-02 8.176790288416668773e-06 1.147364173084497452e-02 8.265956304967403412e-03 5.846779327839612961e-03 8.481048047542572021e-03 1.859640330076217651e-02
4.510000000000000000e+02 2.949838004729573443e-02 1.291371975094079971e-02 8.124868145387154073e-06 1.145123969763517380e-02 8.250582031905651093e-03 5.833883304148912430e-03 8.466165512800216675e-03 1.858551241457462311e-02
4.520000000000000000e+02 2.936800062651734669e-02 1.287491898983716965e-02 8.076258382061496377e-06 1.142888050526380539e-02 8.235230110585689545e-03 5.821038037538528442e-03 8.451328612864017487e-03 1.857464201748371124e-02
4.530000000000000000e+02 2.923848369223571927e-02 1.283630076795816422e-02 8.033396625251043588e-06 1.140660047531127930e-02 8.219942450523376465e-03 5.808261688798666000e-03 8.436536416411399841e-03 1.856378838419914246e-02
4.540000000000000000e+02 2.910982165382600129e-02 1.279784366488456726e-02 7.985649062902666628e-06 1.138438098132610321e-02 8.204683661460876465e-03 5.795510951429605484e-03 8.421801030635833740e-03 1.855294592678546906e-02
4.550000000000000000e+02 2.898200700398502472e-02 1.275956351310014725e-02 7.935966095828916878e-06 1.136221177875995636e-02 8.189456537365913391e-03 5.782806314527988434e-03 8.407100103795528412e-03 1.854212954640388489e-02
4.560000000000000000e+02 2.885503231763619433e-02 1.272147893905639648e-02 7.887759238656144589e-06 1.134009659290313721e-02 8.174290880560874939e-03 5.770160350948572159e-03 8.392447605729103088e-03 1.853133738040924072e-02
4.570000000000000000e+02 2.872889025085109335e-02 1.268357597291469574e-02 7.845986147003713995e-06 1.131806802004575729e-02 8.159155026078224182e-03 5.757566541433334351e-03 8.377848193049430847e-03 1.852057129144668579e-02
4.580000000000000000e+02 2.860357353978757247e-02 1.264582015573978424e-02 7.789617484377231449e-06 1.129607670009136200e-02 8.144054561853408813e-03 5.745004396885633469e-03 8.363283239305019379e-03 1.850982382893562317e-02
4.590000000000000000e+02 2.847907499964400999e-02 1.260824315249919891e-02 7.744796675979159772e-06 1.127416361123323441e-02 8.129006251692771912e-03 5.732494872063398361e-03 8.348768576979637146e-03 1.849908754229545593e-02
4.600000000000000000e+02 2.835538752362948972e-02 1.257083285599946976e-02 7.705711141170468181e-06 1.125228777527809143e-02 8.113993331789970398e-03 5.720023531466722488e-03 8.334309794008731842e-03 1.848837919533252716e-02
4.610000000000000000e+02 2.823250408194954986e-02 1.253360509872436523e-02 7.659576112928334624e-06 1.123049575835466385e-02 8.099020458757877350e-03 5.707607138901948929e-03 8.319881744682788849e-03 1.847770065069198608e-02
4.620000000000000000e+02 2.811041772080733261e-02 1.249654684215784073e-02 7.607046427438035607e-06 1.120874937623739243e-02 8.084084838628768921e-03 5.695238243788480759e-03 8.305517956614494324e-03 1.846702955663204193e-02
4.630000000000000000e+02 2.798912156141979482e-02 1.245965529233217239e-02 7.564648967672837898e-06 1.118706073611974716e-02 8.069199509918689728e-03 5.682914052158594131e-03 8.291174657642841339e-03 1.845637895166873932e-02
4.640000000000000000e+02 2.786860879904875035e-02 1.242292765527963638e-02 7.517717676819302142e-06 1.116543356329202652e-02 8.054335601627826691e-03 5.670626182109117508e-03 8.276877924799919128e-03 1.844575814902782440e-02
4.650000000000000000e+02 2.774887270204648079e-02 1.238636393100023270e-02 7.456544153683353215e-06 1.114385668188333511e-02 8.039529435336589813e-03 5.658386740833520889e-03 8.262638002634048462e-03 1.843515038490295410e-02
4.660000000000000000e+02 2.762990661091565409e-02 1.234996411949396133e-02 7.428438038914464414e-06 1.112234499305486679e-02 8.024760521948337555e-03 5.646189674735069275e-03 8.248430676758289337e-03 1.842457801103591919e-02
4.670000000000000000e+02 2.751170393738336037e-02 1.231372728943824768e-02 7.367812941083684564e-06 1.110089104622602463e-02 8.010021410882472992e-03 5.634053144603967667e-03 8.234284818172454834e-03 1.841400936245918274e-02
4.680000000000000000e+02 2.739425816348893192e-02 1.227765344083309174e-02 7.325586466322420165e-06 1.107949670404195786e-02 7.995335385203361511e-03 5.621939431875944138e-03 8.220179006457328796e-03 1.840345747768878937e-02
4.690000000000000000e+02 2.727756284068539455e-02 1.224174909293651581e-02 7.269505204021697864e-06 1.105816382914781570e-02 7.980675436556339264e-03 5.609886255115270615e-03 8.206103928387165070e-03 1.839294098317623138e-02
4.700000000000000000e+02 2.716161158895427641e-02 1.220598816871643066e-02 7.219599410746013746e-06 1.103685889393091202e-02 7.966068573296070099e-03 5.597861018031835556e-03 8.192071691155433655e-03 1.838243193924427032e-02
4.710000000000000000e+02 2.704639809593357286e-02 1.217039488255977631e-02 7.160040695453062654e-06 1.101563032716512680e-02 7.951482199132442474e-03 5.585885141044855118e-03 8.178094401955604553e-03 1.837195642292499542e-02
4.720000000000000000e+02 2.693191611605860389e-02 1.213496178388595581e-02 7.120675491023575887e-06 1.099445857107639313e-02 7.936940528452396393e-03 5.573949310928583145e-03 8.164144121110439301e-03 1.836150139570236206e-02
4.730000000000000000e+02 2.681815946971559395e-02 1.209970004856586456e-02 7.060047664708690718e-06 1.097334362566471100e-02 7.922448217868804932e-03 5.562074016779661179e-03 8.150252513587474823e-03 1.835104823112487793e-02
4.740000000000000000e+02 2.670512204240773485e-02 1.206456311047077179e-02 7.009711680439068004e-06 1.095228921622037888e-02 7.907985709607601166e-03 5.550222005695104599e-03 8.136402815580368042e-03 1.834063231945037842e-02
4.750000000000000000e+02 2.659279778393351668e-02 1.202958449721336365e-02 6.952666353754466400e-06 1.093128416687250137e-02 7.893561385571956635e-03 5.538417026400566101e-03 8.122582919895648956e-03 1.833023130893707275e-02
4.760000000000000000e+02 2.648118070757714965e-02 1.199477165937423706e-02 6.901551387272775173e-06 1.091034058481454849e-02 7.879165932536125183e-03 5.526666995137929916e-03 8.108815178275108337e-03 1.831985078752040863e-02
4.770000000000000000e+02 2.637026488931081339e-02 1.196011528372764587e-02 6.852775186416693032e-06 1.088944543153047562e-02 7.864829152822494507e-03 5.514950491487979889e-03 8.095084689557552338e-03 1.830947212874889374e-02
4.780000000000000000e+02 2.626004446700862943e-02 1.192559115588665009e-02 6.798133654228877276e-06 1.086859870702028275e-02 7.850517518818378448e-03 5.503275897353887558e-03 8.081408217549324036e-03 1.829913631081581116e-02
4.790000000000000000e+02 2.615051363967207249e-02 1.189123652875423431e-02 6.736978775734314695e-06 1.084781903773546219e-02 7.836243137717247009e-03 5.491638090461492538e-03 8.067757822573184967e-03 1.828880794346332550e-02
4.800000000000000000e+02 2.604166666666666782e-02 1.185702253133058548e-02 6.681294053123565391e-06 1.082708965986967087e-02 7.822012528777122498e-03 5.480055231600999832e-03 8.054154925048351288e-03 1.827851682901382446e-02
4.810000000000000000e+02 2.593349786696980130e-02 1.182295102626085281e-02 6.620337444473989308e-06 1.080641057342290878e-02 7.807810790836811066e-03 5.468498449772596359e-03 8.040589280426502228e-03 1.826822757720947266e-02
4.820000000000000000e+02 2.582600161842943387e-02 1.178903039544820786e-02 6.568176559085259214e-06 1.078580133616924286e-02 7.793647237122058868e-03 5.456993356347084045e-03 8.027066476643085480e-03 1.825796253979206085e-02
4.830000000000000000e+02 2.571917235703355051e-02 1.175525411963462830e-02 6.509368176921270788e-06 1.076522190123796463e-02 7.779540028423070908e-03 5.445531569421291351e-03 8.013583719730377197e-03 1.824770681560039520e-02
4.840000000000000000e+02 2.561300457619014939e-02 1.172162871807813644e-02 6.450844011851586401e-06 1.074471324682235718e-02 7.765446323901414871e-03 5.434099119156599045e-03 8.000147528946399689e-03 1.823747158050537109e-02
4.850000000000000000e+02 2.550749282601764284e-02 1.168814674019813538e-02 6.393754119926597923e-06 1.072425302118062973e-02 7.751383818686008453e-03 5.422704853117465973e-03 7.986740209162235260e-03 1.822727173566818237e-02
4.860000000000000000e+02 2.540263171264543068e-02 1.165481563657522202e-02 6.346007012325571850e-06 1.070385333150625229e-02 7.737390697002410889e-03 5.411369260400533676e-03 7.973383180797100067e-03 1.821707934141159058e-02
4.870000000000000000e+02 2.529841589752454892e-02 1.162161305546760559e-02 6.286423285928322002e-06 1.068349368870258331e-02 7.723398040980100632e-03 5.400047171860933304e-03 7.960065267980098724e-03 1.820691302418708801e-02
4.880000000000000000e+02 2.519484009674818545e-02 1.158854924142360687e-02 6.228430265764473006e-06 1.066319458186626434e-02 7.709451951086521149e-03 5.388797726482152939e-03 7.946785539388656616e-03 1.819675229489803314e-02
4.890000000000000000e+02 2.509189908038189989e-02 1.155564468353986740e-02 6.183769983181264251e-06 1.064293738454580307e-02 7.695554289966821671e-03 5.377568304538726807e-03 7.933536544442176819e-03 1.818663068115711212e-02
4.900000000000000000e+02 2.498958767180341559e-02 1.152287051081657410e-02 6.128469067334663123e-06 1.062274910509586334e-02 7.681692484766244888e-03 5.366383120417594910e-03 7.920335046947002411e-03 1.817650534212589264e-02
4.910000000000000000e+02 2.488790074705182070e-02 1.149022672325372696e-02 6.062912689230870456e-06 1.060260180383920670e-02 7.667848840355873108e-03 5.355228204280138016e-03 7.907178252935409546e-03 1.816641539335250854e-02
4.920000000000000000e+02 2.478683323418600162e-02 1.145772170275449753e-02 6.008114269206998870e-06 1.058251224458217621e-02 7.654052227735519409e-03 5.344123113900423050e-03 7.894047535955905914e-03 1.815634593367576599e-02
4.930000000000000000e+02 2.468638011265218007e-02 1.142535544931888580e-02 5.959248483122792095e-06 1.056245993822813034e-02 7.640289142727851868e-03 5.333061330020427704e-03 7.880965247750282288e-03 1.814626343548297882e-02
4.940000000000000000e+02 2.458653641266042578e-02 1.139314379543066025e-02 5.898175913898739964e-06 1.054247841238975525e-02 7.626573555171489716e-03 5.322034005075693130e-03 7.867908105254173279e-03 1.813622005283832550e-02
4.950000000000000000e+02 2.448729721456994329e-02 1.136105135083198547e-02 5.842071914230473340e-06 1.052253227680921555e-02 7.612873334437608719e-03 5.311032291501760483e-03 7.854906842112541199e-03 1.812621392309665680e-02
4.960000000000000000e+02 2.438865764828303945e-02 1.132908742874860764e-02 5.796628556709038094e-06 1.050265505909919739e-02 7.599217351526021957e-03 5.300078075379133224e-03 7.841942831873893738e-03 1.811619475483894348e-02
4.970000000000000000e+02 2.429061289264763598e-02 1.129726041108369827e-02 5.734729256801074371e-06 1.048282440751791000e-02 7.585589773952960968e-03 5.289165768772363663e-03 7.829006761312484741e-03 1.810621842741966248e-02
4.980000000000000000e+02 2.419315817486814707e-02 1.126557122915983200e-02 5.684863026544917375e-06 1.046303380280733109e-02 7.572009693831205368e-03 5.278295837342739105e-03 7.816109806299209595e-03 1.809624023735523224e-02
4.990000000000000000e+02 2.409628876992461755e-02 1.123400405049324036e-02 5.634917670249706134e-06 1.044328324496746063e-02 7.558457553386688232e-03 5.267452448606491089e-03 7.803259417414665222e-03 1.808628998696804047e-02
5.000000000000000000e+02 2.400000000000000050e-02 1.120258774608373642e-02 5.581098321272293106e-06 1.042360812425613403e-02 7.544937077909708023e-03 5.256641656160354614e-03 7.790444884449243546e-03 1.807635463774204254e-02
5.010000000000000000e+02 2.390428723391540416e-02 1.117127761244773865e-02 5.535875970963388681e-06 1.040397491306066513e-02 7.531453389674425125e-03 5.245892796665430069e-03 7.777651306241750717e-03 1.806643046438694000e-02
5.020000000000000000e+02 2.380914588657322833e-02 1.114010997116565704e-02 5.486961072165286168e-06 1.038439758121967316e-02 7.518005557358264923e-03 5.235162563621997833e-03 7.764921523630619049e-03 1.805654168128967285e-02
5.030000000000000000e+02 2.371457141840804111e-02 1.110907178372144699e-02 5.442801921162754297e-06 1.036485563963651657e-02 7.504587061703205109e-03 5.224470980465412140e-03 7.752212695777416229e-03 1.804665476083755493e-02
5.040000000000000000e+02 2.362055933484505030e-02 1.107815373688936234e-02 5.390056685428135097e-06 1.034537795931100845e-02 7.491207681596279144e-03 5.213811527937650681e-03 7.739543449133634567e-03 1.803679205477237701e-02
5.050000000000000000e+02 2.352710518576609997e-02 1.104736048728227615e-02 5.343481007002992555e-06 1.032594405114650726e-02 7.477866020053625107e-03 5.203214939683675766e-03 7.726915180683135986e-03 1.802694611251354218e-02
5.060000000000000000e+02 2.343420456498305007e-02 1.101669296622276306e-02 5.303912530507659540e-06 1.030654460191726685e-02 7.464549504220485687e-03 5.192632786929607391e-03 7.714318111538887024e-03 1.801712252199649811e-02
5.070000000000000000e+02 2.334185310971837943e-02 1.098616048693656921e-02 5.253929430182324722e-06 1.028720941394567490e-02 7.451277226209640503e-03 5.182091146707534790e-03 7.701754570007324219e-03 1.800731383264064789e-02
5.080000000000000000e+02 2.325004650009300164e-02 1.095573976635932922e-02 5.203266482567414641e-06 1.026791892945766449e-02 7.438018918037414551e-03 5.171577446162700653e-03 7.689227350056171417e-03 1.799749583005905151e-02
5.090000000000000000e+02 2.315878045862104773e-02 1.092545408755540848e-02 5.158761268830858171e-06 1.024868711829185486e-02 7.424818351864814758e-03 5.161109846085309982e-03 7.676749955862760544e-03 1.798773929476737976e-02
5.100000000000000000e+02 2.306805074971165007e-02 1.089529227465391159e-02 5.120319656271021813e-06 1.022948417812585831e-02 7.411645259708166122e-03 5.150668323040008545e-03 7.664291653782129288e-03 1.797797158360481262e-02
5.110000000000000000e+02 2.297785317917747094e-02 1.086524128913879395e-02 5.071578470960957929e-06 1.021034829318523407e-02 7.398493122309446335e-03 5.140288267284631729e-03 7.651881314814090729e-03 1.796821691095829010e-02
5.120000000000000000e+02 2.288818359375000000e-02 1.083532627671957016e-02 5.037461505708051845e-06 1.019126363098621368e-02 7.385377306491136551e-03 5.129919853061437607e-03 7.639512885361909866e-03 1.795850880444049835e-02
5.130000000000000000e+02 2.279903788060144015e-02 1.080551557242870331e-02 4.989279659639578313e-06 1.017220597714185715e-02 7.372300606220960617e-03 5.119592417031526566e-03 7.627159822732210159e-03 1.794880256056785583e-02
5.140000000000000000e+02 2.271041196687307792e-02 1.077582221478223801e-02 4.937460289511363953e-06 1.015321072190999985e-02 7.359243463724851608e-03 5.109300371259450912e-03 7.614853326231241226e-03 1.793910004198551178e-02
5.150000000000000000e+02 2.262230181921010344e-02 1.074627321213483810e-02 4.913070824841270223e-06 1.013425551354885101e-02 7.346236612647771835e-03 5.099040921777486801e-03 7.602580823004245758e-03 1.792942546308040619e-02
5.160000000000000000e+02 2.253470344330268590e-02 1.071681734174489975e-02 4.868768883170560002e-06 1.011534966528415680e-02 7.333245594054460526e-03 5.088824313133955002e-03 7.590343244373798370e-03 1.791976951062679291e-02
5.170000000000000000e+02 2.244761288343328706e-02 1.068749651312828064e-02 4.834624178329249844e-06 1.009649224579334259e-02 7.320307195186614990e-03 5.078631918877363205e-03 7.578136399388313293e-03 1.791012100875377655e-02
5.180000000000000000e+02 2.236102622203008441e-02 1.065827626734972000e-02 4.789033937413478270e-06 1.007768698036670685e-02 7.307383231818675995e-03 5.068478640168905258e-03 7.565969135612249374e-03 1.790048927068710327e-02
5.190000000000000000e+02 2.227493957922638962e-02 1.062917895615100861e-02 4.758365776069695130e-06 1.005891803652048111e-02 7.294496987015008926e-03 5.058353301137685776e-03 7.553842384368181229e-03 1.789089851081371307e-02
5.200000000000000000e+02 2.218934911242603433e-02 1.060019433498382568e-02 4.720097422250546515e-06 1.004019379615783691e-02 7.281641941517591476e-03 5.048279650509357452e-03 7.541737519204616547e-03 1.788129843771457672e-02
5.210000000000000000e+02 2.210425101587453617e-02 1.057134289294481277e-02 4.685249223257414997e-06 1.002152822911739349e-02 7.268817164003849030e-03 5.038225557655096054e-03 7.529673166573047638e-03 1.787171512842178345e-02
5.220000000000000000e+02 2.201964152023605167e-02 1.054258365184068680e-02 4.658299531001830474e-06 1.000290922820568085e-02 7.256026379764080048e-03 5.028221756219863892e-03 7.517648860812187195e-03 1.786216720938682556e-02
5.230000000000000000e+02 2.193551689217596717e-02 1.051393989473581314e-02 4.618025286617921665e-06 9.984320029616355896e-03 7.243270985782146454e-03 5.018228199332952499e-03 7.505661807954311371e-03 1.785261370241641998e-02
5.240000000000000000e+02 2.185187343394907195e-02 1.048541255295276642e-02 4.593265657604206353e-06 9.965795092284679413e-03 7.230537477880716324e-03 5.008277948945760727e-03 7.493691518902778625e-03 1.784309186041355133e-02
5.250000000000000000e+02 2.176870748299319577e-02 1.045700348913669586e-02 4.551445272227283567e-06 9.947315789759159088e-03 7.217846810817718506e-03 4.998358432203531265e-03 7.481768727302551270e-03 1.783358864486217499e-02
5.260000000000000000e+02 2.168601541152828660e-02 1.042868196964263916e-02 4.518511104834033176e-06 9.928867220878601074e-03 7.205187343060970306e-03 4.988488741219043732e-03 7.469873409718275070e-03 1.782408170402050018e-02
5.270000000000000000e+02 2.160379362616075480e-02 1.040049456059932709e-02 4.495780103752622381e-06 9.910478256642818451e-03 7.192549761384725571e-03 4.978637211024761200e-03 7.458011154085397720e-03 1.781461015343666077e-02
5.280000000000000000e+02 2.152203856749311181e-02 1.037242356687784195e-02 4.466281552595319226e-06 9.892127476632595062e-03 7.179948035627603531e-03 4.968821536749601364e-03 7.446180097758769989e-03 1.780514232814311981e-02
5.290000000000000000e+02 2.144074670973874358e-02 1.034442614763975143e-02 4.434074526216136292e-06 9.873812086880207062e-03 7.167377974838018417e-03 4.959024954587221146e-03 7.434391416609287262e-03 1.779568195343017578e-02
5.300000000000000000e+02 2.135991456034175978e-02 1.031657774001359940e-02 4.404422270454233512e-06 9.855558164417743683e-03 7.154838647693395615e-03 4.949288442730903625e-03 7.422639057040214539e-03 1.778625883162021637e-02
5.310000000000000000e+02 2.127953865960185986e-02 1.028881687670946121e-02 4.370052010926883668e-06 9.837348014116287231e-03 7.142329122871160507e-03 4.939573816955089569e-03 7.410911843180656433e-03 1.777684874832630157e-02
5.320000000000000000e+02 2.119961558030414306e-02 1.026116497814655304e-02 4.340487521403701976e-06 9.819173254072666168e-03 7.129846140742301941e-03 4.929890390485525131e-03 7.399207912385463715e-03 1.776743493974208832e-02
5.330000000000000000e+02 2.112014192735375134e-02 1.023361925035715103e-02 4.315522801334736869e-06 9.801034815609455109e-03 7.117390166968107224e-03 4.920235369354486465e-03 7.387553807348012924e-03 1.775805279612541199e-02
5.340000000000000000e+02 2.104111433741531062e-02 1.020618993788957596e-02 4.286826424504397437e-06 9.782963432371616364e-03 7.104981224983930588e-03 4.910606890916824341e-03 7.375918328762054443e-03 1.774869114160537720e-02
5.350000000000000000e+02 2.096252947855707996e-02 1.017885375767946243e-02 4.256932243151823059e-06 9.764929302036762238e-03 7.092585321515798569e-03 4.901020787656307220e-03 7.364326156675815582e-03 1.773932576179504395e-02
5.360000000000000000e+02 2.088438404989975336e-02 1.015162840485572815e-02 4.225602424412500113e-06 9.746932424604892731e-03 7.080236915498971939e-03 4.891455639153718948e-03 7.352760061621665955e-03 1.772998459637165070e-02
5.370000000000000000e+02 2.080667478126983078e-02 1.012450642883777618e-02 4.199421709927264601e-06 9.728982113301753998e-03 7.067907601594924927e-03 4.881931934505701065e-03 7.341228891164064407e-03 1.772067137062549591e-02
5.380000000000000000e+02 2.072939843285747860e-02 1.009748876094818115e-02 4.174956302449572831e-06 9.711076505482196808e-03 7.055613212287425995e-03 4.872441757470369339e-03 7.329717744141817093e-03 1.771135441958904266e-02
5.390000000000000000e+02 2.065255179487885534e-02 1.007057167589664459e-02 4.146530955040361732e-06 9.693217463791370392e-03 7.043344900012016296e-03 4.862977657467126846e-03 7.318258285522460938e-03 1.770207285881042480e-02
5.400000000000000000e+02 2.057613168724279837e-02 1.004375983029603958e-02 4.125653958908515051e-06 9.675396606326103210e-03 7.031104061752557755e-03 4.853550810366868973e-03 7.306816056370735168e-03 1.769279874861240387e-02
5.410000000000000000e+02 2.050013495922181628e-02 1.001704111695289612e-02 4.101905233255820349e-06 9.657622314989566803e-03 7.018892094492912292e-03 4.844143986701965332e-03 7.295413408428430557e-03 1.768353208899497986e-02
5.420000000000000000e+02 2.042455848912732783e-02 9.990429505705833435e-03 4.065558186994167045e-06 9.639888070523738861e-03 7.006717845797538757e-03 4.834771621972322464e-03 7.284025195986032486e-03 1.767429709434509277e-02
5.430000000000000000e+02 2.034939918398909198e-02 9.963924065232276917e-03 4.045480636705178767e-06 9.622195735573768616e-03 6.994565483182668686e-03 4.825430922210216522e-03 7.272685412317514420e-03 1.766506582498550415e-02
5.440000000000000000e+02 2.027465397923875270e-02 9.937510825693607330e-03 4.016909315396333113e-06 9.604545310139656067e-03 6.982446182519197464e-03 4.816117230802774429e-03 7.261380553245544434e-03 1.765584759414196014e-02
5.450000000000000000e+02 2.020031983839743958e-02 9.911209344863891602e-03 3.995657152700005099e-06 9.586940519511699677e-03 6.970352958887815475e-03 4.806843586266040802e-03 7.250085007399320602e-03 1.764663308858871460e-02
5.460000000000000000e+02 2.012639375276737905e-02 9.884983301162719727e-03 3.974018000008072704e-06 9.569382295012474060e-03 6.958289537578821182e-03 4.797597881406545639e-03 7.238831371068954468e-03 1.763745583593845367e-02
5.470000000000000000e+02 2.005287274112744003e-02 9.858877398073673248e-03 3.948246103391284123e-06 9.551854804158210754e-03 6.946262903511524200e-03 4.788372199982404709e-03 7.227609865367412567e-03 1.762827672064304352e-02
5.480000000000000000e+02 1.997975384943257576e-02 9.832861833274364471e-03 3.922902124031679705e-06 9.534378536045551300e-03 6.934254895895719528e-03 4.779197275638580322e-03 7.216429337859153748e-03 1.761911809444427490e-02
5.490000000000000000e+02 1.990703415051708544e-02 9.806942194700241089e-03 3.888651008310262114e-06 9.516946040093898773e-03 6.922281812876462936e-03 4.770035855472087860e-03 7.205274887382984161e-03 1.760998181998729706e-02
5.500000000000000000e+02 1.983471074380165414e-02 9.781125001609325409e-03 3.869427018798887730e-06 9.499554522335529327e-03 6.910338532179594040e-03 4.760907962918281555e-03 7.194139994680881500e-03 1.760085113346576691e-02
5.510000000000000000e+02 1.976278075500410153e-02 9.755403734743595123e-03 3.851382643915712833e-06 9.482203051447868347e-03 6.898419465869665146e-03 4.751808475703001022e-03 7.183040957897901535e-03 1.759173348546028137e-02
5.520000000000000000e+02 1.969124133585381173e-02 9.729771874845027924e-03 3.821990048891166225e-06 9.464886039495468140e-03 6.886515300720930099e-03 4.742744378745555878e-03 7.171982433646917343e-03 1.758264005184173584e-02
5.530000000000000000e+02 1.962008966380976438e-02 9.704231284558773041e-03 3.794825261138612404e-06 9.447614662349224091e-03 6.874666083604097366e-03 4.733694251626729965e-03 7.160931359976530075e-03 1.757355034351348877e-02
5.540000000000000000e+02 1.954932294178211502e-02 9.678784757852554321e-03 3.775610139200580306e-06 9.430377744138240814e-03 6.862836424261331558e-03 4.724689759314060211e-03 7.149931043386459351e-03 1.756449043750762939e-02
5.550000000000000000e+02 1.947893839785731773e-02 9.653458371758460999e-03 3.742261469596996903e-06 9.413195773959159851e-03 6.851032376289367676e-03 4.715711809694766998e-03 7.138957735151052475e-03 1.755542121827602386e-02
5.560000000000000000e+02 1.940893328502665480e-02 9.628202766180038452e-03 3.725340548044187017e-06 9.396045468747615814e-03 6.839257199317216873e-03 4.706763196736574173e-03 7.127996068447828293e-03 1.754637062549591064e-02
5.570000000000000000e+02 1.933930488091822886e-02 9.603035636246204376e-03 3.686283207571250387e-06 9.378943592309951782e-03 6.827505771070718765e-03 4.697829484939575195e-03 7.117077242583036423e-03 1.753734983503818512e-02
5.580000000000000000e+02 1.927005048753227881e-02 9.577974677085876465e-03 3.662373728730017319e-06 9.361871518194675446e-03 6.815787404775619507e-03 4.688937682658433914e-03 7.106192409992218018e-03 1.752834767103195190e-02
5.590000000000000000e+02 1.920116743097980208e-02 9.552993811666965485e-03 3.645073547886568122e-06 9.344851598143577576e-03 6.804089993238449097e-03 4.680076614022254944e-03 7.095326669514179230e-03 1.751933991909027100e-02
5.600000000000000000e+02 1.913265306122449022e-02 9.528105147182941437e-03 3.611901547628804110e-06 9.327873587608337402e-03 6.792430765926837921e-03 4.671233706176280975e-03 7.084489800035953522e-03 1.751035451889038086e-02
5.610000000000000000e+02 1.906450475182780782e-02 9.503301233053207397e-03 3.591157110349740833e-06 9.310917928814888000e-03 6.780788302421569824e-03 4.662428051233291626e-03 7.073689717799425125e-03 1.750138774514198303e-02
5.620000000000000000e+02 1.899671989969731883e-02 9.478618390858173370e-03 3.564504822861636057e-06 9.294015355408191681e-03 6.769178900867700577e-03 4.653634503483772278e-03 7.062919903546571732e-03 1.749242469668388367e-02
5.630000000000000000e+02 1.892929592483807641e-02 9.454002603888511658e-03 3.540496209097909741e-06 9.277158416807651520e-03 6.757598835974931717e-03 4.644885659217834473e-03 7.052172441035509109e-03 1.748348586261272430e-02
5.640000000000000000e+02 1.886223027010713871e-02 9.429478086531162262e-03 3.518818175507476553e-06 9.260320104658603668e-03 6.746043451130390167e-03 4.636154044419527054e-03 7.041453849524259567e-03 1.747456006705760956e-02
5.650000000000000000e+02 1.879552040097110313e-02 9.405030868947505951e-03 3.486530431473511271e-06 9.243544191122055054e-03 6.734516005963087082e-03 4.627465736120939255e-03 7.030757609754800797e-03 1.746564358472824097e-02
5.660000000000000000e+02 1.872916380526664162e-02 9.380697272717952728e-03 3.463956772975507192e-06 9.226799011230468750e-03 6.723008584231138229e-03 4.618798848241567612e-03 7.020105142146348953e-03 1.745674759149551392e-02
5.670000000000000000e+02 1.866315799296398847e-02 9.356433525681495667e-03 3.441692570049781352e-06 9.210102260112762451e-03 6.711540743708610535e-03 4.610152915120124817e-03 7.009463850408792496e-03 1.744785532355308533e-02
5.680000000000000000e+02 1.859750049593334592e-02 9.332265704870223999e-03 3.406269115657778457e-06 9.193433448672294617e-03 6.700096651911735535e-03 4.601535852998495102e-03 6.998865399509668350e-03 1.743899099528789520e-02
5.690000000000000000e+02 1.853218886771414858e-02 9.308177046477794647e-03 3.383785724508925341e-06 9.176796302199363708e-03 6.688664667308330536e-03 4.592944402247667313e-03 6.988279987126588821e-03 1.743012666702270508e-02
5.700000000000000000e+02 1.846722068328716590e-02 9.284185245633125305e-03 3.359305992489680648e-06 9.160207584500312805e-03 6.677281577140092850e-03 4.584379959851503372e-03 6.977734621614217758e-03 1.742128096520900726e-02
5.710000000000000000e+02 1.840259353884940788e-02 9.260280057787895203e-03 3.328446382511174306e-06 9.143663570284843445e-03 6.665915716439485550e-03 4.575848579406738281e-03 6.967224180698394775e-03 1.741245761513710022e-02
5.720000000000000000e+02 1.833830505159176477e-02 9.236444719135761261e-03 3.304103756818221882e-06 9.127157740294933319e-03 6.654576398432254791e-03 4.567343275994062424e-03 6.956729106605052948e-03 1.740362681448459625e-02
5.730000000000000000e+02 1.827435285947936333e-02 9.212712757289409637e-03 3.280264536442700773e-06 9.110674262046813965e-03 6.643267814069986343e-03 4.558869171887636185e-03 6.946258712559938431e-03 1.739482209086418152e-02
5.740000000000000000e+02 1.821073462103461188e-02 9.189047850668430328e-03 3.255910996813327074e-06 9.094243869185447693e-03 6.631977390497922897e-03 4.550413694232702255e-03 6.935827434062957764e-03 1.738603413105010986e-02
5.750000000000000000e+02 1.814744801512287176e-02 9.165474213659763336e-03 3.222981376893585548e-06 9.077843278646469116e-03 6.620712578296661377e-03 4.541985224932432175e-03 6.925413385033607483e-03 1.737724989652633667e-02
5.760000000000000000e+02 1.808449074074074125e-02 9.141995571553707123e-03 3.196098759872256778e-06 9.061487391591072083e-03 6.609479896724224091e-03 4.533587954938411713e-03 6.915035191923379898e-03 1.736849360167980194e-02
5.770000000000000000e+02 1.802186051680688614e-02 9.118596091866493225e-03 3.172183824062813073e-06 9.045166894793510437e-03 6.598272826522588730e-03 4.525222349911928177e-03 6.904677487909793854e-03 1.735975593328475952e-02
5.780000000000000000e+02 1.795955508195543754e-02 9.095264598727226257e-03 3.148375753880827688e-06 9.028891101479530334e-03 6.587089505046606064e-03 4.516872111707925797e-03 6.894354242831468582e-03 1.735099591314792633e-02
5.790000000000000000e+02 1.789757219433183930e-02 9.072031825780868530e-03 3.132237907266244292e-06 9.012647904455661774e-03 6.575939245522022247e-03 4.508546087890863419e-03 6.884047295898199081e-03 1.734227687120437622e-02
5.800000000000000000e+02 1.783590963139120023e-02 9.048881009221076965e-03 3.108276587227010168e-06 8.996437303721904755e-03 6.564815528690814972e-03 4.500251263380050659e-03 6.873776204884052277e-03 1.733355782926082611e-02
5.810000000000000000e+02 1.777456518969904725e-02 9.025799110531806946e-03 3.074987262152717449e-06 8.980270475149154663e-03 6.553691346198320389e-03 4.491982050240039825e-03 6.863533053547143936e-03 1.732486300170421600e-02
5.820000000000000000e+02 1.771353668473447246e-02 9.002811275422573090e-03 3.052431793548748828e-06 8.964139036834239960e-03 6.542618852108716965e-03 4.483750090003013611e-03 6.853304803371429443e-03 1.731618307530879974e-02
5.830000000000000000e+02 1.765282195069566712e-02 8.979897014796733856e-03 3.026159447472309694e-06 8.948046714067459106e-03 6.531569175422191620e-03 4.475523717701435089e-03 6.843114271759986877e-03 1.730750687420368195e-02
5.840000000000000000e+02 1.759241884030774902e-02 8.957060985267162323e-03 3.010638920386554673e-06 8.931986987590789795e-03 6.520534865558147430e-03 4.467327613383531570e-03 6.832948420196771622e-03 1.729884743690490723e-02
5.850000000000000000e+02 1.753232522463291782e-02 8.934312500059604645e-03 2.980346380354603752e-06 8.915971964597702026e-03 6.509532220661640167e-03 4.459165036678314209e-03 6.822804454714059830e-03 1.729020103812217712e-02
5.860000000000000000e+02 1.747253899288285159e-02 8.911635726690292358e-03 2.959010544145712629e-06 8.899979293346405029e-03 6.498554255813360214e-03 4.451017826795578003e-03 6.812685169279575348e-03 1.728155836462974548e-02
5.870000000000000000e+02 1.741305805223336903e-02 8.889044634997844696e-03 2.940293143183225766e-06 8.884037844836711884e-03 6.487602833658456802e-03 4.442902747541666031e-03 6.802592892199754715e-03 1.727294176816940308e-02
5.880000000000000000e+02 1.735388032764125996e-02 8.866532705724239349e-03 2.922758767454070039e-06 8.868140168488025665e-03 6.476678419858217239e-03 4.434812348335981369e-03 6.792534142732620239e-03 1.726433262228965759e-02
5.890000000000000000e+02 1.729500376166331899e-02 8.844092488288879395e-03 2.894983481382951140e-06 8.852257393300533295e-03 6.465773098170757294e-03 4.426750820130109787e-03 6.782490294426679611e-03 1.725574396550655365e-02
5.900000000000000000e+02 1.723642631427750593e-02 8.821738883852958679e-03 2.873782250389922410e-06 8.836432360112667084e-03 6.454896181821823120e-03 4.418699070811271667e-03 6.772479042410850525e-03 1.724715903401374817e-02
5.910000000000000000e+02 1.717814596270624342e-02 8.799453265964984894e-03 2.860442236851667985e-06 8.820620365440845490e-03 6.444035097956657410e-03 4.410684574395418167e-03 6.762503646314144135e-03 1.723858527839183807e-02
5.920000000000000000e+02 1.712016070124178224e-02 8.777245879173278809e-03 2.844268237822689116e-06 8.804864250123500824e-03 6.433221511542797089e-03 4.402702674269676208e-03 6.752527318894863129e-03 1.723003201186656952e-02
5.930000000000000000e+02 1.706246854107362765e-02 8.755126036703586578e-03 2.828365495588514023e-06 8.789137005805969238e-03 6.422415375709533691e-03 4.394724965095520020e-03 6.742589641362428665e-03 1.722147688269615173e-02
5.940000000000000000e+02 1.700506751011801598e-02 8.733066730201244354e-03 2.798931518555036746e-06 8.773451671004295349e-03 6.411627400666475296e-03 4.386783111840486526e-03 6.732701323926448822e-03 1.721295900642871857e-02
5.950000000000000000e+02 1.694795565284937591e-02 8.711087517440319061e-03 2.791869519569445401e-06 8.757794275879859924e-03 6.400889717042446136e-03 4.378870595246553421e-03 6.722806021571159363e-03 1.720443554222583771e-02
5.960000000000000000e+02 1.689113103013377762e-02 8.689185604453086853e-03 2.767811338344472460e-06 8.742180652916431427e-03 6.390158087015151978e-03 4.370978567749261856e-03 6.712935864925384521e-03 1.719592325389385223e-02
5.970000000000000000e+02 1.683459171906433183e-02 8.667362853884696960e-03 2.745764277278794907e-06 8.726592175662517548e-03 6.379455327987670898e-03 4.363102372735738754e-03 6.703105289489030838e-03 1.718743331730365753e-02
5.980000000000000000e+02 1.677833581279851438e-02 8.645606227219104767e-03 2.732998837018385530e-06 8.711028844118118286e-03 6.368776317685842514e-03 4.355252720415592194e-03 6.693299859762191772e-03 1.717893779277801514e-02
5.990000000000000000e+02 1.672236142039737819e-02 8.623935282230377197e-03 2.716622248044586740e-06 8.695535361766815186e-03 6.358115468174219131e-03 4.347443580627441406e-03 6.683516781777143478e-03 1.717046461999416351e-02
6.000000000000000000e+02 1.666666666666666644e-02 8.602332323789596558e-03 2.705708993744337931e-06 8.680065162479877472e-03 6.347476504743099213e-03 4.339634906500577927e-03 6.673763040453195572e-03 1.716202311217784882e-02
6.010000000000000000e+02 1.661124969199974377e-02 8.580807596445083618e-03 2.685884510356117971e-06 8.664620108902454376e-03 6.336879450827836990e-03 4.331858363002538681e-03 6.664020940661430359e-03 1.715356670320034027e-02
6.020000000000000000e+02 1.655610865222238021e-02 8.559347130358219147e-03 2.673728658919571899e-06 8.649201132357120514e-03 6.326290778815746307e-03 4.324113950133323669e-03 6.654309108853340149e-03 1.714513078331947327e-02
6.030000000000000000e+02 1.650124171843931134e-02 8.537968620657920837e-03 2.661833605088759214e-06 8.633836172521114349e-03 6.315737497061491013e-03 4.316385835409164429e-03 6.644630804657936096e-03 1.713670790195465088e-02
6.040000000000000000e+02 1.644664707688259231e-02 8.516660891473293304e-03 2.634930297062965110e-06 8.618492633104324341e-03 6.305200979113578796e-03 4.308680072426795959e-03 6.634963210672140121e-03 1.712831109762191772e-02
6.050000000000000000e+02 1.639232292876169686e-02 8.495415560901165009e-03 2.625909928610781208e-06 8.603197522461414337e-03 6.294690072536468506e-03 4.300993867218494415e-03 6.625336129218339920e-03 1.711990870535373688e-02
6.060000000000000000e+02 1.633826749011534768e-02 8.474248461425304413e-03 2.614023287605959922e-06 8.587921038269996643e-03 6.284202914685010910e-03 4.293345846235752106e-03 6.615717429667711258e-03 1.711152307689189911e-02
6.070000000000000000e+02 1.628447899166506063e-02 8.453161455690860748e-03 2.600137577246641740e-06 8.572689257562160492e-03 6.273736711591482162e-03 4.285707138478755951e-03 6.606130860745906830e-03 1.710314303636550903e-02
6.080000000000000000e+02 1.623095567867036126e-02 8.432131260633468628e-03 2.589520818219170906e-06 8.557496592402458191e-03 6.263295654207468033e-03 4.278096836060285568e-03 6.596556399017572403e-03 1.709477789700031281e-02
6.090000000000000000e+02 1.617769581078567012e-02 8.411178365349769592e-03 2.579954525572247803e-06 8.542329072952270508e-03 6.252873688936233521e-03 4.270511679351329803e-03 6.587013136595487595e-03 1.708643324673175812e-02
6.100000000000000000e+02 1.612469766191883952e-02 8.390295319259166718e-03 2.559013182690250687e-06 8.527197875082492828e-03 6.242478732019662857e-03 4.262940492480993271e-03 6.577505264431238174e-03 1.707810349762439728e-02
6.110000000000000000e+02 1.607195952009128972e-02 8.369479328393936157e-03 2.549729060774552636e-06 8.512098342180252075e-03 6.232110317796468735e-03 4.255398642271757126e-03 6.568006239831447601e-03 1.706976629793643951e-02
6.120000000000000000e+02 1.601947968729975497e-02 8.348746225237846375e-03 2.536119836804573424e-06 8.497040718793869019e-03 6.221753079444169998e-03 4.247880540788173676e-03 6.558545399457216263e-03 1.706146448850631714e-02
6.130000000000000000e+02 1.596725647937961845e-02 8.328076452016830444e-03 2.524909405110520311e-06 8.482025004923343658e-03 6.211433093994855881e-03 4.240381997078657150e-03 6.549095734953880310e-03 1.705315895378589630e-02
6.140000000000000000e+02 1.591528822586977046e-02 8.307469077408313751e-03 2.516707581889932044e-06 8.467022329568862915e-03 6.201129406690597534e-03 4.232898820191621780e-03 6.539676804095506668e-03 1.704487018287181854e-02
6.150000000000000000e+02 1.586357326987904159e-02 8.286929689347743988e-03 2.496563638487714343e-06 8.452062495052814484e-03 6.190849933773279190e-03 4.225449636578559875e-03 6.530271843075752258e-03 1.703658699989318848e-02
6.160000000000000000e+02 1.581210996795412438e-02 8.266461081802845001e-03 2.498321919119916856e-06 8.437134325504302979e-03 6.180598866194486618e-03 4.218030720949172974e-03 6.520902272313833237e-03 1.702832430601119995e-02
6.170000000000000000e+02 1.576089668994901452e-02 8.246055804193019867e-03 2.478062924637924880e-06 8.422239683568477631e-03 6.170372944325208664e-03 4.210610408335924149e-03 6.511543877422809601e-03 1.702006720006465912e-02
6.180000000000000000e+02 1.570993181889590584e-02 8.225730620324611664e-03 2.462371185174561106e-06 8.407376706600189209e-03 6.160155404359102249e-03 4.203223157674074173e-03 6.502210628241300583e-03 1.701182499527931213e-02
6.190000000000000000e+02 1.565921375087757014e-02 8.205465041100978851e-03 2.451890850352356210e-06 8.392545394599437714e-03 6.149977445602416992e-03 4.195872228592634201e-03 6.492911837995052338e-03 1.700358092784881592e-02
6.200000000000000000e+02 1.560874089490114393e-02 8.185262791812419891e-03 2.438532419546390884e-06 8.377747610211372375e-03 6.139799021184444427e-03 4.188522696495056152e-03 6.483628414571285248e-03 1.699536480009555817e-02
6.210000000000000000e+02 1.555851167277338271e-02 8.165129460394382477e-03 2.427151457595755346e-06 8.362993597984313965e-03 6.129674613475799561e-03 4.181197378784418106e-03 6.474357098340988159e-03 1.698714867234230042e-02
6.220000000000000000e+02 1.550852451897726490e-02 8.145073428750038147e-03 2.410655497442348860e-06 8.348265662789344788e-03 6.119540892541408539e-03 4.173901397734880447e-03 6.465140730142593384e-03 1.697895675897598267e-02
6.230000000000000000e+02 1.545877788055002346e-02 8.125062100589275360e-03 2.395304136371123604e-06 8.333567529916763306e-03 6.109453272074460983e-03 4.166623111814260483e-03 6.455917377024888992e-03 1.697076857089996338e-02
6.240000000000000000e+02 1.540927021696252529e-02 8.105142973363399506e-03 2.389420387771679088e-06 8.318906649947166443e-03 6.099374964833259583e-03 4.159368108958005905e-03 6.446730811148881912e-03 1.696259900927543640e-02
6.250000000000000000e+02 1.536000000000000039e-02 8.085259236395359039e-03 2.377106511630699970e-06 8.304278366267681122e-03 6.089335773140192032e-03 4.152131266891956329e-03 6.437560077756643295e-03 1.695443876087665558e-02
6.260000000000000000e+02 1.531096571364411185e-02 8.065463043749332428e-03 2.360959570069098845e-06 8.289677090942859650e-03 6.079288665205240250e-03 4.144922364503145218e-03 6.428416818380355835e-03 1.694628410041332245e-02
6.270000000000000000e+02 1.526216585395633561e-02 8.045722730457782745e-03 2.352295268792659044e-06 8.275130763649940491e-03 6.069290451705455780e-03 4.137736745178699493e-03 6.419285666197538376e-03 1.693813502788543701e-02
6.280000000000000000e+02 1.521359892896263603e-02 8.026048541069030762e-03 2.333003976673353463e-06 8.260585367679595947e-03 6.059306208044290543e-03 4.130554851144552231e-03 6.410187110304832458e-03 1.693001389503479004e-02
6.290000000000000000e+02 1.516526345853943386e-02 8.006439544260501862e-03 2.328137497897841968e-06 8.246080949902534485e-03 6.049344316124916077e-03 4.123404156416654587e-03 6.401107646524906158e-03 1.692188717424869537e-02
6.300000000000000000e+02 1.511715797430083184e-02 7.986896671354770660e-03 2.301009772054385394e-06 8.231616578996181488e-03 6.039404775947332382e-03 4.116275347769260406e-03 6.392053328454494476e-03 1.691377535462379456e-02
6.310000000000000000e+02 1.506928101948709110e-02 7.967418991029262543e-03 2.295854756084736437e-06 8.217172697186470032e-03 6.029480602592229843e-03 4.109181463718414307e-03 6.383006926625967026e-03 1.690569147467613220e-02
6.320000000000000000e+02 1.502163114885434955e-02 7.947995327413082123e-03 2.285727305206819437e-06 8.202772587537765503e-03 6.019580643624067307e-03 4.102082923054695129e-03 6.373993586748838425e-03 1.689760014414787292e-02
6.330000000000000000e+02 1.497420692856554596e-02 7.928645238280296326e-03 2.279485670442227274e-06 8.188403211534023285e-03 6.009705364704132080e-03 4.095009062439203262e-03 6.365009117871522903e-03 1.688952557742595673e-02
6.340000000000000000e+02 1.492700693608255656e-02 7.909342646598815918e-03 2.247259999421657994e-06 8.174047805368900299e-03 5.999847780913114548e-03 4.087971057742834091e-03 6.356037221848964691e-03 1.688145846128463745e-02
6.350000000000000000e+02 1.488002976005952001e-02 7.890112698078155518e-03 2.240101366624003276e-06 8.159752003848552704e-03 5.990014411509037018e-03 4.080940969288349152e-03 6.347087677568197250e-03 1.687340252101421356e-02
6.360000000000000000e+02 1.483327400023733318e-02 7.870954461395740509e-03 2.222193415946094319e-06 8.145469240844249725e-03 5.980207584798336029e-03 4.073936957865953445e-03 6.338156759738922119e-03 1.686537079513072968e-02
6.370000000000000000e+02 1.478673826733929893e-02 7.851847447454929352e-03 2.199326900154119357e-06 8.131226524710655212e-03 5.970417987555265427e-03 4.066954366862773895e-03 6.329253315925598145e-03 1.685732789337635040e-02
6.380000000000000000e+02 1.474042118296793429e-02 7.832796312868595123e-03 2.197085677835275419e-06 8.117008022964000702e-03 5.960635840892791748e-03 4.059992730617523193e-03 6.320367567241191864e-03 1.684932038187980652e-02
6.390000000000000000e+02 1.469432137950289069e-02 7.813815958797931671e-03 2.173616394429700449e-06 8.102827705442905426e-03 5.950891878455877304e-03 4.053047392517328262e-03 6.311504170298576355e-03 1.684130541980266571e-02
6.400000000000000000e+02 1.464843750000000000e-02 7.794898469001054764e-03 2.162260443583363667e-06 8.088670670986175537e-03 5.941167939454317093e-03 4.046129062771797180e-03 6.302666384726762772e-03 1.683329977095127106e-02
6.410000000000000000e+02 1.460276819809141861e-02 7.776036392897367477e-03 2.144702193618286401e-06 8.074557408690452576e-03 5.931460298597812653e-03 4.039229359477758408e-03 6.293852347880601883e-03 1.682531647384166718e-02
6.420000000000000000e+02 1.455731213788686099e-02 7.757234387099742889e-03 2.121065790561260656e-06 8.060456253588199615e-03 5.921781994402408600e-03 4.032342229038476944e-03 6.285049021244049072e-03 1.681733876466751099e-02
6.430000000000000000e+02 1.451206799387590694e-02 7.738474756479263306e-03 2.110839204760850407e-06 8.046396076679229736e-03 5.912127904593944550e-03 4.025476519018411636e-03 6.276256404817104340e-03 1.680937781929969788e-02
6.440000000000000000e+02 1.446703445083137238e-02 7.719801738858222961e-03 2.093337570840958506e-06 8.032376877963542938e-03 5.902479402720928192e-03 4.018636886030435562e-03 6.267515011131763458e-03 1.680142618715763092e-02
6.450000000000000000e+02 1.442221020371371905e-02 7.701178081333637238e-03 2.079938212773413397e-06 8.018367923796176910e-03 5.892856512218713760e-03 4.011811688542366028e-03 6.258784793317317963e-03 1.679346337914466858e-02
6.460000000000000000e+02 1.437759395757651215e-02 7.682620547711849213e-03 2.066432671199436300e-06 8.004405535757541656e-03 5.883256904780864716e-03 4.005002323538064957e-03 6.250069476664066315e-03 1.678553596138954163e-02
6.470000000000000000e+02 1.433318442747289270e-02 7.664104923605918884e-03 2.050695684374659322e-06 7.990461774170398712e-03 5.873681977391242981e-03 3.998216707259416580e-03 6.241369992494583130e-03 1.677760668098926544e-02
6.480000000000000000e+02 1.428898033836305433e-02 7.645658683031797409e-03 2.027867822107509710e-06 7.976561784744262695e-03 5.864128936082124710e-03 3.991457168012857437e-03 6.232702638953924179e-03 1.676970720291137695e-02
6.490000000000000000e+02 1.424498042502273312e-02 7.627271115779876709e-03 2.015023483181721531e-06 7.962699048221111298e-03 5.854583811014890671e-03 3.984706476330757141e-03 6.224038545042276382e-03 1.676179654896259308e-02
6.500000000000000000e+02 1.420118343195266204e-02 7.608938962221145630e-03 2.000838549065520056e-06 7.948834449052810669e-03 5.845074541866779327e-03 3.977979533374309540e-03 6.215409375727176666e-03 1.675390079617500305e-02
6.510000000000000000e+02 1.415758811328901925e-02 7.590678520500659943e-03 1.978992713702609763e-06 7.935014553368091583e-03 5.835568998008966446e-03 3.971265628933906555e-03 6.206802558153867722e-03 1.674602180719375610e-02
6.520000000000000000e+02 1.411419323271481847e-02 7.572471164166927338e-03 1.969525328604504466e-06 7.921247743070125580e-03 5.826096050441265106e-03 3.964581061154603958e-03 6.198207382112741470e-03 1.673815399408340454e-02
6.530000000000000000e+02 1.407099756337225512e-02 7.554304786026477814e-03 1.960261215572245419e-06 7.907476276159286499e-03 5.816635210067033768e-03 3.957923967391252518e-03 6.189635489135980606e-03 1.673027686774730682e-02
6.540000000000000000e+02 1.402799988777600135e-02 7.536200340837240219e-03 1.945847998285898939e-06 7.893758825957775116e-03 5.807199515402317047e-03 3.951270598918199539e-03 6.181085482239723206e-03 1.672244258224964142e-02
6.550000000000000000e+02 1.398519899772740493e-02 7.518158759921789169e-03 1.927901848830515519e-06 7.880055345594882965e-03 5.797788500785827637e-03 3.944644704461097717e-03 6.172552704811096191e-03 1.671459339559078217e-02
6.560000000000000000e+02 1.394259369422962483e-02 7.500178646296262741e-03 1.909857473947340623e-06 7.866381667554378510e-03 5.788390059024095535e-03 3.938030917197465897e-03 6.164048332720994949e-03 1.670675911009311676e-02
6.570000000000000000e+02 1.390018278740365494e-02 7.482242770493030548e-03 1.901040263874165248e-06 7.852750830352306366e-03 5.779021419584751129e-03 3.931439947336912155e-03 6.155546754598617554e-03 1.669894531369209290e-02
6.580000000000000000e+02 1.385796509640524303e-02 7.464380934834480286e-03 1.881998514363658614e-06 7.839143276214599609e-03 5.769663490355014801e-03 3.924855496734380722e-03 6.147088482975959778e-03 1.669113151729106903e-02
6.590000000000000000e+02 1.381593944934270644e-02 7.446547504514455795e-03 1.866137381512089632e-06 7.825553417205810547e-03 5.760323721915483475e-03 3.918319009244441986e-03 6.138626020401716232e-03 1.668332330882549286e-02
6.600000000000000000e+02 1.377410468319559267e-02 7.428788580000400543e-03 1.856848371062369552e-06 7.812005467712879181e-03 5.751005373895168304e-03 3.911770414561033249e-03 6.130206864327192307e-03 1.667553558945655823e-02
6.610000000000000000e+02 1.373245964373422112e-02 7.411089725792407990e-03 1.844722646637819707e-06 7.798493374139070511e-03 5.741717293858528137e-03 3.905248129740357399e-03 6.121780723333358765e-03 1.666775904595851898e-02
6.620000000000000000e+02 1.369100318544007495e-02 7.393434178084135056e-03 1.818812734200037085e-06 7.785005494952201843e-03 5.732436198741197586e-03 3.898758208379149437e-03 6.113401148468255997e-03 1.665998622775077820e-02
6.630000000000000000e+02 1.364973417142701165e-02 7.375837303698062897e-03 1.813664539440651424e-06 7.771542761474847794e-03 5.723182577639818192e-03 3.892267588526010513e-03 6.105016451328992844e-03 1.665222644805908203e-02
6.640000000000000000e+02 1.360865147336333229e-02 7.358298171311616898e-03 1.796570018086640630e-06 7.758108898997306824e-03 5.713956896215677261e-03 3.885805606842041016e-03 6.096669007092714310e-03 1.664447784423828125e-02
6.650000000000000000e+02 1.356775397139465232e-02 7.340805605053901672e-03 1.788991312423604541e-06 7.744699716567993164e-03 5.704733077436685562e-03 3.879360854625701904e-03 6.088334135711193085e-03 1.663673669099807739e-02
6.660000000000000000e+02 1.352704055406758060e-02 7.323372177779674530e-03 1.771246843418339267e-06 7.731331512331962585e-03 5.695539992302656174e-03 3.872935194522142410e-03 6.080027204006910324e-03 1.662900298833847046e-02
6.670000000000000000e+02 1.348651011825421561e-02 7.305993698537349701e-03 1.761822659318568185e-06 7.717984728515148163e-03 5.686370190232992172e-03 3.866526065394282341e-03 6.071740761399269104e-03 1.662128604948520660e-02
6.680000000000000000e+02 1.344616156907741354e-02 7.288667839020490646e-03 1.748289832903537899e-06 7.704657036811113358e-03 5.677206907421350479e-03 3.860137425363063812e-03 6.063457578420639038e-03 1.661357469856739044e-02
6.690000000000000000e+02 1.340599381983684918e-02 7.271401118487119675e-03 1.734199713609996252e-06 7.691374979913234711e-03 5.668066442012786865e-03 3.853766014799475670e-03 6.055200938135385513e-03 1.660587266087532043e-02
6.700000000000000000e+02 1.336600579193584354e-02 7.254180032759904861e-03 1.713983124318474438e-06 7.678109686821699142e-03 5.658958107233047485e-03 3.847401589155197144e-03 6.046968046575784683e-03 1.659818366169929504e-02
6.710000000000000000e+02 1.332619641480895824e-02 7.237008307129144669e-03 1.708419745227729436e-06 7.664871402084827423e-03 5.649856757372617722e-03 3.841066267341375351e-03 6.038748659193515778e-03 1.659050025045871735e-02
6.720000000000000000e+02 1.328656462585033927e-02 7.219895720481872559e-03 1.693701392468938138e-06 7.651672698557376862e-03 5.640768446028232574e-03 3.834740258753299713e-03 6.030548363924026489e-03 1.658283732831478119e-02
6.730000000000000000e+02 1.324710937034281368e-02 7.202825974673032761e-03 1.676767283242952544e-06 7.638499606400728226e-03 5.631715990602970123e-03 3.828440560027956963e-03 6.022366229444742203e-03 1.657518744468688965e-02
6.740000000000000000e+02 1.320782960138770258e-02 7.185824215412139893e-03 1.676537181083403993e-06 7.625337690114974976e-03 5.622681230306625366e-03 3.822156228125095367e-03 6.014208775013685226e-03 1.656752079725265503e-02
6.750000000000000000e+02 1.316872427983539068e-02 7.168869953602552414e-03 1.653639287724217866e-06 7.612223736941814423e-03 5.613655783236026764e-03 3.815895179286599159e-03 6.006063893437385559e-03 1.655988208949565887e-02
6.760000000000000000e+02 1.312979237421658951e-02 7.151965051889419556e-03 1.639830770727712661e-06 7.599134929478168488e-03 5.604648031294345856e-03 3.809640184044837952e-03 5.997939966619014740e-03 1.655223593115806580e-02
6.770000000000000000e+02 1.309103286067431898e-02 7.135116029530763626e-03 1.633305259929329623e-06 7.586073130369186401e-03 5.595663096755743027e-03 3.803415456786751747e-03 5.989839322865009308e-03 1.654461584985256195e-02
6.780000000000000000e+02 1.305244472289659834e-02 7.118314970284700394e-03 1.619035629119025543e-06 7.573038339614868164e-03 5.586691666394472122e-03 3.797198180109262466e-03 5.981757305562496185e-03 1.653700321912765503e-02
6.790000000000000000e+02 1.301402695204981717e-02 7.101553957909345627e-03 1.618117494217585772e-06 7.560033816844224930e-03 5.577748641371726990e-03 3.791000461205840111e-03 5.973680410534143448e-03 1.652940548956394196e-02
6.800000000000000000e+02 1.297577854671280208e-02 7.084858138114213943e-03 1.600101427357003558e-06 7.547056768089532852e-03 5.568829830735921860e-03 3.784815547987818718e-03 5.965635646134614944e-03 1.652180217206478119e-02
6.810000000000000000e+02 1.293769851281155632e-02 7.068201899528503418e-03 1.590294232300948352e-06 7.534095086157321930e-03 5.559923127293586731e-03 3.778652055189013481e-03 5.957610439509153366e-03 1.651422865688800812e-02
6.820000000000000000e+02 1.289978586355466569e-02 7.051620166748762131e-03 1.579617787683673669e-06 7.521165534853935242e-03 5.551029928028583527e-03 3.772507887333631516e-03 5.949589889496564865e-03 1.650664582848548889e-02
6.830000000000000000e+02 1.286203961936937396e-02 7.035054732114076614e-03 1.574076350152608939e-06 7.508273702114820480e-03 5.542163271456956863e-03 3.766382113099098206e-03 5.941590294241905212e-03 1.649907417595386505e-02
6.840000000000000000e+02 1.282445880783830879e-02 7.018565200269222260e-03 1.551995069348777179e-06 7.495407480746507645e-03 5.533302668482065201e-03 3.760256804525852203e-03 5.933623760938644409e-03 1.649151556193828583e-02
6.850000000000000000e+02 1.278704246363684786e-02 7.002113852649927139e-03 1.552713797536853235e-06 7.482562679797410965e-03 5.524471867829561234e-03 3.754161763936281204e-03 5.925668403506278992e-03 1.648398861289024353e-02
6.860000000000000000e+02 1.274978962847113026e-02 6.985723040997982025e-03 1.534174543849076144e-06 7.469751872122287750e-03 5.515652708709239960e-03 3.748091636225581169e-03 5.917716771364212036e-03 1.647644117474555969e-02
6.870000000000000000e+02 1.271269935101669753e-02 6.969374604523181915e-03 1.534040961814753246e-06 7.456948980689048767e-03 5.506869405508041382e-03 3.742027562111616135e-03 5.909800063818693161e-03 1.646891608834266663e-02
6.880000000000000000e+02 1.267577068685776104e-02 6.953062023967504501e-03 1.523476726106309798e-06 7.444182410836219788e-03 5.498092155903577805e-03 3.735982114449143410e-03 5.901895463466644287e-03 1.646140404045581818e-02
6.890000000000000000e+02 1.263900269842707647e-02 6.936816498637199402e-03 1.510505398982786573e-06 7.431445643305778503e-03 5.489320494234561920e-03 3.729953430593013763e-03 5.894010420888662338e-03 1.645388454198837280e-02
6.900000000000000000e+02 1.260239445494643930e-02 6.920619867742061615e-03 1.495237142989935819e-06 7.418739609420299530e-03 5.480588879436254501e-03 3.723935456946492195e-03 5.886140279471874237e-03 1.644638180732727051e-02
6.910000000000000000e+02 1.256594503236778057e-02 6.904450245201587677e-03 1.492103933742328081e-06 7.406054530292749405e-03 5.471850279718637466e-03 3.717947285622358322e-03 5.878285504877567291e-03 1.643889397382736206e-02
6.920000000000000000e+02 1.252965351331484546e-02 6.888350006192922592e-03 1.478617946304439101e-06 7.393400650471448898e-03 5.463165696710348129e-03 3.711959579959511757e-03 5.870456807315349579e-03 1.643140427768230438e-02
6.930000000000000000e+02 1.249351898702548078e-02 6.872294470667839050e-03 1.477794512538821436e-06 7.380777038633823395e-03 5.454473197460174561e-03 3.705990035086870193e-03 5.862645804882049561e-03 1.642393134534358978e-02
6.940000000000000000e+02 1.245754054929448795e-02 6.856293417513370514e-03 1.472190319873334374e-06 7.368169724941253662e-03 5.445803049951791763e-03 3.700048662722110748e-03 5.854852963238954544e-03 1.641646772623062134e-02
6.950000000000000000e+02 1.242171730241705893e-02 6.840322166681289673e-03 1.458032556911348365e-06 7.355595473200082779e-03 5.437140818685293198e-03 3.694123122841119766e-03 5.847071763128042221e-03 1.640901900827884674e-02
6.960000000000000000e+02 1.238604835513277928e-02 6.824419368058443069e-03 1.450447484785399865e-06 7.343042641878128052e-03 5.428509321063756943e-03 3.688205499202013016e-03 5.839304532855749130e-03 1.640156283974647522e-02
6.970000000000000000e+02 1.235053282257018645e-02 6.808549165725708008e-03 1.445943098588031717e-06 7.330518681555986404e-03 5.419900640845298767e-03 3.682302078232169151e-03 5.831568036228418350e-03 1.639413647353649139e-02
6.980000000000000000e+02 1.231516982619190390e-02 6.792728323489427567e-03 1.434859541404875927e-06 7.318028714507818222e-03 5.411305464804172516e-03 3.676414722576737404e-03 5.823834333568811417e-03 1.638671755790710449e-02
6.990000000000000000e+02 1.227995849374029051e-02 6.776962894946336746e-03 1.425263121745956596e-06 7.305543404072523117e-03 5.402728915214538574e-03 3.670554142445325851e-03 5.816121120005846024e-03 1.637930050492286682e-02
7.000000000000000000e+02 1.224489795918367284e-02 6.761237047612667084e-03 1.416548911947757006e-06 7.293101400136947632e-03 5.394169595092535019e-03 3.664701944217085838e-03 5.808429792523384094e-03 1.637187600135803223e-02
7.010000000000000000e+02 1.220998736266308039e-02 6.745549384504556656e-03 1.413883865097886883e-06 7.280691061168909073e-03 5.385623779147863388e-03 3.658863715827465057e-03 5.800751037895679474e-03 1.636448316276073456e-02
7.020000000000000000e+02 1.217522585043952568e-02 6.729920860379934311e-03 1.404070189892081544e-06 7.268297951668500900e-03 5.377089139074087143e-03 3.653046907857060432e-03 5.793096031993627548e-03 1.635709032416343689e-02
7.030000000000000000e+02 1.214061257484181852e-02 6.714337505400180817e-03 1.392383751408488024e-06 7.255936972796916962e-03 5.368587560951709747e-03 3.647244535386562347e-03 5.785454064607620239e-03 1.634970866143703461e-02
7.040000000000000000e+02 1.210614669421487648e-02 6.698788143694400787e-03 1.384129291182034649e-06 7.243596948683261871e-03 5.360097624361515045e-03 3.641446819528937340e-03 5.777828861027956009e-03 1.634232886135578156e-02
7.050000000000000000e+02 1.207182737286856787e-02 6.683294661343097687e-03 1.383678409183630720e-06 7.231275085359811783e-03 5.351623054593801498e-03 3.635678905993700027e-03 5.770224612206220627e-03 1.633497886359691620e-02
7.060000000000000000e+02 1.203765378102705265e-02 6.667852867394685745e-03 1.375398483105527703e-06 7.218989077955484390e-03 5.343172233551740646e-03 3.629917511716485023e-03 5.762632936239242554e-03 1.632759906351566315e-02
7.070000000000000000e+02 1.200362509477862286e-02 6.652448792010545731e-03 1.364021954941563308e-06 7.206718903034925461e-03 5.334732588380575180e-03 3.624176606535911560e-03 5.755057092756032944e-03 1.632025837898254395e-02
7.080000000000000000e+02 1.196974049602604617e-02 6.637089885771274567e-03 1.361958425150078256e-06 7.194481790065765381e-03 5.326298531144857407e-03 3.618449904024600983e-03 5.747499875724315643e-03 1.631291396915912628e-02
7.090000000000000000e+02 1.193599917243738998e-02 6.621775683015584946e-03 1.354695541522232816e-06 7.182272151112556458e-03 5.317893810570240021e-03 3.612741362303495407e-03 5.739959888160228729e-03 1.630559004843235016e-02
7.100000000000000000e+02 1.190240031739734153e-02 6.606508977711200714e-03 1.352576191493426450e-06 7.170086260885000229e-03 5.309512373059988022e-03 3.607041668146848679e-03 5.732432473450899124e-03 1.629826799035072327e-02
7.110000000000000000e+02 1.186894312995899307e-02 6.591288372874259949e-03 1.346245085187547375e-06 7.157921325415372849e-03 5.301149562001228333e-03 3.601360833272337914e-03 5.724929273128509521e-03 1.629094965755939484e-02
7.120000000000000000e+02 1.183562681479611092e-02 6.576112005859613419e-03 1.339639652542246040e-06 7.145782932639122009e-03 5.292796529829502106e-03 3.595691407099366188e-03 5.717434920370578766e-03 1.628365181386470795e-02
7.130000000000000000e+02 1.180245058215587464e-02 6.560969166457653046e-03 1.331576754637353588e-06 7.133668288588523865e-03 5.284466780722141266e-03 3.590038279071450233e-03 5.709966644644737244e-03 1.627635583281517029e-02
7.140000000000000000e+02 1.176941364781206555e-02 6.545884069055318832e-03 1.312102767769829370e-06 7.121585309505462646e-03 5.276144482195377350e-03 3.584403544664382935e-03 5.702508613467216492e-03 1.626907289028167725e-02
7.150000000000000000e+02 1.173651523301872876e-02 6.530829239636659622e-03 1.320428964390885085e-06 7.109512109309434891e-03 5.267854779958724976e-03 3.578783012926578522e-03 5.695062223821878433e-03 1.626179926097393036e-02
7.160000000000000000e+02 1.170375456446427938e-02 6.515833549201488495e-03 1.318629983870778233e-06 7.097480818629264832e-03 5.259561818093061447e-03 3.573174355551600456e-03 5.687636788934469223e-03 1.625453680753707886e-02
7.170000000000000000e+02 1.167113087422605791e-02 6.500880699604749680e-03 1.300226927014591638e-06 7.085469085723161697e-03 5.251299124211072922e-03 3.567576175555586815e-03 5.680228583514690399e-03 1.624727807939052582e-02
7.180000000000000000e+02 1.163864339972532809e-02 6.485957186669111252e-03 1.299579821534280200e-06 7.073489017784595490e-03 5.243040155619382858e-03 3.561999648809432983e-03 5.672836210578680038e-03 1.624002121388912201e-02
7.190000000000000000e+02 1.160629138368271529e-02 6.471085827797651291e-03 1.291595822294766549e-06 7.061525713652372360e-03 5.234810523688793182e-03 3.556442912667989731e-03 5.665456410497426987e-03 1.623276062309741974e-02
7.200000000000000000e+02 1.157407407407407343e-02 6.456255447119474411e-03 1.286582005377567839e-06 7.049578242003917694e-03 5.226589273661375046e-03 3.550886875018477440e-03 5.658098496496677399e-03 1.622552983462810516e-02
7.210000000000000000e+02 1.154199072408678729e-02 6.441485136747360229e-03 1.284397285417071544e-06 7.037667091935873032e-03 5.218397360295057297e-03 3.545362036675214767e-03 5.650747101753950119e-03 1.621830463409423828e-02
7.220000000000000000e+02 1.151004059207648769e-02 6.426744628697633743e-03 1.272263375540205743e-06 7.025782018899917603e-03 5.210204981267452240e-03 3.539843484759330750e-03 5.643425974994897842e-03 1.621109247207641602e-02
7.230000000000000000e+02 1.147822294152419341e-02 6.412039510905742645e-03 1.269155632144247647e-06 7.013919763267040253e-03 5.202045198529958725e-03 3.534340066835284233e-03 5.636110436171293259e-03 1.620388589799404144e-02
7.240000000000000000e+02 1.144653704099386424e-02 6.397376768290996552e-03 1.267442712560296059e-06 7.002078462392091751e-03 5.193879827857017517e-03 3.528848523274064064e-03 5.628823768347501755e-03 1.619667373597621918e-02
7.250000000000000000e+02 1.141498216409036863e-02 6.382755003869533539e-03 1.260326939700462390e-06 6.990261841565370560e-03 5.185754504054784775e-03 3.523370483890175819e-03 5.621535703539848328e-03 1.618946716189384460e-02
7.260000000000000000e+02 1.138355758941784514e-02 6.368184927850961685e-03 1.247834461537422612e-06 6.978480145335197449e-03 5.177655722945928574e-03 3.517908742651343346e-03 5.614273715764284134e-03 1.618230156600475311e-02
7.270000000000000000e+02 1.135226260053847497e-02 6.353656761348247528e-03 1.235999661730602384e-06 6.966711021959781647e-03 5.169529933482408524e-03 3.512464929372072220e-03 5.607020109891891479e-03 1.617511548101902008e-02
7.280000000000000000e+02 1.132109648593165006e-02 6.339170038700103760e-03 1.225257392434286885e-06 6.954963784664869308e-03 5.161461886018514633e-03 3.507031826302409172e-03 5.599793046712875366e-03 1.616795733571052551e-02
7.290000000000000000e+02 1.129005853895352456e-02 6.324714981019496918e-03 1.232258910022210330e-06 6.943242158740758896e-03 5.153394769877195358e-03 3.501618513837456703e-03 5.592565983533859253e-03 1.616079360246658325e-02
7.300000000000000000e+02 1.125914805779696000e-02 6.310306489467620850e-03 1.223208982992218807e-06 6.931548938155174255e-03 5.145345348864793777e-03 3.496210556477308273e-03 5.585372913628816605e-03 1.615362800657749176e-02
7.310000000000000000e+02 1.122836434545185745e-02 6.295936647802591324e-03 1.216825353367312346e-06 6.919877603650093079e-03 5.137301050126552582e-03 3.490820759907364845e-03 5.578177515417337418e-03 1.614649035036563873e-02
7.320000000000000000e+02 1.119770670966586078e-02 6.281620822846889496e-03 1.210678192364866845e-06 6.908227223902940750e-03 5.129284691065549850e-03 3.485449822619557381e-03 5.571004003286361694e-03 1.613935269415378571e-02
7.330000000000000000e+02 1.116717446290543814e-02 6.267324555665254593e-03 1.210088612424442545e-06 6.896615028381347656e-03 5.121283233165740967e-03 3.480089362710714340e-03 5.563850514590740204e-03 1.613223366439342499e-02
7.340000000000000000e+02 1.113676692231733815e-02 6.253084633499383926e-03 1.202554813062306494e-06 6.885018199682235718e-03 5.113296210765838623e-03 3.474741242825984955e-03 5.556707270443439484e-03 1.612511463463306427e-02
7.350000000000000000e+02 1.110648340969040693e-02 6.238881964236497879e-03 1.194691208183940034e-06 6.873429287225008011e-03 5.105321295559406281e-03 3.469408024102449417e-03 5.549581255763769150e-03 1.611799746751785278e-02
7.360000000000000000e+02 1.107632325141776931e-02 6.224734243005514145e-03 1.187996872431540396e-06 6.861873902380466461e-03 5.097371991723775864e-03 3.464089473709464073e-03 5.542470607906579971e-03 1.611089892685413361e-02
7.370000000000000000e+02 1.104628577845937452e-02 6.210609804838895798e-03 1.177874878521834034e-06 6.850349716842174530e-03 5.089428275823593140e-03 3.458777209743857384e-03 5.535381846129894257e-03 1.610380411148071289e-02
7.380000000000000000e+02 1.101637032630488865e-02 6.196531467139720917e-03 1.162610487881465815e-06 6.838862318545579910e-03 5.081507377326488495e-03 3.453481942415237427e-03 5.528301000595092773e-03 1.609671302139759064e-02
7.390000000000000000e+02 1.098657623493694627e-02 6.182492710649967194e-03 1.162077637673064601e-06 6.827363278716802597e-03 5.073596257716417313e-03 3.448197152465581894e-03 5.521229933947324753e-03 1.608962379395961761e-02
7.400000000000000000e+02 1.095690284879474036e-02 6.168483756482601166e-03 1.156499024546064902e-06 6.815910339355468750e-03 5.065711215138435364e-03 3.442941932007670403e-03 5.514177959412336349e-03 1.608256436884403229e-02
7.410000000000000000e+02 1.092734951673796778e-02 6.154529750347137451e-03 1.152941877080593258e-06 6.804486270993947983e-03 5.057828966528177261e-03 3.437687410041689873e-03 5.507154390215873718e-03 1.607550494372844696e-02
7.420000000000000000e+02 1.089791559201110094e-02 6.140596233308315277e-03 1.136129981205158401e-06 6.793066859245300293e-03 5.049973260611295700e-03 3.432445460930466652e-03 5.500121973454952240e-03 1.606845669448375702e-02
7.430000000000000000e+02 1.086860043220800980e-02 6.126716267317533493e-03 1.140229869633913040e-06 6.781678646802902222e-03 5.042128264904022217e-03 3.427228890359401703e-03 5.493120756000280380e-03 1.606139726936817169e-02
7.440000000000000000e+02 1.083940339923690661e-02 6.112879142165184021e-03 1.120123329201305751e-06 6.770302075892686844e-03 5.034296307712793350e-03 3.422014182433485985e-03 5.486130714416503906e-03 1.605436019599437714e-02
7.450000000000000000e+02 1.081032385928561851e-02 6.099074613302946091e-03 1.121153900385252200e-06 6.758970674127340317e-03 5.026496015489101410e-03 3.416813677176833153e-03 5.479160696268081665e-03 1.604733057320117950e-02
7.460000000000000000e+02 1.078136118278719829e-02 6.085307337343692780e-03 1.118741693062474951e-06 6.747656036168336868e-03 5.018693860620260239e-03 3.411627840250730515e-03 5.472191143780946732e-03 1.604031026363372803e-02
7.470000000000000000e+02 1.075251474438584411e-02 6.071572192013263702e-03 1.104952389141544700e-06 6.736354436725378036e-03 5.010910797864198685e-03 3.406460629776120186e-03 5.465249065309762955e-03 1.603329926729202271e-02
7.480000000000000000e+02 1.072378392290314342e-02 6.057890132069587708e-03 1.093018568099068943e-06 6.725084967911243439e-03 5.003133323043584824e-03 3.401305992156267166e-03 5.458314903080463409e-03 1.602628454566001892e-02
7.490000000000000000e+02 1.069516810130463277e-02 6.044240668416023254e-03 1.090827481675660238e-06 6.713831331580877304e-03 4.995391238480806351e-03 3.396149724721908569e-03 5.451398435980081558e-03 1.601928472518920898e-02
7.500000000000000000e+02 1.066666666666666631e-02 6.030634045600891113e-03 1.080090555660717655e-06 6.702602840960025787e-03 4.987653344869613647e-03 3.391025587916374207e-03 5.444499664008617401e-03 1.601229421794414520e-02
7.510000000000000000e+02 1.063827901014359825e-02 6.017055362462997437e-03 1.070526195690035820e-06 6.691400427371263504e-03 4.979938268661499023e-03 3.385898424312472343e-03 5.437614396214485168e-03 1.600531116127967834e-02
7.520000000000000000e+02 1.061000452693526552e-02 6.003513932228088379e-03 1.060543013409187552e-06 6.680217105895280838e-03 4.972239024937152863e-03 3.380795009434223175e-03 5.430737044662237167e-03 1.599833928048610687e-02
7.530000000000000000e+02 1.058184261625476873e-02 5.990021396428346634e-03 1.045938347488117870e-06 6.669067312031984329e-03 4.964551422744989395e-03 3.375694155693054199e-03 5.423884373158216476e-03 1.599137671291828156e-02
7.540000000000000000e+02 1.055379268129656885e-02 5.976564250886440277e-03 1.038193772728845943e-06 6.657919846475124359e-03 4.956879653036594391e-03 3.370624501258134842e-03 5.417033564299345016e-03 1.598441973328590393e-02
7.550000000000000000e+02 1.052585412920485977e-02 5.963137838989496231e-03 1.041434302351262886e-06 6.646805442869663239e-03 4.949207883328199387e-03 3.365558572113513947e-03 5.410204641520977020e-03 1.597745530307292938e-02
7.560000000000000000e+02 1.049802637104224438e-02 5.949759855866432190e-03 1.020216586766764522e-06 6.635715719312429428e-03 4.941565450280904770e-03 3.360502421855926514e-03 5.403398536145687103e-03 1.597051322460174561e-02
7.570000000000000000e+02 1.047030882175869863e-02 5.936418194323778152e-03 1.016204123516217805e-06 6.624642293900251389e-03 4.933945368975400925e-03 3.355466527864336967e-03 5.396600812673568726e-03 1.596358232200145721e-02
7.580000000000000000e+02 1.044270090016081835e-02 5.923101678490638733e-03 1.011978724818618502e-06 6.613606587052345276e-03 4.926324356347322464e-03 3.350433195009827614e-03 5.389808677136898041e-03 1.595664583146572113e-02
7.590000000000000000e+02 1.041520202888135578e-02 5.909817758947610855e-03 9.974752401831210591e-07 6.602573208510875702e-03 4.918727092444896698e-03 3.345422679558396339e-03 5.383026320487260818e-03 1.594972424209117889e-02
7.600000000000000000e+02 1.038781163434903017e-02 5.896593909710645676e-03 9.884453220365685411e-07 6.591562647372484207e-03 4.911146592348814011e-03 3.340428462252020836e-03 5.376265384256839752e-03 1.594282127916812897e-02
7.610000000000000000e+02 1.036052914675862288e-02 5.883398000150918961e-03 9.723271432449109852e-07 6.580591667443513870e-03 4.903574939817190170e-03 3.335428191348910332e-03 5.369524937123060226e-03 1.593590900301933289e-02
7.620000000000000000e+02 1.033335400004133271e-02 5.870236083865165710e-03 9.687535111879697070e-07 6.569626741111278534e-03 4.896025639027357101e-03 3.330448176711797714e-03 5.362796597182750702e-03 1.592899858951568604e-02
7.630000000000000000e+02 1.030628563183542956e-02 5.857099778950214386e-03 9.655828989707515575e-07 6.558691617101430893e-03 4.888491239398717880e-03 3.325484227389097214e-03 5.356078501790761948e-03 1.592209935188293457e-02
7.640000000000000000e+02 1.027932348345714231e-02 5.844010505825281143e-03 9.606350204194313847e-07 6.547776516526937485e-03 4.880971275269985199e-03 3.320523770526051521e-03 5.349370650947093964e-03 1.591523364186286926e-02
7.650000000000000000e+02 1.025246699987184332e-02 5.830964539200067520e-03 9.518577144262962975e-07 6.536885630339384079e-03 4.873451311141252518e-03 3.315592184662818909e-03 5.342687945812940598e-03 1.590834744274616241e-02
7.660000000000000000e+02 1.022571562966548275e-02 5.817944649606943130e-03 9.459195666750019882e-07 6.526011973619461060e-03 4.865956492722034454e-03 3.310659434646368027e-03 5.336015019565820694e-03 1.590148545801639557e-02
7.670000000000000000e+02 1.019906882501627615e-02 5.804961547255516052e-03 9.323343874712008983e-07 6.515167653560638428e-03 4.858490079641342163e-03 3.305743681266903877e-03 5.329353269189596176e-03 1.589462161064147949e-02
7.680000000000000000e+02 1.017252604166666609e-02 5.792015232145786285e-03 9.282355222239857540e-07 6.504346616566181183e-03 4.851019009947776794e-03 3.300833981484174728e-03 5.322696641087532043e-03 1.588775776326656342e-02
7.690000000000000000e+02 1.014608673889553017e-02 5.779105238616466522e-03 9.113326200349547435e-07 6.493537221103906631e-03 4.843569360673427582e-03 3.295953152701258659e-03 5.316061899065971375e-03 1.588092558085918427e-02
7.700000000000000000e+02 1.011975037949063884e-02 5.766230635344982147e-03 9.100303941522724926e-07 6.482747849076986313e-03 4.836139269173145294e-03 3.291074186563491821e-03 5.309443455189466476e-03 1.587407477200031281e-02
7.710000000000000000e+02 1.009351642972136816e-02 5.753400735557079315e-03 9.021775895234895870e-07 6.471985485404729843e-03 4.828714765608310699e-03 3.286201041191816330e-03 5.302840843796730042e-03 1.586724445223808289e-02
7.720000000000000000e+02 1.006738435931165895e-02 5.740589927881956100e-03 8.893694030120968819e-07 6.461233831942081451e-03 4.821308888494968414e-03 3.281343262642621994e-03 5.296248942613601685e-03 1.586041040718555450e-02
7.730000000000000000e+02 1.004135364141322054e-02 5.727822426706552505e-03 8.870820238371379673e-07 6.450523156672716141e-03 4.813916049897670746e-03 3.276503644883632660e-03 5.289673339575529099e-03 1.585360616445541382e-02
7.740000000000000000e+02 1.001542375257897209e-02 5.715084262192249298e-03 8.769364967520232312e-07 6.439825985580682755e-03 4.806537646800279617e-03 3.271670080721378326e-03 5.283100064843893051e-03 1.584679447114467621e-02
7.750000000000000000e+02 9.989594172736732114e-03 5.702402908354997635e-03 8.681075769345625304e-07 6.429140921682119370e-03 4.799180198460817337e-03 3.266849089413881302e-03 5.276548676192760468e-03 1.583999209105968475e-02
7.760000000000000000e+02 9.963864385163142059e-03 5.689735524356365204e-03 8.678510994286625646e-07 6.418481469154357910e-03 4.791830666363239288e-03 3.262047423049807549e-03 5.270006600767374039e-03 1.583319529891014099e-02
7.770000000000000000e+02 9.938233876457815488e-03 5.677099339663982391e-03 8.553656130061426666e-07 6.407845299690961838e-03 4.784506279975175858e-03 3.257242962718009949e-03 5.263479892164468765e-03 1.582640595734119415e-02
7.780000000000000000e+02 9.912702136517733548e-03 5.664501339197158813e-03 8.552491976843157317e-07 6.397237069904804230e-03 4.777170252054929733e-03 3.252458758652210236e-03 5.256966222077608109e-03 1.581963337957859039e-02
7.790000000000000000e+02 9.887268658511867703e-03 5.651937797665596008e-03 8.488237881465465762e-07 6.386648863554000854e-03 4.769868217408657074e-03 3.247687825933098793e-03 5.250469315797090530e-03 1.581286080181598663e-02
7.800000000000000000e+02 9.861932938856015837e-03 5.639422219246625900e-03 8.374878461836487986e-07 6.376074627041816711e-03 4.762576892971992493e-03 3.242935054004192352e-03 5.243985448032617569e-03 1.580608449876308441e-02
7.810000000000000000e+02 9.836694477187886421e-03 5.626935046166181564e-03 8.389327490476716775e-07 6.365513894706964493e-03 4.755307454615831375e-03 3.238180885091423988e-03 5.237512756139039993e-03 1.579933427274227142e-02
7.820000000000000000e+02 9.811552776342383902e-03 5.614465102553367615e-03 8.376428013434633613e-07 6.354991812258958817e-03 4.748041741549968719e-03 3.233453026041388512e-03 5.231054034084081650e-03 1.579258032143115997e-02
7.830000000000000000e+02 9.786507342327133499e-03 5.602058488875627518e-03 8.260864206022233702e-07 6.344490684568881989e-03 4.740785341709852219e-03 3.228718880563974380e-03 5.224605556577444077e-03 1.578583382070064545e-02
7.840000000000000000e+02 9.761557684298208942e-03 5.589655134826898575e-03 8.249857614828215446e-07 6.333998870104551315e-03 4.733555018901824951e-03 3.224011976271867752e-03 5.218177102506160736e-03 1.577908731997013092e-02
7.850000000000000000e+02 9.736703314536087478e-03 5.577309522777795792e-03 8.195124223675520625e-07 6.323532667011022568e-03 4.726327955722808838e-03 3.219310659915208817e-03 5.211757030338048935e-03 1.577236875891685486e-02
7.860000000000000000e+02 9.711943748421809561e-03 5.564979743212461472e-03 8.178170105566096026e-07 6.313079968094825745e-03 4.719138145446777344e-03 3.214614233002066612e-03 5.205338355153799057e-03 1.576564460992813110e-02
7.870000000000000000e+02 9.687278504413362329e-03 5.552695132791996002e-03 8.187723778974032030e-07 6.302656140178442001e-03 4.711935296654701233e-03 3.209942486137151718e-03 5.198950413614511490e-03 1.575892791152000427e-02
7.880000000000000000e+02 9.662707104022262572e-03 5.540436133742332458e-03 8.035232212932896800e-07 6.292255129665136337e-03 4.704748746007680893e-03 3.205274231731891632e-03 5.192564334720373154e-03 1.575220562517642975e-02
7.890000000000000000e+02 9.638229071790349600e-03 5.528212990611791611e-03 8.029156788325053640e-07 6.281867623329162598e-03 4.697591066360473633e-03 3.200615057721734047e-03 5.186198744922876358e-03 1.574551500380039215e-02
7.900000000000000000e+02 9.613843935266784546e-03 5.516017321497201920e-03 7.991916959326772485e-07 6.271510850638151169e-03 4.690437577664852142e-03 3.195970552042126656e-03 5.179839674383401871e-03 1.573882810771465302e-02
7.910000000000000000e+02 9.589551224985256098e-03 5.503864027559757233e-03 7.877747520979028195e-07 6.261161994189023972e-03 4.683300387114286423e-03 3.191331867128610611e-03 5.173509009182453156e-03 1.573213376104831696e-02
7.920000000000000000e+02 9.565350474441383991e-03 5.491750314831733704e-03 7.957175967021612450e-07 6.250835489481687546e-03 4.676168784499168396e-03 3.186715301126241684e-03 5.167166702449321747e-03 1.572545245289802551e-02
7.930000000000000000e+02 9.541241220070318524e-03 5.479649174958467484e-03 7.915379569567448925e-07 6.240537390112876892e-03 4.669071640819311142e-03 3.182106185704469681e-03 5.160850472748279572e-03 1.571876741945743561e-02
7.940000000000000000e+02 9.517223001224549978e-03 5.467590410262346268e-03 7.735205826975288801e-07 6.230258382856845856e-03 4.661974031478166580e-03 3.177498467266559601e-03 5.154540762305259705e-03 1.571210660040378571e-02
7.950000000000000000e+02 9.493295360151893236e-03 5.455565173178911209e-03 7.781603699186234735e-07 6.219999399036169052e-03 4.654892720282077789e-03 3.172917990013957024e-03 5.148252006620168686e-03 1.570544578135013580e-02
7.960000000000000000e+02 9.469457841973687520e-03 5.443571135401725769e-03 7.754284183647541795e-07 6.209751591086387634e-03 4.647818859666585922e-03 3.168332856148481369e-03 5.141975358128547668e-03 1.569878868758678436e-02
7.970000000000000000e+02 9.445709994663173056e-03 5.431618075817823410e-03 7.666794772376306355e-07 6.199525669217109680e-03 4.640769213438034058e-03 3.163773799315094948e-03 5.135709419846534729e-03 1.569215580821037292e-02
7.980000000000000000e+02 9.422051369024063774e-03 5.419685505330562592e-03 7.627652962582942564e-07 6.189330946654081345e-03 4.633727949112653732e-03 3.159215208142995834e-03 5.129451863467693329e-03 1.568550243973731995e-02
7.990000000000000000e+02 9.398481518669300414e-03 5.407785531133413315e-03 7.581312502225046046e-07 6.179139018058776855e-03 4.626707639545202255e-03 3.154673147946596146e-03 5.123221781104803085e-03 1.567887514829635620e-02
8.000000000000000000e+02 9.374999999999999653e-03 5.395914427936077118e-03 7.614592618665483315e-07 6.168980617076158524e-03 4.619685467332601547e-03 3.150130389258265495e-03 5.116976331919431686e-03 1.567224226891994476e-02
8.010000000000000000e+02 9.351606372184581920e-03 5.384074058383703232e-03 7.619206030540226493e-07 6.158845033496618271e-03 4.612679127603769302e-03 3.145607188344001770e-03 5.110761616379022598e-03 1.566563546657562256e-02
8.020000000000000000e+02 9.328300197138077871e-03 5.372276995331048965e-03 7.487670927730505355e-07 6.148715969175100327e-03 4.605689551681280136e-03 3.141095628961920738e-03 5.104560870677232742e-03 1.565902866423130035e-02
8.030000000000000000e+02 9.305081039501620493e-03 5.360506940633058548e-03 7.486233357667515520e-07 6.138620432466268539e-03 4.598719067871570587e-03 3.136597573757171631e-03 5.098365712910890579e-03 1.565240882337093353e-02
8.040000000000000000e+02 9.281948466622114147e-03 5.348770413547754288e-03 7.454787009919527918e-07 6.128530018031597137e-03 4.591757431626319885e-03 3.132103011012077332e-03 5.092181265354156494e-03 1.564581133425235748e-02
8.050000000000000000e+02 9.258902048532078807e-03 5.337068811058998108e-03 7.487660127480921801e-07 6.118465214967727661e-03 4.584810696542263031e-03 3.127624280750751495e-03 5.086010321974754333e-03 1.563922688364982605e-02
8.060000000000000000e+02 9.235941357929671261e-03 5.325386300683021545e-03 7.430707569255901035e-07 6.108427420258522034e-03 4.577883053570985794e-03 3.123158821836113930e-03 5.079861730337142944e-03 1.563264429569244385e-02
8.070000000000000000e+02 9.213065970158879764e-03 5.313743837177753448e-03 7.385585831798380241e-07 6.098404992371797562e-03 4.570958670228719711e-03 3.118705470114946365e-03 5.073714070022106171e-03 1.562606357038021088e-02
8.080000000000000000e+02 9.190275463189883504e-03 5.302127916365861893e-03 7.435720021931047086e-07 6.088406313210725784e-03 4.564038943499326706e-03 3.114255843684077263e-03 5.067585967481136322e-03 1.561948657035827637e-02
8.090000000000000000e+02 9.167569417599594206e-03 5.290540866553783417e-03 7.339398848671407904e-07 6.078410893678665161e-03 4.557155538350343704e-03 3.109805751591920853e-03 5.061458796262741089e-03 1.561292912811040878e-02
8.100000000000000000e+02 9.144947416552355601e-03 5.278986878693103790e-03 7.215426762741117273e-07 6.068445276468992233e-03 4.550278652459383011e-03 3.105387324467301369e-03 5.055355839431285858e-03 1.560636050999164581e-02
8.110000000000000000e+02 9.122409045780809425e-03 5.267470143735408783e-03 7.205325118775363080e-07 6.058506201952695847e-03 4.543402697890996933e-03 3.100975183770060539e-03 5.049259401857852936e-03 1.559981424361467361e-02
8.120000000000000000e+02 9.099953893566940094e-03 5.255979485809803009e-03 7.336181511163886171e-07 6.048578768968582153e-03 4.536544904112815857e-03 3.096567699685692787e-03 5.043177865445613861e-03 1.559327449649572372e-02
8.130000000000000000e+02 9.077581550723256426e-03 5.244504660367965698e-03 7.226581146824173629e-07 6.038664374500513077e-03 4.529702942818403244e-03 3.092173719778656960e-03 5.037111695855855942e-03 1.558673009276390076e-02
8.140000000000000000e+02 9.055291610574165914e-03 5.233087576925754547e-03 7.162168458307860419e-07 6.028785835951566696e-03 4.522879142314195633e-03 3.087792545557022095e-03 5.031039938330650330e-03 1.558019779622554779e-02
8.150000000000000000e+02 9.033083668937484309e-03 5.221675615757703781e-03 7.165334068304218818e-07 6.018918938934803009e-03 4.516058135777711868e-03 3.083421150222420692e-03 5.024999380111694336e-03 1.557367295026779175e-02
8.160000000000000000e+02 9.010957324106113470e-03 5.210306029766798019e-03 7.167989224399207160e-07 6.009070202708244324e-03 4.509255755692720413e-03 3.079058602452278137e-03 5.018957424908876419e-03 1.556716579943895340e-02
8.170000000000000000e+02 8.988912176829880543e-03 5.198972765356302261e-03 7.154657168939593248e-07 5.999242886900901794e-03 4.502474330365657806e-03 3.074705367907881737e-03 5.012932699173688889e-03 1.556065026670694351e-02
8.180000000000000000e+02 8.966947830297522862e-03 5.187661387026309967e-03 7.103626558091491461e-07 5.989422556012868881e-03 4.495691508054733276e-03 3.070364240556955338e-03 5.006926599889993668e-03 1.555414497852325439e-02
8.190000000000000000e+02 8.945063890118835903e-03 5.176374688744544983e-03 7.068620675454440061e-07 5.979636218398809433e-03 4.488933365792036057e-03 3.066032659262418747e-03 5.000932142138481140e-03 1.554764062166213989e-02
8.200000000000000000e+02 8.923259964306960029e-03 5.165121518075466156e-03 6.995168178036692552e-07 5.969861522316932678e-03 4.482170101255178452e-03 3.061702242121100426e-03 4.994933027774095535e-03 1.554115116596221924e-02
8.210000000000000000e+02 8.901535663260840697e-03 5.153905134648084641e-03 6.994320074227289297e-07 5.960110574960708618e-03 4.475434776395559311e-03 3.057391149923205376e-03 4.988957662135362625e-03 1.553466916084289551e-02
8.220000000000000000e+02 8.879890599747811836e-03 5.142714828252792358e-03 7.022547947599377949e-07 5.950369406491518021e-03 4.468709696084260941e-03 3.053090069442987442e-03 4.982997663319110870e-03 1.552818436175584793e-02
8.230000000000000000e+02 8.858324388886345754e-03 5.131548270583152771e-03 6.940376806596759707e-07 5.940652452409267426e-03 4.462004173547029495e-03 3.048799466341733932e-03 4.977038595825433731e-03 1.552171166986227036e-02
8.240000000000000000e+02 8.836836648128947036e-03 5.120412912219762802e-03 6.895282922414480709e-07 5.930964834988117218e-03 4.455299116671085358e-03 3.044520504772663116e-03 4.971100483089685440e-03 1.551525387912988663e-02
8.250000000000000000e+02 8.815426997245178267e-03 5.109312478452920914e-03 6.823880767115042545e-07 5.921282805502414703e-03 4.448604304343461990e-03 3.040251089259982109e-03 4.965172614902257919e-03 1.550878584384918213e-02
8.260000000000000000e+02 8.794095058304850568e-03 5.098242778331041336e-03 6.853651370875013527e-07 5.911635234951972961e-03 4.441931843757629395e-03 3.035988658666610718e-03 4.959249403327703476e-03 1.550232712179422379e-02
8.270000000000000000e+02 8.772840455661333817e-03 5.087194032967090607e-03 6.730272730237629730e-07 5.901981145143508911e-03 4.435266833752393723e-03 3.031728323549032211e-03 4.953340161591768265e-03 1.549587305635213852e-02
8.280000000000000000e+02 8.751662815935028206e-03 5.076176486909389496e-03 6.763119131392159034e-07 5.892362911254167557e-03 4.428609739989042282e-03 3.027491504326462746e-03 4.947440233081579208e-03 1.548945065587759018e-02
8.290000000000000000e+02 8.730561767996962430e-03 5.065188277512788773e-03 6.708206115035864059e-07 5.882753524929285049e-03 4.421973135322332382e-03 3.023259341716766357e-03 4.941550083458423615e-03 1.548301707953214645e-02
8.300000000000000000e+02 8.709536942952532390e-03 5.054228007793426514e-03 6.607904765587591100e-07 5.873170681297779083e-03 4.415346309542655945e-03 3.019039286300539970e-03 4.935677163302898407e-03 1.547657791525125504e-02
8.310000000000000000e+02 8.688587974125385610e-03 5.043299403041601181e-03 6.656346727140771691e-07 5.863606464117765427e-03 4.408737178891897202e-03 3.014820395037531853e-03 4.929821472615003586e-03 1.547017507255077362e-02
8.320000000000000000e+02 8.667714497041420149e-03 5.032395478338003159e-03 6.493283990494091995e-07 5.854055285453796387e-03 4.402140621095895767e-03 3.010629443451762199e-03 4.923962987959384918e-03 1.546375174075365067e-02
8.330000000000000000e+02 8.646916149412946576e-03 5.021519493311643600e-03 6.579971341125201434e-07 5.844525061547756195e-03 4.395544994622468948e-03 3.006433136761188507e-03 4.918136168271303177e-03 1.545734517276287079e-02
8.340000000000000000e+02 8.626192571122957495e-03 5.010680295526981354e-03 6.444305995501053985e-07 5.835016723722219467e-03 4.388977773487567902e-03 3.002243814989924431e-03 4.912308882921934128e-03 1.545093953609466553e-02
8.350000000000000000e+02 8.605543404209544528e-03 4.999869037419557571e-03 6.419073770302929915e-07 5.825521890074014664e-03 4.382413346320390701e-03 2.998062875121831894e-03 4.906485322862863541e-03 1.544454693794250488e-02
8.360000000000000000e+02 8.584968292850438457e-03 4.989082925021648407e-03 6.474305678239034023e-07 5.816046148538589478e-03 4.375854972749948502e-03 2.993901027366518974e-03 4.900680389255285263e-03 1.543815620243549347e-02
8.370000000000000000e+02 8.564466883347679471e-03 4.978309385478496552e-03 6.314231768556055613e-07 5.806591361761093140e-03 4.369321744889020920e-03 2.989756641909480095e-03 4.894878249615430832e-03 1.543176919221878052e-02
8.380000000000000000e+02 8.544038824112417524e-03 4.967588931322097778e-03 6.311699962679995224e-07 5.797152407467365265e-03 4.362795501947402954e-03 2.985608065500855446e-03 4.889111500233411789e-03 1.542539522051811218e-02
8.390000000000000000e+02 8.523683765649839317e-03 4.956868011504411697e-03 6.305632496150792576e-07 5.787736270576715469e-03 4.356277640908956528e-03 2.981478814035654068e-03 4.883335903286933899e-03 1.541902590543031693e-02
8.400000000000000000e+02 8.503401360544218454e-03 4.946192260831594467e-03 6.258858320506988093e-07 5.778335034847259521e-03 4.349770490080118179e-03 2.977347932755947113e-03 4.877560306340456009e-03 1.541266776621341705e-02
8.410000000000000000e+02 8.483191263444090496e-03 4.935553763061761856e-03 6.208395006979117170e-07 5.768942646682262421e-03 4.343271255493164062e-03 2.973229158669710159e-03 4.871810320764780045e-03 1.540630683302879333e-02
8.420000000000000000e+02 8.463053131047556382e-03 4.924927372485399246e-03 6.180603691063879523e-07 5.759576335549354553e-03 4.336800891906023026e-03 2.969125518575310707e-03 4.866075702011585236e-03 1.539995055645704269e-02
8.430000000000000000e+02 8.442986622087696874e-03 4.914325661957263947e-03 6.162512136143050157e-07 5.750233773142099380e-03 4.330346826463937759e-03 2.965028164908289909e-03 4.860345274209976196e-03 1.539360359311103821e-02
8.440000000000000000e+02 8.422991397318118842e-03 4.903765860944986343e-03 6.007560955367807765e-07 5.740899126976728439e-03 4.323883913457393646e-03 2.960936399176716805e-03 4.854629281908273697e-03 1.538725662976503372e-02
8.450000000000000000e+02 8.403067119498617774e-03 4.893226549029350281e-03 5.993296099404687993e-07 5.731584504246711731e-03 4.317442886531352997e-03 2.956857671961188316e-03 4.848923068493604660e-03 1.538093108683824539e-02
8.460000000000000000e+02 8.383213453380949573e-03 4.882714711129665375e-03 5.930423867539502680e-07 5.722296424210071564e-03 4.311008844524621964e-03 2.952792448922991753e-03 4.843227565288543701e-03 1.537459436804056168e-02
8.470000000000000000e+02 8.363430065694742871e-03 4.872223827987909317e-03 5.925066943746060133e-07 5.713010672479867935e-03 4.304585512727499008e-03 2.948733279481530190e-03 4.837537650018930435e-03 1.536827348172664642e-02
8.480000000000000000e+02 8.343716625133499806e-03 4.861767869442701340e-03 5.807383445244340692e-07 5.703756120055913925e-03 4.298185929656028748e-03 2.944678766652941704e-03 4.831868223845958710e-03 1.536196842789649963e-02
8.490000000000000000e+02 8.324072802340728647e-03 4.851336125284433365e-03 5.807759748677199241e-07 5.694504361599683762e-03 4.291801713407039642e-03 2.940642647445201874e-03 4.826199728995561600e-03 1.535565964877605438e-02
8.500000000000000000e+02 8.304498269896194371e-03 4.840931855142116547e-03 5.813060965920158196e-07 5.685289856046438217e-03 4.285414703190326691e-03 2.936617005616426468e-03 4.820545669645071030e-03 1.534934900701045990e-02
8.510000000000000000e+02 8.284992702302261189e-03 4.830557387322187424e-03 5.698910285900637973e-07 5.676080007106065750e-03 4.279049113392829895e-03 2.932582516223192215e-03 4.814906045794487000e-03 1.534304954111576080e-02
8.520000000000000000e+02 8.265555775970375579e-03 4.820209462195634842e-03 5.594433218902850058e-07 5.666898563504219055e-03 4.272687248885631561e-03 2.928568748757243156e-03 4.809286911040544510e-03 1.533675938844680786e-02
8.530000000000000000e+02 8.246187169207637793e-03 4.809885285794734955e-03 5.565725587075576186e-07 5.657717585563659668e-03 4.266343545168638229e-03 2.924571279436349869e-03 4.803661257028579712e-03 1.533047296106815338e-02
8.540000000000000000e+02 8.226886562203489586e-03 4.799577873200178146e-03 5.502463409357005730e-07 5.648571066558361053e-03 4.260007292032241821e-03 2.920572180300951004e-03 4.798044916242361069e-03 1.532419677823781967e-02
8.550000000000000000e+02 8.207653637016518178e-03 4.789303056895732880e-03 5.549566139961825684e-07 5.639432929456233978e-03 4.253680817782878876e-03 2.916593570262193680e-03 4.792441148310899734e-03 1.531793363392353058e-02
8.560000000000000000e+02 8.188488077561359088e-03 4.779050592333078384e-03 5.408580250332306605e-07 5.630316212773323059e-03 4.247372504323720932e-03 2.912607975304126740e-03 4.786861594766378403e-03 1.531165279448032379e-02
8.570000000000000000e+02 8.169389569595709999e-03 4.768842365592718124e-03 5.364816502151370514e-07 5.621217191219329834e-03 4.241079557687044144e-03 2.908646827563643456e-03 4.781262483447790146e-03 1.530540082603693008e-02
8.580000000000000000e+02 8.150357800707450431e-03 4.758647643029689789e-03 5.359350438993715215e-07 5.612131208181381226e-03 4.234783817082643509e-03 2.904676133766770363e-03 4.775706678628921509e-03 1.529914140701293945e-02
8.590000000000000000e+02 8.131392460301863773e-03 4.748481791466474533e-03 5.271418217489554081e-07 5.603063851594924927e-03 4.228503443300724030e-03 2.900736639276146889e-03 4.770147148519754410e-03 1.529288291931152344e-02
8.600000000000000000e+02 8.112493239588966856e-03 4.738344345241785049e-03 5.256412123344489373e-07 5.594015587121248245e-03 4.222235176712274551e-03 2.896789228543639183e-03 4.764604382216930389e-03 1.528665050864219666e-02
8.610000000000000000e+02 8.093659831570938420e-03 4.728225525468587875e-03 5.236730089563934598e-07 5.584980826824903488e-03 4.215984605252742767e-03 2.892861841246485710e-03 4.759065341204404831e-03 1.528041716665029526e-02
8.620000000000000000e+02 8.074891931029656855e-03 4.718142561614513397e-03 5.133521767675119918e-07 5.575960502028465271e-03 4.209747072309255600e-03 2.888938877731561661e-03 4.753530956804752350e-03 1.527418289333581924e-02
8.630000000000000000e+02 8.056189234514326419e-03 4.708079155534505844e-03 5.148518198438978288e-07 5.566966719925403595e-03 4.203503020107746124e-03 2.885027788579463959e-03 4.748019855469465256e-03 1.526796072721481323e-02
8.640000000000000000e+02 8.037551440329217950e-03 4.698045551776885986e-03 5.089364094601478428e-07 5.557991564273834229e-03 4.197296220809221268e-03 2.881107619032263756e-03 4.742510616779327393e-03 1.526173669844865799e-02
8.650000000000000000e+02 8.018978248521501512e-03 4.688030574470758438e-03 5.040465680394845549e-07 5.549020133912563324e-03 4.191084299236536026e-03 2.877220045775175095e-03 4.737014882266521454e-03 1.525552291423082352e-02
8.660000000000000000e+02 8.000469360869170987e-03 4.678036086261272430e-03 4.922867447021417320e-07 5.540077574551105499e-03 4.184892401099205017e-03 2.873332006856799126e-03 4.731533117592334747e-03 1.524931471794843674e-02
8.670000000000000000e+02 7.982024480869083158e-03 4.668070934712886810e-03 5.024958795729617123e-07 5.531152244657278061e-03 4.178694449365139008e-03 2.869450254365801811e-03 4.726052284240722656e-03 1.524310559034347534e-02
8.680000000000000000e+02 7.963643313725073114e-03 4.658136982470750809e-03 4.924637551084742881e-07 5.522231571376323700e-03 4.172532819211483002e-03 2.865576185286045074e-03 4.720580298453569412e-03 1.523691602051258087e-02
8.690000000000000000e+02 7.945325566336185891e-03 4.648217465728521347e-03 4.953794814355205745e-07 5.513335112482309341e-03 4.166370723396539688e-03 2.861719345673918724e-03 4.715125542134046555e-03 1.523071806877851486e-02
8.700000000000000000e+02 7.927070947284977492e-03 4.638338927179574966e-03 4.824009351978020277e-07 5.504458677023649216e-03 4.160220734775066376e-03 2.857866464182734489e-03 4.709689412266016006e-03 1.522453594952821732e-02
8.710000000000000000e+02 7.908879166825942553e-03 4.628474824130535126e-03 4.762791832035873085e-07 5.495590623468160629e-03 4.154083784669637680e-03 2.854013582691550255e-03 4.704254679381847382e-03 1.521835103631019592e-02
8.720000000000000000e+02 7.890749936874000975e-03 4.618648439645767212e-03 4.801109412255755160e-07 5.486749112606048584e-03 4.147961270064115524e-03 2.850190037861466408e-03 4.698833450675010681e-03 1.521219592541456223e-02
8.730000000000000000e+02 7.872682970993099064e-03 4.608836956322193146e-03 4.684465579884999897e-07 5.477918777614831924e-03 4.141840618103742599e-03 2.846362534910440445e-03 4.693406168371438980e-03 1.520601753145456314e-02
8.740000000000000000e+02 7.854677984384900863e-03 4.599050153046846390e-03 4.766247911902610213e-07 5.469101481139659882e-03 4.135732538998126984e-03 2.842538990080356598e-03 4.688003566116094589e-03 1.519985031336545944e-02
8.750000000000000000e+02 7.836734693877550617e-03 4.589279182255268097e-03 4.549344794213538989e-07 5.460308864712715149e-03 4.129636101424694061e-03 2.838732674717903137e-03 4.682607483118772507e-03 1.519370265305042267e-02
8.760000000000000000e+02 7.818852817914554929e-03 4.579545464366674423e-03 4.557718398245924618e-07 5.451528821140527725e-03 4.123553633689880371e-03 2.834928920492529869e-03 4.677223972976207733e-03 1.518755313009023666e-02
8.770000000000000000e+02 7.801032076543726497e-03 4.569843411445617676e-03 4.479080359942599898e-07 5.442768335342407227e-03 4.117486998438835144e-03 2.831138204783201218e-03 4.671845119446516037e-03 1.518140546977519989e-02
8.780000000000000000e+02 7.783272191406229341e-03 4.560153000056743622e-03 4.446139314495667350e-07 5.434021353721618652e-03 4.111414775252342224e-03 2.827348420396447182e-03 4.666479770094156265e-03 1.517526153475046158e-02
8.790000000000000000e+02 7.765572885725712492e-03 4.550488200038671494e-03 4.472077819173136959e-07 5.425294861197471619e-03 4.105376079678535461e-03 2.823570044711232185e-03 4.661135375499725342e-03 1.516912225633859634e-02
8.800000000000000000e+02 7.747933884297520876e-03 4.540851339697837830e-03 4.466688778848038055e-07 5.416582338511943817e-03 4.099326673895120621e-03 2.819799352437257767e-03 4.655777011066675186e-03 1.516300532966852188e-02
8.810000000000000000e+02 7.730354913478002486e-03 4.531234037131071091e-03 4.378587163955671713e-07 5.407881457358598709e-03 4.093303345143795013e-03 2.816036809235811234e-03 4.650444723665714264e-03 1.515688654035329819e-02
8.820000000000000000e+02 7.712835701173893603e-03 4.521652124822139740e-03 4.301107026094541652e-07 5.399207584559917450e-03 4.087280947715044022e-03 2.812295919284224510e-03 4.645118024200201035e-03 1.515076588839292526e-02
8.830000000000000000e+02 7.695375976831788159e-03 4.512075800448656082e-03 4.317760726735286880e-07 5.390534643083810806e-03 4.081271588802337646e-03 2.808552002534270287e-03 4.639800172299146652e-03 1.514465641230344772e-02
8.840000000000000000e+02 7.677975471427693835e-03 4.502534866333007812e-03 4.490646574595302809e-07 5.381898023188114166e-03 4.075278062373399734e-03 2.804805524647235870e-03 4.634487908333539963e-03 1.513854973018169403e-02
8.850000000000000000e+02 7.660633917456669689e-03 4.493009764701128006e-03 4.403800346608477412e-07 5.373257212340831757e-03 4.069292452186346054e-03 2.801076741889119148e-03 4.629197064787149429e-03 1.513245142996311188e-02
8.860000000000000000e+02 7.643351048922541850e-03 4.483515862375497818e-03 4.353044289473473327e-07 5.364646203815937042e-03 4.063329193741083145e-03 2.797360299155116081e-03 4.623915068805217743e-03 1.512636430561542511e-02
8.870000000000000000e+02 7.626126601327708546e-03 4.474036861211061478e-03 4.214030013827141374e-07 5.356048699468374252e-03 4.057364072650671005e-03 2.793653169646859169e-03 4.618631675839424133e-03 1.512027252465486526e-02
8.880000000000000000e+02 7.608960311663014522e-03 4.464601166546344757e-03 4.320986874972732039e-07 5.347455386072397232e-03 4.051409196108579636e-03 2.789942780509591103e-03 4.613361787050962448e-03 1.511419191956520081e-02
8.890000000000000000e+02 7.591851918397713936e-03 4.455175250768661499e-03 4.209106521102512488e-07 5.338885821402072906e-03 4.045468289405107498e-03 2.786253578960895538e-03 4.608111456036567688e-03 1.510812249034643173e-02
8.900000000000000000e+02 7.574801161469511303e-03 4.445773549377918243e-03 4.233757238125690492e-07 5.330334883183240891e-03 4.039532970637083054e-03 2.782564610242843628e-03 4.602863918989896774e-03 1.510203257203102112e-02
8.910000000000000000e+02 7.557807782274673578e-03 4.436391871422529221e-03 4.206043797694292152e-07 5.321810953319072723e-03 4.033612553030252457e-03 2.778891706839203835e-03 4.597619641572237015e-03 1.509596500545740128e-02
8.920000000000000000e+02 7.540871523658227230e-03 4.427042789757251740e-03 4.136934137477510376e-07 5.313276778906583786e-03 4.027713555842638016e-03 2.775216009467840195e-03 4.592392127960920334e-03 1.508991047739982605e-02
8.930000000000000000e+02 7.523992129904232516e-03 4.417710006237030029e-03 4.133152913254889427e-07 5.304784048348665237e-03 4.021809902042150497e-03 2.771547995507717133e-03 4.587177652865648270e-03 1.508385688066482544e-02
8.940000000000000000e+02 7.507169346726123675e-03 4.408414009958505630e-03 4.121918095734145027e-07 5.296291317790746689e-03 4.015929996967315674e-03 2.767896512523293495e-03 4.581959918141365051e-03 1.507780235260725021e-02
8.950000000000000000e+02 7.490402921257139322e-03 4.399129655212163925e-03 4.064159213612583699e-07 5.287830252200365067e-03 4.010054282844066620e-03 2.764246659353375435e-03 4.576761741191148758e-03 1.507177576422691345e-02
8.960000000000000000e+02 7.473692602040816167e-03 4.389873705804347992e-03 4.091629932645446388e-07 5.279369652271270752e-03 4.004178103059530258e-03 2.760613104328513145e-03 4.571555647999048233e-03 1.506573241204023361e-02
8.970000000000000000e+02 7.457038139021561658e-03 4.380636382848024368e-03 3.984737872997357044e-07 5.270931404083967209e-03 3.998333588242530823e-03 2.756974427029490471e-03 4.566392395645380020e-03 1.505969371646642685e-02
8.980000000000000000e+02 7.440439283535300354e-03 4.371421877294778824e-03 4.040045666897640331e-07 5.262506660073995590e-03 3.992479760199785233e-03 2.753362059593200684e-03 4.561212845146656036e-03 1.505366526544094086e-02
8.990000000000000000e+02 7.423895788300187946e-03 4.362235777080059052e-03 4.011927217106858734e-07 5.254096817225217819e-03 3.986645955592393875e-03 2.749738283455371857e-03 4.556048661470413208e-03 1.504764612764120102e-02
9.000000000000000000e+02 7.407407407407407690e-03 4.353065043687820435e-03 3.986326930771610932e-07 5.245710723102092743e-03 3.980820532888174057e-03 2.746131736785173416e-03 4.550889600068330765e-03 1.504162792116403580e-02
9.010000000000000000e+02 7.390973896312027537e-03 4.343915730714797974e-03 4.002095295163599076e-07 5.237333942204713821e-03 3.975011408329010010e-03 2.742529381066560745e-03 4.545751493424177170e-03 1.503561809659004211e-02
9.020000000000000000e+02 7.374595011823933607e-03 4.334798548370599747e-03 3.979596954195585568e-07 5.228963680565357208e-03 3.969213459640741348e-03 2.738944254815578461e-03 4.540622700005769730e-03 1.502961572259664536e-02
9.030000000000000000e+02 7.358270512098836515e-03 4.325694870203733444e-03 3.872700347073987359e-07 5.220618564635515213e-03 3.963420633226633072e-03 2.735359827056527138e-03 4.535486456006765366e-03 1.502361334860324860e-02
9.040000000000000000e+02 7.342000156629336673e-03 4.316613078117370605e-03 3.911784460797207430e-07 5.212291609495878220e-03 3.957626409828662872e-03 2.731783781200647354e-03 4.530373029410839081e-03 1.501761376857757568e-02
9.050000000000000000e+02 7.325783706236073736e-03 4.307562950998544693e-03 3.891452422521979315e-07 5.203968379646539688e-03 3.951855003833770752e-03 2.728211460635066032e-03 4.525264259427785873e-03 1.501161698251962662e-02
9.060000000000000000e+02 7.309620923058929819e-03 4.298534709960222244e-03 3.849848724257753929e-07 5.195679608732461929e-03 3.946095239371061325e-03 2.724656369537115097e-03 4.520161077380180359e-03 1.500562857836484909e-02
9.070000000000000000e+02 7.293511570548314241e-03 4.289517644792795181e-03 3.893873667948355433e-07 5.187390372157096863e-03 3.940354567021131516e-03 2.721105236560106277e-03 4.515068605542182922e-03 1.499965600669384003e-02
9.080000000000000000e+02 7.277455413456500322e-03 4.280531778931617737e-03 3.832157062788610347e-07 5.179122556000947952e-03 3.934603184461593628e-03 2.717554336413741112e-03 4.509993828833103180e-03 1.499368716031312943e-02
9.090000000000000000e+02 7.261452217829043702e-03 4.271559882909059525e-03 3.749948689346638275e-07 5.170866847038269043e-03 3.928874153643846512e-03 2.714011818170547485e-03 4.504911601543426514e-03 1.498770993202924728e-02
9.100000000000000000e+02 7.245501750996256179e-03 4.262614063918590546e-03 3.825399517154437490e-07 5.162638612091541290e-03 3.923150245100259781e-03 2.710489323362708092e-03 4.499851260334253311e-03 1.498175784945487976e-02
9.110000000000000000e+02 7.229603781564751530e-03 4.253686871379613876e-03 3.749922825591056608e-07 5.154413636773824692e-03 3.917443100363016129e-03 2.706964500248432159e-03 4.494801163673400879e-03 1.497579365968704224e-02
9.120000000000000000e+02 7.213758079409048583e-03 4.244795534759759903e-03 3.774105437059915857e-07 5.146210081875324249e-03 3.911744337528944016e-03 2.703443868085741997e-03 4.489755723625421524e-03 1.496984530240297318e-02
9.130000000000000000e+02 7.197964415663250619e-03 4.235913511365652084e-03 3.657764580111688701e-07 5.138025153428316116e-03 3.906052559614181519e-03 2.699937671422958374e-03 4.484724719077348709e-03 1.496389042586088181e-02
9.140000000000000000e+02 7.182222562712773338e-03 4.227068275213241577e-03 3.729492448201199295e-07 5.129834171384572983e-03 3.900384530425071716e-03 2.696441952139139175e-03 4.479697905480861664e-03 1.495795603841543198e-02
9.150000000000000000e+02 7.166532294186150898e-03 4.218232352286577225e-03 3.746270920146343997e-07 5.121665075421333313e-03 3.894709283486008644e-03 2.692949259653687477e-03 4.474676214158535004e-03 1.495201792567968369e-02
9.160000000000000000e+02 7.150893384946893118e-03 4.209419246762990952e-03 3.611303043271618662e-07 5.113522056490182877e-03 3.889054525643587112e-03 2.689459361135959625e-03 4.469662439078092575e-03 1.494608633220195770e-02
9.170000000000000000e+02 7.135305611085411212e-03 4.200623836368322372e-03 3.646981383553793421e-07 5.105391144752502441e-03 3.883401397615671158e-03 2.685982501134276390e-03 4.464666824787855148e-03 1.494015846401453018e-02
9.180000000000000000e+02 7.119768749911002496e-03 4.191851709038019180e-03 3.654865565749787493e-07 5.097286310046911240e-03 3.877761773765087128e-03 2.682505641132593155e-03 4.459672607481479645e-03 1.493423525243997574e-02
9.190000000000000000e+02 7.104282579943900153e-03 4.183108452707529068e-03 3.606473057971015805e-07 5.089183803647756577e-03 3.872126806527376175e-03 2.679044147953391075e-03 4.454688169062137604e-03 1.492832880467176437e-02
9.200000000000000000e+02 7.088846880907372430e-03 4.174379166215658188e-03 3.581579051115113543e-07 5.081091076135635376e-03 3.866510232910513878e-03 2.675594994798302650e-03 4.449720494449138641e-03 1.492240652441978455e-02
9.210000000000000000e+02 7.073461433719898175e-03 4.165670368820428848e-03 3.590097605865594232e-07 5.073015578091144562e-03 3.860915079712867737e-03 2.672144677489995956e-03 4.444756545126438141e-03 1.491650287061929703e-02
9.220000000000000000e+02 7.058126020487387464e-03 4.156991839408874512e-03 3.627245916959509486e-07 5.064965225756168365e-03 3.855303162708878517e-03 2.668696455657482147e-03 4.439797252416610718e-03 1.491060107946395874e-02
9.230000000000000000e+02 7.042840424495468155e-03 4.148323554545640945e-03 3.610358021433057729e-07 5.056925117969512939e-03 3.849720116704702377e-03 2.665269188582897186e-03 4.434850066900253296e-03 1.490470487624406815e-02
9.240000000000000000e+02 7.027604430201833154e-03 4.139684606343507767e-03 3.567622854916407960e-07 5.048893392086029053e-03 3.844139864668250084e-03 2.661837730556726456e-03 4.429909866303205490e-03 1.489881705492734909e-02
9.250000000000000000e+02 7.012417823228633655e-03 4.131069872528314590e-03 3.506743269099388272e-07 5.040884017944335938e-03 3.838564734905958176e-03 2.658426063135266304e-03 4.424981772899627686e-03 1.489291805773973465e-02
9.260000000000000000e+02 6.997280390354948705e-03 4.122476559132337570e-03 3.508398265239520697e-07 5.032879766076803207e-03 3.833019873127341270e-03 2.655014628544449806e-03 4.420057404786348343e-03 1.488704420626163483e-02
9.270000000000000000e+02 6.982191919509291196e-03 4.113890696316957474e-03 3.419463041609560605e-07 5.024902988225221634e-03 3.827468026429414749e-03 2.651607384905219078e-03 4.415147937834262848e-03 1.488118059933185577e-02
9.280000000000000000e+02 6.967152199762187588e-03 4.105346743017435074e-03 3.487656954348494764e-07 5.016933660954236984e-03 3.821923397481441498e-03 2.648206194862723351e-03 4.410235211253166199e-03 1.487530954182147980e-02
9.290000000000000000e+02 6.952161021318801863e-03 4.096800461411476135e-03 3.423608632147079334e-07 5.008984822779893875e-03 3.816394601017236710e-03 2.644821302965283394e-03 4.405347164720296860e-03 1.486944220960140228e-02
9.300000000000000000e+02 6.937218175511620198e-03 4.088283516466617584e-03 3.368946863702149130e-07 5.001043435186147690e-03 3.810876049101352692e-03 2.641432918608188629e-03 4.400460049510002136e-03 1.486357208341360092e-02
9.310000000000000000e+02 6.922323454793189411e-03 4.079789388924837112e-03 3.345265611187642207e-07 4.993116948753595352e-03 3.805365413427352905e-03 2.638063859194517136e-03 4.395582713186740875e-03 1.485772710293531418e-02
9.320000000000000000e+02 6.907476652728913522e-03 4.071305505931377411e-03 3.310464649075584020e-07 4.985207226127386093e-03 3.799862228333950043e-03 2.634695032611489296e-03 4.390705842524766922e-03 1.485187467187643051e-02
9.330000000000000000e+02 6.892677563989895416e-03 4.062854684889316559e-03 3.305047471258149017e-07 4.977318458259105682e-03 3.794383490458130836e-03 2.631329465657472610e-03 4.385852254927158356e-03 1.484602689743041992e-02
9.340000000000000000e+02 6.877925984345840092e-03 4.054436460137367249e-03 3.352221540353639284e-07 4.969435743987560272e-03 3.788894740864634514e-03 2.627970883622765541e-03 4.380997736006975174e-03 1.484018657356500626e-02
9.350000000000000000e+02 6.863221710658011683e-03 4.046015907078981400e-03 3.279979523540532682e-07 4.961576312780380249e-03 3.783427644520998001e-03 2.624627435579895973e-03 4.376147873699665070e-03 1.483435090631246567e-02
9.360000000000000000e+02 6.848564540872232979e-03 4.037625156342983246e-03 3.264738381858478533e-07 4.953711759299039841e-03 3.777964739128947258e-03 2.621277002617716789e-03 4.371318034827709198e-03 1.482851710170507431e-02
9.370000000000000000e+02 6.833954274011952608e-03 4.029261879622936249e-03 3.254162947996519506e-07 4.945884458720684052e-03 3.772508585825562477e-03 2.617945894598960876e-03 4.366486798971891403e-03 1.482269261032342911e-02
9.380000000000000000e+02 6.819390710171348638e-03 4.020906053483486176e-03 3.251840610118961195e-07 4.938057623803615570e-03 3.767072455957531929e-03 2.614616183564066887e-03 4.361663013696670532e-03 1.481688208878040314e-02
9.390000000000000000e+02 6.804873650508493771e-03 4.012577235698699951e-03 3.218977724372962257e-07 4.930254071950912476e-03 3.761643311008810997e-03 2.611300675198435783e-03 4.356847144663333893e-03 1.481105852872133255e-02
9.400000000000000000e+02 6.790402897238569102e-03 4.004255402833223343e-03 3.160438666327536339e-07 4.922461695969104767e-03 3.756220918148756027e-03 2.607983071357011795e-03 4.352054093033075333e-03 1.480525545775890350e-02
9.410000000000000000e+02 6.775978253627124720e-03 3.995982930064201355e-03 3.128595267298805993e-07 4.914671648293733597e-03 3.750805277377367020e-03 2.604678040370345116e-03 4.347259178757667542e-03 1.479944679886102676e-02
9.420000000000000000e+02 6.761599523983393215e-03 3.987706266343593597e-03 3.058470667838264490e-07 4.906901624053716660e-03 3.745400812476873398e-03 2.601379062980413437e-03 4.342467058449983597e-03 1.479364559054374695e-02
9.430000000000000000e+02 6.747266513653656095e-03 3.979452420026063919e-03 3.139973046017985325e-07 4.899159539490938187e-03 3.740011947229504585e-03 2.598088001832365990e-03 4.337693564593791962e-03 1.478785648941993713e-02
9.440000000000000000e+02 6.732979029014650972e-03 3.971215337514877319e-03 3.099526395544671686e-07 4.891424439847469330e-03 3.734633792191743851e-03 2.594799501821398735e-03 4.332924727350473404e-03 1.478206552565097809e-02
9.450000000000000000e+02 6.718736877467035989e-03 3.963010385632514954e-03 3.022299779331660829e-07 4.883699119091033936e-03 3.729249583557248116e-03 2.591519150882959366e-03 4.328162875026464462e-03 1.477628480643033981e-02
9.460000000000000000e+02 6.704539867428898486e-03 3.954830113798379898e-03 2.924086572875239654e-07 4.875991959124803543e-03 3.723884932696819305e-03 2.588250907137989998e-03 4.323408473283052444e-03 1.477050036191940308e-02
9.470000000000000000e+02 6.690387808329309634e-03 3.946656826883554459e-03 3.049023007406503893e-07 4.868282936513423920e-03 3.718529362231492996e-03 2.584986854344606400e-03 4.318669904023408890e-03 1.476472709327936172e-02
9.480000000000000000e+02 6.676280510601933713e-03 3.938494715839624405e-03 2.996347348016570322e-07 4.860615823417901993e-03 3.713179146870970726e-03 2.581728156656026840e-03 4.313926212489604950e-03 1.475895289331674576e-02
9.490000000000000000e+02 6.662217785678674689e-03 3.930366598069667816e-03 2.956683431420970010e-07 4.852940328419208527e-03 3.707838244736194611e-03 2.578471321612596512e-03 4.309207666665315628e-03 1.475318055599927902e-02
9.500000000000000000e+02 6.648199445983379169e-03 3.922262694686651230e-03 2.943835681890050182e-07 4.845295567065477371e-03 3.702514572069048882e-03 2.575228689238429070e-03 4.304480273276567459e-03 1.474742405116558075e-02
9.510000000000000000e+02 6.634225304925580984e-03 3.914164379239082336e-03 2.862198584807629231e-07 4.837667103856801987e-03 3.697196254506707191e-03 2.571979071944952011e-03 4.299782682210206985e-03 1.474167127162218094e-02
9.520000000000000000e+02 6.620295176894287412e-03 3.906084923073649406e-03 2.799338858494593296e-07 4.830032587051391602e-03 3.691877936944365501e-03 2.568760653957724571e-03 4.295065999031066895e-03 1.473591476678848267e-02
9.530000000000000000e+02 6.606408877251821778e-03 3.898032940924167633e-03 2.830775542861374561e-07 4.822413902729749680e-03 3.686573123559355736e-03 2.565528266131877899e-03 4.290368873625993729e-03 1.473016943782567978e-02
9.540000000000000000e+02 6.592566222327703347e-03 3.890005173161625862e-03 2.822528983870142838e-07 4.814827349036931992e-03 3.681298345327377319e-03 2.562312409281730652e-03 4.285684321075677872e-03 1.472443342208862305e-02
9.550000000000000000e+02 6.578767029412570591e-03 3.881987649947404861e-03 2.688655627025582362e-07 4.807241261005401611e-03 3.676021238788962364e-03 2.559096552431583405e-03 4.281002562493085861e-03 1.471868529915809631e-02
9.560000000000000000e+02 6.565011116752157358e-03 3.873985027894377708e-03 2.684294884147675475e-07 4.799668677151203156e-03 3.670749487355351448e-03 2.555888844653964043e-03 4.276314284652471542e-03 1.471296604722738266e-02
9.570000000000000000e+02 6.551298303541304609e-03 3.866020124405622482e-03 2.764967632629122818e-07 4.792117513716220856e-03 3.665479365736246109e-03 2.552693709731101990e-03 4.271664656698703766e-03 1.470723375678062439e-02
9.580000000000000000e+02 6.537628409918018121e-03 3.858054289594292641e-03 2.689814095901965629e-07 4.784572403877973557e-03 3.660219023004174232e-03 2.549490192905068398e-03 4.267013631761074066e-03 1.470151264220476151e-02
9.590000000000000000e+02 6.524001256957575635e-03 3.850130364298820496e-03 2.707611486130190315e-07 4.777038469910621643e-03 3.654981730505824089e-03 2.546306699514389038e-03 4.262360744178295135e-03 1.469579525291919708e-02
9.600000000000000000e+02 6.510416666666666956e-03 3.842207603156566620e-03 2.611127172258420615e-07 4.769531544297933578e-03 3.649740712717175484e-03 2.543135313317179680e-03 4.257722757756710052e-03 1.469007600098848343e-02
9.610000000000000000e+02 6.496874461977583497e-03 3.834306495264172554e-03 2.575887663169851294e-07 4.762027878314256668e-03 3.644522745162248611e-03 2.539961365982890129e-03 4.253086168318986893e-03 1.468437258154153824e-02
9.620000000000000000e+02 6.483374466742450326e-03 3.826420288532972336e-03 2.618110670482565183e-07 4.754549358040094376e-03 3.639303147792816162e-03 2.536787185817956924e-03 4.248452372848987579e-03 1.467868592590093613e-02
9.630000000000000000e+02 6.469916505727493772e-03 3.818555502220988274e-03 2.501956544165295782e-07 4.747074563056230545e-03 3.634098218753933907e-03 2.533635590225458145e-03 4.243835806846618652e-03 1.467297412455081940e-02
9.640000000000000000e+02 6.456500404607358468e-03 3.810714464634656906e-03 2.576516351382451830e-07 4.739610943943262100e-03 3.628900740295648575e-03 2.530478639528155327e-03 4.239226691424846649e-03 1.466727256774902344e-02
9.650000000000000000e+02 6.443125989959461695e-03 3.802891820669174194e-03 2.552497448959911708e-07 4.732162691652774811e-03 3.623705822974443436e-03 2.527331002056598663e-03 4.234624095261096954e-03 1.466159056872129440e-02
9.660000000000000000e+02 6.429793089258387627e-03 3.795088734477758408e-03 2.430344352433166932e-07 4.724732600152492523e-03 3.618524409830570221e-03 2.524192212149500847e-03 4.230041988193988800e-03 1.465590298175811768e-02
9.670000000000000000e+02 6.416501530870323197e-03 3.787291236221790314e-03 2.393841782577510457e-07 4.717308562248945236e-03 3.613349050283432007e-03 2.521060872822999954e-03 4.225459415465593338e-03 1.465022470802068710e-02
9.680000000000000000e+02 6.403251144047537348e-03 3.779526799917221069e-03 2.430297172395512462e-07 4.709887783974409103e-03 3.608189057558774948e-03 2.517930231988430023e-03 4.220879171043634415e-03 1.464455761015415192e-02
9.690000000000000000e+02 6.390041758922894964e-03 3.771771676838397980e-03 2.470132471898978110e-07 4.702509846538305283e-03 3.603033954277634621e-03 2.514801220968365669e-03 4.216310568153858185e-03 1.463888026773929596e-02
9.700000000000000000e+02 6.376873206504410710e-03 3.764046821743249893e-03 2.344524148156779120e-07 4.695129580795764923e-03 3.597882110625505447e-03 2.511690137907862663e-03 4.211741499602794647e-03 1.463321410119533539e-02
9.710000000000000000e+02 6.363745318669849702e-03 3.756321733817458153e-03 2.376897754174933652e-07 4.687753506004810333e-03 3.592756111174821854e-03 2.508578589186072350e-03 4.207191057503223419e-03 1.462754979729652405e-02
9.720000000000000000e+02 6.350657928161357671e-03 3.748636459931731224e-03 2.362587565585272387e-07 4.680403508245944977e-03 3.587624290958046913e-03 2.505474491044878960e-03 4.202648997306823730e-03 1.462189853191375732e-02
9.730000000000000000e+02 6.337610868580131895e-03 3.740959567949175835e-03 2.367816165360636660e-07 4.673063289374113083e-03 3.582502482458949089e-03 2.502381103113293648e-03 4.198100417852401733e-03 1.461625564843416214e-02
9.740000000000000000e+02 6.324603974381137229e-03 3.733295947313308716e-03 2.259436797658054275e-07 4.665738902986049652e-03 3.577396040782332420e-03 2.499278634786605835e-03 4.193572793155908585e-03 1.461060158908367157e-02
9.750000000000000000e+02 6.311637080867849893e-03 3.725657006725668907e-03 2.256136752976090065e-07 4.658430349081754684e-03 3.572295885533094406e-03 2.496200380846858025e-03 4.189041908830404282e-03 1.460495963692665100e-02
9.760000000000000000e+02 6.298710024187046362e-03 3.718030173331499100e-03 2.248783772529350244e-07 4.651131574064493179e-03 3.567196428775787354e-03 2.493123523890972137e-03 4.184536635875701904e-03 1.459931861609220505e-02
9.770000000000000000e+02 6.285822641323626954e-03 3.710431745275855064e-03 2.175347333377430914e-07 4.643845837563276291e-03 3.562112338840961456e-03 2.490055747330188751e-03 4.180028568953275681e-03 1.459368411451578140e-02
9.780000000000000000e+02 6.272974770095474974e-03 3.702838439494371414e-03 2.154827711819962133e-07 4.636571276932954788e-03 3.557047806680202484e-03 2.486989367753267288e-03 4.175524227321147919e-03 1.458805240690708160e-02
9.790000000000000000e+02 6.260166249148356628e-03 3.695276100188493729e-03 2.091683057869886397e-07 4.629312548786401749e-03 3.551981179043650627e-03 2.483926014974713326e-03 4.171031992882490158e-03 1.458243001252412796e-02
9.800000000000000000e+02 6.247396917950853897e-03 3.687720047309994698e-03 2.118553794616673258e-07 4.622062202543020248e-03 3.546916414052248001e-03 2.480876864865422249e-03 4.166549537330865860e-03 1.457680761814117432e-02
9.810000000000000000e+02 6.234666616789333836e-03 3.680185880511999130e-03 2.179478570951687288e-07 4.614829551428556442e-03 3.541875164955854416e-03 2.477825619280338287e-03 4.162075929343700409e-03 1.457119360566139221e-02
9.820000000000000000e+02 6.221975186762955176e-03 3.672682447358965874e-03 2.054543983831536025e-07 4.607610404491424561e-03 3.536822274327278137e-03 2.474783919751644135e-03 4.157588351517915726e-03 1.456558145582675934e-02
9.830000000000000000e+02 6.209322469778710482e-03 3.665172029286623001e-03 2.104221579202203429e-07 4.600394051522016525e-03 3.531803376972675323e-03 2.471743151545524597e-03 4.153133369982242584e-03 1.455998606979846954e-02
9.840000000000000000e+02 6.196708308546500406e-03 3.657699329778552055e-03 2.047507621227850905e-07 4.593200981616973877e-03 3.526772605255246162e-03 2.468716818839311600e-03 4.148666746914386749e-03 1.455438695847988129e-02
9.850000000000000000e+02 6.184132546574247838e-03 3.650244325399398804e-03 2.027510248581165797e-07 4.586016759276390076e-03 3.521767444908618927e-03 2.465689554810523987e-03 4.144219215959310532e-03 1.454878039658069611e-02
9.860000000000000000e+02 6.171595028163045019e-03 3.642791416496038437e-03 2.026765599794089212e-07 4.578841384500265121e-03 3.516765777021646500e-03 2.462673000991344452e-03 4.139782395213842392e-03 1.454318501055240631e-02
9.870000000000000000e+02 6.159095598402331007e-03 3.635367145761847496e-03 2.008241182238634792e-07 4.571696743369102478e-03 3.511773422360420227e-03 2.459670882672071457e-03 4.135352093726396561e-03 1.453759800642728806e-02
9.880000000000000000e+02 6.146634103165106444e-03 3.627948695793747902e-03 2.050925189678309835e-07 4.564553964883089066e-03 3.506776876747608185e-03 2.456661313772201538e-03 4.130915738642215729e-03 1.453201845288276672e-02
9.890000000000000000e+02 6.134210389103189089e-03 3.620560746639966965e-03 2.015235054386721458e-07 4.557421896606683731e-03 3.501793835312128067e-03 2.453663153573870659e-03 4.126500338315963745e-03 1.452642679214477539e-02
9.900000000000000000e+02 6.121824303642485823e-03 3.613191656768321991e-03 2.000968208903941559e-07 4.550294950604438782e-03 3.496825695037841797e-03 2.450674306601285934e-03 4.122090525925159454e-03 1.452087610960006714e-02
9.910000000000000000e+02 6.109475694978316711e-03 3.605833742767572403e-03 1.985544457738797064e-07 4.543198738247156143e-03 3.491868032142519951e-03 2.447678474709391594e-03 4.117686767131090164e-03 1.451529189944267273e-02
9.920000000000000000e+02 6.097164412070759862e-03 3.598495153710246086e-03 2.010459354551130673e-07 4.536112770438194275e-03 3.486918518319725990e-03 2.444697078317403793e-03 4.113286267966032028e-03 1.450972817838191986e-02
9.930000000000000000e+02 6.084890304640032735e-03 3.591166110709309578e-03 2.064086572772794170e-07 4.529024008661508560e-03 3.481969237327575684e-03 2.441717311739921570e-03 4.108893219381570816e-03 1.450416631996631622e-02
9.940000000000000000e+02 6.072653223161908996e-03 3.583872225135564804e-03 1.953849846358934883e-07 4.521961789578199387e-03 3.477034624665975571e-03 2.438750118017196655e-03 4.104510415345430374e-03 1.449861191213130951e-02
9.950000000000000000e+02 6.060453018863159666e-03 3.576585557311773300e-03 1.955003625653262134e-07 4.514909349381923676e-03 3.472110489383339882e-03 2.435782458633184433e-03 4.100136458873748779e-03 1.449306961148977280e-02
9.960000000000000000e+02 6.048289543717036768e-03 3.569314023479819298e-03 1.960765700914635090e-07 4.507860168814659119e-03 3.467182628810405731e-03 2.432822948321700096e-03 4.095759242773056030e-03 1.448751613497734070e-02
9.970000000000000000e+02 6.036162650438778657e-03 3.562051570042967796e-03 1.891992980063150753e-07 4.500833339989185333e-03 3.462274558842182159e-03 2.429878106340765953e-03 4.091403912752866745e-03 1.448196358978748322e-02
9.980000000000000000e+02 6.024072192481154386e-03 3.554822411388158798e-03 1.856388962551136501e-07 4.493815824389457703e-03 3.457379061728715897e-03 2.426929073408246040e-03 4.087049514055252075e-03 1.447641942650079727e-02
9.990000000000000000e+02 6.012018024030035823e-03 3.547601634636521339e-03 1.881170277329147211e-07 4.486801568418741226e-03 3.452476812526583672e-03 2.423991216346621513e-03 4.082705825567245483e-03 1.447089482098817825e-02
1.000000000000000000e+03 6.000000000000000125e-03 3.540395293384790421e-03 1.901486115229999996e-07 4.479820840060710907e-03 3.447587136179208755e-03 2.421049633994698524e-03 4.078365396708250046e-03 1.446535624563694000e-02
1.001000000000000000e+03 5.988017976029964308e-03 3.533213632181286812e-03 1.898682739920332097e-07 4.472836386412382126e-03 3.442715853452682495e-03 2.418120857328176498e-03 4.074030090123414993e-03 1.445982605218887329e-02
