1.000000000000000000e+00 6.000000000000000000e+03 7.193381347656250000e+02 7.193381347656250000e+02 7.193381347656250000e+02 7.193381347656250000e+02 7.193381347656250000e+02 7.193381347656250000e+02 7.193381347656250000e+02
2.000000000000000000e+00 1.500000000000000000e+03 6.130058288574218750e+01 6.130058670043945312e+01 6.116279602050781250e+00 6.112204551696777344e+00 6.354505062103271484e+00 6.652022361755371094e+00 6.883084774017333984e+00
3.000000000000000000e+00 6.666666666666666288e+02 2.751275062561035156e+01 2.751274871826171875e+01 1.728338360786437988e+00 1.641293048858642578e+00 1.571575284004211426e+00 2.166016817092895508e+00 2.136837720870971680e+00
4.000000000000000000e+00 3.750000000000000000e+02 1.809429550170898438e+01 1.597881698608398438e+01 7.125529646873474121e-01 6.675649285316467285e-01 6.164480447769165039e-01 8.521121144294738770e-01 9.631691575050354004e-01
5.000000000000000000e+00 2.400000000000000000e+02 1.260236835479736328e+01 8.992395401000976562e+00 3.156328797340393066e-01 3.052057325839996338e-01 2.755562961101531982e-01 3.778866827487945557e-01 4.666076600551605225e-01
6.000000000000000000e+00 1.666666666666666572e+02 9.112482070922851562e+00 5.041270732879638672e+00 1.599620580673217773e-01 1.544238924980163574e-01 1.502840667963027954e-01 1.937099099159240723e-01 2.471971809864044189e-01
7.000000000000000000e+00 1.224489795918367321e+02 6.823735713958740234e+00 3.010597467422485352e+00 9.837873280048370361e-02 9.755399823188781738e-02 9.841892123222351074e-02 1.260856688022613525e-01 1.709177643060684204e-01
8.000000000000000000e+00 9.375000000000000000e+01 5.279049873352050781e+00 2.000269651412963867e+00 7.550390064716339111e-02 7.663193345069885254e-02 7.347380369901657104e-02 9.847128391265869141e-02 1.399989128112792969e-01
9.000000000000000000e+00 7.407407407407407618e+01 4.206309318542480469e+00 1.457538127899169922e+00 6.253921985626220703e-02 6.144483387470245361e-02 5.938585847616195679e-02 8.351978659629821777e-02 1.014274507761001587e-01
1.000000000000000000e+01 6.000000000000000000e+01 3.439881801605224609e+00 1.110847353935241699e+00 5.329716578125953674e-02 5.506600812077522278e-02 5.073839053511619568e-02 7.156657427549362183e-02 7.862441986799240112e-02
1.100000000000000000e+01 4.958677685950413405e+01 2.876910448074340820e+00 8.570836186408996582e-01 4.702976346015930176e-02 4.805760085582733154e-02 4.533073678612709045e-02 6.173925101757049561e-02 6.693592667579650879e-02
1.200000000000000000e+01 4.166666666666666430e+01 2.452294349670410156e+00 6.667465567588806152e-01 4.279482364654541016e-02 4.387885332107543945e-02 4.152309149503707886e-02 5.410024896264076233e-02 6.197842210531234741e-02
1.300000000000000000e+01 3.550295857988165693e+01 2.124032258987426758e+00 5.290225744247436523e-01 3.973448649048805237e-02 3.958597034215927124e-02 3.845368698239326477e-02 4.837744310498237610e-02 5.633548647165298462e-02
1.400000000000000000e+01 3.061224489795918302e+01 1.864506125450134277e+00 4.318467676639556885e-01 3.757367655634880066e-02 3.737474232912063599e-02 3.632540628314018250e-02 4.475599899888038635e-02 5.342714861035346985e-02
1.500000000000000000e+01 2.666666666666666785e+01 1.655174255371093750e+00 3.613919913768768311e-01 3.629085794091224670e-02 3.547649830579757690e-02 3.496048972010612488e-02 4.260086640715599060e-02 5.094614624977111816e-02
1.600000000000000000e+01 2.343750000000000000e+01 1.483337402343750000e+00 3.066616654396057129e-01 3.534330800175666809e-02 3.417964279651641846e-02 3.404600173234939575e-02 4.133999720215797424e-02 4.956248775124549866e-02
1.700000000000000000e+01 2.076124567474048277e+01 1.340109348297119141e+00 2.616873085498809814e-01 3.452199324965476990e-02 3.302601724863052368e-02 3.341623395681381226e-02 4.069578647613525391e-02 4.837843403220176697e-02
1.800000000000000000e+01 1.851851851851851904e+01 1.219139218330383301e+00 2.243527621030807495e-01 3.384489566087722778e-02 3.224702924489974976e-02 3.305607661604881287e-02 4.039027169346809387e-02 4.769776761531829834e-02
1.900000000000000000e+01 1.662049861495844993e+01 1.115792274475097656e+00 1.939870268106460571e-01 3.319552913308143616e-02 3.159071132540702820e-02 3.281648829579353333e-02 4.019561782479286194e-02 4.721328243613243103e-02
2.000000000000000000e+01 1.500000000000000000e+01 1.026619315147399902e+00 1.697283983230590820e-01 3.245325759053230286e-02 3.102658130228519440e-02 3.257596492767333984e-02 4.002516716718673706e-02 4.698041081428527832e-02
2.100000000000000000e+01 1.360544217687074742e+01 9.490059018135070801e-01 1.502065658569335938e-01 3.169250115752220154e-02 3.056562133133411407e-02 3.232037648558616638e-02 3.981792181730270386e-02 4.696123301982879639e-02
2.200000000000000000e+01 1.239669421487603351e+01 8.809346556663513184e-01 1.339832246303558350e-01 3.093980439007282257e-02 3.012268058955669403e-02 3.199177235364913940e-02 3.948147594928741455e-02 4.710132628679275513e-02
2.300000000000000000e+01 1.134215500945179578e+01 8.208251595497131348e-01 1.200103759765625000e-01 3.014650195837020874e-02 2.965241298079490662e-02 3.155151382088661194e-02 3.901170939207077026e-02 4.734196141362190247e-02
2.400000000000000000e+01 1.041666666666666607e+01 7.674222588539123535e-01 1.077473536133766174e-01 2.936102077364921570e-02 2.916828542947769165e-02 3.105266951024532318e-02 3.845531865954399109e-02 4.758548364043235779e-02
2.500000000000000000e+01 9.599999999999999645e+00 7.197155952453613281e-01 9.699314087629318237e-02 2.862612158060073853e-02 2.865229919552803040e-02 3.050095029175281525e-02 3.780884295701980591e-02 4.774563387036323547e-02
2.600000000000000000e+01 8.875739644970414233e+00 6.768851876258850098e-01 8.765190839767456055e-02 2.791988477110862732e-02 2.808572351932525635e-02 2.990293502807617188e-02 3.709821030497550964e-02 4.774715006351470947e-02
2.700000000000000000e+01 8.230452674897119181e+00 6.382569074630737305e-01 7.959187030792236328e-02 2.725454233586788177e-02 2.749949321150779724e-02 2.930246107280254364e-02 3.639954328536987305e-02 4.753462970256805420e-02
2.800000000000000000e+01 7.653061224489795755e+00 6.032724976539611816e-01 7.262298464775085449e-02 2.665115520358085632e-02 2.690652571618556976e-02 2.871761284768581390e-02 3.572535887360572815e-02 4.709421470761299133e-02
2.900000000000000000e+01 7.134363852556480090e+00 5.714654326438903809e-01 6.653925776481628418e-02 2.609292231500148773e-02 2.630447037518024445e-02 2.814372628927230835e-02 3.507981821894645691e-02 4.644217714667320251e-02
3.000000000000000000e+01 6.666666666666666963e+00 5.424438118934631348e-01 6.116294488310813904e-02 2.557491324841976166e-02 2.571474388241767883e-02 2.759947627782821655e-02 3.451228514313697815e-02 4.561135917901992798e-02
3.100000000000000000e+01 6.243496357960458099e+00 5.158758759498596191e-01 5.636265873908996582e-02 2.510522678494453430e-02 2.515204809606075287e-02 2.709984406828880310e-02 3.402859345078468323e-02 4.465176165103912354e-02
3.200000000000000000e+01 5.859375000000000000e+00 4.914788007736206055e-01 5.204800143837928772e-02 2.467314340174198151e-02 2.461135201156139374e-02 2.662875875830650330e-02 3.360301256179809570e-02 4.361325502395629883e-02
3.300000000000000000e+01 5.509641873278236623e+00 4.690107107162475586e-01 4.815544188022613525e-02 2.426869794726371765e-02 2.409942634403705597e-02 2.619223855435848236e-02 3.325207531452178955e-02 4.252728074789047241e-02
3.400000000000000000e+01 5.190311418685120692e+00 4.482634663581848145e-01 4.463734105229377747e-02 2.389565855264663696e-02 2.362491376698017120e-02 2.580090053379535675e-02 3.298916667699813843e-02 4.141703993082046509e-02
3.500000000000000000e+01 4.897959183673469497e+00 4.290559291839599609e-01 4.145567491650581360e-02 2.355032041668891907e-02 2.317986637353897095e-02 2.544245310127735138e-02 3.280000016093254089e-02 4.029991850256919861e-02
3.600000000000000000e+01 4.629629629629629761e+00 4.112325310707092285e-01 3.857921063899993896e-02 2.321937307715415955e-02 2.276367507874965668e-02 2.511560544371604919e-02 3.270722180604934692e-02 3.918286785483360291e-02
3.700000000000000000e+01 4.382761139517896254e+00 3.946562111377716064e-01 3.598134219646453857e-02 2.290680259466171265e-02 2.237922325730323792e-02 2.482718229293823242e-02 3.274732455611228943e-02 3.807491809129714966e-02
3.800000000000000000e+01 4.155124653739612484e+00 3.792072832584381104e-01 3.363792970776557922e-02 2.261252328753471375e-02 2.202104963362216949e-02 2.457282319664955139e-02 3.291981294751167297e-02 3.698720410466194153e-02
3.900000000000000000e+01 3.944773175542406474e+00 3.647803366184234619e-01 3.152576088905334473e-02 2.232197672128677368e-02 2.168437279760837555e-02 2.434280514717102051e-02 3.323348239064216614e-02 3.592471033334732056e-02
4.000000000000000000e+01 3.750000000000000000e+00 3.512823283672332764e-01 2.962206676602363586e-02 2.203694917261600494e-02 2.136955410242080688e-02 2.414253167808055878e-02 3.370548039674758911e-02 3.489312529563903809e-02
4.100000000000000000e+01 3.569303985722783956e+00 3.386313915252685547e-01 2.790502645075321198e-02 2.175742201507091522e-02 2.107029594480991364e-02 2.397095039486885071e-02 3.430181741714477539e-02 3.389820456504821777e-02
4.200000000000000000e+01 3.401360544217686854e+00 3.267540335655212402e-01 2.635389752686023712e-02 2.147118374705314636e-02 2.077830769121646881e-02 2.381384000182151794e-02 3.494413569569587708e-02 3.294127061963081360e-02
4.300000000000000000e+01 3.244997295835586826e+00 3.155850470066070557e-01 2.494904585182666779e-02 2.117385342717170715e-02 2.048807591199874878e-02 2.367209829390048981e-02 3.552285954356193542e-02 3.202345594763755798e-02
4.400000000000000000e+01 3.099173553719008378e+00 3.050663769245147705e-01 2.367171272635459900e-02 2.086416073143482208e-02 2.019057050347328186e-02 2.353962138295173645e-02 3.589724376797676086e-02 3.114559687674045563e-02
4.500000000000000000e+01 2.962962962962962798e+00 2.951454818248748779e-01 2.250390499830245972e-02 2.053423598408699036e-02 1.987630501389503479e-02 2.339707687497138977e-02 3.593925386667251587e-02 3.030568733811378479e-02
4.600000000000000000e+01 2.835538752362948944e+00 2.857754826545715332e-01 2.142858318984508514e-02 2.017630077898502350e-02 1.954016461968421936e-02 2.323279716074466705e-02 3.557788953185081482e-02 2.950130589306354523e-02
4.700000000000000000e+01 2.716161158895427974e+00 2.769141495227813721e-01 2.043005637824535370e-02 1.979161985218524933e-02 1.917826756834983826e-02 2.303160727024078369e-02 3.479479998350143433e-02 2.873022668063640594e-02
4.800000000000000000e+01 2.604166666666666519e+00 2.685230970382690430e-01 1.949469000101089478e-02 1.937990076839923859e-02 1.878826878964900970e-02 2.277324348688125610e-02 3.361683338880538940e-02 2.798926644027233124e-02
4.900000000000000000e+01 2.498958767180341489e+00 2.605679333209991455e-01 1.861143857240676880e-02 1.893705874681472778e-02 1.837261579930782318e-02 2.244328707456588745e-02 3.211540728807449341e-02 2.727524191141128540e-02
5.000000000000000000e+01 2.399999999999999911e+00 2.530169486999511719e-01 1.777193322777748108e-02 1.846909895539283752e-02 1.793429441750049591e-02 2.203557267785072327e-02 3.038522787392139435e-02 2.658439613878726959e-02
5.100000000000000000e+01 2.306805074971165048e+00 2.458419799804687500e-01 1.697031594812870026e-02 1.798289455473423004e-02 1.747715845704078674e-02 2.154626883566379547e-02 2.852723933756351471e-02 2.591116353869438171e-02
5.200000000000000000e+01 2.218934911242603558e+00 2.390169054269790649e-01 1.620271801948547363e-02 1.747933961451053619e-02 1.700751297175884247e-02 2.097987197339534760e-02 2.664297074079513550e-02 2.524940110743045807e-02
5.300000000000000000e+01 2.135991456034175950e+00 2.325179129838943481e-01 1.546672545373439789e-02 1.696568168699741364e-02 1.653047464787960052e-02 2.034786716103553772e-02 2.482161112129688263e-02 2.459169551730155945e-02
5.400000000000000000e+01 2.057613168724279795e+00 2.263233959674835205e-01 1.476088259369134903e-02 1.645003072917461395e-02 1.605044864118099213e-02 1.966369897127151489e-02 2.312978170812129974e-02 2.392976172268390656e-02
5.500000000000000000e+01 1.983471074380165344e+00 2.204134315252304077e-01 1.408420223742723465e-02 1.593526266515254974e-02 1.557283848524093628e-02 1.894366182386875153e-02 2.161081321537494659e-02 2.325548790395259857e-02
5.600000000000000000e+01 1.913265306122448939e+00 2.147698998451232910e-01 1.343608275055885315e-02 1.542480848729610443e-02 1.510151848196983337e-02 1.820471882820129395e-02 2.028508298099040985e-02 2.256123907864093781e-02
5.700000000000000000e+01 1.846722068328716437e+00 2.093759328126907349e-01 1.281603798270225525e-02 1.492452342063188553e-02 1.463861949741840363e-02 1.746292784810066223e-02 1.915045827627182007e-02 2.184163406491279602e-02
5.800000000000000000e+01 1.783590963139120023e+00 2.042162418365478516e-01 1.222366653382778168e-02 1.443646196275949478e-02 1.418722420930862427e-02 1.673273555934429169e-02 1.819053478538990021e-02 2.109500579535961151e-02
5.900000000000000000e+01 1.723642631427750649e+00 1.992765963077545166e-01 1.165856048464775085e-02 1.396074239164590836e-02 1.374892331659793854e-02 1.602585986256599426e-02 1.738069206476211548e-02 2.032327838242053986e-02
6.000000000000000000e+01 1.666666666666666741e+00 1.945438832044601440e-01 1.112015452235937119e-02 1.350046414881944656e-02 1.332392357289791107e-02 1.535078510642051697e-02 1.669060997664928436e-02 1.953246071934700012e-02
6.100000000000000000e+01 1.612469766191883869e+00 1.900058388710021973e-01 1.060773618519306183e-02 1.305611710995435715e-02 1.291305292397737503e-02 1.471324265003204346e-02 1.609167456626892090e-02 1.873216964304447174e-02
6.200000000000000000e+01 1.560874089490114525e+00 1.856514066457748413e-01 1.012044306844472885e-02 1.262622326612472534e-02 1.251643989235162735e-02 1.411720365285873413e-02 1.555802486836910248e-02 1.793331094086170197e-02
6.300000000000000000e+01 1.511715797430083219e+00 1.814701855182647705e-01 9.657085873186588287e-03 1.221193466335535049e-02 1.213283278048038483e-02 1.356209721416234970e-02 1.506680995225906372e-02 1.714748702943325043e-02
6.400000000000000000e+01 1.464843750000000000e+00 1.774524152278900146e-01 9.216293692588806152e-03 1.181283313781023026e-02 1.176205091178417206e-02 1.304632332175970078e-02 1.460147462785243988e-02 1.638527773320674896e-02
6.500000000000000000e+01 1.420118343195266197e+00 1.735892146825790405e-01 8.796571753919124603e-03 1.142730005085468292e-02 1.140338275581598282e-02 1.256870198994874954e-02 1.415063068270683289e-02 1.565475948154926300e-02
6.600000000000000000e+01 1.377410468319559156e+00 1.698722541332244873e-01 8.396363817155361176e-03 1.105487160384654999e-02 1.105533540248870850e-02 1.212402619421482086e-02 1.370523776859045029e-02 1.496120076626539230e-02
6.700000000000000000e+01 1.336600579193584215e+00 1.662936061620712280e-01 8.014066144824028015e-03 1.069547515362501144e-02 1.071725692600011826e-02 1.170731801539659500e-02 1.326099969446659088e-02 1.430744491517543793e-02
6.800000000000000000e+01 1.297577854671280173e+00 1.628462076187133789e-01 7.648150436580181122e-03 1.034704782068729401e-02 1.038838177919387817e-02 1.131625752896070480e-02 1.281734276562929153e-02 1.369379926472902298e-02
6.900000000000000000e+01 1.260239445494643951e+00 1.595231890678405762e-01 7.297214586287736893e-03 1.000873744487762451e-02 1.006737351417541504e-02 1.094606425613164902e-02 1.237298455089330673e-02 1.311880443245172501e-02
7.000000000000000000e+01 1.224489795918367374e+00 1.563183218240737915e-01 6.959971971809864044e-03 9.680829010903835297e-03 9.753527119755744934e-03 1.059147156774997711e-02 1.192834321409463882e-02 1.258031092584133148e-02
7.100000000000000000e+01 1.190240031739734139e+00 1.532256305217742920e-01 6.635306868702173233e-03 9.361443109810352325e-03 9.446230717003345490e-03 1.025079004466533661e-02 1.148642040789127350e-02 1.207536552101373672e-02
7.200000000000000000e+01 1.157407407407407440e+00 1.502396166324615479e-01 6.322281900793313980e-03 9.049528278410434723e-03 9.144674055278301239e-03 9.921799413859844208e-03 1.104848179966211319e-02 1.160067413002252579e-02
7.300000000000000000e+01 1.125914805779695937e+00 1.473550498485565186e-01 6.020180415362119675e-03 8.745853789150714874e-03 8.848119527101516724e-03 9.600753895938396454e-03 1.061529293656349182e-02 1.115307398140430450e-02
7.400000000000000000e+01 1.095690284879474063e+00 1.445672810077667236e-01 5.728450138121843338e-03 8.448919281363487244e-03 8.556514978408813477e-03 9.286128915846347809e-03 1.018944010138511658e-02 1.072938460856676102e-02
7.500000000000000000e+01 1.066666666666666652e+00 1.418713927268981934e-01 5.446735769510269165e-03 8.157668635249137878e-03 8.269329555332660675e-03 8.977945894002914429e-03 9.772418998181819916e-03 1.032653264701366425e-02
7.600000000000000000e+01 1.038781163434903121e+00 1.392633020877838135e-01 5.174827296286821365e-03 7.872544229030609131e-03 7.986291311681270599e-03 8.674057200551033020e-03 9.364361874759197235e-03 9.941801428794860840e-03
7.700000000000000000e+01 1.011975037949063960e+00 1.367389857769012451e-01 4.912594798952341080e-03 7.593519054353237152e-03 7.707369979470968246e-03 8.373415097594261169e-03 8.966570720076560974e-03 9.572656825184822083e-03
7.800000000000000000e+01 9.861932938856016184e-01 1.342946588993072510e-01 4.660008475184440613e-03 7.319149095565080643e-03 7.432587910443544388e-03 8.076713420450687408e-03 8.580410853028297424e-03 9.216756559908390045e-03
7.900000000000000000e+01 9.613843935266783713e-01 1.319265514612197876e-01 4.417079966515302658e-03 7.049755658954381943e-03 7.161947432905435562e-03 7.783593609929084778e-03 8.205619640648365021e-03 8.872127160429954529e-03
8.000000000000000000e+01 9.375000000000000000e-01 1.296315640211105347e-01 4.183816257864236832e-03 6.786264479160308838e-03 6.895581725984811783e-03 7.493327371776103973e-03 7.842572405934333801e-03 8.537139743566513062e-03
8.100000000000000000e+01 9.144947416552354769e-01 1.274063885211944580e-01 3.960270900279283524e-03 6.527534686028957367e-03 6.633569952100515366e-03 7.206783164292573929e-03 7.491960190236568451e-03 8.210371248424053192e-03
8.200000000000000000e+01 8.923259964306959890e-01 1.252479702234268188e-01 3.746467642486095428e-03 6.273550912737846375e-03 6.376256700605154037e-03 6.924694404006004333e-03 7.153463549911975861e-03 7.890665903687477112e-03
8.300000000000000000e+01 8.709536942952532668e-01 1.231535300612449646e-01 3.542407415807247162e-03 6.025161128491163254e-03 6.123670376837253571e-03 6.646639667451381683e-03 6.826921366155147552e-03 7.577254902571439743e-03
8.400000000000000000e+01 8.503401360544217136e-01 1.211203560233116150e-01 3.347993828356266022e-03 5.782147403806447983e-03 5.876083858311176300e-03 6.373321171849966049e-03 6.512541323900222778e-03 7.269588764756917953e-03
8.500000000000000000e+01 8.304498269896193330e-01 1.191460117697715759e-01 3.163117915391921997e-03 5.544270854443311691e-03 5.633936729282140732e-03 6.105555221438407898e-03 6.210145540535449982e-03 6.967402063310146332e-03
8.600000000000000000e+01 8.112493239588967064e-01 1.172279864549636841e-01 2.987606450915336609e-03 5.311977118253707886e-03 5.397340282797813416e-03 5.843426566570997238e-03 5.919226910918951035e-03 6.670592352747917175e-03
8.700000000000000000e+01 7.927070947284978741e-01 1.153639778494834900e-01 2.821253379806876183e-03 5.085705779492855072e-03 5.166382063180208206e-03 5.587357096374034882e-03 5.639814771711826324e-03 6.379172671586275101e-03
8.800000000000000000e+01 7.747933884297520946e-01 1.135518625378608704e-01 2.663754858076572418e-03 4.865102469921112061e-03 4.941395018249750137e-03 5.337807815521955490e-03 5.371632054448127747e-03 6.093268282711505890e-03
8.900000000000000000e+01 7.574801161469510991e-01 1.117897257208824158e-01 2.514826832339167595e-03 4.650460090488195419e-03 4.722481593489646912e-03 5.095180124044418335e-03 5.114054773002862930e-03 5.813114810734987259e-03
9.000000000000000000e+01 7.407407407407406996e-01 1.100754365324974060e-01 2.374141709879040718e-03 4.441959317773580551e-03 4.509681835770606995e-03 4.859565291553735733e-03 4.866940435022115707e-03 5.539003293961286545e-03
9.100000000000000000e+01 7.245501750996256041e-01 1.084071919322013855e-01 2.241340931504964828e-03 4.239636939018964767e-03 4.303136840462684631e-03 4.631392657756805420e-03 4.630004521459341049e-03 5.271280184388160706e-03
9.200000000000000000e+01 7.088846880907372361e-01 1.067833229899406433e-01 2.116070594638586044e-03 4.043625202029943466e-03 4.103029146790504456e-03 4.410772584378719330e-03 4.402770195156335831e-03 5.010358523577451706e-03
9.300000000000000000e+01 6.937218175511620233e-01 1.052020788192749023e-01 1.997939310967922211e-03 3.853934817016124725e-03 3.909327089786529541e-03 4.197721835225820541e-03 4.184988792985677719e-03 4.756608977913856506e-03
9.400000000000000000e+01 6.790402897238569935e-01 1.036618724465370178e-01 1.886611338704824448e-03 3.670509904623031616e-03 3.721958259120583534e-03 3.992321435362100601e-03 3.976334817707538605e-03 4.510341212153434753e-03
9.500000000000000000e+01 6.648199445983379308e-01 1.021612137556076050e-01 1.781734405085444450e-03 3.493523458018898964e-03 3.541080746799707413e-03 3.794602351263165474e-03 3.776435274630784988e-03 4.271888174116611481e-03
9.600000000000000000e+01 6.510416666666666297e-01 1.006986647844314575e-01 1.682957517914474010e-03 3.322758711874485016e-03 3.366534365341067314e-03 3.604423254728317261e-03 3.584869205951690674e-03 4.041547421365976334e-03
9.700000000000000000e+01 6.376873206504410918e-01 9.927283972501754761e-02 1.589972060173749924e-03 3.158156294375658035e-03 3.198326099663972855e-03 3.421679837629199028e-03 3.401477588340640068e-03 3.819634206593036652e-03
9.800000000000000000e+01 6.247396917950853723e-01 9.788245707750320435e-02 1.502439961768686771e-03 2.999787917360663414e-03 3.036364680156111717e-03 3.246356267482042313e-03 3.225872060284018517e-03 3.606328740715980530e-03
9.900000000000000000e+01 6.121824303642485754e-01 9.652619808912277222e-02 1.420029788278043270e-03 2.847604220733046532e-03 2.880489220842719078e-03 3.078281646594405174e-03 3.057838883250951767e-03 3.401766298338770866e-03
1.000000000000000000e+02 5.999999999999999778e-01 9.520293027162551880e-02 1.342450850643217564e-03 2.701265504583716393e-03 2.730717882513999939e-03 2.917138859629631042e-03 2.896971302106976509e-03 3.206103807315230370e-03
1.010000000000000000e+02 5.881776296441525442e-01 9.391152113676071167e-02 1.269426429644227028e-03 2.560843480750918388e-03 2.586868824437260628e-03 2.762893447652459145e-03 2.743094926699995995e-03 3.019375493749976158e-03
1.020000000000000000e+02 5.767012687427912621e-01 9.265074878931045532e-02 1.200705766677856445e-03 2.426237566396594048e-03 2.448775805532932281e-03 2.615424338728189468e-03 2.596041653305292130e-03 2.841582056134939194e-03
1.030000000000000000e+02 5.655575454802526103e-01 9.141986072063446045e-02 1.136013772338628769e-03 2.297174418345093727e-03 2.316462574526667595e-03 2.474436070770025253e-03 2.455472014844417572e-03 2.672664588317275047e-03
1.040000000000000000e+02 5.547337278106508895e-01 9.021759033203125000e-02 1.075137988664209843e-03 2.173665910959243774e-03 2.189763123169541359e-03 2.339725149795413017e-03 2.321232110261917114e-03 2.512497827410697937e-03
1.050000000000000000e+02 5.442176870748299811e-01 8.904311060905456543e-02 1.017880043946206570e-03 2.055477583780884743e-03 2.068464178591966629e-03 2.211312064900994301e-03 2.193108201026916504e-03 2.360902493819594383e-03
1.060000000000000000e+02 5.339978640085439876e-01 8.789550513029098511e-02 9.640544303692877293e-04 1.942502916790544987e-03 1.952500431798398495e-03 2.088873647153377533e-03 2.070904010906815529e-03 2.217623405158519745e-03
1.070000000000000000e+02 5.240632369639269816e-01 8.677391707897186279e-02 9.135173168033361435e-04 1.834560069255530834e-03 1.841767807491123676e-03 1.972108613699674606e-03 1.954440027475357056e-03 2.082358347252011299e-03
1.080000000000000000e+02 5.144032921810699488e-01 8.567740023136138916e-02 8.660795283503830433e-04 1.731637166813015938e-03 1.736095291562378407e-03 1.861053402535617352e-03 1.843561185523867607e-03 1.954823732376098633e-03
1.090000000000000000e+02 5.050079959599360624e-01 8.460526913404464722e-02 8.216723217628896236e-04 1.633530016988515854e-03 1.635296735912561417e-03 1.755416626110672951e-03 1.738091814331710339e-03 1.834694994613528252e-03
1.100000000000000000e+02 4.958677685950413361e-01 8.355665951967239380e-02 7.801408064551651478e-04 1.540045370347797871e-03 1.539350720122456551e-03 1.654925872571766376e-03 1.637844368815422058e-03 1.721624401398003101e-03
1.110000000000000000e+02 4.869734599464329294e-01 8.253094553947448730e-02 7.413779967464506626e-04 1.451126183383166790e-03 1.448058173991739750e-03 1.559498603455722332e-03 1.542654470540583134e-03 1.615212648175656796e-03
1.120000000000000000e+02 4.783163265306122347e-01 8.152736723423004150e-02 7.052764995023608208e-04 1.366595271974802017e-03 1.361329690553247929e-03 1.469077775254845619e-03 1.452442491427063942e-03 1.515129348263144493e-03
1.130000000000000000e+02 4.698880100242775470e-01 8.054525405168533325e-02 6.717477808706462383e-04 1.286262413486838341e-03 1.279040006920695305e-03 1.383322291076183319e-03 1.366960234008729458e-03 1.421037828549742699e-03
1.140000000000000000e+02 4.616805170821791093e-01 7.958395034074783325e-02 6.406918400898575783e-04 1.210124231874942780e-03 1.201027771458029747e-03 1.302048098295927048e-03 1.286095706745982170e-03 1.332538900896906853e-03
1.150000000000000000e+02 4.536862003780718355e-01 7.864277809858322144e-02 6.119930185377597809e-04 1.137981773354113102e-03 1.127189607359468937e-03 1.225247164256870747e-03 1.209651585668325424e-03 1.249341876246035099e-03
1.160000000000000000e+02 4.458977407847800056e-01 7.772123813629150391e-02 5.855674389749765396e-04 1.069689169526100159e-03 1.057366374880075455e-03 1.152703538537025452e-03 1.137501443736255169e-03 1.171118812635540962e-03
1.170000000000000000e+02 4.383081306158229107e-01 7.681868970394134521e-02 5.613057292066514492e-04 1.005108351819217205e-03 9.914231486618518829e-04 1.084178104065358639e-03 1.069469377398490906e-03 1.097611035220324993e-03
1.180000000000000000e+02 4.309106578569376622e-01 7.593454420566558838e-02 5.390924634411931038e-04 9.441616130061447620e-04 9.292800095863640308e-04 1.019553164951503277e-03 1.005354803055524826e-03 1.028565340675413609e-03
1.190000000000000000e+02 4.236988913212343943e-01 7.506833225488662720e-02 5.188217619433999062e-04 8.866704301908612251e-04 8.707743836566805840e-04 9.587062522768974304e-04 9.450085926800966263e-04 9.637649636715650558e-04
1.200000000000000000e+02 4.166666666666666852e-01 7.421953976154327393e-02 5.003909463994204998e-04 8.324817172251641750e-04 8.157190168276429176e-04 9.014512179419398308e-04 8.882826077751815319e-04 9.029860957525670528e-04
1.210000000000000000e+02 4.098080732190423903e-01 7.338762283325195312e-02 4.837295564357191324e-04 7.815354038029909134e-04 7.640404510311782360e-04 8.476172224618494511e-04 8.349951822310686111e-04 8.460800745524466038e-04
1.220000000000000000e+02 4.031174415479709672e-01 7.257211208343505859e-02 4.686936445068567991e-04 7.336710696108639240e-04 7.156571373343467712e-04 7.971409941092133522e-04 7.849871763028204441e-04 7.928713457658886909e-04
1.230000000000000000e+02 3.965893317469760260e-01 7.177259773015975952e-02 4.551802994683384895e-04 6.887577474117279053e-04 6.703478284180164337e-04 7.498090853914618492e-04 7.381013710983097553e-04 7.431932026520371437e-04
1.240000000000000000e+02 3.902185223725286312e-01 7.098861038684844971e-02 4.431079432833939791e-04 6.466978811658918858e-04 6.280227680690586567e-04 7.054445450194180012e-04 6.942605832591652870e-04 6.969459936954081059e-04
1.250000000000000000e+02 3.840000000000000080e-01 7.021966576576232910e-02 4.323529719840735197e-04 6.073651602491736412e-04 5.885704304091632366e-04 6.640449282713234425e-04 6.532151019200682640e-04 6.539716850966215134e-04
1.260000000000000000e+02 3.779289493575208048e-01 6.946544349193572998e-02 4.228110483381897211e-04 5.706461379304528236e-04 5.518685793504118919e-04 6.253861356526613235e-04 6.149153923615813255e-04 6.141707999631762505e-04
1.270000000000000000e+02 3.720007440014880262e-01 6.872546672821044922e-02 4.143789701629430056e-04 5.364232347346842289e-04 5.178101710043847561e-04 5.893381312489509583e-04 5.792019073851406574e-04 5.773912998847663403e-04
1.280000000000000000e+02 3.662109375000000000e-01 6.799942255020141602e-02 4.069457645528018475e-04 5.046005244366824627e-04 4.862409841734915972e-04 5.558167467825114727e-04 5.459571257233619690e-04 5.435036728158593178e-04
1.290000000000000000e+02 3.605552550928429745e-01 6.728689372539520264e-02 4.004129150416702032e-04 4.750294319819658995e-04 4.570276942104101181e-04 5.247027729637920856e-04 5.150321521796286106e-04 5.124121671542525291e-04
1.300000000000000000e+02 3.550295857988165493e-01 6.658755987882614136e-02 3.946851065848022699e-04 4.476894682738929987e-04 4.301103763282299042e-04 4.957829951308667660e-04 4.863262001890689135e-04 4.839752800762653351e-04
1.310000000000000000e+02 3.496299749431851511e-01 6.590103358030319214e-02 3.896648995578289032e-04 4.222844436299055815e-04 4.053351585753262043e-04 4.690608475357294083e-04 4.597240767907351255e-04 4.580412060022354126e-04
1.320000000000000000e+02 3.443526170798897890e-01 6.522697210311889648e-02 3.852791851386427879e-04 3.988913085777312517e-04 3.825896419584751129e-04 4.443934303708374500e-04 4.351368697825819254e-04 4.344837507233023643e-04
1.330000000000000000e+02 3.391938492848662889e-01 6.456513702869415283e-02 3.814532246906310320e-04 3.773607895709574223e-04 3.617612237576395273e-04 4.216292290948331356e-04 4.124427214264869690e-04 4.131744208279997110e-04
1.340000000000000000e+02 3.341501447983960538e-01 6.391511112451553345e-02 3.781044215429574251e-04 3.575846494641155005e-04 3.427771443966776133e-04 4.006969102192670107e-04 3.915279230568557978e-04 3.939670568797737360e-04
1.350000000000000000e+02 3.292181069958847739e-01 6.327668577432632446e-02 3.751866461243480444e-04 3.394118393771350384e-04 3.254803305026143789e-04 3.815029631368815899e-04 3.723013796843588352e-04 3.767147136386483908e-04
1.360000000000000000e+02 3.243944636678200433e-01 6.264948844909667969e-02 3.726387803908437490e-04 3.228383138775825500e-04 3.097995941061526537e-04 3.639362403191626072e-04 3.546879452187567949e-04 3.613063890952616930e-04
1.370000000000000000e+02 3.196760615909212122e-01 6.203332915902137756e-02 3.704059054143726826e-04 3.077494329772889614e-04 2.956341195385903120e-04 3.478840226307511330e-04 3.385866293683648109e-04 3.475729026831686497e-04
1.380000000000000000e+02 3.150598613736609876e-01 6.142784655094146729e-02 3.684586845338344574e-04 2.940173144452273846e-04 2.828763681463897228e-04 3.332619380671530962e-04 3.238980134483426809e-04 3.353887295816093683e-04
1.390000000000000000e+02 3.105429325604264768e-01 6.083284318447113037e-02 3.667426935862749815e-04 2.815945772454142570e-04 2.714810543693602085e-04 3.200079081580042839e-04 3.105766081716865301e-04 3.246305568609386683e-04
1.400000000000000000e+02 3.061224489795918435e-01 6.024802103638648987e-02 3.652294690255075693e-04 2.704066573642194271e-04 2.612872049212455750e-04 3.079840389546006918e-04 2.985184837598353624e-04 3.151575219817459583e-04
1.410000000000000000e+02 3.017956843217142193e-01 5.967311188578605652e-02 3.638723283074796200e-04 2.603566390462219715e-04 2.522583527024835348e-04 2.971004578284919262e-04 2.876586513593792915e-04 3.068762307520955801e-04
1.420000000000000000e+02 2.975600079349335347e-01 5.910791084170341492e-02 3.626463294494897127e-04 2.513726067263633013e-04 2.443307312205433846e-04 2.873622870538383722e-04 2.779045898932963610e-04 2.996495459228754044e-04
1.430000000000000000e+02 2.934128808254682363e-01 5.855224281549453735e-02 3.615361056290566921e-04 2.433560148347169161e-04 2.373693569097667933e-04 2.786088152788579464e-04 2.692159032449126244e-04 2.934145159088075161e-04
1.440000000000000000e+02 2.893518518518518601e-01 5.800577998161315918e-02 3.605049278121441603e-04 2.363111707381904125e-04 2.313144213985651731e-04 2.707814564928412437e-04 2.614826080389320850e-04 2.880780084524303675e-04
1.450000000000000000e+02 2.853745541022592036e-01 5.746833607554435730e-02 3.595230227801948786e-04 2.300922496942803264e-04 2.261171030113473535e-04 2.638667065184563398e-04 2.546797331888228655e-04 2.835393243003636599e-04
1.460000000000000000e+02 2.814787014449239844e-01 5.693975463509559631e-02 3.585712693165987730e-04 2.246667863801121712e-04 2.216916909674182534e-04 2.577240229584276676e-04 2.487037272658199072e-04 2.797517227008938789e-04
1.470000000000000000e+02 2.776620852422601593e-01 5.641978979110717773e-02 3.576467279344797134e-04 2.200040034949779510e-04 2.179444563807919621e-04 2.523081784602254629e-04 2.435045898891985416e-04 2.766108664218336344e-04
1.480000000000000000e+02 2.739225712198685159e-01 5.590821057558059692e-02 3.567051317077130079e-04 2.159415744245052338e-04 2.148593630408868194e-04 2.475929213687777519e-04 2.390355512034147978e-04 2.740834897849708796e-04
1.490000000000000000e+02 2.702580964821404419e-01 5.540488660335540771e-02 3.557422605808824301e-04 2.125427999999374151e-04 2.123308950103819370e-04 2.434957714285701513e-04 2.352294686716049910e-04 2.721076598390936852e-04
1.500000000000000000e+02 2.666666666666666630e-01 5.490957200527191162e-02 3.547313390299677849e-04 2.096765383612364531e-04 2.103243605233728886e-04 2.399412187514826655e-04 2.320003113709390163e-04 2.706422819755971432e-04
1.510000000000000000e+02 2.631463532301214769e-01 5.442214384675025940e-02 3.536537114996463060e-04 2.073229115922003984e-04 2.087898174067959189e-04 2.368925343034788966e-04 2.293608413310721517e-04 2.696432347875088453e-04
1.520000000000000000e+02 2.596952908587257802e-01 5.394235998392105103e-02 3.524587664287537336e-04 2.054045035038143396e-04 2.076673990814015269e-04 2.343171800021082163e-04 2.272055862704291940e-04 2.690602850634604692e-04
1.530000000000000000e+02 2.563116749967960795e-01 5.347007513046264648e-02 3.511508693918585777e-04 2.038976526819169521e-04 2.068956819130107760e-04 2.321598440175876021e-04 2.254982391605153680e-04 2.688582753762602806e-04
1.540000000000000000e+02 2.529937594872659901e-01 5.300520360469818115e-02 3.497046418488025665e-04 2.027897571679204702e-04 2.064615400740876794e-04 2.303754590684548020e-04 2.241812326246872544e-04 2.690165711101144552e-04
1.550000000000000000e+02 2.497398543184183028e-01 5.254747346043586731e-02 3.481198800727725029e-04 2.019392122747376561e-04 2.062763378489762545e-04 2.289325784659013152e-04 2.232272818218916655e-04 2.695003058761358261e-04
1.560000000000000000e+02 2.465483234714004046e-01 5.209673196077346802e-02 3.463441680651158094e-04 2.013944176724180579e-04 2.063105057459324598e-04 2.277585153933614492e-04 2.225523494416847825e-04 2.702396304812282324e-04
1.570000000000000000e+02 2.434175828634021765e-01 5.165292695164680481e-02 3.443888854235410690e-04 2.010952593991532922e-04 2.065928274532780051e-04 2.268432435812428594e-04 2.221665054094046354e-04 2.712226996663957834e-04
1.580000000000000000e+02 2.403460983816695928e-01 5.121580138802528381e-02 3.422349691390991211e-04 2.009823947446420789e-04 2.069848851533606648e-04 2.261459303554147482e-04 2.219922316726297140e-04 2.724057412706315517e-04
1.590000000000000000e+02 2.373323840037973309e-01 5.078526958823204041e-02 3.398769476916640997e-04 2.010550233535468578e-04 2.075461088679730892e-04 2.256227162433788180e-04 2.220057940576225519e-04 2.737287722993642092e-04
1.600000000000000000e+02 2.343750000000000000e-01 5.036120116710662842e-02 3.372773644514381886e-04 2.012651239056140184e-04 2.081850543618202209e-04 2.252546400995925069e-04 2.221593458671122789e-04 2.751726715359836817e-04
1.610000000000000000e+02 2.314725512133019580e-01 4.994340986013412476e-02 3.344688448123633862e-04 2.015508216572925448e-04 2.088923647534102201e-04 2.250105462735518813e-04 2.224231720902025700e-04 2.766909019555896521e-04
1.620000000000000000e+02 2.286236854138088692e-01 4.953178390860557556e-02 3.314373898319900036e-04 2.019616949837654829e-04 2.096155949402600527e-04 2.248450764454901218e-04 2.227515069535002112e-04 2.782358205877244473e-04
1.630000000000000000e+02 2.258270917234370956e-01 4.912620037794113159e-02 3.281593089923262596e-04 2.024042769335210323e-04 2.103876176988705993e-04 2.247840602649375796e-04 2.231500257039442658e-04 2.797820779960602522e-04
1.640000000000000000e+02 2.230814991076739973e-01 4.872656986117362976e-02 3.246722917538136244e-04 2.028803573921322823e-04 2.111211651936173439e-04 2.247390948468819261e-04 2.235570136690512300e-04 2.812981838360428810e-04
1.650000000000000000e+02 2.203856749311294827e-01 4.833268746733665466e-02 3.209584101568907499e-04 2.033816563198342919e-04 2.118275006068870425e-04 2.247433731099590659e-04 2.239652530988678336e-04 2.827185380738228559e-04
1.660000000000000000e+02 2.177384235738133167e-01 4.794452711939811707e-02 3.170269483234733343e-04 2.038711099885404110e-04 2.125040191458538175e-04 2.247330121463164687e-04 2.243455674033612013e-04 2.840419183485209942e-04
1.670000000000000000e+02 2.151385851052386167e-01 4.756187647581100464e-02 3.129015967715531588e-04 2.043307758867740631e-04 2.131007640855386853e-04 2.247126249130815268e-04 2.246900548925623298e-04 2.852423931472003460e-04
1.680000000000000000e+02 2.125850340136054284e-01 4.718472436070442200e-02 3.085820935666561127e-04 2.047523303190246224e-04 2.136389230145141482e-04 2.246785588795319200e-04 2.249867393402382731e-04 2.862710680346935987e-04
1.690000000000000000e+02 2.100766779874654322e-01 4.681286215782165527e-02 3.040726296603679657e-04 2.050950861303135753e-04 2.140857977792620659e-04 2.246048097731545568e-04 2.252071717521175742e-04 2.871262549888342619e-04
1.700000000000000000e+02 2.076124567474048332e-01 4.644626751542091370e-02 2.993962552864104509e-04 2.054174110526219010e-04 2.144117024727165699e-04 2.244709758087992668e-04 2.253521815873682499e-04 2.877652586903423071e-04
1.710000000000000000e+02 2.051913409254129406e-01 4.608477279543876648e-02 2.945691230706870556e-04 2.056357916444540024e-04 2.146463230019435287e-04 2.242972987005487084e-04 2.253952261526137590e-04 2.881771943066269159e-04
1.720000000000000000e+02 2.028123309897241766e-01 4.572833329439163208e-02 2.896033693104982376e-04 2.057234232779592276e-04 2.147477061953395605e-04 2.240238391095772386e-04 2.253459679195657372e-04 2.883478300645947456e-04
1.730000000000000000e+02 2.004744562130375274e-01 4.537678509950637817e-02 2.844991686288267374e-04 2.057486562989652157e-04 2.147128543583676219e-04 2.236716536572203040e-04 2.251818514196202159e-04 2.882602275349199772e-04
1.740000000000000000e+02 1.981767736821244685e-01 4.503011330962181091e-02 2.792815794236958027e-04 2.056946977972984314e-04 2.145268372260034084e-04 2.232210099464282393e-04 2.249033423140645027e-04 2.879213716369122267e-04
1.750000000000000000e+02 1.959183673469387654e-01 4.468816891312599182e-02 2.739672490861266851e-04 2.054754295386373997e-04 2.142179437214508653e-04 2.226894139312207699e-04 2.245049254270270467e-04 2.873453195206820965e-04
1.760000000000000000e+02 1.936983471074380236e-01 4.435084015130996704e-02 2.685672370716929436e-04 2.051563933491706848e-04 2.137577539542689919e-04 2.220280584879219532e-04 2.239746099803596735e-04 2.865050919353961945e-04
1.770000000000000000e+02 1.915158479364167388e-01 4.401808977127075195e-02 2.630922826938331127e-04 2.047303132712841034e-04 2.131356450263410807e-04 2.212569670518860221e-04 2.233390405308455229e-04 2.854053454939275980e-04
1.780000000000000000e+02 1.893700290367377748e-01 4.368979483842849731e-02 2.575615944806486368e-04 2.041490806732326746e-04 2.123845915775746107e-04 2.203603071393445134e-04 2.225503994850441813e-04 2.840745728462934494e-04
1.790000000000000000e+02 1.872600730314284700e-01 4.336586967110633850e-02 2.519893751014024019e-04 2.034278877545148134e-04 2.114778762916103005e-04 2.193544787587597966e-04 2.216419961769133806e-04 2.825034025590866804e-04
1.800000000000000000e+02 1.851851851851851749e-01 4.304628819227218628e-02 2.463988203089684248e-04 2.026029251283034682e-04 2.104173909174278378e-04 2.182142925448715687e-04 2.205987257184460759e-04 2.807257988024502993e-04
1.810000000000000000e+02 1.831445926559018278e-01 4.273087158799171448e-02 2.407779538771137595e-04 2.016355138039216399e-04 2.092049253406003118e-04 2.169307263102382421e-04 2.194148255512118340e-04 2.787168195936828852e-04
1.820000000000000000e+02 1.811375437749064010e-01 4.241962358355522156e-02 2.351445873500779271e-04 2.005241403821855783e-04 2.078378602163866162e-04 2.155486436095088720e-04 2.181043091695755720e-04 2.765001263469457626e-04
1.830000000000000000e+02 1.791633073546537724e-01 4.211245849728584290e-02 2.295228186994791031e-04 1.993133919313549995e-04 2.063455758616328239e-04 2.140214492101222277e-04 2.166568010579794645e-04 2.740946947596967220e-04
1.840000000000000000e+02 1.772211720226843090e-01 4.180923476815223694e-02 2.239056339021772146e-04 1.979158987523987889e-04 2.046983136096969247e-04 2.123765880241990089e-04 2.150927030015736818e-04 2.714997681323438883e-04
1.850000000000000000e+02 1.753104455807158457e-01 4.150996357202529907e-02 2.183133765356615186e-04 1.964020339073613286e-04 2.029155002674087882e-04 2.105930470861494541e-04 2.133862581104040146e-04 2.687553642317652702e-04
1.860000000000000000e+02 1.734304543877905058e-01 4.121449962258338928e-02 2.127655025105923414e-04 1.948049757629632950e-04 2.010045282077044249e-04 2.087057364406064153e-04 2.115529205184429884e-04 2.658423618413507938e-04
1.870000000000000000e+02 1.715805427664502947e-01 4.092285409569740295e-02 2.072616189252585173e-04 1.930354774231091142e-04 1.989591401070356369e-04 2.066873712465167046e-04 2.095815580105409026e-04 2.627653302624821663e-04
1.880000000000000000e+02 1.697600724309642484e-01 4.063485935330390930e-02 2.018037048401311040e-04 1.911616709548979998e-04 1.967939606402069330e-04 2.045601722784340382e-04 2.074860531138256192e-04 2.595568657852709293e-04
1.890000000000000000e+02 1.679684219366759101e-01 4.035054519772529602e-02 1.964023540494963527e-04 1.891786087071523070e-04 1.945086260093376040e-04 2.022969711106270552e-04 2.052720083156600595e-04 2.561971487011760473e-04
1.900000000000000000e+02 1.662049861495844827e-01 4.006978124380111694e-02 1.910752907861024141e-04 1.870733685791492462e-04 1.921257935464382172e-04 1.999514061026275158e-04 2.029322786256670952e-04 2.527118776924908161e-04
1.910000000000000000e+02 1.644691757353142769e-01 3.979254886507987976e-02 1.858250907389447093e-04 1.848636165959760547e-04 1.896560570457950234e-04 1.974887418327853084e-04 2.004743582801893353e-04 2.490996266715228558e-04
1.920000000000000000e+02 1.627604166666666574e-01 3.951872885227203369e-02 1.806589425541460514e-04 1.825475046643987298e-04 1.870602427516132593e-04 1.949462894117459655e-04 1.979011722141876817e-04 2.453573106322437525e-04
1.930000000000000000e+02 1.610781497489865433e-01 3.924831748008728027e-02 1.755832490744069219e-04 1.801337493816390634e-04 1.843628851929679513e-04 1.922876690514385700e-04 1.952244638232514262e-04 2.414950431557372212e-04
1.940000000000000000e+02 1.594218301626102730e-01 3.898121416568756104e-02 1.706014299998059869e-04 1.776360149960964918e-04 1.816060539567843080e-04 1.895497844088822603e-04 1.924502284964546561e-04 2.375261101406067610e-04
1.950000000000000000e+02 1.577909270216962534e-01 3.871741145849227905e-02 1.657399552641436458e-04 1.750604860717430711e-04 1.787787186913192272e-04 1.867584796855226159e-04 1.895698660518974066e-04 2.334346645511686802e-04
1.960000000000000000e+02 1.561849229487713431e-01 3.845677152276039124e-02 1.609815953997895122e-04 1.724050816847011447e-04 1.758696598699316382e-04 1.838819007389247417e-04 1.866019883891567588e-04 2.292449353262782097e-04
1.970000000000000000e+02 1.546033136643562012e-01 3.819931298494338989e-02 1.563338155392557383e-04 1.696633116807788610e-04 1.729102950775995851e-04 1.809343375498428941e-04 1.835546427173539996e-04 2.249439421575516462e-04
1.980000000000000000e+02 1.530456075910621438e-01 3.794496133923530579e-02 1.518166245659813285e-04 1.668711629463359714e-04 1.698805717751383781e-04 1.779352460289373994e-04 1.804306230042129755e-04 2.205505734309554100e-04
1.990000000000000000e+02 1.515113254715790003e-01 3.769365698099136353e-02 1.474290038459002972e-04 1.640042610233649611e-04 1.668214972596615553e-04 1.748814684106037021e-04 1.772428950062021613e-04 2.160687872674316168e-04
2.000000000000000000e+02 1.499999999999999944e-01 3.744530677795410156e-02 1.431672426406294107e-04 1.611099578440189362e-04 1.637019158806651831e-04 1.717719569569453597e-04 1.739973085932433605e-04 2.115129173034802079e-04
2.010000000000000000e+02 1.485111754659538263e-01 3.719995915889739990e-02 1.390448014717549086e-04 1.581706892466172576e-04 1.605563593329861760e-04 1.686369796516373754e-04 1.707038463791832328e-04 2.068735484499484301e-04
2.020000000000000000e+02 1.470444074110381361e-01 3.695745021104812622e-02 1.350534876110032201e-04 1.551571185700595379e-04 1.573897170601412654e-04 1.654789375606924295e-04 1.673517544986680150e-04 2.021684049395844340e-04
2.030000000000000000e+02 1.455992622970710415e-01 3.671782463788986206e-02 1.311926607741042972e-04 1.521645463071763515e-04 1.541901583550497890e-04 1.622752606635913253e-04 1.639914698898792267e-04 1.974097394850105047e-04
2.040000000000000000e+02 1.441753171856978155e-01 3.648098185658454895e-02 1.275001122849062085e-04 1.491120347054675221e-04 1.509881840320304036e-04 1.590651663718745112e-04 1.605917786946520209e-04 1.926134573295712471e-04
2.050000000000000000e+02 1.427721594289113605e-01 3.624688833951950073e-02 1.239381235791370273e-04 1.460524799767881632e-04 1.477680198149755597e-04 1.558364747324958444e-04 1.571911852806806564e-04 1.877907488960772753e-04
2.060000000000000000e+02 1.413893863700631526e-01 3.601549938321113586e-02 1.205177686642855406e-04 1.430027623428031802e-04 1.445584057364612818e-04 1.526095729786902666e-04 1.537625503260642290e-04 1.829504180932417512e-04
2.070000000000000000e+02 1.400266050549604513e-01 3.578677773475646973e-02 1.172450211015529931e-04 1.399358880007639527e-04 1.413479476468637586e-04 1.493714662501588464e-04 1.503552630310878158e-04 1.781198516255244613e-04
2.080000000000000000e+02 1.386834319526627224e-01 3.556066751480102539e-02 1.141132233897224069e-04 1.368617377011105418e-04 1.381476904498413205e-04 1.461429783375933766e-04 1.469497947255149484e-04 1.732826058287173510e-04
2.090000000000000000e+02 1.373594926856070153e-01 3.533714637160301208e-02 1.111093151848763227e-04 1.338071451755240560e-04 1.349519880022853613e-04 1.429285184713080525e-04 1.435517478967085481e-04 1.684841699898242950e-04
2.100000000000000000e+02 1.360544217687074953e-01 3.511613607406616211e-02 1.082631933968514204e-04 1.307438360527157784e-04 1.318033464485779405e-04 1.397415035171434283e-04 1.401930785505101085e-04 1.637333189137279987e-04
2.110000000000000000e+02 1.347678623570899015e-01 3.489761427044868469e-02 1.055575266946107149e-04 1.277344272239133716e-04 1.286641199840232730e-04 1.365562784485518932e-04 1.368466619169339538e-04 1.590065949130803347e-04
2.120000000000000000e+02 1.334994660021359969e-01 3.468155488371849060e-02 1.029789709718897939e-04 1.247347536263987422e-04 1.255591341760009527e-04 1.334170374320819974e-04 1.335481210844591260e-04 1.543638936709612608e-04
2.130000000000000000e+02 1.322488924155260093e-01 3.446790575981140137e-02 1.005391241051256657e-04 1.217673780047334731e-04 1.224957959493622184e-04 1.302962627960368991e-04 1.302810269407927990e-04 1.497784542152658105e-04
2.140000000000000000e+02 1.310158092409817454e-01 3.425662592053413391e-02 9.821694402489811182e-05 1.188360984087921679e-04 1.194704891531728208e-04 1.272195659112185240e-04 1.270623906748369336e-04 1.453068252885714173e-04
2.150000000000000000e+02 1.297998918334234697e-01 3.404768556356430054e-02 9.602944919606670737e-05 1.159475214080885053e-04 1.164991554105654359e-04 1.241848513018339872e-04 1.239027915289625525e-04 1.409095129929482937e-04
2.160000000000000000e+02 1.286008230452674872e-01 3.384104743599891663e-02 9.394269000040367246e-05 1.130946329794824123e-04 1.135651837103068829e-04 1.212005299748852849e-04 1.207909372169524431e-04 1.366059586871415377e-04
2.170000000000000000e+02 1.274182930196011698e-01 3.363668546080589294e-02 9.199464693665504456e-05 1.103193353628739715e-04 1.106959825847297907e-04 1.182513806270435452e-04 1.177255617221817374e-04 1.324268669122830033e-04
2.180000000000000000e+02 1.262519989899840156e-01 3.343451768159866333e-02 9.015782416099682450e-05 1.075701729860156775e-04 1.078952336683869362e-04 1.153808989329263568e-04 1.147398943430744112e-04 1.283576712012290955e-04
2.190000000000000000e+02 1.251016450866328789e-01 3.323456272482872009e-02 8.841438102535903454e-05 1.048771882778964937e-04 1.051340077538043261e-04 1.125369308283552527e-04 1.118045984185300767e-04 1.244165468961000443e-04
2.200000000000000000e+02 1.239669421487603340e-01 3.303675726056098938e-02 8.677256118971854448e-05 1.022635115077719092e-04 1.024418961605988443e-04 1.097750064218416810e-04 1.089396755560301244e-04 1.206138986162841320e-04
2.210000000000000000e+02 1.228476075428431014e-01 3.284107521176338196e-02 8.523096039425581694e-05 9.968618542188778520e-05 9.983389463741332293e-05 1.070773141691461205e-04 1.061452858266420662e-04 1.169179304270073771e-04
2.220000000000000000e+02 1.217433649866082324e-01 3.264746814966201782e-02 8.378112397622317076e-05 9.718446381157264113e-05 9.728078293846920133e-05 1.044356395141221583e-04 1.034272136166691780e-04 1.133631958509795368e-04
2.230000000000000000e+02 1.206539443785316357e-01 3.245594725012779236e-02 8.242634794441983104e-05 9.474090620642527938e-05 9.479613072471693158e-05 1.018538678181357682e-04 1.007798782666213810e-04 1.099392247851938009e-04
2.240000000000000000e+02 1.195790816326530587e-01 3.226643428206443787e-02 8.116537355817854404e-05 9.240034705726429820e-05 9.240915824193507433e-05 9.934979607351124287e-05 9.821123967412859201e-05 1.066613986040465534e-04
2.250000000000000000e+02 1.185185185185185230e-01 3.207890689373016357e-02 7.997267675818875432e-05 9.010019130073487759e-05 9.007638436742126942e-05 9.692907769931480289e-05 9.571683767717331648e-05 1.035069290082901716e-04
2.260000000000000000e+02 1.174720025060693868e-01 3.189336508512496948e-02 7.884664955781772733e-05 8.787350816419348121e-05 8.783247903920710087e-05 9.456810221308842301e-05 9.329983731731772423e-05 1.004678997560404241e-04
2.270000000000000000e+02 1.164392866153040051e-01 3.170976787805557251e-02 7.780739542795345187e-05 8.573960803914815187e-05 8.566233009332790971e-05 9.228608541889116168e-05 9.096055146073922515e-05 9.757919906405732036e-05
2.280000000000000000e+02 1.154201292705447773e-01 3.152805566787719727e-02 7.683737931074574590e-05 8.365383837372064590e-05 8.356361649930477142e-05 9.006740583572536707e-05 8.870119199855253100e-05 9.481977031100541353e-05
2.290000000000000000e+02 1.144142941591502899e-01 3.134823217988014221e-02 7.593660120619460940e-05 8.164349128492176533e-05 8.155540126608684659e-05 8.794233144726604223e-05 8.652792894281446934e-05 9.218364721164107323e-05
2.300000000000000000e+02 1.134215500945179589e-01 3.117024712264537811e-02 7.509616989409551024e-05 7.973500032676383853e-05 7.962460949784144759e-05 8.588189666625112295e-05 8.441246609436348081e-05 8.965870802057906985e-05
2.310000000000000000e+02 1.124416708832293305e-01 3.099410980939865112e-02 7.430724508594721556e-05 7.787112554069608450e-05 7.777207065373659134e-05 8.390752918785437942e-05 8.240164606831967831e-05 8.726626401767134666e-05
2.320000000000000000e+02 1.114744351961950014e-01 3.081973828375339508e-02 7.356946298386901617e-05 7.608811574755236506e-05 7.599950913572683930e-05 8.201013406505808234e-05 8.046071161516010761e-05 8.498497481923550367e-05
2.330000000000000000e+02 1.105196264436626163e-01 3.064715489745140076e-02 7.289396307896822691e-05 7.437768363161012530e-05 7.430715777445584536e-05 8.017134678084403276e-05 7.858827302698045969e-05 8.281467307824641466e-05
2.340000000000000000e+02 1.095770326539557277e-01 3.047629445791244507e-02 7.226084562717005610e-05 7.276154065039008856e-05 7.267243927344679832e-05 7.843409548513591290e-05 7.682272553211078048e-05 8.075469668256118894e-05
2.350000000000000000e+02 1.086464463558171056e-01 3.030717000365257263e-02 7.166849536588415504e-05 7.119689689716324210e-05 7.112234743544831872e-05 7.675229426240548491e-05 7.511470175813883543e-05 7.879754411987960339e-05
2.360000000000000000e+02 1.077276644642344156e-01 3.013975359499454498e-02 7.112276944098994136e-05 6.971102993702515960e-05 6.964387284824624658e-05 7.514918979723006487e-05 7.348170765908434987e-05 7.695309614064171910e-05
2.370000000000000000e+02 1.068204881696309394e-01 2.997396513819694519e-02 7.059880590531975031e-05 6.829627091065049171e-05 6.824901356594637036e-05 7.361832831520587206e-05 7.191909389803186059e-05 7.519572682213038206e-05
2.380000000000000000e+02 1.059247228303085986e-01 2.980984374880790710e-02 7.012341666268184781e-05 6.693592149531468749e-05 6.692358874715864658e-05 7.216600351966917515e-05 7.043467485345900059e-05 7.355255365837365389e-05
2.390000000000000000e+02 1.050401778680345177e-01 2.964735403656959534e-02 6.966823275433853269e-05 6.565584044437855482e-05 6.564440991496667266e-05 7.076959445839747787e-05 6.901919550728052855e-05 7.199055835371837020e-05
2.400000000000000000e+02 1.041666666666666713e-01 2.948642894625663757e-02 6.924132321728393435e-05 6.441878940677270293e-05 6.444684549933299422e-05 6.944165215827524662e-05 6.766941078240051866e-05 7.052397268125787377e-05
2.410000000000000000e+02 1.033040064737177355e-01 2.932708896696567535e-02 6.882473826408386230e-05 6.326269067358225584e-05 6.331467011477798223e-05 6.818655674578621984e-05 6.638488412136211991e-05 6.915268022567033768e-05
2.420000000000000000e+02 1.024520183047605976e-01 2.916930615901947021e-02 6.844744348200038075e-05 6.216647307155653834e-05 6.223423406481742859e-05 6.699215009575709701e-05 6.517241854453459382e-05 6.786069570807740092e-05
2.430000000000000000e+02 1.016105268505817227e-01 2.901304513216018677e-02 6.806368764955550432e-05 6.110800313763320446e-05 6.122565537225455046e-05 6.585432129213586450e-05 6.402458529919385910e-05 6.665154069196432829e-05
2.440000000000000000e+02 1.007793603869927418e-01 2.885829657316207886e-02 6.769636092940345407e-05 6.012756421114318073e-05 6.025950278853997588e-05 6.478499562945216894e-05 6.292360194493085146e-05 6.552421837113797665e-05
2.450000000000000000e+02 9.995835068721366234e-02 2.870503626763820648e-02 6.733098416589200497e-05 5.917499947827309370e-05 5.934470391366630793e-05 6.375602242769673467e-05 6.188640691107138991e-05 6.447624764405190945e-05
2.460000000000000000e+02 9.914733293674400649e-02 2.855323255062103271e-02 6.696882337564602494e-05 5.827957647852599621e-05 5.848364162375219166e-05 6.278591172304004431e-05 6.089665112085640430e-05 6.350819603540003300e-05
2.470000000000000000e+02 9.834614565064170311e-02 2.840288914740085602e-02 6.662026135018095374e-05 5.745158341596834362e-05 5.767150287283584476e-05 6.187090184539556503e-05 5.996550316922366619e-05 6.259059591684490442e-05
2.480000000000000000e+02 9.755463059313215779e-02 2.825396135449409485e-02 6.625477544730529189e-05 5.664533819071948528e-05 5.690183024853467941e-05 6.100079554016701877e-05 5.907998274778947234e-05 6.176529132062569261e-05
2.490000000000000000e+02 9.677263269947258828e-02 2.810643613338470459e-02 6.589210534002631903e-05 5.588707790593616664e-05 5.616919588646851480e-05 6.017582200001925230e-05 5.823711762786842883e-05 6.099060919950716197e-05
2.500000000000000000e+02 9.600000000000000200e-02 2.796029858291149139e-02 6.551956903422251344e-05 5.515437442227266729e-05 5.548793706111609936e-05 5.938892718404531479e-05 5.743442670791409910e-05 6.027867129887454212e-05
2.510000000000000000e+02 9.523658354629291334e-02 2.781553938984870911e-02 6.512896652566269040e-05 5.446904833661392331e-05 5.483255517901852727e-05 5.864514241693541408e-05 5.667975710821337998e-05 5.961547140032052994e-05
2.520000000000000000e+02 9.448223733938020119e-02 2.767210826277732849e-02 6.472988752648234367e-05 5.383069583331234753e-05 5.422359026852063835e-05 5.794053504359908402e-05 5.596144910668954253e-05 5.902116026845760643e-05
2.530000000000000000e+02 9.373681825993220029e-02 2.753003314137458801e-02 6.431135989259928465e-05 5.319603951647877693e-05 5.363638410926796496e-05 5.726430754293687642e-05 5.527246321435086429e-05 5.846458589076064527e-05
2.540000000000000000e+02 9.300018600037200656e-02 2.738925628364086151e-02 6.388883775798603892e-05 5.261016121949069202e-05 5.307563333190046251e-05 5.661633986164815724e-05 5.461239925352856517e-05 5.795986726297996938e-05
2.550000000000000000e+02 9.227220299884660026e-02 2.724975161254405975e-02 6.342808046611025929e-05 5.205439083511009812e-05 5.253370181890204549e-05 5.599845826509408653e-05 5.399403016781434417e-05 5.749010961153544486e-05
2.560000000000000000e+02 9.155273437500000000e-02 2.711155079305171967e-02 6.295873026829212904e-05 5.150432843947783113e-05 5.202562897466123104e-05 5.542299186345189810e-05 5.339458220987580717e-05 5.705537114408798516e-05
2.570000000000000000e+02 9.084164786749231169e-02 2.697459422051906586e-02 6.245873373700305820e-05 5.099211557535454631e-05 5.154576865606941283e-05 5.485089059220626950e-05 5.281332778395153582e-05 5.665730714099481702e-05
2.580000000000000000e+02 9.013881377321074362e-02 2.683890238404273987e-02 6.194557499838992953e-05 5.047526792623102665e-05 5.106538083055056632e-05 5.430855162558145821e-05 5.226997745921835303e-05 5.629231236525811255e-05
2.590000000000000000e+02 8.944410488812033766e-02 2.670440636575222015e-02 6.140589539427310228e-05 5.000003511668182909e-05 5.061628326075151563e-05 5.378930654842406511e-05 5.173696263227611780e-05 5.594355752691626549e-05
2.600000000000000000e+02 8.875739644970413733e-02 2.657114714384078979e-02 6.083422704250551760e-05 4.953221650794148445e-05 5.017506555304862559e-05 5.328952829586341977e-05 5.123248411109670997e-05 5.563124796026386321e-05
2.610000000000000000e+02 8.807856608094420670e-02 2.643905393779277802e-02 6.026153278071433306e-05 4.908996561425738037e-05 4.974469993612729013e-05 5.280520417727530003e-05 5.074591899756342173e-05 5.532609429792501032e-05
2.620000000000000000e+02 8.740749373579628778e-02 2.630815282464027405e-02 5.965505624772049487e-05 4.863999492954462767e-05 4.933705349685624242e-05 5.232565308688208461e-05 5.026378858019597828e-05 5.504894943442195654e-05
2.630000000000000000e+02 8.674406164611314640e-02 2.617842517793178558e-02 5.902634438825771213e-05 4.820804679184220731e-05 4.893034201813861728e-05 5.186199996387585998e-05 4.978546348866075277e-05 5.477423837874084711e-05
2.640000000000000000e+02 8.608815426997244724e-02 2.604982070624828339e-02 5.838820288772694767e-05 4.778894435730762780e-05 4.852337951888330281e-05 5.140579014550894499e-05 4.933193122269585729e-05 5.450813478091731668e-05
2.650000000000000000e+02 8.543965824136703913e-02 2.592235431075096130e-02 5.771801806986331940e-05 4.738206916954368353e-05 4.813136911252513528e-05 5.095476444694213569e-05 4.888635157840326428e-05 5.424885603133589029e-05
2.660000000000000000e+02 8.479846232121657224e-02 2.579601481556892395e-02 5.702798080164939165e-05 4.695498500950634480e-05 4.774826447828672826e-05 5.050775871495716274e-05 4.844573413720354438e-05 5.399689325713552535e-05
2.670000000000000000e+02 8.416445734966124248e-02 2.567077241837978363e-02 5.633026012219488621e-05 4.656092642107978463e-05 4.736567643703892827e-05 5.007943400414660573e-05 4.800885653821751475e-05 5.375170439947396517e-05
2.680000000000000000e+02 8.353753619959901344e-02 2.554661594331264496e-02 5.561788566410541534e-05 4.615183570422232151e-05 4.697147960541769862e-05 4.965116386301815510e-05 4.757267379318363965e-05 5.349840284907259047e-05
2.690000000000000000e+02 8.291759373142991441e-02 2.542355842888355255e-02 5.488698661793023348e-05 4.576081846607849002e-05 4.659303886000998318e-05 4.922585867461748421e-05 4.715345494332723320e-05 5.323901496012695134e-05
2.700000000000000000e+02 8.230452674897119347e-02 2.530152350664138794e-02 5.414916813606396317e-05 4.537255153991281986e-05 4.621725383913144469e-05 4.879976404481567442e-05 4.672275463235564530e-05 5.297304960549809039e-05
2.710000000000000000e+02 8.169823395650931130e-02 2.518054656684398651e-02 5.339782364899292588e-05 4.496604015002958477e-05 4.582385736284777522e-05 4.837082451558671892e-05 4.630587864085100591e-05 5.270358451525680721e-05
2.720000000000000000e+02 8.109861591695501082e-02 2.506063133478164673e-02 5.263588900561444461e-05 4.457122122403234243e-05 4.544001058093272150e-05 4.795015411218628287e-05 4.588503725244663656e-05 5.244959902483969927e-05
2.730000000000000000e+02 8.050557501106951619e-02 2.494171261787414551e-02 5.186709677218459547e-05 4.417057789396494627e-05 4.505178367253392935e-05 4.752275708597153425e-05 4.545868432614952326e-05 5.217107172938995063e-05
2.740000000000000000e+02 7.991901539773030305e-02 2.482380904257297516e-02 5.108867117087356746e-05 4.378727317089214921e-05 4.465302845346741378e-05 4.709553468273952603e-05 4.502834781305864453e-05 5.188040449866093695e-05
2.750000000000000000e+02 7.933884297520661655e-02 2.470689453184604645e-02 5.030845932196825743e-05 4.337918289820663631e-05 4.425017687026411295e-05 4.665875167120248079e-05 4.459859337657690048e-05 5.158150452189147472e-05
2.760000000000000000e+02 7.876496534341524691e-02 2.459096349775791168e-02 4.953184907208196819e-05 4.298148633097298443e-05 4.385296779219061136e-05 4.623797940439544618e-05 4.418861135491169989e-05 5.127043914399109781e-05
2.770000000000000000e+02 7.819729176712846008e-02 2.447600476443767548e-02 4.874370279139839113e-05 4.257426553522236645e-05 4.345225897850468755e-05 4.579978485708124936e-05 4.374538912088610232e-05 5.095869710203260183e-05
2.780000000000000000e+02 7.763573314010661919e-02 2.436200715601444244e-02 4.796299617737531662e-05 4.217828245600685477e-05 4.303886817069724202e-05 4.536150299827568233e-05 4.331997115514241159e-05 5.062486525275744498e-05
2.790000000000000000e+02 7.708020195012911524e-02 2.424894645810127258e-02 4.718251511803828180e-05 4.177206938038580120e-05 4.261794310878030956e-05 4.492027073865756392e-05 4.288860873202793300e-05 5.028070154367014766e-05
2.800000000000000000e+02 7.653061224489796088e-02 2.413683943450450897e-02 4.639667895389720798e-05 4.136536517762579024e-05 4.219858965370804071e-05 4.448392428457736969e-05 4.245030140737071633e-05 4.992254980606958270e-05
2.810000000000000000e+02 7.598687959878927534e-02 2.402563020586967468e-02 4.562980029731988907e-05 4.095124313607811928e-05 4.177357550361193717e-05 4.403621278470382094e-05 4.200782859697937965e-05 4.956031261826865375e-05
2.820000000000000000e+02 7.544892108042855483e-02 2.391535043716430664e-02 4.486022226046770811e-05 4.052921212860383093e-05 4.134410482947714627e-05 4.359269223641604185e-05 4.155533315497450531e-05 4.917612750432454050e-05
2.830000000000000000e+02 7.491665522106656649e-02 2.380597218871116638e-02 4.409490065881982446e-05 4.010985139757394791e-05 4.090644870302639902e-05 4.313654426368884742e-05 4.112329406780190766e-05 4.877954052062705159e-05
2.840000000000000000e+02 7.439000198373338368e-02 2.369747497141361237e-02 4.335360063123516738e-05 3.969108729506842792e-05 4.046390313305892050e-05 4.268359407433308661e-05 4.067087502335198224e-05 4.837966116610914469e-05
2.850000000000000000e+02 7.386888273314866360e-02 2.358985133469104767e-02 4.259874549461528659e-05 3.927873694919981062e-05 4.001794513897038996e-05 4.222717689117416739e-05 4.022320354124531150e-05 4.795538188773207366e-05
2.860000000000000000e+02 7.335322020636705909e-02 2.348312363028526306e-02 4.188064485788345337e-05 3.883496538037434220e-05 3.956911677960306406e-05 4.177040318609215319e-05 3.977461892645806074e-05 4.752152744913473725e-05
2.870000000000000000e+02 7.284293848413844752e-02 2.337722480297088623e-02 4.116835043532773852e-05 3.840935823973268270e-05 3.911695603164844215e-05 4.130775050725787878e-05 3.930681850761175156e-05 4.706400068243965507e-05
2.880000000000000000e+02 7.233796296296296502e-02 2.327218465507030487e-02 4.044689558213576674e-05 3.798926263698376715e-05 3.866810220642946661e-05 4.083550447830930352e-05 3.885180922225117683e-05 4.661300408770330250e-05
2.890000000000000000e+02 7.183822032782175016e-02 2.316796407103538513e-02 3.975946310674771667e-05 3.754023055080324411e-05 3.820516576524823904e-05 4.037854887428693473e-05 3.839305645669810474e-05 4.614138742908835411e-05
2.900000000000000000e+02 7.134363852556480090e-02 2.306460216641426086e-02 3.908147482434287667e-05 3.711017052410170436e-05 3.773965363507159054e-05 3.990765981143340468e-05 3.793560972553677857e-05 4.566278948914259672e-05
2.910000000000000000e+02 7.085414673893788984e-02 2.296203933656215668e-02 3.841674697468988597e-05 3.667052806122228503e-05 3.727748844539746642e-05 3.944544732803478837e-05 3.748050221474841237e-05 4.515951513894833624e-05
2.920000000000000000e+02 7.036967536123099609e-02 2.286027744412422180e-02 3.777653182623907924e-05 3.623858719947747886e-05 3.681155794765800238e-05 3.896615089615806937e-05 3.701591776916757226e-05 4.466205427888780832e-05
2.930000000000000000e+02 6.989015597153140635e-02 2.275934070348739624e-02 3.713069236255250871e-05 3.579936310416087508e-05 3.635149550973437726e-05 3.851016663247719407e-05 3.655449836514890194e-05 4.413584611029364169e-05
2.940000000000000000e+02 6.941552131056503983e-02 2.265916019678115845e-02 3.652282612165436149e-05 3.536085569066926837e-05 3.588304389268159866e-05 3.804021616815589368e-05 3.609310078900307417e-05 4.360686943982727826e-05
2.950000000000000000e+02 6.894570525711002373e-02 2.255976758897304535e-02 3.592638677218928933e-05 3.492517862468957901e-05 3.541490514180622995e-05 3.757287413463927805e-05 3.563179780030623078e-05 4.306868504500016570e-05
2.960000000000000000e+02 6.848064280496712897e-02 2.246114425361156464e-02 3.534928691806271672e-05 3.448612551437690854e-05 3.495439159451052547e-05 3.711650424520485103e-05 3.517659206409007311e-05 4.252032886142842472e-05
2.970000000000000000e+02 6.802027004047206393e-02 2.236330322921276093e-02 3.479788938420824707e-05 3.404652670724317431e-05 3.449442010605707765e-05 3.664222822408191860e-05 3.471302261459641159e-05 4.196394365862943232e-05
2.980000000000000000e+02 6.756452412053511047e-02 2.226620353758335114e-02 3.424092210480012000e-05 3.360726987011730671e-05 3.401357753318734467e-05 3.618153641582466662e-05 3.426074181334115565e-05 4.140532473684288561e-05
2.990000000000000000e+02 6.711334325119405753e-02 2.216984331607818604e-02 3.372141145518980920e-05 3.318347808090038598e-05 3.356871093274094164e-05 3.572895002434961498e-05 3.379663758096285164e-05 4.082661325810477138e-05
3.000000000000000000e+02 6.666666666666666574e-02 2.207421883940696716e-02 3.321052281535230577e-05 3.274794653407298028e-05 3.310357715236023068e-05 3.527287117321975529e-05 3.334996290504932404e-05 4.024400186608545482e-05
3.010000000000000000e+02 6.622443460888952083e-02 2.197933383285999298e-02 3.271736204624176025e-05 3.232383096474222839e-05 3.265704071964137256e-05 3.482352258288301528e-05 3.290509994258172810e-05 3.966537769883871078e-05
3.020000000000000000e+02 6.578658830753036924e-02 2.188516035676002502e-02 3.224020110792480409e-05 3.190460120094940066e-05 3.219943755539134145e-05 3.437875784584321082e-05 3.245763582526706159e-05 3.907316568074747920e-05
3.030000000000000000e+02 6.535306996046139072e-02 2.179169282317161560e-02 3.179411578457802534e-05 3.147421011817641556e-05 3.174803350702859461e-05 3.393654333194717765e-05 3.201485742465592921e-05 3.849126369459554553e-05
3.040000000000000000e+02 6.492382271468144506e-02 2.169891633093357086e-02 3.135482620564289391e-05 3.106089934590272605e-05 3.131165067316032946e-05 3.349503094796091318e-05 3.157217361149378121e-05 3.790178016060963273e-05
3.050000000000000000e+02 6.449879064767535808e-02 2.160684764385223389e-02 3.093569830525666475e-05 3.065196506213396788e-05 3.087536606471985579e-05 3.306973303551785648e-05 3.113707498414441943e-05 3.730391472345218062e-05
3.060000000000000000e+02 6.407791874919901987e-02 2.151546254754066467e-02 3.052630563615821302e-05 3.023936187673825771e-05 3.044515869987662882e-05 3.264589031459763646e-05 3.070769525947980583e-05 3.671618833323009312e-05
3.070000000000000000e+02 6.366115290347908184e-02 2.142474427819252014e-02 3.014036337845027447e-05 2.982747355417814106e-05 3.002399171236902475e-05 3.222147643100470304e-05 3.028402716154232621e-05 3.612887303461320698e-05
3.080000000000000000e+02 6.324843987181649752e-02 2.133473008871078491e-02 2.976998621306847781e-05 2.943870822491589934e-05 2.960435813292860985e-05 3.180193743901327252e-05 2.986147592309862375e-05 3.553697752067819238e-05
3.090000000000000000e+02 6.283972727558362337e-02 2.124534547328948975e-02 2.940976082754787058e-05 2.904272696468979120e-05 2.918611244240310043e-05 3.139192995149642229e-05 2.945427877421025187e-05 3.495946657494641840e-05
3.100000000000000000e+02 6.243496357960457571e-02 2.115662954747676849e-02 2.907046473410446197e-05 2.866254180844407529e-05 2.878404484363272786e-05 3.099974856013432145e-05 2.904635948652867228e-05 3.438390922383405268e-05
3.110000000000000000e+02 6.203409807590905961e-02 2.106856368482112885e-02 2.874122583307325840e-05 2.828134893206879497e-05 2.839377157215494663e-05 3.061099414480850101e-05 2.864446469175163656e-05 3.380743510206229985e-05
3.120000000000000000e+02 6.163708086785010115e-02 2.098114043474197388e-02 2.843299444066360593e-05 2.790752841974608600e-05 2.800445145112462342e-05 3.021439260919578373e-05 2.824986586347222328e-05 3.324780482216738164e-05
3.130000000000000000e+02 6.124386285457644741e-02 2.089435420930385590e-02 2.811498052324168384e-05 2.754685556283220649e-05 2.762604708550497890e-05 2.984544880746398121e-05 2.786509321595076472e-05 3.269153239671140909e-05
3.140000000000000000e+02 6.085439571585054414e-02 2.080818451941013336e-02 2.782126102829352021e-05 2.718745417951140553e-05 2.723748912103474140e-05 2.946864151454064995e-05 2.748175211308989674e-05 3.212884985259734094e-05
3.150000000000000000e+02 6.046863189720332737e-02 2.072264999151229858e-02 2.754650631686672568e-05 2.682826561795081943e-05 2.688214044610504061e-05 2.911109004344325513e-05 2.710534863581415266e-05 3.159644620609469712e-05
3.160000000000000000e+02 6.008652459541739821e-02 2.063772454857826233e-02 2.727160790527705103e-05 2.649713678692933172e-05 2.652106195455417037e-05 2.875497193599585444e-05 2.674547613423783332e-05 3.107553493464365602e-05
3.170000000000000000e+02 5.970802774433022625e-02 2.055340632796287537e-02 2.700932964216917753e-05 2.614785262267105281e-05 2.617436985019594431e-05 2.839766057149972767e-05 2.639013109728693962e-05 3.054009357583709061e-05
3.180000000000000000e+02 5.933309600094933273e-02 2.046967670321464539e-02 2.675829455256462097e-05 2.583674540801439434e-05 2.583976493042428046e-05 2.805910844472236931e-05 2.604628207336645573e-05 3.004318750754464418e-05
3.190000000000000000e+02 5.896168473187173714e-02 2.038655430078506470e-02 2.650924034242052585e-05 2.551067336753476411e-05 2.551486068114172667e-05 2.772629522951319814e-05 2.569564458099193871e-05 2.955002310045529157e-05
3.200000000000000000e+02 5.859375000000000000e-02 2.030401304364204407e-02 2.627141293487511575e-05 2.519650661270134151e-05 2.519764348107855767e-05 2.739839146670419723e-05 2.537078580644447356e-05 2.907518137362785637e-05
3.210000000000000000e+02 5.822924855154744395e-02 2.022204734385013580e-02 2.603417124191764742e-05 2.490005499566905200e-05 2.487291567376814783e-05 2.707265957724303007e-05 2.504519397916737944e-05 2.860817585315089673e-05
3.220000000000000000e+02 5.786813780332548951e-02 2.014065906405448914e-02 2.580582440714351833e-05 2.459973620716482401e-05 2.457701521052513272e-05 2.676535223145037889e-05 2.473158019711263478e-05 2.815611514961346984e-05
3.230000000000000000e+02 5.751037583030604861e-02 2.005985379219055176e-02 2.559345011832192540e-05 2.432325345580466092e-05 2.428467087156604975e-05 2.646333814482204616e-05 2.442096047161612660e-05 2.771556137304287404e-05
3.240000000000000000e+02 5.715592135345221730e-02 1.997959427535533905e-02 2.538269109209068120e-05 2.404142833256628364e-05 2.399700679234229028e-05 2.617029713292140514e-05 2.411391869827639312e-05 2.729978768911678344e-05
3.250000000000000000e+02 5.680473372781064817e-02 1.989991031587123871e-02 2.517171742510981858e-05 2.376294833084102720e-05 2.371945447521284223e-05 2.588128154457081109e-05 2.382334605499636382e-05 2.688608401513192803e-05
3.260000000000000000e+02 5.645677293085927390e-02 1.982076093554496765e-02 2.496157685527577996e-05 2.351033981540240347e-05 2.346435212530195713e-05 2.559165841375943273e-05 2.354728712816722691e-05 2.649784801178611815e-05
3.270000000000000000e+02 5.611199955110400539e-02 1.974216289818286896e-02 2.476836016285233200e-05 2.324200249859131873e-05 2.320073144801426679e-05 2.533044607844203711e-05 2.327063521079253405e-05 2.610884439491201192e-05
3.280000000000000000e+02 5.577037477691849932e-02 1.966411620378494263e-02 2.456812035234179348e-05 2.301170025020837784e-05 2.295791637152433395e-05 2.505599877622444183e-05 2.299562038388103247e-05 2.574252357590012252e-05
3.290000000000000000e+02 5.543186038562097212e-02 1.958657987415790558e-02 2.437927651044446975e-05 2.277500243508256972e-05 2.270713957841508090e-05 2.479803515598177910e-05 2.274079452035948634e-05 2.539041270210873336e-05
3.300000000000000000e+02 5.509641873278237068e-02 1.950959675014019012e-02 2.419117481622379273e-05 2.254765240650158376e-05 2.247735210403334349e-05 2.453678644087631255e-05 2.250452780572231859e-05 2.504808253434021026e-05
3.310000000000000000e+02 5.476401274176029982e-02 1.943311281502246857e-02 2.401929486950393766e-05 2.232510450994595885e-05 2.225824573542922735e-05 2.429124288028106093e-05 2.225775278930086643e-05 2.473594759067054838e-05
3.320000000000000000e+02 5.443460589345332917e-02 1.935715787112712860e-02 2.384186700510326773e-05 2.210726051998790354e-05 2.204332486144267023e-05 2.404495535301975906e-05 2.201537063228897750e-05 2.442008189973421395e-05
3.330000000000000000e+02 5.410816221627032241e-02 1.928172074258327484e-02 2.366026092204265296e-05 2.190465784224215895e-05 2.182789648941252381e-05 2.380095247644931078e-05 2.178545946662779897e-05 2.412542562524322420e-05
3.340000000000000000e+02 5.378464627630965417e-02 1.920677162706851959e-02 2.348580528632737696e-05 2.170324842154514045e-05 2.162832970498129725e-05 2.358427263970952481e-05 2.157040762540418655e-05 2.383748142165131867e-05
3.350000000000000000e+02 5.346402316774337415e-02 1.913233473896980286e-02 2.332394797122105956e-05 2.151131775462999940e-05 2.144284917449112982e-05 2.336840589123312384e-05 2.135110298695508391e-05 2.357313314860220999e-05
3.360000000000000000e+02 5.314625850340135710e-02 1.905840635299682617e-02 2.315810343134216964e-05 2.132379268005024642e-05 2.125777791661676019e-05 2.314803714398294687e-05 2.114098788297269493e-05 2.331184623471926898e-05
3.370000000000000000e+02 5.283131840555081032e-02 1.898495666682720184e-02 2.299469269928522408e-05 2.117251096933614463e-05 2.107953514496330172e-05 2.292955105076543987e-05 2.095033778459765017e-05 2.306077112734783441e-05
3.380000000000000000e+02 5.251916949686635805e-02 1.891200058162212372e-02 2.282494642713572830e-05 2.099192352034151554e-05 2.090120688080787659e-05 2.272067831654567271e-05 2.074537587759550661e-05 2.283584763063117862e-05
3.390000000000000000e+02 5.220977889158639335e-02 1.883950643241405487e-02 2.268155003548599780e-05 2.082680293824523687e-05 2.074402073048986495e-05 2.251493970106821507e-05 2.055295954050961882e-05 2.260334076709114015e-05
3.400000000000000000e+02 5.190311418685120831e-02 1.876750588417053223e-02 2.252416197734419256e-05 2.067039349640253931e-05 2.057720666925888509e-05 2.232520273537375033e-05 2.037191734416410327e-05 2.238665911136195064e-05
3.410000000000000000e+02 5.159914345421866277e-02 1.869597099721431732e-02 2.236854379589203745e-05 2.050146395049523562e-05 2.042038067884277552e-05 2.212776780652347952e-05 2.020362080656923354e-05 2.217621295130811632e-05
3.420000000000000000e+02 5.129783523135323514e-02 1.862491108477115631e-02 2.221206341346260160e-05 2.037066951743327081e-05 2.027772825385909528e-05 2.193574073316995054e-05 2.002024666580837220e-05 2.198495349148288369e-05
3.430000000000000000e+02 5.099915851388452104e-02 1.855430938303470612e-02 2.206830504292156547e-05 2.023007255047559738e-05 2.012432560150045902e-05 2.175334338971879333e-05 1.984690788958687335e-05 2.179291368520352989e-05
3.440000000000000000e+02 5.070308274743104415e-02 1.848416589200496674e-02 2.192198189732152969e-05 2.007071452680975199e-05 1.999312189582269639e-05 2.156078153348062187e-05 1.968708056665491313e-05 2.161857992177829146e-05
3.450000000000000000e+02 5.040957781978575719e-02 1.841447129845619202e-02 2.177260284952353686e-05 1.993750265683047473e-05 1.985357266676146537e-05 2.138942727469839156e-05 1.952003913174849004e-05 2.143293932022061199e-05
3.460000000000000000e+02 5.011861405325938185e-02 1.834522560238838196e-02 2.162578493880573660e-05 1.980882552743423730e-05 1.972202699107583612e-05 2.121762190654408187e-05 1.935727414092980325e-05 2.127081279468256980e-05
3.470000000000000000e+02 4.983016219717795181e-02 1.827642321586608887e-02 2.148185558326076716e-05 1.967010030057281256e-05 1.959512883331626654e-05 2.103793303831480443e-05 1.920952490763738751e-05 2.112320908054243773e-05
3.480000000000000000e+02 4.954419342053111713e-02 1.820806227624416351e-02 2.133434827555902302e-05 1.954680374183226377e-05 1.946021438925527036e-05 2.086718450300395489e-05 1.904430428112391382e-05 2.096607204293832183e-05
3.490000000000000000e+02 4.926067930476761558e-02 1.814013347029685974e-02 2.119434611813630909e-05 1.943001007020939142e-05 1.933645580720622092e-05 2.069779111479874700e-05 1.890703788376413286e-05 2.081555612676311284e-05
3.500000000000000000e+02 4.897959183673469136e-02 1.807264611124992371e-02 2.105188832501880825e-05 1.929114841914270073e-05 1.921796501846984029e-05 2.053798198176082224e-05 1.875434645626228303e-05 2.067448986053932458e-05
3.510000000000000000e+02 4.870090340175810273e-02 1.800557784736156464e-02 2.090007546939887106e-05 1.917871122714132071e-05 1.909572529257275164e-05 2.037391459452919662e-05 1.861218333942815661e-05 2.052954914688598365e-05
3.520000000000000000e+02 4.842458677685950591e-02 1.793892309069633484e-02 2.075937663903459907e-05 1.905616227304562926e-05 1.898733717098366469e-05 2.021554610109888017e-05 1.845889710239134729e-05 2.039338869508355856e-05
3.530000000000000000e+02 4.815061512410821060e-02 1.787270419299602509e-02 2.059638973150867969e-05 1.894146953418385237e-05 1.886932659544982016e-05 2.004843190661631525e-05 1.831686131481546909e-05 2.025598769250791520e-05
3.540000000000000000e+02 4.787896198410418469e-02 1.780688762664794922e-02 2.045578730758279562e-05 1.882487413240596652e-05 1.874673034762963653e-05 1.990646342164836824e-05 1.817827251215931028e-05 2.011604919971432537e-05
3.550000000000000000e+02 4.760960126958936611e-02 1.774150133132934570e-02 2.030044925049878657e-05 1.870695814432110637e-05 1.862769022409338504e-05 1.973978760361205786e-05 1.804657404136378318e-05 1.999313280975911766e-05
3.560000000000000000e+02 4.734250725918444369e-02 1.767650805413722992e-02 2.014659003179986030e-05 1.859465373854618520e-05 1.852254354162141681e-05 1.957393033080734313e-05 1.790064015949610621e-05 1.985450580832548440e-05
3.570000000000000000e+02 4.707765459124826218e-02 1.761190406978130341e-02 1.998922016355209053e-05 1.848017018346581608e-05 1.839655305957421660e-05 1.943958523042965680e-05 1.775374221324454993e-05 1.973098005692008883e-05
3.580000000000000000e+02 4.681501825785711751e-02 1.754772663116455078e-02 1.983131733140908182e-05 1.837097443058155477e-05 1.828660242608748376e-05 1.929028439917601645e-05 1.761224848451092839e-05 1.960399276867974550e-05
3.590000000000000000e+02 4.655457359890131236e-02 1.748391985893249512e-02 1.966367017303127795e-05 1.823628190322779119e-05 1.817208249121904373e-05 1.912184598040767014e-05 1.748953218339011073e-05 1.947058990481309593e-05
3.600000000000000000e+02 4.629629629629629373e-02 1.742052100598812103e-02 1.948591489053796977e-05 1.813000380934681743e-05 1.805880492611322552e-05 1.896381945698522031e-05 1.734368743200320750e-05 1.933697058120742440e-05
3.610000000000000000e+02 4.604016236830595077e-02 1.735749840736389160e-02 1.931088627316057682e-05 1.801458893169183284e-05 1.794416493794415146e-05 1.881753451016265899e-05 1.719866304483730346e-05 1.921812508953735232e-05
3.620000000000000000e+02 4.578614816397545695e-02 1.729486510157585144e-02 1.913597770908381790e-05 1.789125599316321313e-05 1.782412800821475685e-05 1.866726779553573579e-05 1.706178409222047776e-05 1.909130151034332812e-05
3.630000000000000000e+02 4.553423035767138055e-02 1.723262667655944824e-02 1.896760659292340279e-05 1.777642683009617031e-05 1.770584276528097689e-05 1.851043452916201204e-05 1.692626392468810081e-05 1.896007779578212649e-05
3.640000000000000000e+02 4.528438594372660025e-02 1.717072725296020508e-02 1.878004331956617534e-05 1.765243359841406345e-05 1.758197504386771470e-05 1.836667070165276527e-05 1.678339867794420570e-05 1.882950346043799073e-05
3.650000000000000000e+02 4.503659223118784000e-02 1.710924319922924042e-02 1.858994983194861561e-05 1.752911703079007566e-05 1.746715497574768960e-05 1.821067598939407617e-05 1.664953742874786258e-05 1.869943116616923362e-05
3.660000000000000000e+02 4.479082683866344311e-02 1.704807765781879425e-02 1.840292316046543419e-05 1.740217703627422452e-05 1.733676981530152261e-05 1.805568899726495147e-05 1.650675949349533767e-05 1.856881681305821985e-05
3.670000000000000000e+02 4.454706768926935262e-02 1.698732376098632812e-02 1.821123078116215765e-05 1.728027928038500249e-05 1.722356864775065333e-05 1.790966234693769366e-05 1.636956767470110208e-05 1.844019789132289588e-05
3.680000000000000000e+02 4.430529300567107726e-02 1.692691072821617126e-02 1.801380494725890458e-05 1.715939106361474842e-05 1.709076423139777035e-05 1.775785131030716002e-05 1.622585114091634750e-05 1.830402106861583889e-05
3.690000000000000000e+02 4.406548130521955459e-02 1.686688326299190521e-02 1.782468279998283833e-05 1.702543704595882446e-05 1.696346043900121003e-05 1.759582482918631285e-05 1.607920421520248055e-05 1.817037627915851772e-05
3.700000000000000000e+02 4.382761139517896143e-02 1.680718734860420227e-02 1.761728344717994332e-05 1.689072996668983251e-05 1.683211121417116374e-05 1.744349356158636510e-05 1.593782872078008950e-05 1.803716622816864401e-05
3.710000000000000000e+02 4.359166236804440375e-02 1.674784906208515167e-02 1.741347659844905138e-05 1.675959174463059753e-05 1.670605888648424298e-05 1.729020004859194160e-05 1.579810668772552162e-05 1.790545502444729209e-05
3.720000000000000000e+02 4.335761359694762646e-02 1.668886654078960419e-02 1.722092383715789765e-05 1.662423528614453971e-05 1.657106986385770142e-05 1.713121309876441956e-05 1.565955062687862664e-05 1.776814315235242248e-05
3.730000000000000000e+02 4.312544473114879318e-02 1.663021929562091827e-02 1.700567918305750936e-05 1.649620207899715751e-05 1.643263749429024756e-05 1.697295374469831586e-05 1.551217610540334135e-05 1.763215550454333425e-05
3.740000000000000000e+02 4.289513569161257367e-02 1.657192781567573547e-02 1.680481000221334398e-05 1.635319131310097873e-05 1.629820690141059458e-05 1.681608227954711765e-05 1.537865682621486485e-05 1.748802787915337831e-05
3.750000000000000000e+02 4.266666666666666524e-02 1.651396416127681732e-02 1.660486123000737280e-05 1.621418050490319729e-05 1.615467772353440523e-05 1.665668423811439425e-05 1.523011269455309957e-05 1.734720353852026165e-05
3.760000000000000000e+02 4.244001810774106209e-02 1.645635440945625305e-02 1.639070433157030493e-05 1.608602178748697042e-05 1.602546763024292886e-05 1.649893965804949403e-05 1.508304831077111885e-05 1.720619002298917621e-05
3.770000000000000000e+02 4.221517072518627539e-02 1.639906875789165497e-02 1.619288195797707886e-05 1.593633351149037480e-05 1.587988481333013624e-05 1.633745159779209644e-05 1.494703974458388984e-05 1.706603688944596797e-05
3.780000000000000000e+02 4.199210548416897754e-02 1.634211465716362000e-02 1.598699236637912691e-05 1.579695344844367355e-05 1.573976078361738473e-05 1.617843736312352121e-05 1.480678020016057417e-05 1.693876401986926794e-05
3.790000000000000000e+02 4.177080360064327341e-02 1.628547534346580505e-02 1.578081173647660762e-05 1.565057573316153139e-05 1.560474811412859708e-05 1.602387419552542269e-05 1.466340836486779153e-05 1.679793240327853709e-05
3.800000000000000000e+02 4.155124653739612067e-02 1.622918620705604553e-02 1.557800169393885881e-05 1.549787339172326028e-05 1.545344639453105628e-05 1.586276994203217328e-05 1.451360094506526366e-05 1.664789488131646067e-05
3.810000000000000000e+02 4.133341600016533085e-02 1.617319881916046143e-02 1.537986645416822284e-05 1.536204217700287700e-05 1.531781344965565950e-05 1.568591505929362029e-05 1.436598540749400854e-05 1.651143793424125761e-05
3.820000000000000000e+02 4.111729393382856923e-02 1.611753925681114197e-02 1.518615954410051927e-05 1.521556987427175045e-05 1.515225631010252982e-05 1.553432412038091570e-05 1.422317836841102690e-05 1.636509296076837927e-05
3.830000000000000000e+02 4.090286251866193101e-02 1.606220006942749023e-02 1.499878362665185705e-05 1.506063290435122326e-05 1.501329097663983703e-05 1.537456773803569376e-05 1.408190109941642731e-05 1.622433592274319381e-05
3.840000000000000000e+02 4.069010416666666435e-02 1.600717194378376007e-02 1.480602986703161150e-05 1.491917646490037441e-05 1.486494693381246179e-05 1.521144804428331554e-05 1.394221453665522859e-05 1.607430021977052093e-05
3.850000000000000000e+02 4.047900151796255536e-02 1.595245487987995148e-02 1.461005922465119511e-05 1.476902798458468169e-05 1.470895040256436914e-05 1.506067474110750481e-05 1.379845070914598182e-05 1.592241096659563482e-05
3.860000000000000000e+02 4.026953743724663581e-02 1.589804515242576599e-02 1.442989014321938157e-05 1.462360160076059401e-05 1.456563586543779820e-05 1.489599071646807715e-05 1.365326988889137283e-05 1.577640978212002665e-05
3.870000000000000000e+02 4.006169501031588837e-02 1.584394089877605438e-02 1.424649872205918655e-05 1.448345301469089463e-05 1.441875065211206675e-05 1.474298551329411566e-05 1.350978800473967567e-05 1.562541729072108865e-05
3.880000000000000000e+02 3.985545754065256824e-02 1.579014211893081665e-02 1.406968203809810802e-05 1.432237695553340018e-05 1.427771712769754231e-05 1.457597409171285108e-05 1.337405501544708386e-05 1.547835381643380970e-05
3.890000000000000000e+02 3.965080854607093419e-02 1.573663949966430664e-02 1.389323460898594931e-05 1.418067131453426555e-05 1.412154597346670926e-05 1.441619951947359368e-05 1.323127889918396249e-05 1.532382702862378210e-05
3.900000000000000000e+02 3.944773175542406335e-02 1.568342372775077820e-02 1.371884809486800805e-05 1.402798352501122281e-05 1.396295192535035312e-05 1.425665595888858661e-05 1.308193441218463704e-05 1.516605061624431983e-05
3.910000000000000000e+02 3.924621110536953561e-02 1.563052833080291748e-02 1.355215135845355690e-05 1.388199052598793060e-05 1.382273512717802078e-05 1.410598724760347977e-05 1.295082620345056057e-05 1.501264250691747293e-05
3.920000000000000000e+02 3.904623073719283577e-02 1.557791605591773987e-02 1.339111804554704577e-05 1.374832027067895979e-05 1.366556534776464105e-05 1.395131857861997560e-05 1.281351796933449805e-05 1.485553639213321730e-05
3.930000000000000000e+02 3.884777499368723824e-02 1.552557665854692459e-02 1.322957905358634889e-05 1.359828274871688336e-05 1.352192157355602831e-05 1.379098466713912785e-05 1.266395793209085241e-05 1.469641756557393819e-05
3.940000000000000000e+02 3.865082841608905029e-02 1.547355391085147858e-02 1.307989350607385859e-05 1.345631062577012926e-05 1.337853336735861376e-05 1.364304262096993625e-05 1.252724086953094229e-05 1.454851008020341396e-05
3.950000000000000000e+02 3.845537574106713818e-02 1.542179472744464874e-02 1.292068918701261282e-05 1.330219038209179416e-05 1.323043670709012076e-05 1.348415935353841633e-05 1.239034281752537936e-05 1.438941035303287208e-05
3.960000000000000000e+02 3.826140189776553596e-02 1.537032146006822586e-02 1.278172021557111293e-05 1.316163616138510406e-05 1.308407991018611938e-05 1.333486216026358306e-05 1.226163021783577278e-05 1.423720459570176899e-05
3.970000000000000000e+02 3.806889200489819991e-02 1.531913038343191147e-02 1.264422189706237987e-05 1.302552209381246939e-05 1.294643516303040087e-05 1.319957209489075467e-05 1.213185350934509188e-05 1.406798946845810860e-05
3.980000000000000000e+02 3.787783136789475008e-02 1.526822056621313095e-02 1.249709657713538036e-05 1.288509429286932573e-05 1.279827029065927491e-05 1.304444958805106580e-05 1.198639074573293328e-05 1.390884517604717985e-05
3.990000000000000000e+02 3.768820547609625510e-02 1.521759293973445892e-02 1.235976196767296642e-05 1.274578698939876631e-05 1.265834725927561522e-05 1.290030377276707441e-05 1.185724704555468634e-05 1.375311330775730312e-05
4.000000000000000000e+02 3.749999999999999861e-02 1.516722608357667923e-02 1.222988339577568695e-05 1.260859062313102186e-05 1.251850790140451863e-05 1.276942111871903762e-05 1.173210512206424028e-05 1.360509941150667146e-05
4.010000000000000000e+02 3.731320078855231148e-02 1.511713024228811264e-02 1.209535275847883895e-05 1.246667852683458477e-05 1.237454944202909246e-05 1.262723708350677043e-05 1.160128886112943292e-05 1.343915573670528829e-05
4.020000000000000000e+02 3.712779386648845659e-02 1.506729330867528915e-02 1.197538131236797199e-05 1.233486182172782719e-05 1.225189225806389004e-05 1.249699653271818534e-05 1.146789691119920462e-05 1.328033340541878715e-05
4.030000000000000000e+02 3.694376543171868504e-02 1.501773297786712646e-02 1.184958273370284587e-05 1.220136891788570210e-05 1.210243590321624652e-05 1.235948366229422390e-05 1.134599733632057905e-05 1.311461983277695253e-05
4.040000000000000000e+02 3.676110185275953401e-02 1.496845297515392303e-02 1.172639258584240451e-05 1.207415698445402086e-05 1.197157143906224519e-05 1.221886486746370792e-05 1.120772230933653191e-05 1.297016024182084948e-05
4.050000000000000000e+02 3.657978966620942241e-02 1.491941139101982117e-02 1.161069940280867741e-05 1.194753349409438670e-05 1.184690790978493169e-05 1.208977027999935672e-05 1.109199456550413743e-05 1.280485230381600559e-05
4.060000000000000000e+02 3.639981557426776038e-02 1.487063243985176086e-02 1.150065872934646904e-05 1.181887000711867586e-05 1.170444829767802730e-05 1.195934783027041703e-05 1.096837786462856457e-05 1.264797811018070206e-05
4.070000000000000000e+02 3.622116644229666366e-02 1.482212077826261520e-02 1.138283278123708442e-05 1.170117320725694299e-05 1.158102350018452853e-05 1.183560652862070128e-05 1.084043924493016675e-05 1.248860280611552298e-05
4.080000000000000000e+02 3.604382929642445388e-02 1.477386709302663803e-02 1.128381427406566218e-05 1.156584676209604368e-05 1.144284215115476400e-05 1.170703217212576419e-05 1.071359656634740531e-05 1.234178762388182804e-05
4.090000000000000000e+02 3.586779132119009145e-02 1.472586300224065781e-02 1.118692762247519568e-05 1.144247926276875660e-05 1.132223133026855066e-05 1.158927261712960899e-05 1.060170507116708905e-05 1.219015939568635076e-05
4.100000000000000000e+02 3.569303985722784012e-02 1.467810478061437607e-02 1.106740546674700454e-05 1.132928173319669440e-05 1.120994966186117381e-05 1.145774331234861165e-05 1.047587011271389201e-05 1.204457294079475105e-05
4.110000000000000000e+02 3.551956239899124734e-02 1.463059615343809128e-02 1.097580116038443521e-05 1.120477736549219117e-05 1.107635398511774838e-05 1.134506237576715648e-05 1.036936464515747502e-05 1.189123395306523889e-05
4.120000000000000000e+02 3.534734659251578814e-02 1.458334177732467651e-02 1.087405962607590482e-05 1.109714412450557575e-05 1.095237712434027344e-05 1.123738820751896128e-05 1.025771325657842681e-05 1.175053785118507221e-05
4.130000000000000000e+02 3.517638023321940227e-02 1.453632488846778870e-02 1.077728211384965107e-05 1.097893527912674472e-05 1.085067560779862106e-05 1.112845529860351235e-05 1.014598637993913144e-05 1.159798375738319010e-05
4.140000000000000000e+02 3.500665126374011282e-02 1.448956225067377090e-02 1.068242090696003288e-05 1.086823704099515453e-05 1.072763006959576160e-05 1.100792269426165149e-05 1.003549368761014193e-05 1.146778413385618478e-05
4.150000000000000000e+02 3.483814777181012956e-02 1.444301940500736237e-02 1.058286852639866993e-05 1.075021918950369582e-05 1.062659612216521055e-05 1.090323439711937681e-05 9.930043233907781541e-06 1.132969737227540463e-05
4.160000000000000000e+02 3.467085798816568060e-02 1.439672708511352539e-02 1.049385173246264458e-05 1.064553543983493000e-05 1.050376067723846063e-05 1.079320827557239681e-05 9.823505934036802500e-06 1.118785621656570584e-05
4.170000000000000000e+02 3.450477028449182998e-02 1.435068156570196152e-02 1.040730512613663450e-05 1.054227777785854414e-05 1.040365987137192860e-05 1.069052086677402258e-05 9.720688467496074736e-06 1.105328738049138337e-05
4.180000000000000000e+02 3.433987317140175383e-02 1.430486701428890228e-02 1.031719602906377986e-05 1.043493557517649606e-05 1.030024850479094312e-05 1.058978250512154773e-05 9.626322935218922794e-06 1.093678201868897304e-05
4.190000000000000000e+02 3.417615529644967010e-02 1.425928995013237000e-02 1.023503773467382416e-05 1.033510216075228527e-05 1.019507362798321992e-05 1.048141803039470688e-05 9.522443178866524249e-06 1.079948106053052470e-05
4.200000000000000000e+02 3.401360544217687382e-02 1.421392709016799927e-02 1.015051293506985530e-05 1.022824926621979102e-05 1.008958952297689393e-05 1.039006747305393219e-05 9.423212759429588914e-06 1.067954508471302688e-05
4.210000000000000000e+02 3.385221252419022553e-02 1.416881009936332703e-02 1.006399270409019664e-05 1.012636312225367874e-05 9.987451448978390545e-06 1.029343366099055856e-05 9.328299711341969669e-06 1.056126166076865047e-05
4.220000000000000000e+02 3.369196558927247537e-02 1.412391476333141327e-02 9.977574336517136544e-06 1.003721081360708922e-05 9.898375537886749953e-06 1.019271621771622449e-05 9.228181625076103956e-06 1.045025055645965040e-05
4.230000000000000000e+02 3.353285381352379829e-02 1.407925318926572800e-02 9.900831173581536859e-06 9.945827514457050711e-06 9.803131433727685362e-06 1.010394771583378315e-05 9.138724635704420507e-06 1.033132593875052407e-05
4.240000000000000000e+02 3.337486650053399923e-02 1.403481140732765198e-02 9.825940651353448629e-06 9.848635272646788508e-06 9.715693522593937814e-06 1.001008240564260632e-05 9.053093890543095767e-06 1.021595107886241749e-05
4.250000000000000000e+02 3.321799307958477748e-02 1.399060245603322983e-02 9.743082955537829548e-06 9.750011486175935715e-06 9.627551662561018020e-06 9.917422175931278616e-06 8.966209861682727933e-06 1.010877349472139031e-05
4.260000000000000000e+02 3.306222310388150232e-02 1.394659839570522308e-02 9.662037882662843913e-06 9.667506674304604530e-06 9.533499905955977738e-06 9.830628187046386302e-06 8.878434528014622629e-06 1.000161137199029326e-05
4.270000000000000000e+02 3.290754624881395835e-02 1.390281040221452713e-02 9.591964044375345111e-06 9.577995115250814706e-06 9.449463505006860942e-06 9.751858669915236533e-06 8.792623702902346849e-06 9.906437298923265189e-06
4.280000000000000000e+02 3.275395231024543635e-02 1.385924778878688812e-02 9.516320460534188896e-06 9.489465810474939644e-06 9.362061064166482538e-06 9.666279765951912850e-06 8.723217433725949377e-06 9.802230124478228390e-06
4.290000000000000000e+02 3.260143120282980173e-02 1.381590403616428375e-02 9.440687790629453957e-06 9.411221981281414628e-06 9.285608030040748417e-06 9.585428415448404849e-06 8.634346158942207694e-06 9.693903848528862000e-06
4.300000000000000000e+02 3.244997295835586743e-02 1.377277076244354248e-02 9.365760888613294810e-06 9.334969035990070552e-06 9.193136065732687712e-06 9.502688953944016248e-06 8.554046871722675860e-06 9.597447387932334095e-06
4.310000000000000000e+02 3.229956772411862742e-02 1.372985634952783585e-02 9.302562830271199346e-06 9.250677976524457335e-06 9.114825843425933272e-06 9.412669896846637130e-06 8.474028618365991861e-06 9.518040315015241504e-06
4.320000000000000000e+02 3.215020576131687180e-02 1.368714682757854462e-02 9.230481737176887691e-06 9.167280950350686908e-06 9.042017154570203274e-06 9.346958904643543065e-06 8.407282621192280203e-06 9.421452887181658298e-06
4.330000000000000000e+02 3.200187744347668395e-02 1.364464592188596725e-02 9.164760740532074124e-06 9.088652404898311943e-06 8.976330718724057078e-06 9.263216270483098924e-06 8.326559509441722184e-06 9.334497008239850402e-06
4.340000000000000000e+02 3.185457325490029246e-02 1.360236108303070068e-02 9.101373507292009890e-06 9.026221960084512830e-06 8.906370567274279892e-06 9.180448614642955363e-06 8.256329238065518439e-06 9.250773473468143493e-06
4.350000000000000000e+02 3.170828378913990997e-02 1.356026995927095413e-02 9.036247320182155818e-06 8.945896297518629581e-06 8.824034921417478472e-06 9.108554877457208931e-06 8.195488589990418404e-06 9.176371349894907326e-06
4.360000000000000000e+02 3.156299974749600390e-02 1.351839210838079453e-02 8.962738320406060666e-06 8.885015631676651537e-06 8.762486686464399099e-06 9.031872650666628033e-06 8.127103683364111930e-06 9.093418157135602087e-06
4.370000000000000000e+02 3.141871193753960345e-02 1.347671914845705032e-02 8.895861355995293707e-06 8.804318895272444934e-06 8.698074452695436776e-06 8.963307664089370519e-06 8.056094884523190558e-06 9.009894711198285222e-06
4.380000000000000000e+02 3.127541127165821971e-02 1.343523710966110229e-02 8.837538189254701138e-06 8.748063009988982230e-06 8.631161108496598899e-06 8.897162842913530767e-06 7.992057362571358681e-06 8.928990610002074391e-06
4.390000000000000000e+02 3.113308876562491737e-02 1.339396648108959198e-02 8.782939403317868710e-06 8.678758604219183326e-06 8.564087693230248988e-06 8.822414201858919114e-06 7.931185791676398367e-06 8.856801287038251758e-06
4.400000000000000000e+02 3.099173553719008350e-02 1.335289329290390015e-02 8.723544851818587631e-06 8.603154128650203347e-06 8.512652129866182804e-06 8.754668670007959008e-06 7.873625690990593284e-06 8.786227226664777845e-06
4.410000000000000000e+02 3.085134280469557441e-02 1.331200636923313141e-02 8.662612344778608531e-06 8.548263394914101809e-06 8.447883374174125493e-06 8.688337402418255806e-06 7.816071047272998840e-06 8.715848707652185112e-06
4.420000000000000000e+02 3.071190188571077534e-02 1.327132899314165115e-02 8.603377864346839488e-06 8.476972652715630829e-06 8.397645615332294255e-06 8.615856131655164063e-06 7.743847163510508835e-06 8.652609722048509866e-06
4.430000000000000000e+02 3.057340419569016740e-02 1.323083601891994476e-02 8.548620826331898570e-06 8.429462468484416604e-06 8.337868166563566774e-06 8.552486178814433515e-06 7.698227818764280528e-06 8.587953743699472398e-06
4.440000000000000000e+02 3.043584124665205809e-02 1.319053862243890762e-02 8.489378160447813570e-06 8.368297130800783634e-06 8.282540875370614231e-06 8.496383998135570437e-06 7.644923243788070977e-06 8.520255505573004484e-06
4.450000000000000000e+02 3.029920464587804521e-02 1.315043959766626358e-02 8.427959983237087727e-06 8.319491826114244759e-06 8.230564162658993155e-06 8.433235052507370710e-06 7.582372745673637837e-06 8.455393071926664561e-06
4.460000000000000000e+02 3.016348609463290892e-02 1.311052031815052032e-02 8.378990060009527951e-06 8.259845344582572579e-06 8.176499250112101436e-06 8.372794582101050764e-06 7.529588856414193287e-06 8.396387784159742296e-06
4.470000000000000000e+02 3.002867738690449470e-02 1.307078171521425247e-02 8.333968253282364458e-06 8.197932402254082263e-06 8.121624887280631810e-06 8.305910341732669622e-06 7.473763616872020066e-06 8.333243386005051434e-06
4.480000000000000000e+02 2.989477040816326467e-02 1.303124614059925079e-02 8.277145752799697220e-06 8.151467227435205132e-06 8.078963219304569066e-06 8.243730917456559837e-06 7.412802460748935118e-06 8.278058885480277240e-06
4.490000000000000000e+02 2.976175713414120141e-02 1.299188937991857529e-02 8.225983037846162915e-06 8.093584256130270660e-06 8.020321729418355972e-06 8.183023055607918650e-06 7.365732017206028104e-06 8.218592483899556100e-06
4.500000000000000000e+02 2.962962962962963076e-02 1.295271702110767365e-02 8.176790288416668773e-06 8.052181328821461648e-06 7.973070751177147031e-06 8.127134606183972210e-06 7.319395081140100956e-06 8.163853635778650641e-06
4.510000000000000000e+02 2.949838004729573443e-02 1.291371975094079971e-02 8.124868145387154073e-06 8.000563866517040879e-06 7.924160854599904269e-06 8.072239324974361807e-06 7.268178705999162048e-06 8.111466740956529975e-06
4.520000000000000000e+02 2.936800062651734669e-02 1.287491898983716965e-02 8.076258382061496377e-06 7.946964615257456899e-06 7.877939424361102283e-06 8.014170816750265658e-06 7.216850917757255957e-06 8.058764251472894102e-06
4.530000000000000000e+02 2.923848369223571927e-02 1.283630076795816422e-02 8.033396625251043588e-06 7.898337571532465518e-06 7.827486115274950862e-06 7.956009540066588670e-06 7.169600849010748789e-06 8.009286830201745033e-06
4.540000000000000000e+02 2.910982165382600129e-02 1.279784366488456726e-02 7.985649062902666628e-06 7.850979272916447371e-06 7.795036253810394555e-06 7.904574886197224259e-06 7.113254014257108793e-06 7.960740731505211443e-06
4.550000000000000000e+02 2.898200700398502472e-02 1.275956351310014725e-02 7.935966095828916878e-06 7.811509931343607605e-06 7.748286407149862498e-06 7.843311323085799813e-06 7.065107638482004404e-06 7.905791790108196437e-06
4.560000000000000000e+02 2.885503231763619433e-02 1.272147893905639648e-02 7.887759238656144589e-06 7.769526746415067464e-06 7.707495569775346667e-06 7.788278708176221699e-06 7.027656465652398765e-06 7.863765858928672969e-06
4.570000000000000000e+02 2.872889025085109335e-02 1.268357597291469574e-02 7.845986147003713995e-06 7.722738700977060944e-06 7.665492375963367522e-06 7.737281521258410066e-06 6.972978553676512092e-06 7.797286343702580780e-06
4.580000000000000000e+02 2.860357353978757247e-02 1.264582015573978424e-02 7.789617484377231449e-06 7.676050699956249446e-06 7.617668416060041636e-06 7.683936928515322506e-06 6.935766123206121847e-06 7.764542715449351817e-06
4.590000000000000000e+02 2.847907499964400999e-02 1.260824315249919891e-02 7.744796675979159772e-06 7.626690603501629084e-06 7.578303211630554870e-06 7.629187166457995772e-06 6.893515092087909579e-06 7.717636435700114816e-06
4.600000000000000000e+02 2.835538752362948972e-02 1.257083285599946976e-02 7.705711141170468181e-06 7.590826953673968092e-06 7.543244464613962919e-06 7.579132216051220894e-06 6.850167210359359160e-06 7.662864845769945532e-06
4.610000000000000000e+02 2.823250408194954986e-02 1.253360509872436523e-02 7.659576112928334624e-06 7.547669156338088214e-06 7.500982519559329376e-06 7.534159976785304025e-06 6.798465619795024395e-06 7.632660526724066585e-06
4.620000000000000000e+02 2.811041772080733261e-02 1.249654684215784073e-02 7.607046427438035607e-06 7.512096090067643672e-06 7.455718787241494283e-06 7.474757694581057876e-06 6.754598416591761634e-06 7.579657903988845646e-06
4.630000000000000000e+02 2.798912156141979482e-02 1.245965529233217239e-02 7.564648967672837898e-06 7.467836439900565892e-06 7.422593625960871577e-06 7.433514838339760900e-06 6.707035936415195465e-06 7.530215043516363949e-06
4.640000000000000000e+02 2.786860879904875035e-02 1.242292765527963638e-02 7.517717676819302142e-06 7.424001523759216070e-06 7.377293968602316454e-06 7.378611371677834541e-06 6.669228241662494838e-06 7.488237315556034446e-06
4.650000000000000000e+02 2.774887270204648079e-02 1.238636393100023270e-02 7.456544153683353215e-06 7.378931513812858611e-06 7.332310360652627423e-06 7.331342203542590141e-06 6.625899004575330764e-06 7.444616585416952148e-06
4.660000000000000000e+02 2.762990661091565409e-02 1.234996411949396133e-02 7.428438038914464414e-06 7.338115210586693138e-06 7.304169230337720364e-06 7.277710665221093222e-06 6.588928044948261231e-06 7.401714356092270464e-06
4.670000000000000000e+02 2.751170393738336037e-02 1.231372728943824768e-02 7.367812941083684564e-06 7.300438937818398699e-06 7.251440820255083963e-06 7.228764388855779544e-06 6.546726581291295588e-06 7.359617939073359594e-06
4.680000000000000000e+02 2.739425816348893192e-02 1.227765344083309174e-02 7.325586466322420165e-06 7.256503522512502968e-06 7.224613909784238786e-06 7.181085038610035554e-06 6.496688001789152622e-06 7.315988568734610453e-06
4.690000000000000000e+02 2.727756284068539455e-02 1.224174909293651581e-02 7.269505204021697864e-06 7.214789093268336728e-06 7.191005352069623768e-06 7.141045898606535047e-06 6.454167760239215568e-06 7.265298791025998071e-06
4.700000000000000000e+02 2.716161158895427641e-02 1.220598816871643066e-02 7.219599410746013746e-06 7.179549811553442851e-06 7.140446086850715801e-06 7.083541277097538114e-06 6.410344667528988793e-06 7.221099167509237304e-06
4.710000000000000000e+02 2.704639809593357286e-02 1.217039488255977631e-02 7.160040695453062654e-06 7.142644335544900969e-06 7.098914920788956806e-06 7.037202522042207420e-06 6.368936283251969144e-06 7.181438832049025223e-06
4.720000000000000000e+02 2.693191611605860389e-02 1.213496178388595581e-02 7.120675491023575887e-06 7.097530669852858409e-06 7.066636499075684696e-06 6.987224878685083240e-06 6.328885774564696476e-06 7.143877610360505059e-06
4.730000000000000000e+02 2.681815946971559395e-02 1.209970004856586456e-02 7.060047664708690718e-06 7.051183729345211759e-06 7.022073077678214759e-06 6.930674771865596995e-06 6.286763436946785077e-06 7.096786248439457268e-06
4.740000000000000000e+02 2.670512204240773485e-02 1.206456311047077179e-02 7.009711680439068004e-06 7.011375600995961577e-06 6.979738373047439381e-06 6.890189979458227754e-06 6.243722964427433908e-06 7.044352969387546182e-06
4.750000000000000000e+02 2.659279778393351668e-02 1.202958449721336365e-02 6.952666353754466400e-06 6.979229056014446542e-06 6.947580004634801298e-06 6.845612006145529449e-06 6.205244062584824860e-06 7.008526608842657879e-06
4.760000000000000000e+02 2.648118070757714965e-02 1.199477165937423706e-02 6.901551387272775173e-06 6.931644293217686936e-06 6.906146609253482893e-06 6.795899935241322964e-06 6.164820661069825292e-06 6.956141078262589872e-06
4.770000000000000000e+02 2.637026488931081339e-02 1.196011528372764587e-02 6.852775186416693032e-06 6.897431831021094695e-06 6.865631803520955145e-06 6.745910468453075737e-06 6.118959390732925385e-06 6.915835001564119011e-06
4.780000000000000000e+02 2.626004446700862943e-02 1.192559115588665009e-02 6.798133654228877276e-06 6.847345957794459537e-06 6.828590358054498211e-06 6.706583462801063433e-06 6.087660949560813606e-06 6.864818260510219261e-06
4.790000000000000000e+02 2.615051363967207249e-02 1.189123652875423431e-02 6.736978775734314695e-06 6.828477580711478367e-06 6.787042821088107303e-06 6.649017905147047713e-06 6.047047463653143495e-06 6.824974207120249048e-06
4.800000000000000000e+02 2.604166666666666782e-02 1.185702253133058548e-02 6.681294053123565391e-06 6.772633696527918801e-06 6.752734407200478017e-06 6.602414032386150211e-06 6.001620477036340162e-06 6.784685865568462759e-06
4.810000000000000000e+02 2.593349786696980130e-02 1.182295102626085281e-02 6.620337444473989308e-06 6.735839633620344102e-06 6.718072654621209949e-06 6.544934421981452033e-06 5.963060630165273324e-06 6.741573542967671528e-06
4.820000000000000000e+02 2.582600161842943387e-02 1.178903039544820786e-02 6.568176559085259214e-06 6.693841442029224709e-06 6.668676633125869557e-06 6.502217274828581139e-06 5.926833637204254046e-06 6.691888302157167345e-06
4.830000000000000000e+02 2.571917235703355051e-02 1.175525411963462830e-02 6.509368176921270788e-06 6.652605406998191029e-06 6.617893632210325450e-06 6.455286893469747156e-06 5.886621693207416683e-06 6.643061624345136806e-06
4.840000000000000000e+02 2.561300457619014939e-02 1.172162871807813644e-02 6.450844011851586401e-06 6.611535809497581795e-06 6.584842140000546351e-06 6.410499281628290191e-06 5.838006472913548350e-06 6.608448984479764476e-06
4.850000000000000000e+02 2.550749282601764284e-02 1.168814674019813538e-02 6.393754119926597923e-06 6.573298378498293459e-06 6.551279057021019980e-06 6.358384780469350517e-06 5.802508894703350961e-06 6.557329470524564385e-06
4.860000000000000000e+02 2.540263171264543068e-02 1.165481563657522202e-02 6.346007012325571850e-06 6.532253792101982981e-06 6.506607405754039064e-06 6.315724476735340431e-06 5.757953658758196980e-06 6.507264970423420891e-06
4.870000000000000000e+02 2.529841589752454892e-02 1.162161305546760559e-02 6.286423285928322002e-06 6.493502041848842055e-06 6.468082119681639597e-06 6.270777703321073204e-06 5.717483418266056105e-06 6.460997155954828486e-06
4.880000000000000000e+02 2.519484009674818545e-02 1.158854924142360687e-02 6.228430265764473006e-06 6.450244200095767155e-06 6.419868441298604012e-06 6.217066129465820268e-06 5.683010840584756806e-06 6.429603217839030549e-06
4.890000000000000000e+02 2.509189908038189989e-02 1.155564468353986740e-02 6.183769983181264251e-06 6.420058070943923667e-06 6.381046659953426570e-06 6.163956641103141010e-06 5.644984867103630677e-06 6.376249984896276146e-06
4.900000000000000000e+02 2.498958767180341559e-02 1.152287051081657410e-02 6.128469067334663123e-06 6.364625278365565464e-06 6.337103513942565769e-06 6.121447768236976117e-06 5.601235443464247510e-06 6.333569217531476170e-06
4.910000000000000000e+02 2.488790074705182070e-02 1.149022672325372696e-02 6.062912689230870456e-06 6.333046712825307623e-06 6.303001100604888052e-06 6.073421445762505755e-06 5.557463282457320020e-06 6.294817922025686130e-06
4.920000000000000000e+02 2.478683323418600162e-02 1.145772170275449753e-02 6.008114269206998870e-06 6.279723947955062613e-06 6.259129349928116426e-06 6.025875791237922385e-06 5.517892986972583458e-06 6.245193617360200733e-06
4.930000000000000000e+02 2.468638011265218007e-02 1.142535544931888580e-02 5.959248483122792095e-06 6.247310921025928110e-06 6.213907454366562888e-06 5.978306944598443806e-06 5.474661975313210860e-06 6.192287855810718611e-06
4.940000000000000000e+02 2.458653641266042578e-02 1.139314379543066025e-02 5.898175913898739964e-06 6.200829830049769953e-06 6.167480023577809334e-06 5.927140591666102409e-06 5.436813353298930451e-06 6.142934125819010660e-06
4.950000000000000000e+02 2.448729721456994329e-02 1.136105135083198547e-02 5.842071914230473340e-06 6.164839760458562523e-06 6.133775514172157273e-06 5.879902346350718290e-06 5.392540970206027851e-06 6.093009687901940197e-06
4.960000000000000000e+02 2.438865764828303945e-02 1.132908742874860764e-02 5.796628556709038094e-06 6.121498699940275401e-06 6.094595846661832184e-06 5.823529590998077765e-06 5.357507234293734655e-06 6.058218787075020373e-06
4.970000000000000000e+02 2.429061289264763598e-02 1.129726041108369827e-02 5.734729256801074371e-06 6.081782430555904284e-06 6.043816028977744281e-06 5.786559540865710005e-06 5.316434908309020102e-06 6.013355687173316255e-06
4.980000000000000000e+02 2.419315817486814707e-02 1.126557122915983200e-02 5.684863026544917375e-06 6.046979706297861412e-06 6.012230187479872257e-06 5.730708380724536255e-06 5.275144303595880046e-06 5.963579496892634779e-06
4.990000000000000000e+02 2.409628876992461755e-02 1.123400405049324036e-02 5.634917670249706134e-06 6.002078862366033718e-06 5.956151653663255274e-06 5.691652859241003171e-06 5.230146598478313535e-06 5.916778263781452551e-06
5.000000000000000000e+02 2.400000000000000050e-02 1.120258774608373642e-02 5.581098321272293106e-06 5.963899639027658850e-06 5.923569460719591007e-06 5.645300916512496769e-06 5.195667654334101826e-06 5.876766863366356120e-06
5.010000000000000000e+02 2.390428723391540416e-02 1.117127761244773865e-02 5.535875970963388681e-06 5.929835879214806482e-06 5.877024250366957858e-06 5.599056748906150460e-06 5.157046871318016201e-06 5.830087502545211464e-06
5.020000000000000000e+02 2.380914588657322833e-02 1.114010997116565704e-02 5.486961072165286168e-06 5.885135124117368832e-06 5.834542662341846153e-06 5.548754415940493345e-06 5.114306077302899212e-06 5.782362222817027941e-06
5.030000000000000000e+02 2.371457141840804111e-02 1.110907178372144699e-02 5.442801921162754297e-06 5.846106887474888936e-06 5.797738594992551953e-06 5.507461537490598857e-06 5.070030965725891292e-06 5.733310899813659489e-06
5.040000000000000000e+02 2.362055933484505030e-02 1.107815373688936234e-02 5.390056685428135097e-06 5.807407887914450839e-06 5.755226538894930854e-06 5.460559805214870721e-06 5.029211934015620500e-06 5.691556452802615240e-06
5.050000000000000000e+02 2.352710518576609997e-02 1.104736048728227615e-02 5.343481007002992555e-06 5.773195880465209484e-06 5.711301582778105512e-06 5.413615326688159257e-06 4.990130946680437773e-06 5.645932105835527182e-06
5.060000000000000000e+02 2.343420456498305007e-02 1.101669296622276306e-02 5.303912530507659540e-06 5.729673375753918663e-06 5.677831723005510867e-06 5.375120508688269183e-06 4.947570232616271824e-06 5.596645678451750427e-06
5.070000000000000000e+02 2.334185310971837943e-02 1.098616048693656921e-02 5.253929430182324722e-06 5.692204467777628452e-06 5.628783128486247733e-06 5.329415216692723334e-06 4.914430519420420751e-06 5.558624707191484049e-06
5.080000000000000000e+02 2.325004650009300164e-02 1.095573976635932922e-02 5.203266482567414641e-06 5.649284503306262195e-06 5.596230494120391086e-06 5.280294317344669253e-06 4.875111244473373517e-06 5.504215096152620390e-06
5.090000000000000000e+02 2.315878045862104773e-02 1.092545408755540848e-02 5.158761268830858171e-06 5.612203494820278138e-06 5.552879429160384461e-06 5.230001534073380753e-06 4.826345502806361765e-06 5.460773081722436473e-06
5.100000000000000000e+02 2.306805074971165007e-02 1.089529227465391159e-02 5.120319656271021813e-06 5.575741397478850558e-06 5.515137672773562372e-06 5.191198852116940543e-06 4.799764155904995278e-06 5.422728008852573112e-06
5.110000000000000000e+02 2.297785317917747094e-02 1.086524128913879395e-02 5.071578470960957929e-06 5.539012363442452624e-06 5.469390089274384081e-06 5.143831458553904667e-06 4.746936610899865627e-06 5.371905899664852768e-06
5.120000000000000000e+02 2.288818359375000000e-02 1.083532627671957016e-02 5.037461505708051845e-06 5.502806743606925011e-06 5.435916136775631458e-06 5.096636414236854762e-06 4.712094323622295633e-06 5.317815976013662294e-06
5.130000000000000000e+02 2.279903788060144015e-02 1.080551557242870331e-02 4.989279659639578313e-06 5.454558049677871168e-06 5.396505912358406931e-06 5.056717327533988282e-06 4.672492650570347905e-06 5.276287083688657731e-06
5.140000000000000000e+02 2.271041196687307792e-02 1.077582221478223801e-02 4.937460289511363953e-06 5.426430561783490703e-06 5.364260687201749533e-06 5.006663286621915177e-06 4.631942374544451013e-06 5.234579020907403901e-06
5.150000000000000000e+02 2.262230181921010344e-02 1.074627321213483810e-02 4.913070824841270223e-06 5.390505975810810924e-06 5.316307579050771892e-06 4.974152943759690970e-06 4.591831384459510446e-06 5.189998319110600278e-06
5.160000000000000000e+02 2.253470344330268590e-02 1.071681734174489975e-02 4.868768883170560002e-06 5.353358574211597443e-06 5.271544523566262797e-06 4.929762781102908775e-06 4.554039151116739959e-06 5.128296834300272167e-06
5.170000000000000000e+02 2.244761288343328706e-02 1.068749651312828064e-02 4.834624178329249844e-06 5.318387138686375692e-06 5.245094598649302498e-06 4.887267550657270476e-06 4.523568804870592430e-06 5.106198386783944443e-06
5.180000000000000000e+02 2.236102622203008441e-02 1.065827626734972000e-02 4.789033937413478270e-06 5.288286956783849746e-06 5.204286026128102094e-06 4.851584435527911410e-06 4.483768407226307318e-06 5.054856046626809984e-06
5.190000000000000000e+02 2.227493957922638962e-02 1.062917895615100861e-02 4.758365776069695130e-06 5.255202722764806822e-06 5.167301424080505967e-06 4.800743681698804721e-06 4.438528776518069208e-06 5.015634997107554227e-06
5.200000000000000000e+02 2.218934911242603433e-02 1.060019433498382568e-02 4.720097422250546515e-06 5.213618806010344997e-06 5.127668828208697960e-06 4.759168859891360626e-06 4.403667844599112868e-06 4.976442141924053431e-06
5.210000000000000000e+02 2.210425101587453617e-02 1.057134289294481277e-02 4.685249223257414997e-06 5.187705028220079839e-06 5.087416866444982588e-06 4.716097009804798290e-06 4.371639533928828314e-06 4.931930106977233663e-06
5.220000000000000000e+02 2.201964152023605167e-02 1.054258365184068680e-02 4.658299531001830474e-06 5.142852387507446110e-06 5.049343144492013380e-06 4.685635758505668491e-06 4.328287559474119917e-06 4.889950105280149728e-06
5.230000000000000000e+02 2.193551689217596717e-02 1.051393989473581314e-02 4.618025286617921665e-06 5.110508482175646350e-06 5.015664555685361847e-06 4.641735813493141904e-06 4.290275683160871267e-06 4.847659056395059451e-06
5.240000000000000000e+02 2.185187343394907195e-02 1.048541255295276642e-02 4.593265657604206353e-06 5.078947197034722194e-06 4.982709469913970679e-06 4.603065917763160542e-06 4.264397375663975254e-06 4.801908744411775842e-06
5.250000000000000000e+02 2.176870748299319577e-02 1.045700348913669586e-02 4.551445272227283567e-06 5.052935648564016446e-06 4.944629836245439947e-06 4.559879016596823931e-06 4.233870185998966917e-06 4.763569904753239825e-06
5.260000000000000000e+02 2.168601541152828660e-02 1.042868196964263916e-02 4.518511104834033176e-06 5.015427177568199113e-06 4.898714905721135437e-06 4.523267762124305591e-06 4.187097147223539650e-06 4.720042397821089253e-06
5.270000000000000000e+02 2.160379362616075480e-02 1.040049456059932709e-02 4.495780103752622381e-06 4.968262601323658600e-06 4.875392733083572239e-06 4.491102572501404211e-06 4.152051587880123407e-06 4.678422101278556511e-06
5.280000000000000000e+02 2.152203856749311181e-02 1.037242356687784195e-02 4.466281552595319226e-06 4.951023583998903632e-06 4.845830972044495866e-06 4.455371708900202066e-06 4.125500709051266313e-06 4.634252945834305137e-06
5.290000000000000000e+02 2.144074670973874358e-02 1.034442614763975143e-02 4.434074526216136292e-06 4.902756700175814331e-06 4.808326593774836510e-06 4.421026460477150977e-06 4.081733550265198573e-06 4.598600298777455464e-06
5.300000000000000000e+02 2.135991456034175978e-02 1.031657774001359940e-02 4.404422270454233512e-06 4.870990323979640380e-06 4.775853085448034108e-06 4.376697233965387568e-06 4.057152182213030756e-06 4.558794444164959714e-06
5.310000000000000000e+02 2.127953865960185986e-02 1.028881687670946121e-02 4.370052010926883668e-06 4.851039193454198539e-06 4.738319603347918019e-06 4.334039203968131915e-06 4.023369911010377109e-06 4.527409146248828620e-06
5.320000000000000000e+02 2.119961558030414306e-02 1.026116497814655304e-02 4.340487521403701976e-06 4.815933607460465282e-06 4.702118985733250156e-06 4.304897174733923748e-06 3.985773219028487802e-06 4.487344085646327585e-06
5.330000000000000000e+02 2.112014192735375134e-02 1.023361925035715103e-02 4.315522801334736869e-06 4.784979410032974556e-06 4.671736405725823715e-06 4.265867573849391192e-06 3.956552518502576277e-06 4.451519089343491942e-06
5.340000000000000000e+02 2.104111433741531062e-02 1.020618993788957596e-02 4.286826424504397437e-06 4.755054760607890785e-06 4.639339294953970239e-06 4.241767783241812140e-06 3.931988430849742144e-06 4.416995579958893359e-06
5.350000000000000000e+02 2.096252947855707996e-02 1.017885375767946243e-02 4.256932243151823059e-06 4.719208845926914364e-06 4.613632427208358422e-06 4.197146608930779621e-06 3.891671894962200895e-06 4.380991413199808449e-06
5.360000000000000000e+02 2.088438404989975336e-02 1.015162840485572815e-02 4.225602424412500113e-06 4.702535534306662157e-06 4.579388132697204128e-06 4.168016403127694502e-06 3.856049261230509728e-06 4.342530701251234859e-06
5.370000000000000000e+02 2.080667478126983078e-02 1.012450642883777618e-02 4.199421709927264601e-06 4.663314939534757286e-06 4.552128757495665923e-06 4.124488441448193043e-06 3.828834906016709283e-06 4.313554200052749366e-06
5.380000000000000000e+02 2.072939843285747860e-02 1.009748876094818115e-02 4.174956302449572831e-06 4.629247086995746940e-06 4.515291948337107897e-06 4.099872512597357854e-06 3.805876076512504369e-06 4.276632353139575571e-06
5.390000000000000000e+02 2.065255179487885534e-02 1.007057167589664459e-02 4.146530955040361732e-06 4.608030849340138957e-06 4.486403668124694377e-06 4.067279860464623198e-06 3.775226559810107574e-06 4.250727215548977256e-06
5.400000000000000000e+02 2.057613168724279837e-02 1.004375983029603958e-02 4.125653958908515051e-06 4.579890173772582784e-06 4.452137090993346646e-06 4.033976892969803885e-06 3.752863221961888485e-06 4.216575689497403800e-06
5.410000000000000000e+02 2.050013495922181628e-02 1.001704111695289612e-02 4.101905233255820349e-06 4.547337994154077023e-06 4.432790774444583803e-06 3.992908659711247310e-06 3.720101858561974950e-06 4.173357865511206910e-06
5.420000000000000000e+02 2.042455848912732783e-02 9.990429505705833435e-03 4.065558186994167045e-06 4.516064564086263999e-06 4.400009856908582151e-06 3.981930149166146293e-06 3.701941068356973119e-06 4.138657914154464379e-06
5.430000000000000000e+02 2.034939918398909198e-02 9.963924065232276917e-03 4.045480636705178767e-06 4.495569555729161948e-06 4.370094302430516109e-06 3.938565896532963961e-06 3.672726052172947675e-06 4.118112883588764817e-06
5.440000000000000000e+02 2.027465397923875270e-02 9.937510825693607330e-03 4.016909315396333113e-06 4.465756319405045360e-06 4.341653948358725756e-06 3.898763225151924416e-06 3.641225021056015976e-06 4.085160526301478967e-06
5.450000000000000000e+02 2.020031983839743958e-02 9.911209344863891602e-03 3.995657152700005099e-06 4.438522864802507684e-06 4.312764758651610464e-06 3.872025899909203872e-06 3.614799197748652659e-06 4.052152235090034083e-06
5.460000000000000000e+02 2.012639375276737905e-02 9.884983301162719727e-03 3.974018000008072704e-06 4.405752406455576420e-06 4.277584139344980940e-06 3.843832018901593983e-06 3.583216766855912283e-06 4.022124812763649970e-06
5.470000000000000000e+02 2.005287274112744003e-02 9.858877398073673248e-03 3.948246103391284123e-06 4.384743988339323550e-06 4.266824362275656313e-06 3.814793217316037044e-06 3.560363438737113029e-06 4.000743047072319314e-06
5.480000000000000000e+02 1.997975384943257576e-02 9.832861833274364471e-03 3.922902124031679705e-06 4.356612407718785107e-06 4.227026238368125632e-06 3.782187377510126680e-06 3.535991027092677541e-06 3.975553227064665407e-06
5.490000000000000000e+02 1.990703415051708544e-02 9.806942194700241089e-03 3.888651008310262114e-06 4.324605924921343103e-06 4.204970991850132123e-06 3.756661044462816790e-06 3.504807864374015480e-06 3.948172434320440516e-06
5.500000000000000000e+02 1.983471074380165414e-02 9.781125001609325409e-03 3.869427018798887730e-06 4.299709871702361852e-06 4.177599748800275847e-06 3.724983798747416586e-06 3.485134584479965270e-06 3.916375135304406285e-06
5.510000000000000000e+02 1.976278075500410153e-02 9.755403734743595123e-03 3.851382643915712833e-06 4.273202648619189858e-06 4.152325345785357058e-06 3.699286025948822498e-06 3.465300778771052137e-06 3.883867975673638284e-06
5.520000000000000000e+02 1.969124133585381173e-02 9.729771874845027924e-03 3.821990048891166225e-06 4.251811787980841473e-06 4.121219262742670253e-06 3.668464160000439733e-06 3.441131866566138342e-06 3.864732661895686761e-06
5.530000000000000000e+02 1.962008966380976438e-02 9.704231284558773041e-03 3.794825261138612404e-06 4.227973022352671251e-06 4.092935796506935731e-06 3.641398052423028275e-06 3.421793508096016012e-06 3.823058250418398529e-06
5.540000000000000000e+02 1.954932294178211502e-02 9.678784757852554321e-03 3.775610139200580306e-06 4.198051556159043685e-06 4.061024355905828997e-06 3.612389718909980729e-06 3.399266006454126909e-06 3.798130364884855226e-06
5.550000000000000000e+02 1.947893839785731773e-02 9.653458371758460999e-03 3.742261469596996903e-06 4.175887625024188310e-06 4.039878604089608416e-06 3.590411097320611589e-06 3.363608129802742042e-06 3.769422846744419076e-06
5.560000000000000000e+02 1.940893328502665480e-02 9.628202766180038452e-03 3.725340548044187017e-06 4.150535460212267935e-06 3.998392458015587181e-06 3.556438514351611957e-06 3.343956905155209824e-06 3.748045628526597284e-06
5.570000000000000000e+02 1.933930488091822886e-02 9.603035636246204376e-03 3.686283207571250387e-06 4.125184204895049334e-06 3.981788722740020603e-06 3.530003596097230911e-06 3.326116257085232064e-06 3.721674147527664900e-06
5.580000000000000000e+02 1.927005048753227881e-02 9.577974677085876465e-03 3.662373728730017319e-06 4.106978394702309743e-06 3.963502877013524994e-06 3.499854301480809227e-06 3.302707000329974107e-06 3.706321194840711541e-06
5.590000000000000000e+02 1.920116743097980208e-02 9.552993811666965485e-03 3.645073547886568122e-06 4.072758656548103318e-06 3.941955128539120778e-06 3.474710638329270296e-06 3.283211526650120504e-06 3.673258106573484838e-06
5.600000000000000000e+02 1.913265306122449022e-02 9.528105147182941437e-03 3.611901547628804110e-06 4.049575636599911377e-06 3.908541202690685168e-06 3.450265239735017531e-06 3.258740662204218097e-06 3.650373173513798974e-06
5.610000000000000000e+02 1.906450475182780782e-02 9.503301233053207397e-03 3.591157110349740833e-06 4.027739123557694256e-06 3.881787506543332711e-06 3.424730266488040797e-06 3.239444140490377322e-06 3.628201739047653973e-06
5.620000000000000000e+02 1.899671989969731883e-02 9.478618390858173370e-03 3.564504822861636057e-06 4.001962224720045924e-06 3.860660854115849361e-06 3.405237976039643399e-06 3.213274794688913971e-06 3.602817514547496103e-06
5.630000000000000000e+02 1.892929592483807641e-02 9.454002603888511658e-03 3.540496209097909741e-06 3.982382622780278325e-06 3.834943527181167156e-06 3.372990704519907013e-06 3.184463139405124821e-06 3.578319365260540508e-06
5.640000000000000000e+02 1.886223027010713871e-02 9.429478086531162262e-03 3.518818175507476553e-06 3.958048182539641857e-06 3.803445451922016218e-06 3.347767915329313837e-06 3.174630364810582250e-06 3.561182211342384107e-06
5.650000000000000000e+02 1.879552040097110313e-02 9.405030868947505951e-03 3.486530431473511271e-06 3.940816895919851959e-06 3.779673306780750863e-06 3.329726951051270589e-06 3.142511104670120403e-06 3.529237346810987219e-06
5.660000000000000000e+02 1.872916380526664162e-02 9.380697272717952728e-03 3.463956772975507192e-06 3.914053195330779999e-06 3.758666480280226097e-06 3.302727463960763998e-06 3.123195028820191510e-06 3.506069333525374532e-06
5.670000000000000000e+02 1.866315799296398847e-02 9.356433525681495667e-03 3.441692570049781352e-06 3.887571438099257648e-06 3.737546421689330600e-06 3.271763489465229213e-06 3.108629925918648951e-06 3.488609763735439628e-06
5.680000000000000000e+02 1.859750049593334592e-02 9.332265704870223999e-03 3.406269115657778457e-06 3.870796717819757760e-06 3.705382596308481880e-06 3.250897634643479250e-06 3.079716179854585789e-06 3.464026349320192821e-06
5.690000000000000000e+02 1.853218886771414858e-02 9.308177046477794647e-03 3.383785724508925341e-06 3.840660610876511782e-06 3.685919864437892102e-06 3.235036956539261155e-06 3.064676775466068648e-06 3.436498218434280716e-06
5.700000000000000000e+02 1.846722068328716590e-02 9.284185245633125305e-03 3.359305992489680648e-06 3.833253231277922168e-06 3.663298912215395831e-06 3.209262786185718141e-06 3.033551365660969168e-06 3.408531028981087729e-06
5.710000000000000000e+02 1.840259353884940788e-02 9.260280057787895203e-03 3.328446382511174306e-06 3.806357653957093135e-06 3.636331030065775849e-06 3.180703743055346422e-06 3.012684373970841989e-06 3.391983227629680187e-06
5.720000000000000000e+02 1.833830505159176477e-02 9.236444719135761261e-03 3.304103756818221882e-06 3.777680376515490934e-06 3.610572775869513862e-06 3.164392410326399840e-06 2.998561058120685630e-06 3.370813146830187179e-06
5.730000000000000000e+02 1.827435285947936333e-02 9.212712757289409637e-03 3.280264536442700773e-06 3.757648300961591303e-06 3.582211093089426868e-06 3.143411504424875602e-06 2.972766651510028169e-06 3.353039119247114286e-06
5.740000000000000000e+02 1.821073462103461188e-02 9.189047850668430328e-03 3.255910996813327074e-06 3.731442575372057036e-06 3.562455731298541650e-06 3.113212414973531850e-06 2.957895958388689905e-06 3.330045728944242001e-06
5.750000000000000000e+02 1.814744801512287176e-02 9.165474213659763336e-03 3.222981376893585548e-06 3.710207920448738150e-06 3.539099679983337410e-06 3.083654291913262568e-06 2.927519744844175875e-06 3.304507117718458176e-06
5.760000000000000000e+02 1.808449074074074125e-02 9.141995571553707123e-03 3.196098759872256778e-06 3.692755853990092874e-06 3.513766841933829710e-06 3.061477855226257816e-06 2.917549636549665593e-06 3.275383505751960911e-06
5.770000000000000000e+02 1.802186051680688614e-02 9.118596091866493225e-03 3.172183824062813073e-06 3.661098844531807117e-06 3.495671990094706416e-06 3.050360874112811871e-06 2.898914317484013736e-06 3.250976988056208938e-06
5.780000000000000000e+02 1.795955508195543754e-02 9.095264598727226257e-03 3.148375753880827688e-06 3.643467607616912574e-06 3.467778924459707923e-06 3.030298330486402847e-06 2.864580892492085695e-06 3.235972144466359168e-06
5.790000000000000000e+02 1.789757219433183930e-02 9.072031825780868530e-03 3.132237907266244292e-06 3.618407617977936752e-06 3.446729124334524386e-06 3.001212235176353715e-06 2.857091658370336518e-06 3.208440148227964528e-06
5.800000000000000000e+02 1.783590963139120023e-02 9.048881009221076965e-03 3.108276587227010168e-06 3.591926770241116174e-06 3.418153028178494424e-06 2.975478992084390484e-06 2.831247002177406102e-06 3.200912715328740887e-06
5.810000000000000000e+02 1.777456518969904725e-02 9.025799110531806946e-03 3.074987262152717449e-06 3.565932047422393225e-06 3.401323056095861830e-06 2.954679303002194501e-06 2.808563067446812056e-06 3.163528845107066445e-06
5.820000000000000000e+02 1.771353668473447246e-02 9.002811275422573090e-03 3.052431793548748828e-06 3.548209633663645945e-06 3.379246436452376656e-06 2.943009576483746059e-06 2.784800244626239873e-06 3.148599489577463828e-06
5.830000000000000000e+02 1.765282195069566712e-02 8.979897014796733856e-03 3.026159447472309694e-06 3.530411049723625183e-06 3.357925152158713900e-06 2.915852292062481865e-06 2.782745696094934829e-06 3.131951416435185820e-06
5.840000000000000000e+02 1.759241884030774902e-02 8.957060985267162323e-03 3.010638920386554673e-06 3.509309635774116032e-06 3.318355084047652781e-06 2.892851398428319953e-06 2.755198465820285492e-06 3.104298457401455380e-06
5.850000000000000000e+02 1.753232522463291782e-02 8.934312500059604645e-03 2.980346380354603752e-06 3.483364935163990594e-06 3.307607585156802088e-06 2.870786829589633271e-06 2.728594381551374681e-06 3.075273980357451364e-06
5.860000000000000000e+02 1.747253899288285159e-02 8.911635726690292358e-03 2.959010544145712629e-06 3.465740292085683905e-06 3.287465460743987933e-06 2.849962584150489420e-06 2.705161705307546072e-06 3.066859790123999119e-06
5.870000000000000000e+02 1.741305805223336903e-02 8.889044634997844696e-03 2.940293143183225766e-06 3.444739832048071548e-06 3.266437943238997832e-06 2.823130216711433604e-06 2.683237653400283307e-06 3.038265276700258255e-06
5.880000000000000000e+02 1.735388032764125996e-02 8.866532705724239349e-03 2.922758767454070039e-06 3.418939286348177120e-06 3.239427087464719079e-06 2.806399834298645146e-06 2.668799425009638071e-06 3.014728235939401202e-06
5.890000000000000000e+02 1.729500376166331899e-02 8.844092488288879395e-03 2.894983481382951140e-06 3.399588194952229969e-06 3.225499540349119343e-06 2.779786200335365720e-06 2.648010649863863364e-06 3.002751327585428953e-06
5.900000000000000000e+02 1.723642631427750593e-02 8.821738883852958679e-03 2.873782250389922410e-06 3.389880475879181176e-06 3.204167569492710754e-06 2.763802513072732836e-06 2.628384436320629902e-06 2.970122068290947936e-06
5.910000000000000000e+02 1.717814596270624342e-02 8.799453265964984894e-03 2.860442236851667985e-06 3.357985178809030913e-06 3.171032176396693103e-06 2.740524905675556511e-06 2.605490408313926309e-06 2.957509650514111854e-06
5.920000000000000000e+02 1.712016070124178224e-02 8.777245879173278809e-03 2.844268237822689116e-06 3.343648586451308802e-06 3.155436161250690930e-06 2.715536311370669864e-06 2.592401415313361213e-06 2.931996050392626785e-06
5.930000000000000000e+02 1.706246854107362765e-02 8.755126036703586578e-03 2.828365495588514023e-06 3.312768512842012569e-06 3.130679260721080936e-06 2.693319629543111660e-06 2.571143795648822561e-06 2.909314162025111727e-06
5.940000000000000000e+02 1.700506751011801598e-02 8.733066730201244354e-03 2.798931518555036746e-06 3.297753664810443297e-06 3.111347041340195574e-06 2.671548145372071303e-06 2.548794100221130066e-06 2.896967089327517897e-06
5.950000000000000000e+02 1.694795565284937591e-02 8.711087517440319061e-03 2.791869519569445401e-06 3.286341552666272037e-06 3.092474116783705540e-06 2.658898438312462531e-06 2.541203684813808650e-06 2.868482852136367001e-06
5.960000000000000000e+02 1.689113103013377762e-02 8.689185604453086853e-03 2.767811338344472460e-06 3.247727363486774266e-06 3.072960225836141035e-06 2.639834292494924739e-06 2.505569909772020765e-06 2.851160161299048923e-06
5.970000000000000000e+02 1.683459171906433183e-02 8.667362853884696960e-03 2.745764277278794907e-06 3.233692268622689880e-06 3.051904059248045087e-06 2.614365484987501986e-06 2.492415660526603460e-06 2.836176690834690817e-06
5.980000000000000000e+02 1.677833581279851438e-02 8.645606227219104767e-03 2.732998837018385530e-06 3.223595740564633161e-06 3.033378334293956868e-06 2.595587375253671780e-06 2.476659119565738365e-06 2.812413413266767748e-06
5.990000000000000000e+02 1.672236142039737819e-02 8.623935282230377197e-03 2.716622248044586740e-06 3.203605729140690528e-06 3.006575070685357787e-06 2.581702347015379928e-06 2.453168463034671731e-06 2.799309186229947954e-06
6.000000000000000000e+02 1.666666666666666644e-02 8.602332323789596558e-03 2.705708993744337931e-06 3.181452711942256428e-06 2.984474349432275631e-06 2.558876076363958418e-06 2.447847236908273771e-06 2.772324023680994287e-06
6.010000000000000000e+02 1.661124969199974377e-02 8.580807596445083618e-03 2.685884510356117971e-06 3.154061005261610262e-06 2.971675485241576098e-06 2.542816218920052052e-06 2.423543264740146697e-06 2.754616161837475374e-06
6.020000000000000000e+02 1.655610865222238021e-02 8.559347130358219147e-03 2.673728658919571899e-06 3.137487283311202191e-06 2.948331712104845792e-06 2.526312755435355939e-06 2.409983380857738666e-06 2.730995902311406098e-06
6.030000000000000000e+02 1.650124171843931134e-02 8.537968620657920837e-03 2.661833605088759214e-06 3.119917892036028206e-06 2.932169991254340857e-06 2.509870910216704942e-06 2.391287125647068024e-06 2.709356067498447374e-06
6.040000000000000000e+02 1.644664707688259231e-02 8.516660891473293304e-03 2.634930297062965110e-06 3.109149474767036736e-06 2.914190417868667282e-06 2.474986558809177950e-06 2.381297463216469623e-06 2.702752681216225028e-06
6.050000000000000000e+02 1.639232292876169686e-02 8.495415560901165009e-03 2.625909928610781208e-06 3.090638529101852328e-06 2.895006673497846350e-06 2.475371275068027899e-06 2.360037115067825653e-06 2.685079380171373487e-06
6.060000000000000000e+02 1.633826749011534768e-02 8.474248461425304413e-03 2.614023287605959922e-06 3.069091917495825328e-06 2.871473043342120945e-06 2.446928647259483114e-06 2.342610514460830018e-06 2.660857262526405975e-06
6.070000000000000000e+02 1.628447899166506063e-02 8.453161455690860748e-03 2.600137577246641740e-06 3.051409748877631500e-06 2.854548256436828524e-06 2.432078872516285628e-06 2.328006075913435780e-06 2.644451342348475009e-06
6.080000000000000000e+02 1.623095567867036126e-02 8.432131260633468628e-03 2.589520818219170906e-06 3.041650188606581651e-06 2.837638476194115356e-06 2.427456365694524720e-06 2.311717707925708964e-06 2.627088861117954366e-06
6.090000000000000000e+02 1.617769581078567012e-02 8.411178365349769592e-03 2.579954525572247803e-06 3.018804591192747466e-06 2.813944092849851586e-06 2.396460558884427883e-06 2.298261279065627605e-06 2.605645704534254037e-06
6.100000000000000000e+02 1.612469766191883952e-02 8.390295319259166718e-03 2.559013182690250687e-06 3.005452072102343664e-06 2.808161525535979308e-06 2.399635604888317175e-06 2.278526608279207721e-06 2.594885245343903080e-06
6.110000000000000000e+02 1.607195952009128972e-02 8.369479328393936157e-03 2.549729060774552636e-06 2.993573161802487448e-06 2.784794560284353793e-06 2.363892917855991982e-06 2.270331833642558195e-06 2.586906475698924623e-06
6.120000000000000000e+02 1.601947968729975497e-02 8.348746225237846375e-03 2.536119836804573424e-06 2.969089791804435663e-06 2.765657654890674166e-06 2.361942051720689051e-06 2.256757170471246354e-06 2.557713060014066286e-06
6.130000000000000000e+02 1.596725647937961845e-02 8.328076452016830444e-03 2.524909405110520311e-06 2.956787739094579592e-06 2.753537273747497238e-06 2.340012542845215648e-06 2.227363893325673416e-06 2.545226607253425755e-06
6.140000000000000000e+02 1.591528822586977046e-02 8.307469077408313751e-03 2.516707581889932044e-06 2.947159373434260488e-06 2.742376182141015306e-06 2.324283741472754627e-06 2.216660504927858710e-06 2.529311132093425840e-06
6.150000000000000000e+02 1.586357326987904159e-02 8.286929689347743988e-03 2.496563638487714343e-06 2.934264784926199354e-06 2.733588189585134387e-06 2.313202912773704156e-06 2.211307219113223255e-06 2.508020770619623363e-06
6.160000000000000000e+02 1.581210996795412438e-02 8.266461081802845001e-03 2.498321919119916856e-06 2.915626510002766736e-06 2.705854512896621600e-06 2.293670377184753306e-06 2.197428557337843813e-06 2.495518856449052691e-06
6.170000000000000000e+02 1.576089668994901452e-02 8.246055804193019867e-03 2.478062924637924880e-06 2.899995706684421748e-06 2.697419631658704020e-06 2.287207053086603992e-06 2.188702183048008010e-06 2.476300551279564388e-06
6.180000000000000000e+02 1.570993181889590584e-02 8.225730620324611664e-03 2.462371185174561106e-06 2.882717808461165987e-06 2.681488467715098523e-06 2.275606448165490292e-06 2.174471092075691558e-06 2.464098315613227896e-06
6.190000000000000000e+02 1.565921375087757014e-02 8.205465041100978851e-03 2.451890850352356210e-06 2.883097749872831628e-06 2.661196049302816391e-06 2.256774905617930926e-06 2.159897348974482156e-06 2.459259121678769588e-06
6.200000000000000000e+02 1.560874089490114393e-02 8.185262791812419891e-03 2.438532419546390884e-06 2.858907009795075282e-06 2.653955789355677553e-06 2.245310270154732279e-06 2.152969273083726875e-06 2.433232793919160031e-06
6.210000000000000000e+02 1.555851167277338271e-02 8.165129460394382477e-03 2.427151457595755346e-06 2.851626049960032105e-06 2.638782916619675234e-06 2.234485464214230888e-06 2.141616050721495412e-06 2.422730631224112585e-06
6.220000000000000000e+02 1.550852451897726490e-02 8.145073428750038147e-03 2.410655497442348860e-06 2.831970505212666467e-06 2.623759201014763676e-06 2.217929932157858275e-06 2.125931359842070378e-06 2.421016233711270615e-06
6.230000000000000000e+02 1.545877788055002346e-02 8.125062100589275360e-03 2.395304136371123604e-06 2.820060217345599085e-06 2.614931418065680191e-06 2.209768126704148017e-06 2.117691792591358535e-06 2.398807509962352924e-06
6.240000000000000000e+02 1.540927021696252529e-02 8.105142973363399506e-03 2.389420387771679088e-06 2.808572389767505229e-06 2.600320158308022656e-06 2.190691020587109961e-06 2.103357019223039970e-06 2.379152647336013615e-06
6.250000000000000000e+02 1.536000000000000039e-02 8.085259236395359039e-03 2.377106511630699970e-06 2.798051355057395995e-06 2.588998768260353245e-06 2.182652906412840821e-06 2.086966333081363700e-06 2.371852815485908650e-06
6.260000000000000000e+02 1.531096571364411185e-02 8.065463043749332428e-03 2.360959570069098845e-06 2.781338025670265779e-06 2.575421831352286972e-06 2.172300128222559579e-06 2.077530325550469570e-06 2.358784968237159774e-06
6.270000000000000000e+02 1.526216585395633561e-02 8.045722730457782745e-03 2.352295268792659044e-06 2.774252379822428338e-06 2.561297151260077953e-06 2.156434220523806289e-06 2.072594043056597002e-06 2.342881998629309237e-06
6.280000000000000000e+02 1.521359892896263603e-02 8.026048541069030762e-03 2.333003976673353463e-06 2.759941025942680426e-06 2.549423243181081489e-06 2.150566615455318242e-06 2.066394699795637280e-06 2.325909690625849180e-06
6.290000000000000000e+02 1.516526345853943386e-02 8.006439544260501862e-03 2.328137497897841968e-06 2.750601879597525112e-06 2.538215085223782808e-06 2.141176310033188201e-06 2.045031578745692968e-06 2.312482592969899997e-06
6.300000000000000000e+02 1.511715797430083184e-02 7.986896671354770660e-03 2.301009772054385394e-06 2.728926574491197243e-06 2.526948492231895216e-06 2.135035629180492833e-06 2.042244659605785273e-06 2.300408823430188932e-06
6.310000000000000000e+02 1.506928101948709110e-02 7.967418991029262543e-03 2.295854756084736437e-06 2.715714799705892801e-06 2.500712298569851555e-06 2.103092583638499491e-06 2.023534761974588037e-06 2.288782297910074703e-06
6.320000000000000000e+02 1.502163114885434955e-02 7.947995327413082123e-03 2.285727305206819437e-06 2.715004484343808144e-06 2.492415433152928017e-06 2.107569798681652173e-06 2.022001126533723436e-06 2.273178552059107460e-06
6.330000000000000000e+02 1.497420692856554596e-02 7.928645238280296326e-03 2.279485670442227274e-06 2.701381617953302339e-06 2.483095386196509935e-06 2.088267592625925317e-06 2.011640845012152568e-06 2.266601995870587416e-06
6.340000000000000000e+02 1.492700693608255656e-02 7.909342646598815918e-03 2.247259999421657994e-06 2.679878662092960440e-06 2.465708348609041423e-06 2.089341933242394589e-06 1.996486389543861151e-06 2.255149411212187260e-06
6.350000000000000000e+02 1.488002976005952001e-02 7.890112698078155518e-03 2.240101366624003276e-06 2.671873517101630569e-06 2.464362296450417489e-06 2.074925987471942790e-06 1.988466692637302913e-06 2.249251338071189821e-06
6.360000000000000000e+02 1.483327400023733318e-02 7.870954461395740509e-03 2.222193415946094319e-06 2.672979007911635563e-06 2.452427906973753124e-06 2.061921804852318019e-06 1.975017539734835736e-06 2.228353650934877805e-06
6.370000000000000000e+02 1.478673826733929893e-02 7.851847447454929352e-03 2.199326900154119357e-06 2.652019929882953875e-06 2.439934405629173853e-06 2.054707238130504265e-06 1.964827333722496405e-06 2.212979097748757340e-06
6.380000000000000000e+02 1.474042118296793429e-02 7.832796312868595123e-03 2.197085677835275419e-06 2.643347215780522674e-06 2.425565298835863359e-06 2.041912239292287268e-06 1.954980916707427241e-06 2.200876224378589541e-06
6.390000000000000000e+02 1.469432137950289069e-02 7.813815958797931671e-03 2.173616394429700449e-06 2.640662387420888990e-06 2.417440782664925791e-06 2.031189524132059887e-06 1.954030949491425417e-06 2.197916046497994103e-06
6.400000000000000000e+02 1.464843750000000000e-02 7.794898469001054764e-03 2.162260443583363667e-06 2.625028855618438683e-06 2.397568778178538196e-06 2.021003183472203091e-06 1.934723968588514253e-06 2.187019163102377206e-06
6.410000000000000000e+02 1.460276819809141861e-02 7.776036392897367477e-03 2.144702193618286401e-06 2.601100277388468385e-06 2.385333800702937879e-06 2.007515377044910565e-06 1.925726792251225561e-06 2.170422476410749368e-06
6.420000000000000000e+02 1.455731213788686099e-02 7.757234387099742889e-03 2.121065790561260656e-06 2.587651124486001208e-06 2.376025122430291958e-06 1.995280854316661134e-06 1.917699137266026810e-06 2.161433712899452075e-06
6.430000000000000000e+02 1.451206799387590694e-02 7.738474756479263306e-03 2.110839204760850407e-06 2.596616468508727849e-06 2.359600784984650090e-06 1.986409642995567992e-06 1.903549446069519036e-06 2.152571596525376663e-06
6.440000000000000000e+02 1.446703445083137238e-02 7.719801738858222961e-03 2.093337570840958506e-06 2.577913846835144795e-06 2.350011982343858108e-06 1.973314738279441372e-06 1.898400455502269324e-06 2.135037675543571822e-06
6.450000000000000000e+02 1.442221020371371905e-02 7.701178081333637238e-03 2.079938212773413397e-06 2.558720325396279804e-06 2.334541704840376042e-06 1.965107003343291581e-06 1.882349010884354357e-06 2.121215402439702302e-06
6.460000000000000000e+02 1.437759395757651215e-02 7.682620547711849213e-03 2.066432671199436300e-06 2.550787939981091768e-06 2.329818698854069225e-06 1.942619746841955930e-06 1.871349354587437119e-06 2.107886302837869152e-06
6.470000000000000000e+02 1.433318442747289270e-02 7.664104923605918884e-03 2.050695684374659322e-06 2.538746684876969084e-06 2.314950052095809951e-06 1.946110387507360429e-06 1.862585008893802296e-06 2.093955117743462324e-06
6.480000000000000000e+02 1.428898033836305433e-02 7.645658683031797409e-03 2.027867822107509710e-06 2.517505208743386902e-06 2.303034989381558262e-06 1.925920514622703195e-06 1.861450073192827404e-06 2.091314172503189184e-06
6.490000000000000000e+02 1.424498042502273312e-02 7.627271115779876709e-03 2.015023483181721531e-06 2.519311010473757051e-06 2.296010734426090494e-06 1.918890347951673903e-06 1.844203779910458252e-06 2.078963461826788262e-06
6.500000000000000000e+02 1.420118343195266204e-02 7.608938962221145630e-03 2.000838549065520056e-06 2.502383722458034754e-06 2.276603481732308865e-06 1.904094801830069628e-06 1.834854515436745714e-06 2.066565230052219704e-06
6.510000000000000000e+02 1.415758811328901925e-02 7.590678520500659943e-03 1.978992713702609763e-06 2.484116066625574604e-06 2.271163111799978651e-06 1.888954670903331134e-06 1.817871066123188939e-06 2.051613591902423650e-06
6.520000000000000000e+02 1.411419323271481847e-02 7.572471164166927338e-03 1.969525328604504466e-06 2.473899940014234744e-06 2.245870064143673517e-06 1.888324504761840217e-06 1.803686245693825185e-06 2.034792487393133342e-06
6.530000000000000000e+02 1.407099756337225512e-02 7.554304786026477814e-03 1.960261215572245419e-06 2.468050752213457599e-06 2.237734861409990117e-06 1.875178554655576590e-06 1.793690330487152096e-06 2.019804696828941815e-06
6.540000000000000000e+02 1.402799988777600135e-02 7.536200340837240219e-03 1.945847998285898939e-06 2.452006583553156815e-06 2.226295919172116555e-06 1.860256929830939043e-06 1.788928216228669044e-06 2.007283683269633912e-06
6.550000000000000000e+02 1.398519899772740493e-02 7.518158759921789169e-03 1.927901848830515519e-06 2.441991000523557886e-06 2.215503172919852659e-06 1.853294747888867278e-06 1.766445279827166814e-06 2.004638645303202793e-06
6.560000000000000000e+02 1.394259369422962483e-02 7.500178646296262741e-03 1.909857473947340623e-06 2.431992015772266313e-06 2.200030849053291604e-06 1.839463493524817750e-06 1.766005311765184160e-06 1.978513864742126316e-06
6.570000000000000000e+02 1.390018278740365494e-02 7.482242770493030548e-03 1.901040263874165248e-06 2.411641162325395271e-06 2.189919996453681961e-06 1.825996150728315115e-06 1.748075078467081767e-06 1.978216232600971125e-06
6.580000000000000000e+02 1.385796509640524303e-02 7.464380934834480286e-03 1.881998514363658614e-06 2.400732455498655327e-06 2.172073664041818120e-06 1.812438085835310631e-06 1.739497520247823559e-06 1.958929033207823522e-06
6.590000000000000000e+02 1.381593944934270644e-02 7.446547504514455795e-03 1.866137381512089632e-06 2.389057044638320804e-06 2.164764964618370868e-06 1.798231210159428883e-06 1.726476170915702824e-06 1.942669314303202555e-06
6.600000000000000000e+02 1.377410468319559267e-02 7.428788580000400543e-03 1.856848371062369552e-06 2.377862983848899603e-06 2.144759264410822652e-06 1.779541094037995208e-06 1.714641143735207152e-06 1.932486384248477407e-06
6.610000000000000000e+02 1.373245964373422112e-02 7.411089725792407990e-03 1.844722646637819707e-06 2.360314965699217282e-06 2.125492301274789497e-06 1.759574388415785506e-06 1.703809971331793349e-06 1.921815510286251083e-06
6.620000000000000000e+02 1.369100318544007495e-02 7.393434178084135056e-03 1.818812734200037085e-06 2.340821993129793555e-06 2.115984671036130749e-06 1.747707756294403225e-06 1.692082491899782326e-06 1.913973392220214009e-06
6.630000000000000000e+02 1.364973417142701165e-02 7.375837303698062897e-03 1.813664539440651424e-06 2.340795390409766696e-06 2.096814796459511854e-06 1.741860501169867348e-06 1.677711679803906009e-06 1.889812665467616171e-06
6.640000000000000000e+02 1.360865147336333229e-02 7.358298171311616898e-03 1.796570018086640630e-06 2.321000465599354357e-06 2.087341044898494147e-06 1.727219569147564471e-06 1.670842834755603690e-06 1.887380790321913082e-06
6.650000000000000000e+02 1.356775397139465232e-02 7.340805605053901672e-03 1.788991312423604541e-06 2.299906100233783945e-06 2.073712948913453147e-06 1.717226155051321257e-06 1.658802830206695944e-06 1.870189521469001193e-06
6.660000000000000000e+02 1.352704055406758060e-02 7.323372177779674530e-03 1.771246843418339267e-06 2.293624902449664660e-06 2.050284365395782515e-06 1.704294163573649712e-06 1.639912966311385389e-06 1.857831762208661530e-06
6.670000000000000000e+02 1.348651011825421561e-02 7.305993698537349701e-03 1.761822659318568185e-06 2.283778712808270939e-06 2.041874722635839134e-06 1.697512857390393037e-06 1.631988766348513309e-06 1.849168484113761224e-06
6.680000000000000000e+02 1.344616156907741354e-02 7.288667839020490646e-03 1.748289832903537899e-06 2.276022541991551407e-06 2.034007366091827862e-06 1.681400704001134727e-06 1.615745645722199697e-06 1.839164497141609900e-06
6.690000000000000000e+02 1.340599381983684918e-02 7.271401118487119675e-03 1.734199713609996252e-06 2.259663460790761746e-06 2.012544655372039415e-06 1.673655560807674192e-06 1.600993414285767358e-06 1.813942503758880775e-06
6.700000000000000000e+02 1.336600579193584354e-02 7.254180032759904861e-03 1.713983124318474438e-06 2.245785253762733191e-06 1.988573558264761232e-06 1.654280936236318666e-06 1.592965531926893163e-06 1.795716912056377623e-06
6.710000000000000000e+02 1.332619641480895824e-02 7.237008307129144669e-03 1.708419745227729436e-06 2.231735834357095882e-06 1.979798753382056020e-06 1.629028020033729263e-06 1.572926862536405679e-06 1.793844376152264886e-06
6.720000000000000000e+02 1.328656462585033927e-02 7.219895720481872559e-03 1.693701392468938138e-06 2.223859610239742324e-06 1.976426801775232889e-06 1.624441551939526107e-06 1.569640630805224646e-06 1.781808691703190561e-06
6.730000000000000000e+02 1.324710937034281368e-02 7.202825974673032761e-03 1.676767283242952544e-06 2.204250222348491661e-06 1.957136419150629081e-06 1.600781388333416544e-06 1.553691049593908247e-06 1.759088831931876484e-06
6.740000000000000000e+02 1.320782960138770258e-02 7.185824215412139893e-03 1.676537181083403993e-06 2.198043603129917756e-06 1.941135906236013398e-06 1.598974336047831457e-06 1.543937173664744478e-06 1.762917008818476461e-06
6.750000000000000000e+02 1.316872427983539068e-02 7.168869953602552414e-03 1.653639287724217866e-06 2.174665496568195522e-06 1.928518258864642121e-06 1.585659447300713509e-06 1.521820422567543574e-06 1.742264430504292250e-06
6.760000000000000000e+02 1.312979237421658951e-02 7.151965051889419556e-03 1.639830770727712661e-06 2.168603032259852625e-06 1.912677589643863030e-06 1.581733272359997500e-06 1.527849804006109480e-06 1.725279275888169650e-06
6.770000000000000000e+02 1.309103286067431898e-02 7.135116029530763626e-03 1.633305259929329623e-06 2.153958803319255821e-06 1.909193997562397271e-06 1.562059765092271846e-06 1.513204324510297738e-06 1.716970018605934456e-06
6.780000000000000000e+02 1.305244472289659834e-02 7.118314970284700394e-03 1.619035629119025543e-06 2.140687229257309809e-06 1.890529688353126403e-06 1.548511818327824585e-06 1.500653297625831328e-06 1.697686229817918502e-06
6.790000000000000000e+02 1.301402695204981717e-02 7.101553957909345627e-03 1.618117494217585772e-06 2.129991116817109287e-06 1.875703674159012735e-06 1.539134018457843922e-06 1.482318452872277703e-06 1.696542426543601323e-06
6.800000000000000000e+02 1.297577854671280208e-02 7.084858138114213943e-03 1.600101427357003558e-06 2.118006250384496525e-06 1.866564730335085187e-06 1.525864263385301456e-06 1.478958665757090785e-06 1.670627170824445784e-06
6.810000000000000000e+02 1.293769851281155632e-02 7.068201899528503418e-03 1.590294232300948352e-06 2.097418246194138192e-06 1.848429860729083885e-06 1.504586293776810635e-06 1.457310986552329268e-06 1.663109401306428481e-06
6.820000000000000000e+02 1.289978586355466569e-02 7.051620166748762131e-03 1.579617787683673669e-06 2.097519200106034987e-06 1.828583549468021374e-06 1.494094021836644970e-06 1.455929691474011634e-06 1.645679162720625754e-06
6.830000000000000000e+02 1.286203961936937396e-02 7.035054732114076614e-03 1.574076350152608939e-06 2.078943680317024700e-06 1.823682396207004786e-06 1.485780785515089519e-06 1.434069531569548417e-06 1.638013941374083515e-06
6.840000000000000000e+02 1.282445880783830879e-02 7.018565200269222260e-03 1.551995069348777179e-06 2.060108727164333686e-06 1.799044298422813881e-06 1.470135430281516165e-06 1.429967937838227954e-06 1.619404883967945352e-06
6.850000000000000000e+02 1.278704246363684786e-02 7.002113852649927139e-03 1.552713797536853235e-06 2.056809307759976946e-06 1.779081003405735828e-06 1.464141519136319403e-06 1.424992774445854593e-06 1.610859840184275527e-06
6.860000000000000000e+02 1.274978962847113026e-02 6.985723040997982025e-03 1.534174543849076144e-06 2.039635546680074185e-06 1.778981754796404857e-06 1.450133140679099597e-06 1.405664420417451765e-06 1.598355993337463588e-06
6.870000000000000000e+02 1.271269935101669753e-02 6.969374604523181915e-03 1.534040961814753246e-06 2.021057753154309466e-06 1.757223685672215652e-06 1.438382923879544251e-06 1.393384422954113688e-06 1.588713075761916116e-06
6.880000000000000000e+02 1.267577068685776104e-02 6.953062023967504501e-03 1.523476726106309798e-06 2.014127403526799753e-06 1.739581534820899833e-06 1.426799826731439680e-06 1.383167159474396612e-06 1.574698899275972508e-06
6.890000000000000000e+02 1.263900269842707647e-02 6.936816498637199402e-03 1.510505398982786573e-06 1.996051423702738248e-06 1.734014063003996853e-06 1.414953203493496403e-06 1.368347739116870798e-06 1.555989797452639323e-06
6.900000000000000000e+02 1.260239445494643930e-02 6.920619867742061615e-03 1.495237142989935819e-06 1.986018105526454747e-06 1.730050826154183596e-06 1.399684492753294762e-06 1.358450617772177793e-06 1.547772626508958638e-06
6.910000000000000000e+02 1.256594503236778057e-02 6.904450245201587677e-03 1.492103933742328081e-06 1.978065483854152262e-06 1.713072038000973407e-06 1.391856017107784282e-06 1.350959109913674183e-06 1.533494810246338602e-06
6.920000000000000000e+02 1.252965351331484546e-02 6.888350006192922592e-03 1.478617946304439101e-06 1.967535808944376186e-06 1.699458607617998496e-06 1.387344013892288785e-06 1.346564317827869672e-06 1.525226480225683190e-06
6.930000000000000000e+02 1.249351898702548078e-02 6.872294470667839050e-03 1.477794512538821436e-06 1.959844439625157975e-06 1.693541548775101546e-06 1.369216306557063945e-06 1.335677552560810000e-06 1.513279130449518561e-06
6.940000000000000000e+02 1.245754054929448795e-02 6.856293417513370514e-03 1.472190319873334374e-06 1.938104787768679671e-06 1.673960355219605844e-06 1.354728624392009806e-06 1.324585241491149645e-06 1.508192099208827130e-06
6.950000000000000000e+02 1.242171730241705893e-02 6.840322166681289673e-03 1.458032556911348365e-06 1.929359996211132966e-06 1.672731968938023783e-06 1.346297722193412483e-06 1.315050781158788595e-06 1.490454337726987433e-06
6.960000000000000000e+02 1.238604835513277928e-02 6.824419368058443069e-03 1.450447484785399865e-06 1.926697223098017275e-06 1.654690663599467371e-06 1.341789129583048634e-06 1.308563923885230906e-06 1.474564328418637160e-06
6.970000000000000000e+02 1.235053282257018645e-02 6.808549165725708008e-03 1.445943098588031717e-06 1.915200755320256576e-06 1.643353925828705542e-06 1.331247972302662674e-06 1.289803662984922994e-06 1.462807631469331682e-06
6.980000000000000000e+02 1.231516982619190390e-02 6.792728323489427567e-03 1.434859541404875927e-06 1.904162331811676268e-06 1.637515651964349672e-06 1.324537151958793402e-06 1.280311494156194385e-06 1.455782921766513027e-06
6.990000000000000000e+02 1.227995849374029051e-02 6.776962894946336746e-03 1.425263121745956596e-06 1.891169972623174544e-06 1.620080524844524916e-06 1.303839212596358266e-06 1.276183184018009342e-06 1.444513713977357838e-06
7.000000000000000000e+02 1.224489795918367284e-02 6.761237047612667084e-03 1.416548911947757006e-06 1.883068421193456743e-06 1.611856760064256378e-06 1.298034476349130273e-06 1.268747837457340211e-06 1.430219981557456776e-06
7.010000000000000000e+02 1.220998736266308039e-02 6.745549384504556656e-03 1.413883865097886883e-06 1.866253342086565681e-06 1.602404154255054891e-06 1.284567929360491689e-06 1.260791805179906078e-06 1.423924231858109124e-06
7.020000000000000000e+02 1.217522585043952568e-02 6.729920860379934311e-03 1.404070189892081544e-06 1.858655764408467803e-06 1.593388560650055297e-06 1.285186954191885889e-06 1.253421828550926875e-06 1.419735440322256181e-06
7.030000000000000000e+02 1.214061257484181852e-02 6.714337505400180817e-03 1.392383751408488024e-06 1.851445972533838358e-06 1.583600237609061878e-06 1.273381826649711002e-06 1.238555569216259755e-06 1.404099634783051442e-06
7.040000000000000000e+02 1.210614669421487648e-02 6.698788143694400787e-03 1.384129291182034649e-06 1.833209580581751652e-06 1.569058440509252250e-06 1.262215732822369318e-06 1.233137595590960700e-06 1.392638750985497609e-06
7.050000000000000000e+02 1.207182737286856787e-02 6.683294661343097687e-03 1.383678409183630720e-06 1.834712861636944581e-06 1.558110852784011513e-06 1.249561819349764846e-06 1.225746018462814391e-06 1.389286921948951203e-06
7.060000000000000000e+02 1.203765378102705265e-02 6.667852867394685745e-03 1.375398483105527703e-06 1.825352910600486211e-06 1.558070948703971226e-06 1.241266318174893968e-06 1.220351350639248267e-06 1.378858200951071922e-06
7.070000000000000000e+02 1.200362509477862286e-02 6.652448792010545731e-03 1.364021954941563308e-06 1.820931856855168007e-06 1.541979258945502806e-06 1.234619730894337408e-06 1.210269488183257636e-06 1.369506662740604952e-06
7.080000000000000000e+02 1.196974049602604617e-02 6.637089885771274567e-03 1.361958425150078256e-06 1.803551072043774184e-06 1.535221485937654506e-06 1.222638729814207181e-06 1.204423824674449861e-06 1.355949279968626797e-06
7.090000000000000000e+02 1.193599917243738998e-02 6.621775683015584946e-03 1.354695541522232816e-06 1.802507881620840635e-06 1.521082936051243450e-06 1.223428057528508361e-06 1.195891854877118021e-06 1.348730393146979623e-06
7.100000000000000000e+02 1.190240031739734153e-02 6.606508977711200714e-03 1.352576191493426450e-06 1.786037614692759234e-06 1.516143811386427842e-06 1.215931320075469557e-06 1.192951572193123866e-06 1.345790110462985467e-06
7.110000000000000000e+02 1.186894312995899307e-02 6.591288372874259949e-03 1.346245085187547375e-06 1.782107460712722968e-06 1.509493017692875583e-06 1.208792014040227514e-06 1.186439362754754256e-06 1.338523816230008379e-06
7.120000000000000000e+02 1.183562681479611092e-02 6.576112005859613419e-03 1.339639652542246040e-06 1.777135935299156699e-06 1.492911906098015606e-06 1.201027771458029747e-06 1.175115926344005857e-06 1.327238464909896720e-06
7.130000000000000000e+02 1.180245058215587464e-02 6.560969166457653046e-03 1.331576754637353588e-06 1.762624833645531908e-06 1.503805833635851741e-06 1.191948058476555161e-06 1.171545704892196227e-06 1.329716269538039342e-06
7.140000000000000000e+02 1.176941364781206555e-02 6.545884069055318832e-03 1.312102767769829370e-06 1.754500999595620669e-06 1.487054419158084784e-06 1.185811697723693214e-06 1.160047531811869703e-06 1.321124500464065932e-06
7.150000000000000000e+02 1.173651523301872876e-02 6.530829239636659622e-03 1.320428964390885085e-06 1.744471092024468817e-06 1.477197088206594344e-06 1.176950831904832739e-06 1.158547433988132980e-06 1.315398208134865854e-06
7.160000000000000000e+02 1.170375456446427938e-02 6.515833549201488495e-03 1.318629983870778233e-06 1.738940113682474475e-06 1.476692546020785812e-06 1.174408453152864240e-06 1.158462168859841768e-06 1.300028202422254253e-06
7.170000000000000000e+02 1.167113087422605791e-02 6.500880699604749680e-03 1.300226927014591638e-06 1.726794721434998792e-06 1.463846956539782695e-06 1.159694079433393199e-06 1.139678943218314089e-06 1.291294665861641988e-06
7.180000000000000000e+02 1.163864339972532809e-02 6.485957186669111252e-03 1.299579821534280200e-06 1.716281303743016906e-06 1.448506282031303272e-06 1.160204533334763255e-06 1.145121814261074178e-06 1.295056449635012541e-06
7.190000000000000000e+02 1.160629138368271529e-02 6.471085827797651291e-03 1.291595822294766549e-06 1.713398205538396724e-06 1.442536586182541214e-06 1.145152737080934457e-06 1.123751530940353405e-06 1.287050508835818619e-06
7.200000000000000000e+02 1.157407407407407343e-02 6.456255447119474411e-03 1.286582005377567839e-06 1.717713985271984711e-06 1.436552111044875346e-06 1.151184505943092518e-06 1.129860834225837607e-06 1.275440695280849468e-06
7.210000000000000000e+02 1.154199072408678729e-02 6.441485136747360229e-03 1.284397285417071544e-06 1.709890170786820818e-06 1.424420815965277143e-06 1.138463517236232292e-06 1.114943415814195760e-06 1.264335082851175684e-06
7.220000000000000000e+02 1.151004059207648769e-02 6.426744628697633743e-03 1.272263375540205743e-06 1.712561129352252465e-06 1.423213689122349024e-06 1.135821321440744214e-06 1.110207335841550957e-06 1.267187258235935587e-06
7.230000000000000000e+02 1.147822294152419341e-02 6.412039510905742645e-03 1.269155632144247647e-06 1.689734858700830955e-06 1.407320155522029381e-06 1.124046775657916442e-06 1.109071945393225178e-06 1.259455416402488481e-06
7.240000000000000000e+02 1.144653704099386424e-02 6.397376768290996552e-03 1.267442712560296059e-06 1.692340333647734951e-06 1.403827241119870450e-06 1.127263658418087289e-06 1.112515860768326093e-06 1.255421580026450101e-06
7.250000000000000000e+02 1.141498216409036863e-02 6.382755003869533539e-03 1.260326939700462390e-06 1.684416474745376036e-06 1.394536070620233659e-06 1.116481712415406946e-06 1.098146753975015599e-06 1.244634631802910008e-06
7.260000000000000000e+02 1.138355758941784514e-02 6.368184927850961685e-03 1.247834461537422612e-06 1.663781517891038675e-06 1.386950088999583386e-06 1.114985821004665922e-06 1.083829147319192998e-06 1.236598905052233022e-06
7.270000000000000000e+02 1.135226260053847497e-02 6.353656761348247528e-03 1.235999661730602384e-06 1.661040300859895069e-06 1.384671577397966757e-06 1.109901972995430697e-06 1.084108475879475009e-06 1.243584392796037719e-06
7.280000000000000000e+02 1.132109648593165006e-02 6.339170038700103760e-03 1.225257392434286885e-06 1.659049871705065016e-06 1.382350546919042245e-06 1.104431930798455141e-06 1.086922793547273614e-06 1.231478904628602322e-06
7.290000000000000000e+02 1.129005853895352456e-02 6.324714981019496918e-03 1.232258910022210330e-06 1.650884996706736274e-06 1.371990720144822262e-06 1.102378291761851870e-06 1.075647332982043736e-06 1.226606514137529302e-06
7.300000000000000000e+02 1.125914805779696000e-02 6.310306489467620850e-03 1.223208982992218807e-06 1.643335508560994640e-06 1.364804461445601191e-06 1.090081468646530993e-06 1.065432570612756535e-06 1.214518761116778478e-06
7.310000000000000000e+02 1.122836434545185745e-02 6.295936647802591324e-03 1.216825353367312346e-06 1.637392188058583997e-06 1.361900444862840232e-06 1.091842818823351990e-06 1.068972551365732215e-06 1.219702653543208726e-06
7.320000000000000000e+02 1.119770670966586078e-02 6.281620822846889496e-03 1.210678192364866845e-06 1.633999545447295532e-06 1.365322077617747709e-06 1.081891923604416661e-06 1.062744672708504368e-06 1.210726054523547646e-06
7.330000000000000000e+02 1.116717446290543814e-02 6.267324555665254593e-03 1.210088612424442545e-06 1.633218289498472586e-06 1.347635929960233625e-06 1.074741248885402456e-06 1.059151259141799528e-06 1.209026777360122651e-06
7.340000000000000000e+02 1.113676692231733815e-02 6.253084633499383926e-03 1.202554813062306494e-06 1.621756382519379258e-06 1.347937086393358186e-06 1.065946776179771405e-06 1.050512196343333926e-06 1.199322923639556393e-06
7.350000000000000000e+02 1.110648340969040693e-02 6.238881964236497879e-03 1.194691208183940034e-06 1.616850568098016083e-06 1.332495912720332853e-06 1.063305717252660543e-06 1.045489511852792930e-06 1.193497269014187623e-06
7.360000000000000000e+02 1.107632325141776931e-02 6.224734243005514145e-03 1.187996872431540396e-06 1.603561031515710056e-06 1.336482910119229928e-06 1.061431362359144259e-06 1.035687660078110639e-06 1.193571506519219838e-06
7.370000000000000000e+02 1.104628577845937452e-02 6.210609804838895798e-03 1.177874878521834034e-06 1.607437297934666276e-06 1.327271661466511432e-06 1.055645384440140333e-06 1.036498929352092091e-06 1.182231699203839526e-06
7.380000000000000000e+02 1.101637032630488865e-02 6.196531467139720917e-03 1.162610487881465815e-06 1.604352746653603390e-06 1.322865159636421595e-06 1.058491875483014155e-06 1.033086732604715507e-06 1.174380258817109279e-06
7.390000000000000000e+02 1.098657623493694627e-02 6.182492710649967194e-03 1.162077637673064601e-06 1.587043016115785576e-06 1.312025801780691836e-06 1.037327251651731785e-06 1.023064442051691003e-06 1.179949322249740362e-06
7.400000000000000000e+02 1.095690284879474036e-02 6.168483756482601166e-03 1.156499024546064902e-06 1.583053744980134070e-06 1.303093881688255351e-06 1.043962015501165297e-06 1.028146357384684961e-06 1.168247536043054424e-06
7.410000000000000000e+02 1.092734951673796778e-02 6.154529750347137451e-03 1.152941877080593258e-06 1.580316393301472999e-06 1.306470608142262790e-06 1.034440856528817676e-06 1.017414433590602130e-06 1.156147959591180552e-06
7.420000000000000000e+02 1.089791559201110094e-02 6.140596233308315277e-03 1.136129981205158401e-06 1.579120180394966155e-06 1.293835452997882385e-06 1.032617433338600677e-06 1.013194037113862578e-06 1.155517452389176469e-06
7.430000000000000000e+02 1.086860043220800980e-02 6.126716267317533493e-03 1.140229869633913040e-06 1.568042989674722776e-06 1.286610199713322800e-06 1.021486127683601808e-06 1.010603114082186949e-06 1.139724531640240457e-06
7.440000000000000000e+02 1.083940339923690661e-02 6.112879142165184021e-03 1.120123329201305751e-06 1.558553094582748599e-06 1.281793061025382485e-06 1.019644628286187071e-06 1.003052375381230377e-06 1.142170390266983304e-06
7.450000000000000000e+02 1.081032385928561851e-02 6.099074613302946091e-03 1.121153900385252200e-06 1.545012082715402357e-06 1.271158907911740243e-06 1.009137918117630761e-06 9.982691153709311038e-07 1.134680928771558683e-06
7.460000000000000000e+02 1.078136118278719829e-02 6.085307337343692780e-03 1.118741693062474951e-06 1.549067064843256958e-06 1.265021410290501080e-06 1.007620880955073517e-06 9.948495289791026153e-07 1.135614979830279481e-06
7.470000000000000000e+02 1.075251474438584411e-02 6.071572192013263702e-03 1.104952389141544700e-06 1.535997284918266814e-06 1.257039343727228697e-06 1.008389517664909363e-06 9.815245221034274437e-07 1.128145186157780699e-06
7.480000000000000000e+02 1.072378392290314342e-02 6.057890132069587708e-03 1.093018568099068943e-06 1.527174731563718524e-06 1.251845787919592112e-06 9.904392754833679646e-07 9.830224598772474565e-07 1.118293653235014062e-06
7.490000000000000000e+02 1.069516810130463277e-02 6.044240668416023254e-03 1.090827481675660238e-06 1.524175559097784571e-06 1.245648149961198214e-06 9.904684930006624199e-07 9.786029977476573549e-07 1.112454015128605533e-06
7.500000000000000000e+02 1.066666666666666631e-02 6.030634045600891113e-03 1.080090555660717655e-06 1.518418685009237379e-06 1.238445406670507509e-06 9.890071623885887675e-07 9.673747172200819477e-07 1.108797846427478362e-06
7.510000000000000000e+02 1.063827901014359825e-02 6.017055362462997437e-03 1.070526195690035820e-06 1.513652591711434070e-06 1.221672505380411167e-06 9.787116823645192198e-07 9.573932402417995036e-07 1.099513724511780310e-06
7.520000000000000000e+02 1.061000452693526552e-02 6.003513932228088379e-03 1.060543013409187552e-06 1.501020847172185313e-06 1.220285980707558338e-06 9.650481160861090757e-07 9.540093515170156024e-07 1.100273152587760706e-06
7.530000000000000000e+02 1.058184261625476873e-02 5.990021396428346634e-03 1.045938347488117870e-06 1.499237782809359487e-06 1.212980009768216405e-06 9.658012913860147819e-07 9.536278753330407199e-07 1.082307448996289168e-06
7.540000000000000000e+02 1.055379268129656885e-02 5.976564250886440277e-03 1.038193772728845943e-06 1.490068143539247103e-06 1.202259682031581178e-06 9.617133400752209127e-07 9.371104283673048485e-07 1.080798369912372436e-06
7.550000000000000000e+02 1.052585412920485977e-02 5.963137838989496231e-03 1.041434302351262886e-06 1.485474967921618372e-06 1.201204327117011417e-06 9.525653013042756356e-07 9.340524229628499597e-07 1.074210445040080231e-06
7.560000000000000000e+02 1.049802637104224438e-02 5.949759855866432190e-03 1.020216586766764522e-06 1.476666739108623005e-06 1.191484102491813246e-06 9.518034858047030866e-07 9.310110726801212877e-07 1.063644845089584123e-06
7.570000000000000000e+02 1.047030882175869863e-02 5.936418194323778152e-03 1.016204123516217805e-06 1.471445557399420068e-06 1.183279550787119661e-06 9.289097988585126586e-07 9.320768299403425772e-07 1.056181190506322309e-06
7.580000000000000000e+02 1.044270090016081835e-02 5.923101678490638733e-03 1.011978724818618502e-06 1.461669398850062862e-06 1.183612539534806274e-06 9.277140406993567012e-07 9.229827924173150677e-07 1.052775360221858136e-06
7.590000000000000000e+02 1.041520202888135578e-02 5.909817758947610855e-03 9.974752401831210591e-07 1.449132696507149376e-06 1.178519255518040154e-06 9.287214766118268017e-07 9.217027923114073928e-07 1.039034373206959572e-06
7.600000000000000000e+02 1.038781163434903017e-02 5.896593909710645676e-03 9.884453220365685411e-07 1.444845679543504957e-06 1.159589146482176147e-06 9.230831210516043939e-07 9.152931284006626811e-07 1.044427563101635315e-06
7.610000000000000000e+02 1.036052914675862288e-02 5.883398000150918961e-03 9.723271432449109852e-07 1.432214958185795695e-06 1.156749931396916509e-06 9.157474778476171196e-07 9.116737942349573132e-07 1.035384570968744811e-06
7.620000000000000000e+02 1.033335400004133271e-02 5.870236083865165710e-03 9.687535111879697070e-07 1.427669189979496878e-06 1.142547944255056791e-06 9.033977335093368310e-07 9.041224870998121332e-07 1.021065486384031828e-06
7.630000000000000000e+02 1.030628563183542956e-02 5.857099778950214386e-03 9.655828989707515575e-07 1.420457124368113000e-06 1.127112227550242096e-06 9.023406164487823844e-07 8.973992180472123437e-07 1.016137048281962052e-06
7.640000000000000000e+02 1.027932348345714231e-02 5.844010505825281143e-03 9.606350204194313847e-07 1.408361526955559384e-06 1.128121198235021438e-06 8.930693979891657364e-07 8.926036798584391363e-07 1.018630769067385700e-06
7.650000000000000000e+02 1.025246699987184332e-02 5.830964539200067520e-03 9.518577144262962975e-07 1.402176621922990307e-06 1.123607489716960117e-06 8.927233352551411372e-07 8.829460966808255762e-07 1.011170866149768699e-06
7.660000000000000000e+02 1.022571562966548275e-02 5.817944649606943130e-03 9.459195666750019882e-07 1.395656909153331071e-06 1.122241542361734901e-06 8.808240750113327522e-07 8.698218039171479177e-07 1.001501686914707534e-06
7.670000000000000000e+02 1.019906882501627615e-02 5.804961547255516052e-03 9.323343874712008983e-07 1.395603135279088747e-06 1.105601995732286014e-06 8.735202641219075304e-07 8.598525482739205472e-07 9.940830523191834800e-07
7.680000000000000000e+02 1.017252604166666609e-02 5.792015232145786285e-03 9.282355222239857540e-07 1.382481173095584381e-06 1.108322294385288842e-06 8.691776542946172412e-07 8.544526508558192290e-07 9.888236718325060792e-07
7.690000000000000000e+02 1.014608673889553017e-02 5.779105238616466522e-03 9.113326200349547435e-07 1.365991579405090306e-06 1.096983169190934859e-06 8.656664363115851302e-07 8.491696803503145929e-07 9.761804449226474389e-07
7.700000000000000000e+02 1.011975037949063884e-02 5.766230635344982147e-03 9.100303941522724926e-07 1.363238880003336817e-06 1.083150664271670394e-06 8.544580509806110058e-07 8.468813348372350447e-07 9.746607929628225975e-07
7.710000000000000000e+02 1.009351642972136816e-02 5.753400735557079315e-03 9.021775895234895870e-07 1.359807470180385280e-06 1.075893464985711034e-06 8.490865184285212308e-07 8.445669550383172464e-07 9.623968253436032683e-07
7.720000000000000000e+02 1.006738435931165895e-02 5.740589927881956100e-03 8.893694030120968819e-07 1.349874082734459080e-06 1.059502324096683878e-06 8.392798349632357713e-07 8.373063451472262386e-07 9.585708085069200024e-07
7.730000000000000000e+02 1.004135364141322054e-02 5.727822426706552505e-03 8.870820238371379673e-07 1.341557322120934259e-06 1.050657829182455316e-06 8.323630709128337912e-07 8.263878044090233743e-07 9.597864618626772426e-07
7.740000000000000000e+02 1.001542375257897209e-02 5.715084262192249298e-03 8.769364967520232312e-07 1.328388975707639474e-06 1.048168314810027368e-06 8.288844810522277839e-07 8.227959256146277767e-07 9.465894095228577498e-07
7.750000000000000000e+02 9.989594172736732114e-03 5.702402908354997635e-03 8.681075769345625304e-07 1.329894871560100000e-06 1.041240011545596644e-06 8.236120834226312581e-07 8.214739182221819647e-07 9.328390433438471518e-07
7.760000000000000000e+02 9.963864385163142059e-03 5.689735524356365204e-03 8.678510994286625646e-07 1.311099140366422944e-06 1.030197495310858358e-06 8.103943400783464313e-07 8.084923024398449343e-07 9.212241138811805286e-07
7.770000000000000000e+02 9.938233876457815488e-03 5.677099339663982391e-03 8.553656130061426666e-07 1.303065687352500390e-06 1.024071366373391356e-06 8.079848612396745011e-07 8.036217309381754603e-07 9.180282063425693195e-07
7.780000000000000000e+02 9.912702136517733548e-03 5.664501339197158813e-03 8.552491976843157317e-07 1.294861817768833134e-06 1.022916535475815181e-06 8.007002065824053716e-07 8.023568511816847604e-07 9.126847544393967837e-07
7.790000000000000000e+02 9.887268658511867703e-03 5.651937797665596008e-03 8.488237881465465762e-07 1.287584268538921606e-06 1.008452954920358025e-06 7.873523486523481552e-07 7.972626576702168677e-07 9.040861073117412161e-07
7.800000000000000000e+02 9.861932938856015837e-03 5.639422219246625900e-03 8.374878461836487986e-07 1.282794642065709922e-06 1.003882971417624503e-06 7.879733061599836219e-07 7.867335511946293991e-07 8.984297323877399322e-07
7.810000000000000000e+02 9.836694477187886421e-03 5.626935046166181564e-03 8.389327490476716775e-07 1.278026957152178511e-06 9.960773468264960684e-07 7.857033210711961146e-07 7.783755791024304926e-07 8.972114073912962340e-07
7.820000000000000000e+02 9.811552776342383902e-03 5.614465102553367615e-03 8.376428013434633613e-07 1.256370751434587874e-06 9.833171361606218852e-07 7.716115533185075037e-07 7.752634587632201146e-07 8.916589990803913679e-07
7.830000000000000000e+02 9.786507342327133499e-03 5.602058488875627518e-03 8.260864206022233702e-07 1.259044324797287118e-06 9.796140147955156863e-07 7.705590405748807825e-07 7.681161946493375581e-07 8.759012075643113349e-07
7.840000000000000000e+02 9.761557684298208942e-03 5.589655134826898575e-03 8.249857614828215446e-07 1.248762487193744164e-06 9.694250593383912928e-07 7.606025747008970939e-07 7.631601306457014289e-07 8.636730512989743147e-07
7.850000000000000000e+02 9.736703314536087478e-03 5.577309522777795792e-03 8.195124223675520625e-07 1.244865416083484888e-06 9.664486242400016636e-07 7.555732963737682439e-07 7.545268090325407684e-07 8.589505569034372456e-07
7.860000000000000000e+02 9.711943748421809561e-03 5.564979743212461472e-03 8.178170105566096026e-07 1.238523168467509095e-06 9.572753469910821877e-07 7.452729278156766668e-07 7.445268579431285616e-07 8.572861247557739262e-07
7.870000000000000000e+02 9.687278504413362329e-03 5.552695132791996002e-03 8.187723778974032030e-07 1.234922933690540958e-06 9.444603392694261856e-07 7.415670779664651491e-07 7.463936526619363576e-07 8.460973504043067805e-07
7.880000000000000000e+02 9.662707104022262572e-03 5.540436133742332458e-03 8.035232212932896800e-07 1.224255925080797169e-06 9.307726145380001981e-07 7.356725859608559404e-07 7.280987119884230196e-07 8.422710493505292106e-07
7.890000000000000000e+02 9.638229071790349600e-03 5.528212990611791611e-03 8.029156788325053640e-07 1.212583697451918852e-06 9.345814078187686391e-07 7.311959393518918660e-07 7.235129828586650547e-07 8.355980867236212362e-07
7.900000000000000000e+02 9.613843935266784546e-03 5.516017321497201920e-03 7.991916959326772485e-07 1.207077843901060987e-06 9.368325208924943581e-07 7.259274070747778751e-07 7.181912451414973475e-07 8.290612072414660361e-07
7.910000000000000000e+02 9.589551224985256098e-03 5.503864027559757233e-03 7.877747520979028195e-07 1.196006110149028245e-06 9.173563739750534296e-07 7.113122819646378048e-07 7.226658453873824328e-07 8.244255127465294208e-07
7.920000000000000000e+02 9.565350474441383991e-03 5.491750314831733704e-03 7.957175967021612450e-07 1.190909074466617312e-06 9.176873163596610539e-07 7.129083314794115722e-07 7.086413233992061578e-07 8.214262834371766075e-07
7.930000000000000000e+02 9.541241220070318524e-03 5.479649174958467484e-03 7.915379569567448925e-07 1.190245598081673961e-06 9.073793307834421284e-07 7.001393669270328246e-07 7.044718017823470291e-07 8.072302648542972747e-07
7.940000000000000000e+02 9.517223001224549978e-03 5.467590410262346268e-03 7.735205826975288801e-07 1.181341303890803829e-06 8.995521056931465864e-07 6.873098641335673165e-07 7.021192800493736286e-07 8.054969384829746559e-07
7.950000000000000000e+02 9.493295360151893236e-03 5.455565173178911209e-03 7.781603699186234735e-07 1.174996214103884995e-06 8.998038083518622443e-07 6.901171900608460419e-07 6.844032895969576202e-07 7.976768188200367149e-07
7.960000000000000000e+02 9.469457841973687520e-03 5.443571135401725769e-03 7.754284183647541795e-07 1.162723947345511988e-06 8.930515491556434426e-07 6.853395007055951282e-07 6.873519282635243144e-07 7.974180675773823168e-07
7.970000000000000000e+02 9.445709994663173056e-03 5.431618075817823410e-03 7.666794772376306355e-07 1.157179667643504217e-06 8.845997854223242030e-07 6.877500027258065529e-07 6.813412483097636141e-07 7.818522931302140933e-07
7.980000000000000000e+02 9.422051369024063774e-03 5.419685505330562592e-03 7.627652962582942564e-07 1.152540676230273675e-06 8.797182999842334539e-07 6.816709969825751614e-07 6.702039740957843605e-07 7.789113283251936082e-07
7.990000000000000000e+02 9.398481518669300414e-03 5.407785531133413315e-03 7.581312502225046046e-07 1.140684275924286339e-06 8.746781645641021896e-07 6.769734000044991262e-07 6.628978894696047064e-07 7.730763513791316655e-07
8.000000000000000000e+02 9.374999999999999653e-03 5.395914427936077118e-03 7.614592618665483315e-07 1.134792228185688145e-06 8.670336910654441454e-07 6.697378580611257348e-07 6.629395556956296787e-07 7.655423246433201712e-07
8.010000000000000000e+02 9.351606372184581920e-03 5.384074058383703232e-03 7.619206030540226493e-07 1.128122448790236376e-06 8.649298024465679191e-07 6.650690806964121293e-07 6.572855113518016879e-07 7.625372973052435555e-07
8.020000000000000000e+02 9.328300197138077871e-03 5.372276995331048965e-03 7.487670927730505355e-07 1.135688307840609923e-06 8.590995435042714234e-07 6.627890911659051199e-07 6.528724725285428576e-07 7.580842407151067164e-07
8.030000000000000000e+02 9.305081039501620493e-03 5.360506940633058548e-03 7.486233357667515520e-07 1.125188305195479188e-06 8.517712899447360542e-07 6.520299393741879612e-07 6.586324730051273946e-07 7.533188295383297373e-07
8.040000000000000000e+02 9.281948466622114147e-03 5.348770413547754288e-03 7.454787009919527918e-07 1.118615614359441679e-06 8.461813081339641940e-07 6.525385174427356105e-07 6.472002382906794082e-07 7.453652983713254798e-07
8.050000000000000000e+02 9.258902048532078807e-03 5.337068811058998108e-03 7.487660127480921801e-07 1.114462179430120159e-06 8.434740266238804907e-07 6.411340791601105593e-07 6.545877795360866003e-07 7.375901986961252987e-07
8.060000000000000000e+02 9.235941357929671261e-03 5.325386300683021545e-03 7.430707569255901035e-07 1.104971715903957374e-06 8.452418569504516199e-07 6.433340900002804119e-07 6.412599304894683883e-07 7.398124921564885881e-07
8.070000000000000000e+02 9.213065970158879764e-03 5.313743837177753448e-03 7.385585831798380241e-07 1.098770667340431828e-06 8.344515549651987385e-07 6.322612193798704538e-07 6.361451028169540223e-07 7.321375505853211507e-07
8.080000000000000000e+02 9.190275463189883504e-03 5.302127916365861893e-03 7.435720021931047086e-07 1.096101414077566005e-06 8.218142966143204831e-07 6.368141498569457326e-07 6.393875651156122331e-07 7.288288088602712378e-07
8.090000000000000000e+02 9.167569417599594206e-03 5.290540866553783417e-03 7.339398848671407904e-07 1.089821125788148493e-06 8.178867574315518141e-07 6.268993502089870162e-07 6.359846906889288221e-07 7.263541306201659609e-07
8.100000000000000000e+02 9.144947416552355601e-03 5.278986878693103790e-03 7.215426762741117273e-07 1.077947331395989750e-06 8.108511337923118845e-07 6.339358833429287188e-07 6.241895675884734374e-07 7.292038617379148491e-07
8.110000000000000000e+02 9.122409045780809425e-03 5.267470143735408783e-03 7.205325118775363080e-07 1.080452307178347837e-06 8.134122708725044504e-07 6.255922926357015967e-07 6.285755489443545230e-07 7.204317853393149562e-07
8.120000000000000000e+02 9.099953893566940094e-03 5.255979485809803009e-03 7.336181511163886171e-07 1.073860289579897653e-06 8.115699188238068018e-07 6.140001573839981575e-07 6.137887567092548124e-07 7.089536779858462978e-07
8.130000000000000000e+02 9.077581550723256426e-03 5.244504660367965698e-03 7.226581146824173629e-07 1.065238848241278902e-06 8.026014484130428173e-07 6.166821435726888012e-07 6.167263109091436490e-07 7.079742658788745757e-07
8.140000000000000000e+02 9.055291610574165914e-03 5.233087576925754547e-03 7.162168458307860419e-07 1.062411342900304589e-06 7.997047646313149016e-07 6.135205694590695202e-07 6.081280616854201071e-07 7.072817993503122125e-07
8.150000000000000000e+02 9.033083668937484309e-03 5.221675615757703781e-03 7.165334068304218818e-07 1.060461841007054318e-06 7.980132750162738375e-07 6.128730660748260561e-07 6.124557785369688645e-07 7.016606673460046295e-07
8.160000000000000000e+02 9.010957324106113470e-03 5.210306029766798019e-03 7.167989224399207160e-07 1.056404471455607563e-06 7.909823693807993550e-07 6.013739834997977596e-07 6.017093596710765269e-07 7.026446837699040771e-07
8.170000000000000000e+02 8.988912176829880543e-03 5.198972765356302261e-03 7.154657168939593248e-07 1.044081272993935272e-06 7.897872933426697273e-07 6.026349410603870638e-07 6.023432774782122578e-07 6.919587463016796391e-07
8.180000000000000000e+02 8.966947830297522862e-03 5.187661387026309967e-03 7.103626558091491461e-07 1.043137331180332694e-06 7.813012530277774204e-07 5.966138019175559748e-07 6.003965609124861658e-07 6.919637485225393903e-07
8.190000000000000000e+02 8.945063890118835903e-03 5.176374688744544983e-03 7.068620675454440061e-07 1.042398935169330798e-06 7.763619578327052295e-07 5.958206088507722598e-07 5.947975978415342979e-07 6.875054054944484960e-07
8.200000000000000000e+02 8.923259964306960029e-03 5.165121518075466156e-03 6.995168178036692552e-07 1.035526224768545944e-06 7.617551887051376980e-07 5.908652838115813211e-07 5.900341761844174471e-07 6.840377864136826247e-07
8.210000000000000000e+02 8.901535663260840697e-03 5.153905134648084641e-03 6.994320074227289297e-07 1.031077317747985944e-06 7.695543331465160009e-07 5.956800919193483423e-07 5.958963811281137168e-07 6.776547820663836319e-07
8.220000000000000000e+02 8.879890599747811836e-03 5.142714828252792358e-03 7.022547947599377949e-07 1.030316298056277446e-06 7.670185482311353553e-07 5.858946110492979642e-07 5.846709996149002109e-07 6.772312985958706122e-07
8.230000000000000000e+02 8.858324388886345754e-03 5.131548270583152771e-03 6.940376806596759707e-07 1.028448082251998130e-06 7.616764605700154789e-07 5.840681183144624811e-07 5.880285129933326971e-07 6.829553171883162577e-07
8.240000000000000000e+02 8.836836648128947036e-03 5.120412912219762802e-03 6.895282922414480709e-07 1.022875380840559956e-06 7.593249051751627121e-07 5.815639951833873056e-07 5.869289907423080876e-07 6.773079235244949814e-07
8.250000000000000000e+02 8.815426997245178267e-03 5.109312478452920914e-03 6.823880767115042545e-07 1.023368440655758604e-06 7.659295420125999954e-07 5.804828333566547371e-07 5.788437533738033380e-07 6.756851007594377734e-07
8.260000000000000000e+02 8.794095058304850568e-03 5.098242778331041336e-03 6.853651370875013527e-07 1.016716510093829129e-06 7.533215580224350560e-07 5.725269716094771866e-07 5.750082436861703172e-07 6.740812068528612144e-07
8.270000000000000000e+02 8.772840455661333817e-03 5.087194032967090607e-03 6.730272730237629730e-07 1.010011828839196824e-06 7.518148095186916180e-07 5.790381010228884406e-07 5.773309226242417935e-07 6.599158837161667179e-07
8.280000000000000000e+02 8.751662815935028206e-03 5.076176486909389496e-03 6.763119131392159034e-07 1.003687430056743324e-06 7.460114943569351453e-07 5.755111374128318857e-07 5.790320756204891950e-07 6.552012905558513012e-07
8.290000000000000000e+02 8.730561767996962430e-03 5.065188277512788773e-03 6.708206115035864059e-07 9.953248536476166919e-07 7.490214102290337905e-07 5.752054903496173210e-07 5.720202693737519439e-07 6.580397098332468886e-07
8.300000000000000000e+02 8.709536942952532390e-03 5.054228007793426514e-03 6.607904765587591100e-07 1.000331963041389827e-06 7.341275818362191785e-07 5.699998268937633839e-07 5.752132210545823909e-07 6.572836355189792812e-07
8.310000000000000000e+02 8.688587974125385610e-03 5.043299403041601181e-03 6.656346727140771691e-07 9.888782415146124549e-07 7.380758688668720424e-07 5.647659122587356251e-07 5.637371600641927216e-07 6.553982530022040009e-07
8.320000000000000000e+02 8.667714497041420149e-03 5.032395478338003159e-03 6.493283990494091995e-07 9.891384706861572340e-07 7.418684049298462924e-07 5.629836437037738506e-07 5.707817649636126589e-07 6.503570944005332422e-07
8.330000000000000000e+02 8.646916149412946576e-03 5.021519493311643600e-03 6.579971341125201434e-07 9.872303508018376306e-07 7.276196356542641297e-07 5.685002975042152684e-07 5.601286829914897680e-07 6.466315198849770240e-07
8.340000000000000000e+02 8.626192571122957495e-03 5.010680295526981354e-03 6.444305995501053985e-07 9.800069165066815913e-07 7.287165999514400028e-07 5.596409664576640353e-07 5.576847570409881882e-07 6.521664772662916221e-07
8.350000000000000000e+02 8.605543404209544528e-03 4.999869037419557571e-03 6.419073770302929915e-07 9.858404155238531530e-07 7.268301942531252280e-07 5.489588374985032715e-07 5.545733188228041399e-07 6.354111405926232692e-07
8.360000000000000000e+02 8.584968292850438457e-03 4.989082925021648407e-03 6.474305678239034023e-07 9.729805015012971126e-07 7.186619654930836987e-07 5.598258212557993829e-07 5.570896632889343891e-07 6.413618507394858170e-07
8.370000000000000000e+02 8.564466883347679471e-03 4.978309385478496552e-03 6.314231768556055613e-07 9.583649216438061558e-07 7.273926598827529233e-07 5.582934363701497205e-07 5.534394631467876025e-07 6.406717147910967469e-07
8.380000000000000000e+02 8.544038824112417524e-03 4.967588931322097778e-03 6.311699962679995224e-07 9.613248721507261507e-07 7.132412633836793248e-07 5.537540914701821748e-07 5.484575353875698056e-07 6.327665573735430371e-07
8.390000000000000000e+02 8.523683765649839317e-03 4.956868011504411697e-03 6.305632496150792576e-07 9.584730378264794126e-07 7.177594625318306498e-07 5.528517021957668476e-07 5.431380714071565308e-07 6.283306674959021620e-07
8.400000000000000000e+02 8.503401360544218454e-03 4.946192260831594467e-03 6.258858320506988093e-07 9.560144462739117444e-07 7.170015123847406358e-07 5.498614541465940420e-07 5.445247666102659423e-07 6.326167749648448080e-07
8.410000000000000000e+02 8.483191263444090496e-03 4.935553763061761856e-03 6.208395006979117170e-07 9.569961321176378988e-07 7.042901870590867475e-07 5.425596896202478092e-07 5.453300104818481486e-07 6.305438091658288613e-07
8.420000000000000000e+02 8.463053131047556382e-03 4.924927372485399246e-03 6.180603691063879523e-07 9.470865620642143767e-07 7.100916832314396743e-07 5.348308036445814651e-07 5.424089408734289464e-07 6.237921752472175285e-07
8.430000000000000000e+02 8.442986622087696874e-03 4.914325661957263947e-03 6.162512136143050157e-07 9.360710464534349740e-07 7.018243195489048958e-07 5.375253522288403474e-07 5.377127649808244314e-07 6.237259526642446872e-07
8.440000000000000000e+02 8.422991397318118842e-03 4.903765860944986343e-03 6.007560955367807765e-07 9.428172234038356692e-07 6.965878469600284006e-07 5.384230803429090884e-07 5.331294232746586204e-07 6.229528821677376982e-07
8.450000000000000000e+02 8.403067119498617774e-03 4.893226549029350281e-03 5.993296099404687993e-07 9.390217883264995180e-07 6.908163072694151197e-07 5.351352569959999528e-07 5.416051180873182602e-07 6.288456688707810827e-07
8.460000000000000000e+02 8.383213453380949573e-03 4.882714711129665375e-03 5.930423867539502680e-07 9.333605817118950654e-07 6.875881695123098325e-07 5.272791554489231203e-07 5.270506449051026721e-07 6.169406105982488953e-07
8.470000000000000000e+02 8.363430065694742871e-03 4.872223827987909317e-03 5.925066943746060133e-07 9.377385481457167771e-07 6.857176799712760840e-07 5.353041956368542742e-07 5.245312308943539392e-07 6.039389859324728604e-07
8.480000000000000000e+02 8.343716625133499806e-03 4.861767869442701340e-03 5.807383445244340692e-07 9.249202435057668481e-07 6.837585715402383357e-07 5.241951726020488422e-07 5.228988584349281155e-07 6.111877723924408201e-07
8.490000000000000000e+02 8.324072802340728647e-03 4.851336125284433365e-03 5.807759748677199241e-07 9.196569976666069124e-07 6.767023137399519328e-07 5.246185423857241403e-07 5.192933940634247847e-07 5.973934094072319567e-07
8.500000000000000000e+02 8.304498269896194371e-03 4.840931855142116547e-03 5.813060965920158196e-07 9.155193652077286970e-07 6.819854547757131513e-07 5.254854045233514626e-07 5.138261371939734090e-07 6.030751364960451610e-07
8.510000000000000000e+02 8.284992702302261189e-03 4.830557387322187424e-03 5.698910285900637973e-07 9.153974929176911246e-07 6.722764851474494208e-07 5.139481231708487030e-07 5.089789283374557272e-07 5.990653448861849029e-07
8.520000000000000000e+02 8.265555775970375579e-03 4.820209462195634842e-03 5.594433218902850058e-07 9.131107390203396790e-07 6.614235985580307897e-07 5.133708214088983368e-07 5.080270852886314970e-07 5.923369030824687798e-07
8.530000000000000000e+02 8.246187169207637793e-03 4.809885285794734955e-03 5.565725587075576186e-07 8.991563618110376410e-07 6.596811772396904416e-07 5.100108069200359751e-07 5.149863682163413614e-07 5.857334599568275735e-07
8.540000000000000000e+02 8.226886562203489586e-03 4.799577873200178146e-03 5.502463409357005730e-07 9.022649578582786489e-07 6.577024009857268538e-07 5.116947932037874125e-07 5.017921012040460482e-07 5.815008989884518087e-07
8.550000000000000000e+02 8.207653637016518178e-03 4.789303056895732880e-03 5.549566139961825684e-07 8.903252251002413686e-07 6.491400199593044817e-07 5.008146217733155936e-07 5.018468414164090063e-07 5.840923904543160461e-07
8.560000000000000000e+02 8.188488077561359088e-03 4.779050592333078384e-03 5.408580250332306605e-07 8.943556508711481001e-07 6.438917807827237993e-07 4.874844989899429493e-07 5.056921850155049469e-07 5.790970476482470986e-07
8.570000000000000000e+02 8.169389569595709999e-03 4.768842365592718124e-03 5.364816502151370514e-07 8.884372846296173520e-07 6.388266911017126404e-07 4.923880396745516919e-07 4.946556373397470452e-07 5.764579782407963648e-07
8.580000000000000000e+02 8.150357800707450431e-03 4.758647643029689789e-03 5.359350438993715215e-07 8.795376515990938060e-07 6.408250214917643461e-07 4.870914835919393227e-07 4.948068976773356553e-07 5.693046318810957018e-07
8.590000000000000000e+02 8.131392460301863773e-03 4.748481791466474533e-03 5.271418217489554081e-07 8.638396593596553430e-07 6.377183581207646057e-07 4.878581876255339012e-07 4.861455522586766165e-07 5.709122206098982133e-07
8.600000000000000000e+02 8.112493239588966856e-03 4.738344345241785049e-03 5.256412123344489373e-07 8.709063763490121346e-07 6.257368454498646315e-07 4.774670969709404744e-07 4.806109359378751833e-07 5.762570935985422693e-07
8.610000000000000000e+02 8.093659831570938420e-03 4.728225525468587875e-03 5.236730089563934598e-07 8.638431268082058523e-07 6.282068625296233222e-07 4.712353245395206613e-07 4.825507744499191176e-07 5.632732609228696674e-07
8.620000000000000000e+02 8.074891931029656855e-03 4.718142561614513397e-03 5.133521767675119918e-07 8.603764172221417539e-07 6.232427836039278191e-07 4.777208459927351214e-07 4.701512068550073309e-07 5.620794922833738383e-07
8.630000000000000000e+02 8.056189234514326419e-03 4.708079155534505844e-03 5.148518198438978288e-07 8.575882475270191208e-07 6.227263611435773782e-07 4.725450537534925388e-07 4.706735978743381565e-07 5.584677182923769578e-07
8.640000000000000000e+02 8.037551440329217950e-03 4.698045551776885986e-03 5.089364094601478428e-07 8.473750199300411623e-07 6.113127142270968761e-07 4.677713718592713121e-07 4.704634193331003189e-07 5.504555815605272073e-07
8.650000000000000000e+02 8.018978248521501512e-03 4.688030574470758438e-03 5.040465680394845549e-07 8.490135314787039533e-07 6.058168651179585140e-07 4.598729503868526081e-07 4.564653011129848892e-07 5.420969273473019712e-07
8.660000000000000000e+02 8.000469360869170987e-03 4.678036086261272430e-03 4.922867447021417320e-07 8.464634220217703842e-07 6.065210982342250645e-07 4.623481402177276323e-07 4.585053545724804280e-07 5.467086907628981862e-07
8.670000000000000000e+02 7.982024480869083158e-03 4.668070934712886810e-03 5.024958795729617123e-07 8.267923021776368842e-07 5.983893061056733131e-07 4.509502957716904348e-07 4.566396114569215570e-07 5.334759407560341060e-07
8.680000000000000000e+02 7.963643313725073114e-03 4.658136982470750809e-03 4.924637551084742881e-07 8.224730549954983871e-07 5.936332740930083673e-07 4.518526850461057620e-07 4.537041320418211399e-07 5.290864919516025111e-07
8.690000000000000000e+02 7.945325566336185891e-03 4.648217465728521347e-03 4.953794814355205745e-07 8.178679422599088866e-07 5.920516059632063843e-07 4.479259700929105747e-07 4.568777569602389121e-07 5.308331765263574198e-07
8.700000000000000000e+02 7.927070947284977492e-03 4.638338927179574966e-03 4.824009351978020277e-07 8.165119993464031722e-07 5.832068268318835180e-07 4.397933821564947721e-07 4.535301911801070673e-07 5.216940621721732896e-07
8.710000000000000000e+02 7.908879166825942553e-03 4.628474824130535126e-03 4.762791832035873085e-07 8.125108479362097569e-07 5.772187137154105585e-07 4.337155701250594575e-07 4.451965764928900171e-07 5.263362936602788977e-07
8.720000000000000000e+02 7.890749936874000975e-03 4.618648439645767212e-03 4.801109412255755160e-07 8.051550821619457565e-07 5.818077397634624504e-07 4.319696813581686001e-07 4.403833884225605289e-07 5.144244141774834134e-07
8.730000000000000000e+02 7.872682970993099064e-03 4.608836956322193146e-03 4.684465579884999897e-07 7.996786166586389299e-07 5.605991759694006760e-07 4.372905380023439648e-07 4.296358611100004055e-07 5.080512437416473404e-07
8.740000000000000000e+02 7.854677984384900863e-03 4.599050153046846390e-03 4.766247911902610213e-07 7.886302455517579801e-07 5.555726261263771448e-07 4.324315625581220957e-07 4.330478304837015457e-07 5.072963631391758099e-07
8.750000000000000000e+02 7.836734693877550617e-03 4.589279182255268097e-03 4.549344794213538989e-07 7.932912922115065157e-07 5.563766194427444134e-07 4.259390209426783258e-07 4.263749815436312929e-07 4.974285729986149818e-07
8.760000000000000000e+02 7.818852817914554929e-03 4.579545464366674423e-03 4.557718398245924618e-07 7.868510465414146893e-07 5.511202516572666354e-07 4.274929779057856649e-07 4.123808992062549805e-07 4.942106670569046400e-07
8.770000000000000000e+02 7.801032076543726497e-03 4.569843411445617676e-03 4.479080359942599898e-07 7.803165544828516431e-07 5.485348992806393653e-07 4.089624496828037081e-07 4.144110903325781692e-07 4.903131980427133385e-07
8.780000000000000000e+02 7.783272191406229341e-03 4.560153000056743622e-03 4.446139314495667350e-07 7.685021046199835837e-07 5.433961973722034600e-07 4.062849257024936378e-07 4.081827569279994350e-07 4.838984750676900148e-07
8.790000000000000000e+02 7.765572885725712492e-03 4.550488200038671494e-03 4.472077819173136959e-07 7.657264973204291891e-07 5.377767138270428404e-07 4.058829290443100035e-07 4.063653875618911115e-07 4.796098096448986325e-07
8.800000000000000000e+02 7.747933884297520876e-03 4.540851339697837830e-03 4.466688778848038055e-07 7.587779577988840174e-07 5.386474413171526976e-07 4.001566367151099257e-07 4.053181044127995847e-07 4.878899062532582320e-07
8.810000000000000000e+02 7.730354913478002486e-03 4.531234037131071091e-03 4.378587163955671713e-07 7.500414653804909904e-07 5.331322086021828000e-07 3.970229158767324407e-07 4.048871744544157991e-07 4.730912337436166126e-07
8.820000000000000000e+02 7.712835701173893603e-03 4.521652124822139740e-03 4.301107026094541652e-07 7.574677169941423927e-07 5.284354074319708161e-07 3.998523254722385900e-07 3.977272626798367128e-07 4.763162166909751249e-07
8.830000000000000000e+02 7.695375976831788159e-03 4.512075800448656082e-03 4.317760726735286880e-07 7.478428756257926580e-07 5.251983452581043821e-07 3.957070475735235959e-07 4.000567912498809164e-07 4.705456149167730473e-07
8.840000000000000000e+02 7.677975471427693835e-03 4.502534866333007812e-03 4.490646574595302809e-07 7.441161073984403629e-07 5.219342256168602034e-07 3.855047054912574822e-07 3.914627200174436439e-07 4.645408751002833014e-07
8.850000000000000000e+02 7.660633917456669689e-03 4.493009764701128006e-03 4.403800346608477412e-07 7.390340215351898223e-07 5.169681571715045720e-07 3.858393426980910590e-07 3.939927637475193478e-07 4.584225052894908004e-07
8.860000000000000000e+02 7.643351048922541850e-03 4.483515862375497818e-03 4.353044289473473327e-07 7.373173502855934203e-07 5.099036570754833519e-07 3.757748743282718351e-07 3.814251954281644430e-07 4.497574366268963786e-07
8.870000000000000000e+02 7.626126601327708546e-03 4.474036861211061478e-03 4.214030013827141374e-07 7.349552220148325432e-07 5.067230404165457003e-07 3.706757922827819129e-07 3.818023799340153346e-07 4.529386501417320687e-07
8.880000000000000000e+02 7.608960311663014522e-03 4.464601166546344757e-03 4.320986874972732039e-07 7.299661319848382846e-07 5.062192940386012197e-07 3.676523760987038258e-07 3.774598837935627671e-07 4.412801501985086361e-07
8.890000000000000000e+02 7.591851918397713936e-03 4.455175250768661499e-03 4.209106521102512488e-07 7.132500741136027500e-07 5.070052679911896121e-07 3.642127524017269025e-07 3.831810033716465114e-07 4.377896800633607199e-07
8.900000000000000000e+02 7.574801161469511303e-03 4.445773549377918243e-03 4.233757238125690492e-07 7.109586590559047181e-07 4.887192517344374210e-07 3.659141327716497472e-07 3.770076659748156089e-07 4.300289901948417537e-07
8.910000000000000000e+02 7.557807782274673578e-03 4.436391871422529221e-03 4.206043797694292152e-07 7.133179451557225548e-07 4.845294938604638446e-07 3.713176113251392962e-07 3.726596276010241127e-07 4.339428301136649679e-07
8.920000000000000000e+02 7.540871523658227230e-03 4.427042789757251740e-03 4.136934137477510376e-07 7.071158734106575139e-07 4.852502115682000294e-07 3.646916866273386404e-07 3.643889954219048377e-07 4.294766995371901430e-07
8.930000000000000000e+02 7.523992129904232516e-03 4.417710006237030029e-03 4.133152913254889427e-07 7.047397616588568781e-07 4.775392881128937006e-07 3.688781191613088595e-07 3.633372216427233070e-07 4.257708781096880557e-07
8.940000000000000000e+02 7.507169346726123675e-03 4.408414009958505630e-03 4.121918095734145027e-07 7.007466251707228366e-07 4.780133053827739786e-07 3.626231546149938367e-07 3.607788130466360599e-07 4.254418684013216989e-07
8.950000000000000000e+02 7.490402921257139322e-03 4.399129655212163925e-03 4.064159213612583699e-07 6.944379151718749199e-07 4.760799470204801764e-07 3.581061491786385886e-07 3.510740498313680291e-07 4.191366258510242915e-07
8.960000000000000000e+02 7.473692602040816167e-03 4.389873705804347992e-03 4.091629932645446388e-07 6.862927079964720178e-07 4.707283380867011147e-07 3.463265159098227741e-07 3.529743537455942715e-07 4.208315544929064345e-07
8.970000000000000000e+02 7.457038139021561658e-03 4.380636382848024368e-03 3.984737872997357044e-07 6.895018032082589343e-07 4.725857252196874470e-07 3.412605167341098422e-07 3.504139272081374656e-07 4.127039403556409525e-07
8.980000000000000000e+02 7.440439283535300354e-03 4.371421877294778824e-03 4.040045666897640331e-07 6.808057833040948026e-07 4.710581720246409532e-07 3.420625773742358433e-07 3.482472266114200465e-07 4.018063179955788655e-07
8.990000000000000000e+02 7.423895788300187946e-03 4.362235777080059052e-03 4.011927217106858734e-07 6.812776405240583699e-07 4.581686141591490014e-07 3.404836377285391791e-07 3.439741078636870952e-07 4.092027552360377740e-07
9.000000000000000000e+02 7.407407407407407690e-03 4.353065043687820435e-03 3.986326930771610932e-07 6.706532076350413263e-07 4.568516658309818013e-07 3.364475560374557972e-07 3.482555825939925853e-07 4.038064673750341171e-07
9.010000000000000000e+02 7.390973896312027537e-03 4.343915730714797974e-03 4.002095295163599076e-07 6.701752681692596525e-07 4.576339165396348108e-07 3.332289963964285562e-07 3.416637639475084143e-07 3.972799902385304449e-07
9.020000000000000000e+02 7.374595011823933607e-03 4.334798548370599747e-03 3.979596954195585568e-07 6.672935910501109902e-07 4.542037004284793511e-07 3.334178302338841604e-07 3.449198970884026494e-07 3.925172507024399238e-07
9.030000000000000000e+02 7.358270512098836515e-03 4.325694870203733444e-03 3.872700347073987359e-07 6.638532568103983067e-07 4.471142176498688059e-07 3.317530286039982457e-07 3.429410071476013400e-07 3.957139256272057537e-07
9.040000000000000000e+02 7.342000156629336673e-03 4.316613078117370605e-03 3.911784460797207430e-07 6.613103096242411993e-07 4.464026801542786416e-07 3.308140605895459885e-07 3.399925674330006586e-07 3.881836789787485031e-07
9.050000000000000000e+02 7.325783706236073736e-03 4.307562950998544693e-03 3.891452422521979315e-07 6.542260280184564181e-07 4.385365173220634460e-07 3.307747533654037397e-07 3.307895326543075498e-07 3.941136981211457169e-07
9.060000000000000000e+02 7.309620923058929819e-03 4.298534709960222244e-03 3.849848724257753929e-07 6.541307016050268430e-07 4.452718371794617269e-07 3.191865118878922658e-07 3.281992064785299590e-07 3.923579470210825093e-07
9.070000000000000000e+02 7.293511570548314241e-03 4.289517644792795181e-03 3.893873667948355433e-07 6.489303245871269610e-07 4.329542093728377949e-07 3.136290445127087878e-07 3.325211253013549140e-07 3.849974348213436315e-07
9.080000000000000000e+02 7.277455413456500322e-03 4.280531778931617737e-03 3.832157062788610347e-07 6.510884418275963981e-07 4.411691634231829084e-07 3.154032981456111884e-07 3.205987582077796105e-07 3.829917147868400207e-07
9.090000000000000000e+02 7.261452217829043702e-03 4.271559882909059525e-03 3.749948689346638275e-07 6.431868087020120583e-07 4.360198033737106016e-07 3.134204575871990528e-07 3.286162666427117074e-07 3.740539114005514421e-07
9.100000000000000000e+02 7.245501750996256179e-03 4.262614063918590546e-03 3.825399517154437490e-07 6.324780201794055756e-07 4.268295583642611746e-07 3.110432942321494920e-07 3.192653252881427761e-07 3.810142459315102315e-07
9.110000000000000000e+02 7.229603781564751530e-03 4.253686871379613876e-03 3.749922825591056608e-07 6.389610689438995905e-07 4.199688135031465208e-07 3.080202475302940002e-07 3.151995997541234829e-07 3.681534508359618485e-07
9.120000000000000000e+02 7.213758079409048583e-03 4.244795534759759903e-03 3.774105437059915857e-07 6.271268944146868307e-07 4.305747438593243714e-07 3.118681775049481075e-07 3.205338146017311374e-07 3.765281633150152629e-07
9.130000000000000000e+02 7.197964415663250619e-03 4.235913511365652084e-03 3.657764580111688701e-07 6.299757160377339460e-07 4.274577634078013944e-07 3.046857557365001412e-07 3.176384666403464507e-07 3.703327422499569366e-07
9.140000000000000000e+02 7.182222562712773338e-03 4.227068275213241577e-03 3.729492448201199295e-07 6.235900968931673560e-07 4.206917765259277076e-07 3.055281752040173160e-07 3.122703446933883242e-07 3.654031672795099439e-07
9.150000000000000000e+02 7.166532294186150898e-03 4.218232352286577225e-03 3.746270920146343997e-07 6.227122639756998979e-07 4.181258645985508338e-07 3.078282304613821907e-07 3.182628915965324268e-07 3.624190583195741056e-07
9.160000000000000000e+02 7.150893384946893118e-03 4.209419246762990952e-03 3.611303043271618662e-07 6.196806339175964240e-07 4.215316096178867156e-07 3.007073416938510491e-07 3.141080355817393865e-07 3.596503574954112992e-07
9.170000000000000000e+02 7.135305611085411212e-03 4.200623836368322372e-03 3.646981383553793421e-07 6.114135544521559495e-07 4.049403514727600850e-07 2.993259045069862623e-07 3.043985259409964783e-07 3.590875223835610086e-07
9.180000000000000000e+02 7.119768749911002496e-03 4.191851709038019180e-03 3.654865565749787493e-07 6.097700975260522682e-07 4.085167688572255429e-07 2.900104334457864752e-07 3.041809293335973052e-07 3.619045685354649322e-07
9.190000000000000000e+02 7.104282579943900153e-03 4.183108452707529068e-03 3.606473057971015805e-07 6.078218461880169343e-07 4.104307151919783792e-07 2.961562017844698858e-07 3.047381653686898062e-07 3.604109508614783408e-07
9.200000000000000000e+02 7.088846880907372430e-03 4.174379166215658188e-03 3.581579051115113543e-07 6.061981707716768142e-07 4.008949758826929610e-07 2.929296272213832708e-07 3.019370069523574784e-07 3.496820966120139929e-07
9.210000000000000000e+02 7.073461433719898175e-03 4.165670368820428848e-03 3.590097605865594232e-07 6.094394962019578088e-07 4.058737488321639830e-07 3.029200854598457227e-07 3.007355644513154402e-07 3.564184112292423379e-07
9.220000000000000000e+02 7.058126020487387464e-03 4.156991839408874512e-03 3.627245916959509486e-07 5.976393140372238122e-07 4.049545054840564262e-07 2.988676328641304281e-07 2.994346459672669880e-07 3.505653864976920886e-07
9.230000000000000000e+02 7.042840424495468155e-03 4.148323554545640945e-03 3.610358021433057729e-07 6.009958042341168039e-07 3.997228930074925302e-07 2.841766786332300398e-07 3.002932658091594931e-07 3.540203863394708605e-07
9.240000000000000000e+02 7.027604430201833154e-03 4.139684606343507767e-03 3.567622854916407960e-07 5.989913347548281308e-07 3.973594857598072849e-07 2.868677881906478433e-07 2.901446407577168429e-07 3.486888147108402336e-07
9.250000000000000000e+02 7.012417823228633655e-03 4.131069872528314590e-03 3.506743269099388272e-07 5.935643230259302072e-07 3.898275338087842101e-07 2.951809392470750026e-07 2.947158179722464411e-07 3.483744421828305349e-07
9.260000000000000000e+02 6.997280390354948705e-03 4.122476559132337570e-03 3.508398265239520697e-07 5.879633135918993503e-07 3.831336243820260279e-07 2.887138634832808748e-07 2.932729330495931208e-07 3.423105567890161183e-07
9.270000000000000000e+02 6.982191919509291196e-03 4.113890696316957474e-03 3.419463041609560605e-07 5.886067810934036970e-07 3.848636822567641502e-07 2.838085606526874471e-07 2.811084414133802056e-07 3.450941790106298868e-07
9.280000000000000000e+02 6.967152199762187588e-03 4.105346743017435074e-03 3.487656954348494764e-07 5.856211942045774776e-07 3.853137116038851673e-07 2.796429043883108534e-07 2.922036514974024612e-07 3.425843999593780609e-07
9.290000000000000000e+02 6.952161021318801863e-03 4.096800461411476135e-03 3.423608632147079334e-07 5.822740263283776585e-07 3.762026778986182762e-07 2.774635845526063349e-07 2.806182237691245973e-07 3.384857336641289294e-07
9.300000000000000000e+02 6.937218175511620198e-03 4.088283516466617584e-03 3.368946863702149130e-07 5.778583727078512311e-07 3.843895228783367202e-07 2.754845240815484431e-07 2.772303560050204396e-07 3.382741056157101411e-07
9.310000000000000000e+02 6.922323454793189411e-03 4.079789388924837112e-03 3.345265611187642207e-07 5.768866344624257181e-07 3.808121675774600590e-07 2.774598328869615216e-07 2.801025971166382078e-07 3.351874227064399747e-07
9.320000000000000000e+02 6.907476652728913522e-03 4.071305505931377411e-03 3.310464649075584020e-07 5.749990918957337271e-07 3.778898758355353493e-07 2.798075229293317534e-07 2.811549109082989162e-07 3.403820301173254848e-07
9.330000000000000000e+02 6.892677563989895416e-03 4.062854684889316559e-03 3.305047471258149017e-07 5.799225846203626134e-07 3.821822929239715450e-07 2.813229968978703255e-07 2.769343723230122123e-07 3.384966191788407741e-07
9.340000000000000000e+02 6.877925984345840092e-03 4.054436460137367249e-03 3.352221540353639284e-07 5.721622073906473815e-07 3.667385044536786154e-07 2.691068914373317966e-07 2.758646928668895271e-07 3.344617027778440388e-07
9.350000000000000000e+02 6.863221710658011683e-03 4.046015907078981400e-03 3.279979523540532682e-07 5.652627237395790871e-07 3.732698132807854563e-07 2.703220047806098592e-07 2.701842731767101213e-07 3.330274580548575614e-07
9.360000000000000000e+02 6.848564540872232979e-03 4.037625156342983246e-03 3.264738381858478533e-07 5.586628617493261117e-07 3.663182042146218009e-07 2.687589244487753604e-07 2.809335910569643602e-07 3.320706696285924409e-07
9.370000000000000000e+02 6.833954274011952608e-03 4.029261879622936249e-03 3.254162947996519506e-07 5.575884642894379795e-07 3.701537139022548217e-07 2.594239276731968857e-07 2.746121197105821921e-07 3.210106456208450254e-07
9.380000000000000000e+02 6.819390710171348638e-03 4.020906053483486176e-03 3.251840610118961195e-07 5.555980351346079260e-07 3.688080312258534832e-07 2.691667475573922275e-07 2.742547451362042921e-07 3.279956501955894055e-07
9.390000000000000000e+02 6.804873650508493771e-03 4.012577235698699951e-03 3.218977724372962257e-07 5.523343133972957730e-07 3.654432418898068136e-07 2.655047524058318231e-07 2.729441632709495025e-07 3.187170989349397132e-07
9.400000000000000000e+02 6.790402897238569102e-03 4.004255402833223343e-03 3.160438666327536339e-07 5.518064085663354490e-07 3.697607269259606255e-07 2.623156376557744807e-07 2.678995087990188040e-07 3.248914595133101102e-07
9.410000000000000000e+02 6.775978253627124720e-03 3.995982930064201355e-03 3.128595267298805993e-07 5.502165549842175096e-07 3.663134577891469235e-07 2.596044907932082424e-07 2.734415147642721422e-07 3.189951200965879252e-07
9.420000000000000000e+02 6.761599523983393215e-03 3.987706266343593597e-03 3.058470667838264490e-07 5.455697760226030368e-07 3.598445914576586802e-07 2.530637175368610770e-07 2.642430274590878980e-07 3.203339815627259668e-07
9.430000000000000000e+02 6.747266513653656095e-03 3.979452420026063919e-03 3.139973046017985325e-07 5.444726980385894421e-07 3.604403104873199482e-07 2.548845827732293401e-07 2.681842090623831609e-07 3.155260230869316729e-07
9.440000000000000000e+02 6.732979029014650972e-03 3.971215337514877319e-03 3.099526395544671686e-07 5.373672706809884403e-07 3.518429991800076095e-07 2.529301923459570389e-07 2.655727655564987799e-07 3.171665809986734530e-07
9.450000000000000000e+02 6.718736877467035989e-03 3.963010385632514954e-03 3.022299779331660829e-07 5.305747663442161866e-07 3.444591243351169396e-07 2.556319884661206743e-07 2.647673511546599912e-07 3.164902011576486984e-07
9.460000000000000000e+02 6.704539867428898486e-03 3.954830113798379898e-03 2.924086572875239654e-07 5.416721364781551529e-07 3.462782842689193785e-07 2.617009045025042724e-07 2.649153429956641048e-07 3.102431094248458976e-07
9.470000000000000000e+02 6.690387808329309634e-03 3.946656826883554459e-03 3.049023007406503893e-07 5.341922815205180086e-07 3.554211787104577525e-07 2.560992129474470858e-07 2.643107279709511204e-07 3.089536448896978982e-07
9.480000000000000000e+02 6.676280510601933713e-03 3.938494715839624405e-03 2.996347348016570322e-07 5.278280923448619433e-07 3.548143752141186269e-07 2.491992745490279049e-07 2.534725922487268690e-07 3.256874663293274352e-07
9.490000000000000000e+02 6.662217785678674689e-03 3.930366598069667816e-03 2.956683431420970010e-07 5.251916945780976675e-07 3.452415455740265315e-07 2.507308920485229464e-07 2.524157025618478656e-07 3.126703518319118302e-07
9.500000000000000000e+02 6.648199445983379169e-03 3.922262694686651230e-03 2.943835681890050182e-07 5.186216185393277556e-07 3.414243110455572605e-07 2.528655045352934394e-07 2.464880424213333754e-07 3.064741349589894526e-07
9.510000000000000000e+02 6.634225304925580984e-03 3.914164379239082336e-03 2.862198584807629231e-07 5.265615072858054191e-07 3.385196407634794014e-07 2.472019389188062632e-07 2.459264294429885922e-07 3.009340332482679514e-07
9.520000000000000000e+02 6.620295176894287412e-03 3.906084923073649406e-03 2.799338858494593296e-07 5.165445600141538307e-07 3.316916661333380034e-07 2.435192811844899552e-07 2.487961410224670544e-07 2.967195769087993540e-07
9.530000000000000000e+02 6.606408877251821778e-03 3.898032940924167633e-03 2.830775542861374561e-07 5.149732942300033756e-07 3.312564160751207964e-07 2.383269759320683079e-07 2.455555261349218199e-07 2.972187473915255396e-07
9.540000000000000000e+02 6.592566222327703347e-03 3.890005173161625862e-03 2.822528983870142838e-07 5.168281518308504019e-07 3.372326773387612775e-07 2.417390021491883090e-07 2.494660691354511073e-07 3.004144275564613054e-07
9.550000000000000000e+02 6.578767029412570591e-03 3.881987649947404861e-03 2.688655627025582362e-07 5.074082878309127409e-07 3.220251301172538660e-07 2.350454479937980068e-07 2.404851215942471754e-07 2.908703038428939180e-07
9.560000000000000000e+02 6.565011116752157358e-03 3.873985027894377708e-03 2.684294884147675475e-07 5.127228632773039863e-07 3.285385048457101220e-07 2.336991968832080602e-07 2.474000382335361792e-07 2.916937944519304438e-07
9.570000000000000000e+02 6.551298303541304609e-03 3.866020124405622482e-03 2.764967632629122818e-07 5.064332526671933010e-07 3.194912778781144880e-07 2.329968538106186315e-07 2.388185009749577148e-07 2.907377165684010834e-07
9.580000000000000000e+02 6.537628409918018121e-03 3.858054289594292641e-03 2.689814095901965629e-07 5.060976491222390905e-07 3.148605571823281934e-07 2.260704690115744597e-07 2.368558114085317357e-07 2.932023903667868581e-07
9.590000000000000000e+02 6.524001256957575635e-03 3.850130364298820496e-03 2.707611486130190315e-07 4.914665510113991331e-07 3.214188382116844878e-07 2.176914932761064847e-07 2.312908549129133462e-07 2.841283048837794922e-07
9.600000000000000000e+02 6.510416666666666956e-03 3.842207603156566620e-03 2.611127172258420615e-07 4.940596909364103340e-07 3.116591926755063469e-07 2.241817043113769614e-07 2.359310400379399653e-07 2.940171555110282497e-07
9.610000000000000000e+02 6.496874461977583497e-03 3.834306495264172554e-03 2.575887663169851294e-07 4.923439291815157048e-07 3.040577496449259343e-07 2.301464405718434136e-07 2.327322192741121398e-07 2.976421740186196985e-07
9.620000000000000000e+02 6.483374466742450326e-03 3.826420288532972336e-03 2.618110670482565183e-07 4.867630423177615739e-07 3.081971726714982651e-07 2.312870606147043873e-07 2.256450102322560269e-07 2.821328735080896877e-07
9.630000000000000000e+02 6.469916505727493772e-03 3.818555502220988274e-03 2.501956544165295782e-07 4.856507871409121435e-07 3.119583027455519186e-07 2.224801676220522495e-07 2.281521602753855404e-07 2.754509580427111359e-07
9.640000000000000000e+02 6.456500404607358468e-03 3.810714464634656906e-03 2.576516351382451830e-07 4.864991751674097031e-07 2.986045046782237478e-07 2.169855832789835404e-07 2.268831309493180015e-07 2.753637602381786564e-07
9.650000000000000000e+02 6.443125989959461695e-03 3.802891820669174194e-03 2.552497448959911708e-07 4.829850581700156908e-07 3.033043185496353544e-07 2.123058493452845141e-07 2.266299503617119626e-07 2.725481351717462530e-07
9.660000000000000000e+02 6.429793089258387627e-03 3.795088734477758408e-03 2.430344352433166932e-07 4.722161293102544732e-07 2.937383669632254168e-07 2.161313261694886023e-07 2.243776435761901666e-07 2.669772527497116243e-07
9.670000000000000000e+02 6.416501530870323197e-03 3.787291236221790314e-03 2.393841782577510457e-07 4.727035900486953324e-07 2.981151396852510516e-07 2.117727575523531414e-07 2.219652941448657657e-07 2.665191516371123726e-07
9.680000000000000000e+02 6.403251144047537348e-03 3.779526799917221069e-03 2.430297172395512462e-07 4.667656980927858967e-07 2.900795266214117873e-07 2.146795736734929960e-07 2.138438048859825358e-07 2.704481119053525617e-07
9.690000000000000000e+02 6.390041758922894964e-03 3.771771676838397980e-03 2.470132471898978110e-07 4.635784591755509609e-07 2.907044347466580803e-07 2.038750466226701974e-07 2.221923978140694089e-07 2.685357856080372585e-07
9.700000000000000000e+02 6.376873206504410710e-03 3.764046821743249893e-03 2.344524148156779120e-07 4.623859979346889304e-07 2.923477495642146096e-07 2.086867993966734502e-07 2.159379164368147030e-07 2.654156787684769370e-07
9.710000000000000000e+02 6.363745318669849702e-03 3.756321733817458153e-03 2.376897754174933652e-07 4.631275771771470318e-07 2.875286497783235973e-07 2.034171586728916736e-07 2.101163119050397654e-07 2.619999293074215529e-07
9.720000000000000000e+02 6.350657928161357671e-03 3.748636459931731224e-03 2.362587565585272387e-07 4.582710459999361774e-07 2.894019246468815254e-07 2.047802638571738498e-07 2.068626656637206906e-07 2.633665872053825296e-07
9.730000000000000000e+02 6.337610868580131895e-03 3.740959567949175835e-03 2.367816165360636660e-07 4.551208974135079188e-07 2.866800059564411640e-07 2.040318065610335907e-07 1.991177640547903138e-07 2.540830053021636559e-07
9.740000000000000000e+02 6.324603974381137229e-03 3.733295947313308716e-03 2.259436797658054275e-07 4.484714111185894581e-07 2.768727540569670964e-07 1.922543191312797717e-07 2.030115240359009476e-07 2.603634925435471814e-07
9.750000000000000000e+02 6.311637080867849893e-03 3.725657006725668907e-03 2.256136752976090065e-07 4.450872665984206833e-07 2.789398934055498103e-07 1.916438492344241240e-07 1.969668659285161993e-07 2.491859447673050454e-07
9.760000000000000000e+02 6.298710024187046362e-03 3.718030173331499100e-03 2.248783772529350244e-07 4.386428145153331570e-07 2.788280539789411705e-07 1.905280697656053235e-07 2.047498099955191719e-07 2.483604646386083914e-07
9.770000000000000000e+02 6.285822641323626954e-03 3.710431745275855064e-03 2.175347333377430914e-07 4.407505400649824878e-07 2.735347663929132978e-07 1.935661515517494990e-07 1.987304045769633376e-07 2.543642381169775035e-07
9.780000000000000000e+02 6.272974770095474974e-03 3.702838439494371414e-03 2.154827711819962133e-07 4.378092626211582683e-07 2.721960186136129778e-07 1.852554021297692088e-07 1.900617832006901153e-07 2.451162970373843564e-07
9.790000000000000000e+02 6.260166249148356628e-03 3.695276100188493729e-03 2.091683057869886397e-07 4.353863118922163267e-07 2.598041248802474001e-07 1.812031626968746423e-07 1.929373922848753864e-07 2.382648460752534447e-07
9.800000000000000000e+02 6.247396917950853897e-03 3.687720047309994698e-03 2.118553794616673258e-07 4.466530754143605009e-07 2.668392085070081521e-07 1.834125242794470978e-07 1.901576780483082985e-07 2.337531412877069670e-07
9.810000000000000000e+02 6.234666616789333836e-03 3.680185880511999130e-03 2.179478570951687288e-07 4.394347570269019343e-07 2.516423478482465725e-07 1.857104194868952618e-07 1.924472172731839237e-07 2.301042201224845485e-07
9.820000000000000000e+02 6.221975186762955176e-03 3.672682447358965874e-03 2.054543983831536025e-07 4.315878072702616919e-07 2.599903723421448376e-07 1.817152082139728009e-07 1.762256260917638429e-07 2.368042260059155524e-07
9.830000000000000000e+02 6.209322469778710482e-03 3.665172029286623001e-03 2.104221579202203429e-07 4.200425678391184192e-07 2.598348771698510973e-07 1.680143526527899667e-07 1.799409830027798307e-07 2.273043122613671585e-07
9.840000000000000000e+02 6.196708308546500406e-03 3.657699329778552055e-03 2.047507621227850905e-07 4.287448689410666702e-07 2.503544465071172453e-07 1.711348573962823139e-07 1.772644822040092549e-07 2.158278817887548939e-07
9.850000000000000000e+02 6.184132546574247838e-03 3.650244325399398804e-03 2.027510248581165797e-07 4.194480709429626586e-07 2.542454353715584148e-07 1.708358610130744637e-07 1.764687169725220883e-07 2.210695129178930074e-07
9.860000000000000000e+02 6.171595028163045019e-03 3.642791416496038437e-03 2.026765599794089212e-07 4.172209457919962006e-07 2.539555623570777243e-07 1.749601779010845348e-07 1.790363199916100712e-07 2.137417709491273854e-07
9.870000000000000000e+02 6.159095598402331007e-03 3.635367145761847496e-03 2.008241182238634792e-07 4.151088432990945876e-07 2.407259103165415581e-07 1.743449615787540097e-07 1.726328235918117571e-07 2.222744655000497005e-07
9.880000000000000000e+02 6.146634103165106444e-03 3.627948695793747902e-03 2.050925189678309835e-07 4.162279765296261758e-07 2.431771690680761822e-07 1.671248810453107581e-07 1.722079900901007932e-07 2.123923650287906639e-07
9.890000000000000000e+02 6.134210389103189089e-03 3.620560746639966965e-03 2.015235054386721458e-07 4.146010610384109896e-07 2.396486706857103854e-07 1.678565837437417940e-07 1.739352910590241663e-07 2.098030336128431372e-07
9.900000000000000000e+02 6.121824303642485823e-03 3.613191656768321991e-03 2.000968208903941559e-07 4.073275476912385784e-07 2.398547280790808145e-07 1.616872964405047242e-07 1.745847555412183283e-07 2.135505212663701968e-07
9.910000000000000000e+02 6.109475694978316711e-03 3.605833742767572403e-03 1.985544457738797064e-07 3.930962861886655446e-07 2.368156799548160052e-07 1.575424306565764709e-07 1.614621112366876332e-07 2.116303363663973869e-07
9.920000000000000000e+02 6.097164412070759862e-03 3.598495153710246086e-03 2.010459354551130673e-07 3.951305416194372810e-07 2.378536265723596443e-07 1.610239905858179554e-07 1.593721350445775897e-07 2.084032217908315943e-07
9.930000000000000000e+02 6.084890304640032735e-03 3.591166110709309578e-03 2.064086572772794170e-07 3.979382654506480321e-07 2.315938161245867377e-07 1.562400484544923529e-07 1.656895989299300709e-07 2.134478762627622928e-07
9.940000000000000000e+02 6.072653223161908996e-03 3.583872225135564804e-03 1.953849846358934883e-07 3.868982787480490515e-07 2.293303538181135082e-07 1.514535341584632988e-07 1.589057347928246600e-07 2.097379336873927969e-07
9.950000000000000000e+02 6.060453018863159666e-03 3.576585557311773300e-03 1.955003625653262134e-07 3.855005559216806432e-07 2.290846055075235199e-07 1.536780303013074445e-07 1.652798715667813667e-07 2.019955616106017260e-07
9.960000000000000000e+02 6.048289543717036768e-03 3.569314023479819298e-03 1.960765700914635090e-07 3.832880111076519825e-07 2.273693553433986381e-07 1.517403092066160752e-07 1.590889837643771898e-07 2.024037115688770427e-07
9.970000000000000000e+02 6.036162650438778657e-03 3.562051570042967796e-03 1.891992980063150753e-07 3.750300550109386677e-07 2.171042865484196227e-07 1.590802582995820558e-07 1.581280741902446607e-07 1.909543385636425228e-07
9.980000000000000000e+02 6.024072192481154386e-03 3.554822411388158798e-03 1.856388962551136501e-07 3.780650388307549292e-07 2.147957616216444876e-07 1.485058191974530928e-07 1.572120709170121700e-07 1.871173083145549754e-07
9.990000000000000000e+02 6.012018024030035823e-03 3.547601634636521339e-03 1.881170277329147211e-07 3.785034436987189110e-07 2.129184792920568725e-07 1.464985359689308098e-07 1.570127352579220315e-07 1.914688709803158417e-07
1.000000000000000000e+03 6.000000000000000125e-03 3.540395293384790421e-03 1.901486115229999996e-07 3.799723629072104814e-07 2.085002250851175631e-07 1.420641524418897461e-07 1.549808956724518794e-07 2.010628747939335881e-07
1.001000000000000000e+03 5.988017976029964308e-03 3.533213632181286812e-03 1.898682739920332097e-07 3.745087155948567670e-07 2.115859132345576654e-07 1.430128975243860623e-07 1.567924954315458308e-07 1.852725688422651729e-07
