1.000000000000000000e+00 6.000000000000000000e+03 7.193381347656250000e+02 7.193381347656250000e+02 7.193381347656250000e+02 7.193381347656250000e+02 7.193381347656250000e+02 7.193381347656250000e+02 7.193381347656250000e+02
2.000000000000000000e+00 1.500000000000000000e+03 6.130058288574218750e+01 6.130058670043945312e+01 9.004095077514648438e+00 8.265498161315917969e+00 9.685440063476562500e+00 1.009651470184326172e+01 9.513630867004394531e+00
3.000000000000000000e+00 6.666666666666666288e+02 2.751275062561035156e+01 2.751274871826171875e+01 2.337227821350097656e+00 2.279700756072998047e+00 2.493358612060546875e+00 2.461581707000732422e+00 2.926148176193237305e+00
4.000000000000000000e+00 3.750000000000000000e+02 1.809429550170898438e+01 1.597881698608398438e+01 1.170030117034912109e+00 1.223018050193786621e+00 1.294958353042602539e+00 1.060447454452514648e+00 1.336284160614013672e+00
5.000000000000000000e+00 2.400000000000000000e+02 1.260236835479736328e+01 8.992395401000976562e+00 6.256471872329711914e-01 6.881523132324218750e-01 7.251760959625244141e-01 5.795448422431945801e-01 7.140241265296936035e-01
6.000000000000000000e+00 1.666666666666666572e+02 9.112482070922851562e+00 5.041270732879638672e+00 3.128709793090820312e-01 3.557996153831481934e-01 3.637221753597259521e-01 3.195851445198059082e-01 4.121435284614562988e-01
7.000000000000000000e+00 1.224489795918367321e+02 6.823735713958740234e+00 3.010597467422485352e+00 1.776098757982254028e-01 2.011861950159072876e-01 1.997008323669433594e-01 2.052159011363983154e-01 2.690330147743225098e-01
8.000000000000000000e+00 9.375000000000000000e+01 5.279049873352050781e+00 2.000269651412963867e+00 1.247770041227340698e-01 1.361881643533706665e-01 1.376214325428009033e-01 1.480004936456680298e-01 1.947504729032516479e-01
9.000000000000000000e+00 7.407407407407407618e+01 4.206309318542480469e+00 1.457538127899169922e+00 9.973841160535812378e-02 1.100370287895202637e-01 1.059218794107437134e-01 1.180195957422256470e-01 1.549596637487411499e-01
1.000000000000000000e+01 6.000000000000000000e+01 3.439881801605224609e+00 1.110847353935241699e+00 8.407554030418395996e-02 9.423545002937316895e-02 8.605157583951950073e-02 9.941031038761138916e-02 1.289081126451492310e-01
1.100000000000000000e+01 4.958677685950413405e+01 2.876910448074340820e+00 8.570836186408996582e-01 7.372488081455230713e-02 8.231417834758758545e-02 7.399117201566696167e-02 8.732315152883529663e-02 1.122500002384185791e-01
1.200000000000000000e+01 4.166666666666666430e+01 2.452294349670410156e+00 6.667465567588806152e-01 6.650226563215255737e-02 7.275678217411041260e-02 6.601130962371826172e-02 7.918827235698699951e-02 1.000381186604499817e-01
1.300000000000000000e+01 3.550295857988165693e+01 2.124032258987426758e+00 5.290225744247436523e-01 6.063332408666610718e-02 6.522473692893981934e-02 5.978828668594360352e-02 7.271875441074371338e-02 9.002665430307388306e-02
1.400000000000000000e+01 3.061224489795918302e+01 1.864506125450134277e+00 4.318467676639556885e-01 5.602434650063514709e-02 5.959248170256614685e-02 5.486535653471946716e-02 6.727568060159683228e-02 8.113817125558853149e-02
1.500000000000000000e+01 2.666666666666666785e+01 1.655174255371093750e+00 3.613919913768768311e-01 5.261933058500289917e-02 5.606474727392196655e-02 5.109951645135879517e-02 6.291367858648300171e-02 7.372397929430007935e-02
1.600000000000000000e+01 2.343750000000000000e+01 1.483337402343750000e+00 3.066616654396057129e-01 5.005330592393875122e-02 5.454446375370025635e-02 4.821434617042541504e-02 5.955022573471069336e-02 6.776878237724304199e-02
1.700000000000000000e+01 2.076124567474048277e+01 1.340109348297119141e+00 2.616873085498809814e-01 4.806469380855560303e-02 5.413382500410079956e-02 4.610653221607208252e-02 5.709861963987350464e-02 6.352502852678298950e-02
1.800000000000000000e+01 1.851851851851851904e+01 1.219139218330383301e+00 2.243527621030807495e-01 4.658068343997001648e-02 5.445203557610511780e-02 4.483868926763534546e-02 5.564614757895469666e-02 6.116291508078575134e-02
1.900000000000000000e+01 1.662049861495844993e+01 1.115792274475097656e+00 1.939870268106460571e-01 4.559317603707313538e-02 5.537272244691848755e-02 4.440044984221458435e-02 5.512504652142524719e-02 6.039278954267501831e-02
2.000000000000000000e+01 1.500000000000000000e+01 1.026619315147399902e+00 1.697283983230590820e-01 4.509257525205612183e-02 5.660792812705039978e-02 4.467740282416343689e-02 5.543338879942893982e-02 6.090315058827400208e-02
2.100000000000000000e+01 1.360544217687074742e+01 9.490059018135070801e-01 1.502065658569335938e-01 4.511076956987380981e-02 5.792161077260971069e-02 4.554402083158493042e-02 5.643741041421890259e-02 6.239277869462966919e-02
2.200000000000000000e+01 1.239669421487603351e+01 8.809346556663513184e-01 1.339832246303558350e-01 4.553878307342529297e-02 5.899863690137863159e-02 4.673329368233680725e-02 5.779074132442474365e-02 6.439697742462158203e-02
2.300000000000000000e+01 1.134215500945179578e+01 8.208251595497131348e-01 1.200103759765625000e-01 4.615163430571556091e-02 5.951445549726486206e-02 4.799539595842361450e-02 5.916036292910575867e-02 6.652787327766418457e-02
2.400000000000000000e+01 1.041666666666666607e+01 7.674222588539123535e-01 1.077473536133766174e-01 4.677078872919082642e-02 5.931805074214935303e-02 4.913747310638427734e-02 6.028341129422187805e-02 6.843922287225723267e-02
2.500000000000000000e+01 9.599999999999999645e+00 7.197155952453613281e-01 9.699314087629318237e-02 4.721406847238540649e-02 5.843962356448173523e-02 4.992179572582244873e-02 6.093615293502807617e-02 6.989871710538864136e-02
2.600000000000000000e+01 8.875739644970414233e+00 6.768851876258850098e-01 8.765190839767456055e-02 4.734418913722038269e-02 5.701126903295516968e-02 5.022649094462394714e-02 6.104273721575737000e-02 7.081998884677886963e-02
2.700000000000000000e+01 8.230452674897119181e+00 6.382569074630737305e-01 7.959187030792236328e-02 4.714388400316238403e-02 5.522016808390617371e-02 5.006152018904685974e-02 6.061238795518875122e-02 7.115656882524490356e-02
2.800000000000000000e+01 7.653061224489795755e+00 6.032724976539611816e-01 7.262298464775085449e-02 4.664259403944015503e-02 5.323700606822967529e-02 4.947417229413986206e-02 5.971455574035644531e-02 7.093573361635208130e-02
2.900000000000000000e+01 7.134363852556480090e+00 5.714654326438903809e-01 6.653925776481628418e-02 4.588172957301139832e-02 5.120184272527694702e-02 4.856999963521957397e-02 5.847708880901336670e-02 7.024457305669784546e-02
3.000000000000000000e+01 6.666666666666666963e+00 5.424438118934631348e-01 6.116294488310813904e-02 4.493458569049835205e-02 4.922971501946449280e-02 4.746469482779502869e-02 5.699991807341575623e-02 6.913089007139205933e-02
3.100000000000000000e+01 6.243496357960458099e+00 5.158758759498596191e-01 5.636265873908996582e-02 4.387032240629196167e-02 4.737259820103645325e-02 4.624165222048759460e-02 5.535951629281044006e-02 6.764901429414749146e-02
3.200000000000000000e+01 5.859375000000000000e+00 4.914788007736206055e-01 5.204800143837928772e-02 4.273428022861480713e-02 4.564897716045379639e-02 4.497350752353668213e-02 5.364387109875679016e-02 6.588124483823776245e-02
3.300000000000000000e+01 5.509641873278236623e+00 4.690107107162475586e-01 4.815544188022613525e-02 4.157117754220962524e-02 4.407262057065963745e-02 4.370107874274253845e-02 5.188767984509468079e-02 6.387186050415039062e-02
3.400000000000000000e+01 5.190311418685120692e+00 4.482634663581848145e-01 4.463734105229377747e-02 4.040617868304252625e-02 4.262622818350791931e-02 4.243219643831253052e-02 5.009581893682479858e-02 6.165897473692893982e-02
3.500000000000000000e+01 4.897959183673469497e+00 4.290559291839599609e-01 4.145567491650581360e-02 3.924683853983879089e-02 4.128375276923179626e-02 4.118240997195243835e-02 4.829832166433334351e-02 5.930253490805625916e-02
3.600000000000000000e+01 4.629629629629629761e+00 4.112325310707092285e-01 3.857921063899993896e-02 3.810585290193557739e-02 4.002861306071281433e-02 3.995351493358612061e-02 4.650387540459632874e-02 5.684060975909233093e-02
3.700000000000000000e+01 4.382761139517896254e+00 3.946562111377716064e-01 3.598134219646453857e-02 3.698440268635749817e-02 3.882944583892822266e-02 3.873080387711524963e-02 4.469972848892211914e-02 5.430265516042709351e-02
3.800000000000000000e+01 4.155124653739612484e+00 3.792072832584381104e-01 3.363792970776557922e-02 3.587252646684646606e-02 3.765715286135673523e-02 3.751600161194801331e-02 4.289988055825233459e-02 5.173092707991600037e-02
3.900000000000000000e+01 3.944773175542406474e+00 3.647803366184234619e-01 3.152576088905334473e-02 3.477090597152709961e-02 3.650016337633132935e-02 3.630851954221725464e-02 4.111426696181297302e-02 4.915511980652809143e-02
4.000000000000000000e+01 3.750000000000000000e+00 3.512823283672332764e-01 2.962206676602363586e-02 3.367743641138076782e-02 3.534229844808578491e-02 3.509599715471267700e-02 3.933614492416381836e-02 4.659737646579742432e-02
4.100000000000000000e+01 3.569303985722783956e+00 3.386313915252685547e-01 2.790502645075321198e-02 3.258041292428970337e-02 3.417107090353965759e-02 3.388087823987007141e-02 3.757542744278907776e-02 4.408450797200202942e-02
4.200000000000000000e+01 3.401360544217686854e+00 3.267540335655212402e-01 2.635389752686023712e-02 3.147967904806137085e-02 3.298859298229217529e-02 3.266692161560058594e-02 3.584406152367591858e-02 4.163450002670288086e-02
4.300000000000000000e+01 3.244997295835586826e+00 3.155850470066070557e-01 2.494904585182666779e-02 3.037921339273452759e-02 3.179346770048141479e-02 3.144884854555130005e-02 3.414112329483032227e-02 3.926113620400428772e-02
4.400000000000000000e+01 3.099173553719008378e+00 3.050663769245147705e-01 2.367171272635459900e-02 2.927258424460887909e-02 3.058448992669582367e-02 3.023112006485462189e-02 3.247415274381637573e-02 3.697773441672325134e-02
4.500000000000000000e+01 2.962962962962962798e+00 2.951454818248748779e-01 2.250390499830245972e-02 2.816114574670791626e-02 2.936998009681701660e-02 2.902101911604404449e-02 3.085317276418209076e-02 3.479227796196937561e-02
4.600000000000000000e+01 2.835538752362948944e+00 2.857754826545715332e-01 2.142858318984508514e-02 2.705358341336250305e-02 2.815459854900836945e-02 2.781783603131771088e-02 2.927963994443416595e-02 3.271100670099258423e-02
4.700000000000000000e+01 2.716161158895427974e+00 2.769141495227813721e-01 2.043005637824535370e-02 2.594902738928794861e-02 2.694152668118476868e-02 2.662601880729198456e-02 2.775754407048225403e-02 3.073752671480178833e-02
4.800000000000000000e+01 2.604166666666666519e+00 2.685230970382690430e-01 1.949469000101089478e-02 2.484934590756893158e-02 2.573907002806663513e-02 2.545346505939960480e-02 2.629351057112216949e-02 2.887223288416862488e-02
4.900000000000000000e+01 2.498958767180341489e+00 2.605679333209991455e-01 1.861143857240676880e-02 2.376355603337287903e-02 2.455322071909904480e-02 2.430132403969764709e-02 2.488850802183151245e-02 2.711634524166584015e-02
5.000000000000000000e+01 2.399999999999999911e+00 2.530169486999511719e-01 1.777193322777748108e-02 2.269428968429565430e-02 2.338776364922523499e-02 2.317274734377861023e-02 2.354389242827892303e-02 2.546794898808002472e-02
5.100000000000000000e+01 2.306805074971165048e+00 2.458419799804687500e-01 1.697031594812870026e-02 2.164318040013313293e-02 2.224881015717983246e-02 2.207334339618682861e-02 2.226198092103004456e-02 2.392329275608062744e-02
5.200000000000000000e+01 2.218934911242603558e+00 2.390169054269790649e-01 1.620271801948547363e-02 2.061596885323524475e-02 2.114117331802845001e-02 2.100517600774765015e-02 2.104323916137218475e-02 2.248020842671394348e-02
5.300000000000000000e+01 2.135991456034175950e+00 2.325179129838943481e-01 1.546672545373439789e-02 1.961668580770492554e-02 2.006805129349231720e-02 1.997028104960918427e-02 1.988737285137176514e-02 2.113438770174980164e-02
5.400000000000000000e+01 2.057613168724279795e+00 2.263233959674835205e-01 1.476088259369134903e-02 1.864698901772499084e-02 1.903257891535758972e-02 1.897111907601356506e-02 1.879317872226238251e-02 1.988054998219013214e-02
5.500000000000000000e+01 1.983471074380165344e+00 2.204134315252304077e-01 1.408420223742723465e-02 1.770913414657115936e-02 1.803711988031864166e-02 1.800970733165740967e-02 1.776005327701568604e-02 1.871472969651222229e-02
5.600000000000000000e+01 1.913265306122448939e+00 2.147698998451232910e-01 1.343608275055885315e-02 1.680577732622623444e-02 1.708371192216873169e-02 1.708741113543510437e-02 1.678708754479885101e-02 1.763172633945941925e-02
5.700000000000000000e+01 1.846722068328716437e+00 2.093759328126907349e-01 1.281603798270225525e-02 1.593871600925922394e-02 1.617336086928844452e-02 1.620393246412277222e-02 1.587075367569923401e-02 1.662620157003402710e-02
5.800000000000000000e+01 1.783590963139120023e+00 2.042162418365478516e-01 1.222366653382778168e-02 1.510820444673299789e-02 1.530589256435632706e-02 1.536015793681144714e-02 1.500907167792320251e-02 1.569357514381408691e-02
5.900000000000000000e+01 1.723642631427750649e+00 1.992765963077545166e-01 1.165856048464775085e-02 1.431446336209774017e-02 1.448208373039960861e-02 1.455691922456026077e-02 1.420096214860677719e-02 1.482875458896160126e-02
6.000000000000000000e+01 1.666666666666666741e+00 1.945438832044601440e-01 1.112015452235937119e-02 1.355882547795772552e-02 1.370173972100019455e-02 1.379248127341270447e-02 1.344254985451698303e-02 1.402664184570312500e-02
6.100000000000000000e+01 1.612469766191883869e+00 1.900058388710021973e-01 1.060773618519306183e-02 1.284067705273628235e-02 1.296293456107378006e-02 1.306648552417755127e-02 1.273098774254322052e-02 1.328265480697154999e-02
6.200000000000000000e+01 1.560874089490114525e+00 1.856514066457748413e-01 1.012044306844472885e-02 1.215869095176458359e-02 1.226515974849462509e-02 1.237897574901580811e-02 1.206461433321237564e-02 1.259207911789417267e-02
6.300000000000000000e+01 1.511715797430083219e+00 1.814701855182647705e-01 9.657085873186588287e-03 1.151305343955755234e-02 1.160760037600994110e-02 1.172788534313440323e-02 1.143994927406311035e-02 1.195030380040407181e-02
6.400000000000000000e+01 1.464843750000000000e+00 1.774524152278900146e-01 9.216293692588806152e-03 1.090285461395978928e-02 1.098782662302255630e-02 1.111189648509025574e-02 1.085406169295310974e-02 1.135300565510988235e-02
6.500000000000000000e+01 1.420118343195266197e+00 1.735892146825790405e-01 8.796571753919124603e-03 1.032587420195341110e-02 1.040434837341308594e-02 1.053041592240333557e-02 1.030488964170217514e-02 1.079603563994169235e-02
6.600000000000000000e+01 1.377410468319559156e+00 1.698722541332244873e-01 8.396363817155361176e-03 9.781493805348873138e-03 9.855937212705612183e-03 9.981355629861354828e-03 9.789329022169113159e-03 1.027546450495719910e-02
6.700000000000000000e+01 1.336600579193584215e+00 1.662936061620712280e-01 8.014066144824028015e-03 9.268635883927345276e-03 9.340187534689903259e-03 9.462985210120677948e-03 9.304747916758060455e-03 9.787577204406261444e-03
6.800000000000000000e+01 1.297577854671280173e+00 1.628462076187133789e-01 7.648150436580181122e-03 8.784986101090908051e-03 8.855105377733707428e-03 8.974326774477958679e-03 8.849008008837699890e-03 9.328993037343025208e-03
6.900000000000000000e+01 1.260239445494643951e+00 1.595231890678405762e-01 7.297214586287736893e-03 8.329176343977451324e-03 8.399276994168758392e-03 8.513431064784526825e-03 8.419677615165710449e-03 8.896667510271072388e-03
7.000000000000000000e+01 1.224489795918367374e+00 1.563183218240737915e-01 6.959971971809864044e-03 7.900158874690532684e-03 7.970602251589298248e-03 8.078387938439846039e-03 8.014476858079433441e-03 8.487811312079429626e-03
7.100000000000000000e+01 1.190240031739734139e+00 1.532256305217742920e-01 6.635306868702173233e-03 7.495775353163480759e-03 7.567123975604772568e-03 7.668000645935535431e-03 7.631517946720123291e-03 8.100000210106372833e-03
7.200000000000000000e+01 1.157407407407407440e+00 1.502396166324615479e-01 6.322281900793313980e-03 7.114346139132976532e-03 7.187322247773408890e-03 7.280565332621335983e-03 7.268991321325302124e-03 7.731174118816852570e-03
7.300000000000000000e+01 1.125914805779695937e+00 1.473550498485565186e-01 6.020180415362119675e-03 6.754870526492595673e-03 6.829558406025171280e-03 6.914396304637193680e-03 6.925106979906558990e-03 7.379435468465089798e-03
7.400000000000000000e+01 1.095690284879474063e+00 1.445672810077667236e-01 5.728450138121843338e-03 6.415701471269130707e-03 6.492007989436388016e-03 6.568163167685270309e-03 6.598221603780984879e-03 7.043312769383192062e-03
7.500000000000000000e+01 1.066666666666666652e+00 1.418713927268981934e-01 5.446735769510269165e-03 6.095167249441146851e-03 6.173212546855211258e-03 6.240660790354013443e-03 6.287219934165477753e-03 6.721527781337499619e-03
7.600000000000000000e+01 1.038781163434903121e+00 1.392633020877838135e-01 5.174827296286821365e-03 5.792160984128713608e-03 5.871873348951339722e-03 5.930365994572639465e-03 5.990842357277870178e-03 6.413068156689405441e-03
7.700000000000000000e+01 1.011975037949063960e+00 1.367389857769012451e-01 4.912594798952341080e-03 5.505628883838653564e-03 5.586538463830947876e-03 5.636014044284820557e-03 5.707812029868364334e-03 6.117067299783229828e-03
7.800000000000000000e+01 9.861932938856016184e-01 1.342946588993072510e-01 4.660008475184440613e-03 5.234122741967439651e-03 5.315998569130897522e-03 5.356726236641407013e-03 5.437333602458238602e-03 5.832865368574857712e-03
7.900000000000000000e+01 9.613843935266783713e-01 1.319265514612197876e-01 4.417079966515302658e-03 4.976511467248201370e-03 5.059191957116127014e-03 5.091373808681964874e-03 5.178688094019889832e-03 5.559961311519145966e-03
8.000000000000000000e+01 9.375000000000000000e-01 1.296315640211105347e-01 4.183816257864236832e-03 4.732131026685237885e-03 4.815149120986461639e-03 4.838816355913877487e-03 4.930995870381593704e-03 5.297837778925895691e-03
8.100000000000000000e+01 9.144947416552354769e-01 1.274063885211944580e-01 3.960270900279283524e-03 4.500029142946004868e-03 4.582757130265235901e-03 4.598404746502637863e-03 4.693644121289253235e-03 5.046185571700334549e-03
8.200000000000000000e+01 8.923259964306959890e-01 1.252479702234268188e-01 3.746467642486095428e-03 4.279016051441431046e-03 4.361292812973260880e-03 4.369405563920736313e-03 4.466257523745298386e-03 4.804632626473903656e-03
8.300000000000000000e+01 8.709536942952532668e-01 1.231535300612449646e-01 3.542407415807247162e-03 4.068638663738965988e-03 4.150087945163249969e-03 4.150924738496541977e-03 4.248209763318300247e-03 4.572888836264610291e-03
8.400000000000000000e+01 8.503401360544217136e-01 1.211203560233116150e-01 3.347993828356266022e-03 3.868298605084419250e-03 3.948338795453310013e-03 3.942436072975397110e-03 4.039030987769365311e-03 4.350600298494100571e-03
8.500000000000000000e+01 8.304498269896193330e-01 1.191460117697715759e-01 3.163117915391921997e-03 3.677132539451122284e-03 3.755382960662245750e-03 3.743509296327829361e-03 3.838530741631984711e-03 4.137482494115829468e-03
8.600000000000000000e+01 8.112493239588967064e-01 1.172279864549636841e-01 2.987606450915336609e-03 3.494649194180965424e-03 3.570904489606618881e-03 3.553475718945264816e-03 3.646275494247674942e-03 3.933235537260770798e-03
8.700000000000000000e+01 7.927070947284978741e-01 1.153639778494834900e-01 2.821253379806876183e-03 3.320564050227403641e-03 3.394372761249542236e-03 3.371922299265861511e-03 3.461903193965554237e-03 3.737518331035971642e-03
8.800000000000000000e+01 7.747933884297520946e-01 1.135518625378608704e-01 2.663754858076572418e-03 3.154223319143056870e-03 3.225298132747411728e-03 3.198551712557673454e-03 3.285244572907686234e-03 3.550017485395073891e-03
8.900000000000000000e+01 7.574801161469510991e-01 1.117897257208824158e-01 2.514826832339167595e-03 2.995155518874526024e-03 3.063439857214689255e-03 3.032888052985072136e-03 3.116054926067590714e-03 3.370418213307857513e-03
9.000000000000000000e+01 7.407407407407406996e-01 1.100754365324974060e-01 2.374141709879040718e-03 2.843165537342429161e-03 2.908462658524513245e-03 2.874538302421569824e-03 2.953971968963742256e-03 3.198375459760427475e-03
9.100000000000000000e+01 7.245501750996256041e-01 1.084071919322013855e-01 2.241340931504964828e-03 2.697974909096956253e-03 2.760025672614574432e-03 2.723399549722671509e-03 2.798827597871422768e-03 3.033567918464541435e-03
9.200000000000000000e+01 7.088846880907372361e-01 1.067833229899406433e-01 2.116070594638586044e-03 2.559111919254064560e-03 2.617942867800593376e-03 2.579123014584183693e-03 2.650436246767640114e-03 2.875700825825333595e-03
9.300000000000000000e+01 6.937218175511620233e-01 1.052020788192749023e-01 1.997939310967922211e-03 2.426378428936004639e-03 2.482027048245072365e-03 2.441334072500467300e-03 2.508539939299225807e-03 2.724532736465334892e-03
9.400000000000000000e+01 6.790402897238569935e-01 1.036618724465370178e-01 1.886611338704824448e-03 2.299661282449960709e-03 2.351965289562940598e-03 2.309942618012428284e-03 2.372924005612730980e-03 2.579814055934548378e-03
9.500000000000000000e+01 6.648199445983379308e-01 1.021612137556076050e-01 1.781734405085444450e-03 2.178598893806338310e-03 2.227646531537175179e-03 2.184708369895815849e-03 2.243456663563847542e-03 2.441309858113527298e-03
9.600000000000000000e+01 6.510416666666666297e-01 1.006986647844314575e-01 1.682957517914474010e-03 2.063004998490214348e-03 2.108943415805697441e-03 2.065291861072182655e-03 2.119901822879910469e-03 2.308829454705119133e-03
9.700000000000000000e+01 6.376873206504410918e-01 9.927283972501754761e-02 1.589972060173749924e-03 1.952830003574490547e-03 1.995650352910161018e-03 1.951606594957411289e-03 2.002068562433123589e-03 2.182222437113523483e-03
9.800000000000000000e+01 6.247396917950853723e-01 9.788245707750320435e-02 1.502439961768686771e-03 1.847781823016703129e-03 1.887604128569364548e-03 1.843471080064773560e-03 1.889870851300656796e-03 2.061379142105579376e-03
9.900000000000000000e+01 6.121824303642485754e-01 9.652619808912277222e-02 1.420029788278043270e-03 1.747669186443090439e-03 1.784709282219409943e-03 1.740661682561039925e-03 1.783119398169219494e-03 1.946167903952300549e-03
1.000000000000000000e+02 5.999999999999999778e-01 9.520293027162551880e-02 1.342450850643217564e-03 1.652435516007244587e-03 1.686816685833036900e-03 1.643000985495746136e-03 1.681640394963324070e-03 1.836482435464859009e-03
1.010000000000000000e+02 5.881776296441525442e-01 9.391152113676071167e-02 1.269426429644227028e-03 1.561950426548719406e-03 1.593772671185433865e-03 1.550373737700283527e-03 1.585316611453890800e-03 1.732261385768651962e-03
1.020000000000000000e+02 5.767012687427912621e-01 9.265074878931045532e-02 1.200705766677856445e-03 1.475967816077172756e-03 1.505439286120235920e-03 1.462640822865068913e-03 1.494050608016550541e-03 1.633438514545559883e-03
1.030000000000000000e+02 5.655575454802526103e-01 9.141986072063446045e-02 1.136013772338628769e-03 1.394433435052633286e-03 1.421721070073544979e-03 1.379581284709274769e-03 1.407699775882065296e-03 1.539941295050084591e-03
1.040000000000000000e+02 5.547337278106508895e-01 9.021759033203125000e-02 1.075137988664209843e-03 1.317258807830512524e-03 1.342480420134961605e-03 1.301073469221591949e-03 1.326106255874037743e-03 1.451681018806993961e-03
1.050000000000000000e+02 5.442176870748299811e-01 8.904311060905456543e-02 1.017880043946206570e-03 1.244217623025178909e-03 1.267536194063723087e-03 1.227019354701042175e-03 1.249214634299278259e-03 1.368592027574777603e-03
1.060000000000000000e+02 5.339978640085439876e-01 8.789550513029098511e-02 9.640544303692877293e-04 1.175227342173457146e-03 1.196836121380329132e-03 1.157203689217567444e-03 1.176846912130713463e-03 1.290560117922723293e-03
1.070000000000000000e+02 5.240632369639269816e-01 8.677391707897186279e-02 9.135173168033361435e-04 1.110192504711449146e-03 1.130255288444459438e-03 1.091533573344349861e-03 1.108889700844883919e-03 1.217474811710417271e-03
1.080000000000000000e+02 5.144032921810699488e-01 8.567740023136138916e-02 8.660795283503830433e-04 1.049005892127752304e-03 1.067579141817986965e-03 1.029908191412687302e-03 1.045219367370009422e-03 1.149191171862185001e-03
1.090000000000000000e+02 5.050079959599360624e-01 8.460526913404464722e-02 8.216723217628896236e-04 9.914448019117116928e-04 1.008739927783608437e-03 9.721010574139654636e-04 9.856830583885312080e-04 1.085564959794282913e-03
1.100000000000000000e+02 4.958677685950413361e-01 8.355665951967239380e-02 7.801408064551651478e-04 9.374381625093519688e-04 9.535795543342828751e-04 9.180023916997015476e-04 9.301384561695158482e-04 1.026397803798317909e-03
1.110000000000000000e+02 4.869734599464329294e-01 8.253094553947448730e-02 7.413779967464506626e-04 8.869034936651587486e-04 9.019582066684961319e-04 8.674751152284443378e-04 8.784098899923264980e-04 9.714910993352532387e-04
1.120000000000000000e+02 4.783163265306122347e-01 8.152736723423004150e-02 7.052764995023608208e-04 8.396435878239572048e-04 8.537466637790203094e-04 8.203586912713944912e-04 8.303523645736277103e-04 9.206519462168216705e-04
1.130000000000000000e+02 4.698880100242775470e-01 8.054525405168533325e-02 6.717477808706462383e-04 7.955486653372645378e-04 8.088061586022377014e-04 7.765079499222338200e-04 7.857878808863461018e-04 8.736454765312373638e-04
1.140000000000000000e+02 4.616805170821791093e-01 7.958395034074783325e-02 6.406918400898575783e-04 7.545016123913228512e-04 7.669980404898524284e-04 7.358096772804856300e-04 7.445727242156863213e-04 8.302418864332139492e-04
1.150000000000000000e+02 4.536862003780718355e-01 7.864277809858322144e-02 6.119930185377597809e-04 7.163748377934098244e-04 7.281944272108376026e-04 6.980903563089668751e-04 7.065150421112775803e-04 7.902255747467279434e-04
1.160000000000000000e+02 4.458977407847800056e-01 7.772123813629150391e-02 5.855674389749765396e-04 6.809930200688540936e-04 6.922479951754212379e-04 6.632190197706222534e-04 6.714506889693439007e-04 7.533484604209661484e-04
1.170000000000000000e+02 4.383081306158229107e-01 7.681868970394134521e-02 5.613057292066514492e-04 6.482767057605087757e-04 6.590093835256993771e-04 6.310400785878300667e-04 6.391956703737378120e-04 7.194053614512085915e-04
1.180000000000000000e+02 4.309106578569376622e-01 7.593454420566558838e-02 5.390924634411931038e-04 6.180900963954627514e-04 6.283647380769252777e-04 6.014310638420283794e-04 6.096040597185492516e-04 6.881416193209588528e-04
1.190000000000000000e+02 4.236988913212343943e-01 7.506833225488662720e-02 5.188217619433999062e-04 5.902297561988234520e-04 6.001497386023402214e-04 5.742272478528320789e-04 5.824989639222621918e-04 6.593697471544146538e-04
1.200000000000000000e+02 4.166666666666666852e-01 7.421953976154327393e-02 5.003909463994204998e-04 5.646731588058173656e-04 5.742698558606207371e-04 5.492928321473300457e-04 5.576958064921200275e-04 6.328940507955849171e-04
1.210000000000000000e+02 4.098080732190423903e-01 7.338762283325195312e-02 4.837295564357191324e-04 5.412286845967173576e-04 5.505431909114122391e-04 5.265336949378252029e-04 5.350503488443791866e-04 6.085149943828582764e-04
1.220000000000000000e+02 4.031174415479709672e-01 7.257211208343505859e-02 4.686936445068567991e-04 5.197757272981107235e-04 5.288453539833426476e-04 5.057624657638370991e-04 5.144279566593468189e-04 5.860578385181725025e-04
1.230000000000000000e+02 3.965893317469760260e-01 7.177259773015975952e-02 4.551802994683384895e-04 5.001919344067573547e-04 5.090854247100651264e-04 4.868516116403043270e-04 4.956455086357891560e-04 5.653717089444398880e-04
1.240000000000000000e+02 3.902185223725286312e-01 7.098861038684844971e-02 4.431079432833939791e-04 4.823700583074241877e-04 4.911157884635031223e-04 4.696857649832963943e-04 4.785624041687697172e-04 5.463064881041646004e-04
1.250000000000000000e+02 3.840000000000000080e-01 7.021966576576232910e-02 4.323529719840735197e-04 4.662095161620527506e-04 4.747627244796603918e-04 4.541580565273761749e-04 4.630589974112808704e-04 5.287337116897106171e-04
1.260000000000000000e+02 3.779289493575208048e-01 6.946544349193572998e-02 4.228110483381897211e-04 4.515645268838852644e-04 4.599847015924751759e-04 4.401033802423626184e-04 4.490126739256083965e-04 5.125330644659698009e-04
1.270000000000000000e+02 3.720007440014880262e-01 6.872546672821044922e-02 4.143789701629430056e-04 4.383249906823039055e-04 4.466381215024739504e-04 4.274584644008427858e-04 4.362843756098300219e-04 4.976085620000958443e-04
1.280000000000000000e+02 3.662109375000000000e-01 6.799942255020141602e-02 4.069457645528018475e-04 4.264228336978703737e-04 4.345897759776562452e-04 4.161004035267978907e-04 4.247994220349937677e-04 4.838773165829479694e-04
1.290000000000000000e+02 3.605552550928429745e-01 6.728689372539520264e-02 4.004129150416702032e-04 4.157250514253973961e-04 4.237676912453025579e-04 4.059119673911482096e-04 4.144553386140614748e-04 4.712620575446635485e-04
1.300000000000000000e+02 3.550295857988165493e-01 6.658755987882614136e-02 3.946851065848022699e-04 4.061382787767797709e-04 4.140583332628011703e-04 3.967908851336687803e-04 4.051337018609046936e-04 4.596960206981748343e-04
1.310000000000000000e+02 3.496299749431851511e-01 6.590103358030319214e-02 3.896648995578289032e-04 3.975915897171944380e-04 4.053549782838672400e-04 3.886835474986582994e-04 3.967794764321297407e-04 4.491250147111713886e-04
1.320000000000000000e+02 3.443526170798897890e-01 6.522697210311889648e-02 3.852791851386427879e-04 3.899795992765575647e-04 3.975935105700045824e-04 3.814713563770055771e-04 3.893193206749856472e-04 4.394959833007305861e-04
1.330000000000000000e+02 3.391938492848662889e-01 6.456513702869415283e-02 3.814532246906310320e-04 3.832165384665131569e-04 3.906814963556826115e-04 3.750768082682043314e-04 3.826643514912575483e-04 4.307631752453744411e-04
1.340000000000000000e+02 3.341501447983960538e-01 6.391511112451553345e-02 3.781044215429574251e-04 3.772570635192096233e-04 3.845526662189513445e-04 3.694452461786568165e-04 3.767603484448045492e-04 4.228885227348655462e-04
1.350000000000000000e+02 3.292181069958847739e-01 6.327668577432632446e-02 3.751866461243480444e-04 3.720162785612046719e-04 3.791227063629776239e-04 3.644924436230212450e-04 3.715582715813070536e-04 4.157810762990266085e-04
1.360000000000000000e+02 3.243944636678200433e-01 6.264948844909667969e-02 3.726387803908437490e-04 3.673894680105149746e-04 3.743321285583078861e-04 3.601716598495841026e-04 3.669872530736029148e-04 4.094532923772931099e-04
1.370000000000000000e+02 3.196760615909212122e-01 6.203332915902137756e-02 3.704059054143726826e-04 3.633724409155547619e-04 3.701141686178743839e-04 3.563892096281051636e-04 3.629918501246720552e-04 4.038137849420309067e-04
1.380000000000000000e+02 3.150598613736609876e-01 6.142784655094146729e-02 3.684586845338344574e-04 3.598714247345924377e-04 3.664098912850022316e-04 3.531280963215976954e-04 3.595280577428638935e-04 3.988624084740877151e-04
1.390000000000000000e+02 3.105429325604264768e-01 6.083284318447113037e-02 3.667426935862749815e-04 3.568397078197449446e-04 3.631686267908662558e-04 3.503144544083625078e-04 3.565456136129796505e-04 3.945363860111683607e-04
1.400000000000000000e+02 3.061224489795918435e-01 6.024802103638648987e-02 3.652294690255075693e-04 3.542144841048866510e-04 3.603531222324818373e-04 3.479009610600769520e-04 3.540013276506215334e-04 3.907753562089055777e-04
1.410000000000000000e+02 3.017956843217142193e-01 5.967311188578605652e-02 3.638723283074796200e-04 3.519558813422918320e-04 3.578900941647589207e-04 3.458434948697686195e-04 3.518497687764465809e-04 3.875532711390405893e-04
1.420000000000000000e+02 2.975600079349335347e-01 5.910791084170341492e-02 3.626463294494897127e-04 3.500200400594621897e-04 3.557519230525940657e-04 3.441025910433381796e-04 3.500736784189939499e-04 3.847980697173625231e-04
1.430000000000000000e+02 2.934128808254682363e-01 5.855224281549453735e-02 3.615361056290566921e-04 3.483619657345116138e-04 3.538932069204747677e-04 3.426447510719299316e-04 3.485871711745858192e-04 3.824572777375578880e-04
1.440000000000000000e+02 2.893518518518518601e-01 5.800577998161315918e-02 3.605049278121441603e-04 3.469371586106717587e-04 3.522874612826853991e-04 3.414149396121501923e-04 3.473824763204902411e-04 3.804778971243649721e-04
1.450000000000000000e+02 2.853745541022592036e-01 5.746833607554435730e-02 3.595230227801948786e-04 3.457299026194959879e-04 3.508949885144829750e-04 3.403826558496803045e-04 3.463866305537521839e-04 3.788066387642174959e-04
1.460000000000000000e+02 2.814787014449239844e-01 5.693975463509559631e-02 3.585712693165987730e-04 3.446685732342302799e-04 3.496545541565865278e-04 3.395120729692280293e-04 3.455813857726752758e-04 3.773816570173949003e-04
1.470000000000000000e+02 2.776620852422601593e-01 5.641978979110717773e-02 3.576467279344797134e-04 3.437546256463974714e-04 3.485522756818681955e-04 3.387826436664909124e-04 3.449198557063937187e-04 3.761534171644598246e-04
1.480000000000000000e+02 2.739225712198685159e-01 5.590821057558059692e-02 3.567051317077130079e-04 3.429093922022730112e-04 3.475522389635443687e-04 3.381226852070540190e-04 3.443417372182011604e-04 3.750923497136682272e-04
1.490000000000000000e+02 2.702580964821404419e-01 5.540488660335540771e-02 3.557422605808824301e-04 3.421543515287339687e-04 3.466370981186628342e-04 3.375475935172289610e-04 3.438460116740316153e-04 3.740978136193007231e-04
1.500000000000000000e+02 2.666666666666666630e-01 5.490957200527191162e-02 3.547313390299677849e-04 3.414098464418202639e-04 3.457765851635485888e-04 3.369910991750657558e-04 3.433861420489847660e-04 3.731800534296780825e-04
1.510000000000000000e+02 2.631463532301214769e-01 5.442214384675025940e-02 3.536537114996463060e-04 3.407006443012505770e-04 3.449180803727358580e-04 3.364612348377704620e-04 3.429145144764333963e-04 3.722738765645772219e-04
1.520000000000000000e+02 2.596952908587257802e-01 5.394235998392105103e-02 3.524587664287537336e-04 3.399704000912606716e-04 3.440444124862551689e-04 3.359094553161412477e-04 3.424244350753724575e-04 3.713308833539485931e-04
1.530000000000000000e+02 2.563116749967960795e-01 5.347007513046264648e-02 3.511508693918585777e-04 3.391869831830263138e-04 3.431371587794274092e-04 3.353145730216056108e-04 3.418854612391442060e-04 3.703421680256724358e-04
1.540000000000000000e+02 2.529937594872659901e-01 5.300520360469818115e-02 3.497046418488025665e-04 3.383520815987139940e-04 3.421909350436180830e-04 3.346503071952611208e-04 3.412495716474950314e-04 3.692690515890717506e-04
1.550000000000000000e+02 2.497398543184183028e-01 5.254747346043586731e-02 3.481198800727725029e-04 3.374468651600182056e-04 3.411651414353400469e-04 3.339100512675940990e-04 3.405166498851031065e-04 3.681041707750409842e-04
1.560000000000000000e+02 2.465483234714004046e-01 5.209673196077346802e-02 3.463441680651158094e-04 3.364438889548182487e-04 3.400457208044826984e-04 3.330713661853224039e-04 3.396604734007269144e-04 3.668057615868747234e-04
1.570000000000000000e+02 2.434175828634021765e-01 5.165292695164680481e-02 3.443888854235410690e-04 3.353197826072573662e-04 3.388201002962887287e-04 3.321024123579263687e-04 3.386732423678040504e-04 3.653542371466755867e-04
1.580000000000000000e+02 2.403460983816695928e-01 5.121580138802528381e-02 3.422349691390991211e-04 3.340593830216675997e-04 3.374666557647287846e-04 3.310030442662537098e-04 3.375192463863641024e-04 3.637482877820730209e-04
1.590000000000000000e+02 2.373323840037973309e-01 5.078526958823204041e-02 3.398769476916640997e-04 3.326655423734337091e-04 3.359734837431460619e-04 3.297647635918110609e-04 3.362018032930791378e-04 3.619634953793138266e-04
1.600000000000000000e+02 2.343750000000000000e-01 5.036120116710662842e-02 3.372773644514381886e-04 3.311093314550817013e-04 3.343345306348055601e-04 3.283651312813162804e-04 3.347165766172111034e-04 3.600253257900476456e-04
1.610000000000000000e+02 2.314725512133019580e-01 4.994340986013412476e-02 3.344688448123633862e-04 3.294055059086531401e-04 3.325474972371011972e-04 3.267988504376262426e-04 3.330448525957763195e-04 3.578944306354969740e-04
1.620000000000000000e+02 2.286236854138088692e-01 4.953178390860557556e-02 3.314373898319900036e-04 3.275175695307552814e-04 3.305764112155884504e-04 3.250553563702851534e-04 3.311749023851007223e-04 3.555911243893206120e-04
1.630000000000000000e+02 2.258270917234370956e-01 4.912620037794113159e-02 3.281593089923262596e-04 3.254579787608236074e-04 3.284403937868773937e-04 3.231340087950229645e-04 3.291220346000045538e-04 3.531099355313926935e-04
1.640000000000000000e+02 2.230814991076739973e-01 4.872656986117362976e-02 3.246722917538136244e-04 3.232298477087169886e-04 3.261272504460066557e-04 3.210330032743513584e-04 3.268803993705660105e-04 3.504477790556848049e-04
1.650000000000000000e+02 2.203856749311294827e-01 4.833268746733665466e-02 3.209584101568907499e-04 3.208072739653289318e-04 3.236297343391925097e-04 3.187330439686775208e-04 3.244406252633780241e-04 3.476032870821654797e-04
1.660000000000000000e+02 2.177384235738133167e-01 4.794452711939811707e-02 3.170269483234733343e-04 3.182049258612096310e-04 3.209635615348815918e-04 3.162412322126328945e-04 3.218291385564953089e-04 3.445882175583392382e-04
1.670000000000000000e+02 2.151385851052386167e-01 4.756187647581100464e-02 3.129015967715531588e-04 3.154155856464058161e-04 3.181030624546110630e-04 3.135730221401900053e-04 3.190013812854886055e-04 3.414035891182720661e-04
1.680000000000000000e+02 2.125850340136054284e-01 4.718472436070442200e-02 3.085820935666561127e-04 3.124585491605103016e-04 3.150661941617727280e-04 3.107140946667641401e-04 3.160060441587120295e-04 3.380405541975051165e-04
1.690000000000000000e+02 2.100766779874654322e-01 4.681286215782165527e-02 3.040726296603679657e-04 3.092853294219821692e-04 3.118499007541686296e-04 3.076696593780070543e-04 3.128267417196184397e-04 3.345126460772007704e-04
1.700000000000000000e+02 2.076124567474048332e-01 4.644626751542091370e-02 2.993962552864104509e-04 3.059692389797419310e-04 3.084590425714850426e-04 3.044507466256618500e-04 3.094674029853194952e-04 3.308371524326503277e-04
1.710000000000000000e+02 2.051913409254129406e-01 4.608477279543876648e-02 2.945691230706870556e-04 3.024849575012922287e-04 3.049020015168935061e-04 3.010430955328047276e-04 3.059389127884060144e-04 3.269729204475879669e-04
1.720000000000000000e+02 2.028123309897241766e-01 4.572833329439163208e-02 2.896033693104982376e-04 2.988069318234920502e-04 3.011682420037686825e-04 2.974598610308021307e-04 3.022382734343409538e-04 3.229689027648419142e-04
1.730000000000000000e+02 2.004744562130375274e-01 4.537678509950637817e-02 2.844991686288267374e-04 2.949933113995939493e-04 2.972812217194586992e-04 2.937174285762012005e-04 2.983804151881486177e-04 3.187937836628407240e-04
1.740000000000000000e+02 1.981767736821244685e-01 4.503011330962181091e-02 2.792815794236958027e-04 2.910034381784498692e-04 2.932474308181554079e-04 2.898224920500069857e-04 2.943763392977416515e-04 3.144604270346462727e-04
1.750000000000000000e+02 1.959183673469387654e-01 4.468816891312599182e-02 2.739672490861266851e-04 2.868843148462474346e-04 2.890467294491827488e-04 2.857750805560499430e-04 2.902085252571851015e-04 3.099894092883914709e-04
1.760000000000000000e+02 1.936983471074380236e-01 4.435084015130996704e-02 2.685672370716929436e-04 2.826346899382770061e-04 2.847261202987283468e-04 2.815803163684904575e-04 2.859141386579722166e-04 3.053816908504813910e-04
1.770000000000000000e+02 1.915158479364167388e-01 4.401808977127075195e-02 2.630922826938331127e-04 2.782371593639254570e-04 2.802614762913435698e-04 2.772566222120076418e-04 2.814901527017354965e-04 3.006201877724379301e-04
1.780000000000000000e+02 1.893700290367377748e-01 4.368979483842849731e-02 2.575615944806486368e-04 2.737196628004312515e-04 2.756872272584587336e-04 2.728012623265385628e-04 2.769267885014414787e-04 2.957249234896153212e-04
1.790000000000000000e+02 1.872600730314284700e-01 4.336586967110633850e-02 2.519893751014024019e-04 2.690997498575598001e-04 2.709897235035896301e-04 2.682316116988658905e-04 2.722708741202950478e-04 2.906940935645252466e-04
1.800000000000000000e+02 1.851851851851851749e-01 4.304628819227218628e-02 2.463988203089684248e-04 2.643638290464878082e-04 2.661976031959056854e-04 2.635542477946728468e-04 2.674911811482161283e-04 2.855441707652062178e-04
1.810000000000000000e+02 1.831445926559018278e-01 4.273087158799171448e-02 2.407779538771137595e-04 2.595433616079390049e-04 2.612875541672110558e-04 2.587731287349015474e-04 2.626210334710776806e-04 2.803050738293677568e-04
1.820000000000000000e+02 1.811375437749064010e-01 4.241962358355522156e-02 2.351445873500779271e-04 2.546551113482564688e-04 2.563247689977288246e-04 2.539132256060838699e-04 2.576646802481263876e-04 2.749506093095988035e-04
1.830000000000000000e+02 1.791633073546537724e-01 4.211245849728584290e-02 2.295228186994791031e-04 2.496851084288209677e-04 2.512677165213972330e-04 2.489781472831964493e-04 2.526424941606819630e-04 2.695131115615367889e-04
1.840000000000000000e+02 1.772211720226843090e-01 4.180923476815223694e-02 2.239056339021772146e-04 2.446370490361005068e-04 2.461566764395684004e-04 2.439704112475737929e-04 2.475373621564358473e-04 2.639908052515238523e-04
1.850000000000000000e+02 1.753104455807158457e-01 4.150996357202529907e-02 2.183133765356615186e-04 2.395541814621537924e-04 2.409905428066849709e-04 2.388969151070341468e-04 2.423740952508524060e-04 2.583960304036736488e-04
1.860000000000000000e+02 1.734304543877905058e-01 4.121449962258338928e-02 2.127655025105923414e-04 2.344252716284245253e-04 2.357777411816641688e-04 2.337818150408565998e-04 2.371868758928030729e-04 2.527594042476266623e-04
1.870000000000000000e+02 1.715805427664502947e-01 4.092285409569740295e-02 2.072616189252585173e-04 2.292661083629354835e-04 2.305427333340048790e-04 2.286374510731548071e-04 2.319472987437620759e-04 2.470696636009961367e-04
1.880000000000000000e+02 1.697600724309642484e-01 4.063485935330390930e-02 2.018037048401311040e-04 2.240906324004754424e-04 2.252868434879928827e-04 2.234680141555145383e-04 2.266903466079384089e-04 2.413562615402042866e-04
1.890000000000000000e+02 1.679684219366759101e-01 4.035054519772529602e-02 1.964023540494963527e-04 2.189018414355814457e-04 2.200134331360459328e-04 2.182843600166961551e-04 2.214214036939665675e-04 2.356287441216409206e-04
1.900000000000000000e+02 1.662049861495844827e-01 4.006978124380111694e-02 1.910752907861024141e-04 2.137154515367001295e-04 2.147496270481497049e-04 2.130994253093376756e-04 2.161643642466515303e-04 2.299057232448831201e-04
1.910000000000000000e+02 1.644691757353142769e-01 3.979254886507987976e-02 1.858250907389447093e-04 2.085377636831253767e-04 2.095084055326879025e-04 2.079210098600015044e-04 2.109006891259923577e-04 2.241955517092719674e-04
1.920000000000000000e+02 1.627604166666666574e-01 3.951872885227203369e-02 1.806589425541460514e-04 2.033947530435398221e-04 2.042796404566615820e-04 2.027431328315287828e-04 2.056606754194945097e-04 2.184991026297211647e-04
1.930000000000000000e+02 1.610781497489865433e-01 3.924831748008728027e-02 1.755832490744069219e-04 1.982717221835628152e-04 1.990724413190037012e-04 1.976232888409867883e-04 2.004616253543645144e-04 2.128413325408473611e-04
1.940000000000000000e+02 1.594218301626102730e-01 3.898121416568756104e-02 1.706014299998059869e-04 1.931952865561470389e-04 1.939237990882247686e-04 1.925289980135858059e-04 1.953127357410266995e-04 2.072539500659331679e-04
1.950000000000000000e+02 1.577909270216962534e-01 3.871741145849227905e-02 1.657399552641436458e-04 1.881751813925802708e-04 1.888358674477785826e-04 1.874840090749785304e-04 1.901971554616466165e-04 2.017336664721369743e-04
1.960000000000000000e+02 1.561849229487713431e-01 3.845677152276039124e-02 1.609815953997895122e-04 1.832209236454218626e-04 1.838120369939133525e-04 1.825107756303623319e-04 1.851679262472316623e-04 1.962736569112166762e-04
1.970000000000000000e+02 1.546033136643562012e-01 3.819931298494338989e-02 1.563338155392557383e-04 1.783275656634941697e-04 1.788519002730026841e-04 1.775869750417768955e-04 1.802056067390367389e-04 1.909068960230797529e-04
1.980000000000000000e+02 1.530456075910621438e-01 3.794496133923530579e-02 1.518166245659813285e-04 1.735166006255894899e-04 1.739751605782657862e-04 1.727447815937921405e-04 1.753191318130120635e-04 1.856298913480713964e-04
1.990000000000000000e+02 1.515113254715790003e-01 3.769365698099136353e-02 1.474290038459002972e-04 1.687836775090545416e-04 1.691931538516655564e-04 1.680013519944623113e-04 1.705344620859250426e-04 1.804604689823463559e-04
2.000000000000000000e+02 1.499999999999999944e-01 3.744530677795410156e-02 1.431672426406294107e-04 1.641676208237186074e-04 1.645164447836577892e-04 1.633468637010082603e-04 1.658393302932381630e-04 1.754137483658269048e-04
2.010000000000000000e+02 1.485111754659538263e-01 3.719995915889739990e-02 1.390448014717549086e-04 1.596469373907893896e-04 1.599403622094541788e-04 1.587933511473238468e-04 1.612651249160990119e-04 1.704751484794542193e-04
2.020000000000000000e+02 1.470444074110381361e-01 3.695745021104812622e-02 1.350534876110032201e-04 1.552281028125435114e-04 1.554753980599343777e-04 1.543394464533776045e-04 1.567820145282894373e-04 1.656701351748779416e-04
2.030000000000000000e+02 1.455992622970710415e-01 3.671782463788986206e-02 1.311926607741042972e-04 1.509252033429220319e-04 1.511384907644242048e-04 1.500018988735973835e-04 1.524308900116011500e-04 1.609845203347504139e-04
2.040000000000000000e+02 1.441753171856978155e-01 3.648098185658454895e-02 1.275001122849062085e-04 1.467425026930868626e-04 1.469134149374440312e-04 1.457980542909353971e-04 1.481978979427367449e-04 1.564433332532644272e-04
2.050000000000000000e+02 1.427721594289113605e-01 3.624688833951950073e-02 1.239381235791370273e-04 1.426906237611547112e-04 1.428198447683826089e-04 1.417078310623764992e-04 1.440947526134550571e-04 1.520351361250504851e-04
2.060000000000000000e+02 1.413893863700631526e-01 3.601549938321113586e-02 1.205177686642855406e-04 1.387692173011600971e-04 1.388559176120907068e-04 1.377291628159582615e-04 1.401113258907571435e-04 1.477573678130283952e-04
2.070000000000000000e+02 1.400266050549604513e-01 3.578677773475646973e-02 1.172450211015529931e-04 1.349709200439974666e-04 1.350267266388982534e-04 1.339094887953251600e-04 1.362598850391805172e-04 1.436406600987538695e-04
2.080000000000000000e+02 1.386834319526627224e-01 3.556066751480102539e-02 1.141132233897224069e-04 1.313091488555073738e-04 1.313560205744579434e-04 1.302098971791565418e-04 1.325516495853662491e-04 1.396580482833087444e-04
2.090000000000000000e+02 1.373594926856070153e-01 3.533714637160301208e-02 1.111093151848763227e-04 1.277861010748893023e-04 1.277993433177471161e-04 1.266498438781127334e-04 1.289842766709625721e-04 1.358131848974153399e-04
2.100000000000000000e+02 1.360544217687074953e-01 3.511613607406616211e-02 1.082631933968514204e-04 1.243931765202432871e-04 1.243945589521899819e-04 1.232295180670917034e-04 1.255361275980249047e-04 1.321175077464431524e-04
2.110000000000000000e+02 1.347678623570899015e-01 3.489761427044868469e-02 1.055575266946107149e-04 1.211346898344345391e-04 1.211199924000538886e-04 1.199452090077102184e-04 1.222319260705262423e-04 1.285655162064358592e-04
2.120000000000000000e+02 1.334994660021359969e-01 3.468155488371849060e-02 1.029789709718897939e-04 1.180303224828094244e-04 1.179926184704527259e-04 1.168042581412009895e-04 1.190506663988344371e-04 1.251540379598736763e-04
2.130000000000000000e+02 1.322488924155260093e-01 3.446790575981140137e-02 1.005391241051256657e-04 1.150400130427442491e-04 1.150052921730093658e-04 1.137943909270688891e-04 1.160224419436417520e-04 1.218820689246058464e-04
2.140000000000000000e+02 1.310158092409817454e-01 3.425662592053413391e-02 9.821694402489811182e-05 1.122149988077580929e-04 1.121504392358474433e-04 1.109226068365387619e-04 1.131181488744914532e-04 1.187574816867709160e-04
2.150000000000000000e+02 1.297998918334234697e-01 3.404768556356430054e-02 9.602944919606670737e-05 1.095086554414592683e-04 1.094337640097364783e-04 1.081993759726174176e-04 1.103561153286136687e-04 1.157593869720585644e-04
2.160000000000000000e+02 1.286008230452674872e-01 3.384104743599891663e-02 9.394269000040367246e-05 1.069305944838561118e-04 1.068457495421171188e-04 1.055955217452719808e-04 1.077121414709836245e-04 1.128956646425649524e-04
2.170000000000000000e+02 1.274182930196011698e-01 3.363668546080589294e-02 9.199464693665504456e-05 1.044892633217386901e-04 1.043972515617497265e-04 1.031248393701389432e-04 1.052057268680073321e-04 1.101704474422149360e-04
2.180000000000000000e+02 1.262519989899840156e-01 3.343451768159866333e-02 9.015782416099682450e-05 1.021760472212918103e-04 1.020633280859328806e-04 1.007827595458365977e-04 1.028177575790323317e-04 1.075821564882062376e-04
2.190000000000000000e+02 1.251016450866328789e-01 3.323456272482872009e-02 8.841438102535903454e-05 9.999372559832409024e-05 9.987031808122992516e-05 9.857800614554435015e-05 1.005508020170964301e-04 1.051064318744465709e-04
2.200000000000000000e+02 1.239669421487603340e-01 3.303675726056098938e-02 8.677256118971854448e-05 9.791660704649984837e-05 9.778268577065318823e-05 9.648831473896279931e-05 9.840939310379326344e-05 1.027602411340922117e-04
2.210000000000000000e+02 1.228476075428431014e-01 3.284107521176338196e-02 8.523096039425581694e-05 9.595626033842563629e-05 9.582428901921957731e-05 9.450979996472597122e-05 9.637789480620995164e-05 1.005496014840900898e-04
2.220000000000000000e+02 1.217433649866082324e-01 3.264746814966201782e-02 8.378112397622317076e-05 9.410688653588294983e-05 9.397129906574264169e-05 9.265202243113890290e-05 9.445515752304345369e-05 9.844128362601622939e-05
2.230000000000000000e+02 1.206539443785316357e-01 3.245594725012779236e-02 8.242634794441983104e-05 9.237536141881719232e-05 9.221772779710590839e-05 9.090450475923717022e-05 9.263984247809275985e-05 9.644478996051475406e-05
2.240000000000000000e+02 1.195790816326530587e-01 3.226643428206443787e-02 8.116537355817854404e-05 9.074647823581472039e-05 9.057467104867100716e-05 8.926894224714487791e-05 9.093482367461547256e-05 9.457661508349701762e-05
2.250000000000000000e+02 1.185185185185185230e-01 3.207890689373016357e-02 7.997267675818875432e-05 8.921186235966160893e-05 8.904626884032040834e-05 8.772336877882480621e-05 8.932585478760302067e-05 9.280288941226899624e-05
2.260000000000000000e+02 1.174720025060693868e-01 3.189336508512496948e-02 7.884664955781772733e-05 8.777310722507536411e-05 8.758879266679286957e-05 8.629201329313218594e-05 8.781359065324068069e-05 9.112757106777280569e-05
2.270000000000000000e+02 1.164392866153040051e-01 3.170976787805557251e-02 7.780739542795345187e-05 8.643267938168719411e-05 8.624171459814533591e-05 8.493836503475904465e-05 8.639051520731300116e-05 8.956899546319618821e-05
2.280000000000000000e+02 1.154201292705447773e-01 3.152805566787719727e-02 7.683737931074574590e-05 8.516831439919769764e-05 8.496963710058480501e-05 8.367366535821929574e-05 8.505635923938825727e-05 8.808607526589184999e-05
2.290000000000000000e+02 1.144142941591502899e-01 3.134823217988014221e-02 7.593660120619460940e-05 8.398004138143733144e-05 8.378668280784040689e-05 8.250221435446292162e-05 8.380228246096521616e-05 8.669867384014651179e-05
2.300000000000000000e+02 1.134215500945179589e-01 3.117024712264537811e-02 7.509616989409551024e-05 8.286481170216575265e-05 8.266873192042112350e-05 8.141302532749250531e-05 8.262805931735783815e-05 8.540632552467286587e-05
2.310000000000000000e+02 1.124416708832293305e-01 3.099410980939865112e-02 7.430724508594721556e-05 8.183310274034738541e-05 8.163091843016445637e-05 8.039716340135782957e-05 8.153257658705115318e-05 8.418130164500325918e-05
2.320000000000000000e+02 1.114744351961950014e-01 3.081973828375339508e-02 7.356946298386901617e-05 8.086589514277875423e-05 8.065839210757985711e-05 7.944497338030487299e-05 8.050409815041348338e-05 8.304396033054217696e-05
2.330000000000000000e+02 1.105196264436626163e-01 3.064715489745140076e-02 7.289396307896822691e-05 7.995561463758349419e-05 7.974987238412722945e-05 7.855594594730064273e-05 7.955307955853641033e-05 8.197661372832953930e-05
2.340000000000000000e+02 1.095770326539557277e-01 3.047629445791244507e-02 7.226084562717005610e-05 7.910108251962810755e-05 7.889555126894265413e-05 7.773037214064970613e-05 7.864210783736780286e-05 8.096843521343544126e-05
2.350000000000000000e+02 1.086464463558171056e-01 3.030717000365257263e-02 7.166849536588415504e-05 7.830621325410902500e-05 7.810512761352583766e-05 7.696430111536756158e-05 7.780061423545703292e-05 8.001628884812816978e-05
2.360000000000000000e+02 1.077276644642344156e-01 3.013975359499454498e-02 7.112276944098994136e-05 7.755339174764230847e-05 7.736516272416338325e-05 7.623974670423194766e-05 7.701074355281889439e-05 7.912253931863233447e-05
2.370000000000000000e+02 1.068204881696309394e-01 2.997396513819694519e-02 7.059880590531975031e-05 7.683935109525918961e-05 7.666464080102741718e-05 7.556610216852277517e-05 7.626841397723183036e-05 7.830155664123594761e-05
2.380000000000000000e+02 1.059247228303085986e-01 2.980984374880790710e-02 7.012341666268184781e-05 7.617795199621468782e-05 7.600108074257150292e-05 7.494265446439385414e-05 7.556373020634055138e-05 7.751947123324498534e-05
2.390000000000000000e+02 1.050401778680345177e-01 2.964735403656959534e-02 6.966823275433853269e-05 7.554966578027233481e-05 7.538610952906310558e-05 7.433963037328794599e-05 7.490451389458030462e-05 7.676429231651127338e-05
2.400000000000000000e+02 1.041666666666666713e-01 2.948642894625663757e-02 6.924132321728393435e-05 7.494345481973141432e-05 7.480007479898631573e-05 7.379737508017569780e-05 7.427957461914047599e-05 7.607063162140548229e-05
2.410000000000000000e+02 1.033040064737177355e-01 2.932708896696567535e-02 6.882473826408386230e-05 7.437461317749693990e-05 7.424618524964898825e-05 7.326312334043905139e-05 7.367435318883508444e-05 7.539740909123793244e-05
2.420000000000000000e+02 1.024520183047605976e-01 2.916930615901947021e-02 6.844744348200038075e-05 7.384180207736790180e-05 7.371858373517170548e-05 7.276833639480173588e-05 7.312323577934876084e-05 7.476806058548390865e-05
2.430000000000000000e+02 1.016105268505817227e-01 2.901304513216018677e-02 6.806368764955550432e-05 7.331812958000227809e-05 7.321705197682604194e-05 7.229669427033513784e-05 7.256911339936777949e-05 7.416387961711734533e-05
2.440000000000000000e+02 1.007793603869927418e-01 2.885829657316207886e-02 6.769636092940345407e-05 7.280866702785715461e-05 7.273365190485492349e-05 7.183675188571214676e-05 7.204829307738691568e-05 7.357630238402634859e-05
2.450000000000000000e+02 9.995835068721366234e-02 2.870503626763820648e-02 6.733098416589200497e-05 7.231631752802059054e-05 7.226188608910888433e-05 7.139689842006191611e-05 7.155013736337423325e-05 7.302618178073316813e-05
2.460000000000000000e+02 9.914733293674400649e-02 2.855323255062103271e-02 6.696882337564602494e-05 7.184088462963700294e-05 7.181319961091503501e-05 7.097877096384763718e-05 7.105578697519376874e-05 7.247193570947274566e-05
2.470000000000000000e+02 9.834614565064170311e-02 2.840288914740085602e-02 6.662026135018095374e-05 7.138272485462948680e-05 7.137551438063383102e-05 7.055731111904606223e-05 7.058306800900027156e-05 7.195731450337916613e-05
2.480000000000000000e+02 9.755463059313215779e-02 2.825396135449409485e-02 6.625477544730529189e-05 7.091571023920550942e-05 7.093593012541532516e-05 7.014890434220433235e-05 7.011397974565625191e-05 7.145213749026879668e-05
2.490000000000000000e+02 9.677263269947258828e-02 2.810643613338470459e-02 6.589210534002631903e-05 7.047302642604336143e-05 7.051013380987569690e-05 6.975090946070849895e-05 6.963936175452545285e-05 7.096050831023603678e-05
2.500000000000000000e+02 9.600000000000000200e-02 2.796029858291149139e-02 6.551956903422251344e-05 7.001498306635767221e-05 7.008708780631422997e-05 6.933994154678657651e-05 6.918553845025599003e-05 7.046809332678094506e-05
2.510000000000000000e+02 9.523658354629291334e-02 2.781553938984870911e-02 6.512896652566269040e-05 6.957231380511075258e-05 6.966265209484845400e-05 6.894518446642905474e-05 6.873489473946392536e-05 6.998469325480982661e-05
2.520000000000000000e+02 9.448223733938020119e-02 2.767210826277732849e-02 6.472988752648234367e-05 6.912126991664990783e-05 6.923601176822558045e-05 6.852714432170614600e-05 6.827126344433054328e-05 6.952468538656830788e-05
2.530000000000000000e+02 9.373681825993220029e-02 2.753003314137458801e-02 6.431135989259928465e-05 6.867337651783600450e-05 6.880966247990727425e-05 6.812687206547707319e-05 6.780488911317661405e-05 6.904638576088473201e-05
2.540000000000000000e+02 9.300018600037200656e-02 2.738925628364086151e-02 6.388883775798603892e-05 6.819835834903642535e-05 6.836478860350325704e-05 6.770825712010264397e-05 6.733985355822369456e-05 6.857921835035085678e-05
2.550000000000000000e+02 9.227220299884660026e-02 2.724975161254405975e-02 6.342808046611025929e-05 6.774039502488449216e-05 6.793447391828522086e-05 6.728829612256959081e-05 6.686281267320737243e-05 6.810510240029543638e-05
2.560000000000000000e+02 9.155273437500000000e-02 2.711155079305171967e-02 6.295873026829212904e-05 6.728038715664297342e-05 6.748308805981650949e-05 6.684970867354422808e-05 6.637074693571776152e-05 6.763512647012248635e-05
2.570000000000000000e+02 9.084164786749231169e-02 2.697459422051906586e-02 6.245873373700305820e-05 6.678389036096632481e-05 6.702625250909477472e-05 6.640155334025621414e-05 6.588944961549714208e-05 6.716139614582061768e-05
2.580000000000000000e+02 9.013881377321074362e-02 2.683890238404273987e-02 6.194557499838992953e-05 6.629695417359471321e-05 6.654078606516122818e-05 6.595568265765905380e-05 6.538190791616216302e-05 6.669268623227253556e-05
2.590000000000000000e+02 8.944410488812033766e-02 2.670440636575222015e-02 6.140589539427310228e-05 6.579091859748587012e-05 6.605823728023096919e-05 6.547949305968359113e-05 6.486503843916580081e-05 6.620714702876284719e-05
2.600000000000000000e+02 8.875739644970413733e-02 2.657114714384078979e-02 6.083422704250551760e-05 6.526458309963345528e-05 6.555411528097465634e-05 6.499264418380334973e-05 6.434057286242023110e-05 6.571309495484456420e-05
2.610000000000000000e+02 8.807856608094420670e-02 2.643905393779277802e-02 6.026153278071433306e-05 6.475699774455279112e-05 6.504329940071329474e-05 6.448509520851075649e-05 6.378769467119127512e-05 6.520716124214231968e-05
2.620000000000000000e+02 8.740749373579628778e-02 2.630815282464027405e-02 5.965505624772049487e-05 6.420491990866139531e-05 6.452550587709993124e-05 6.397492688847705722e-05 6.324311107164248824e-05 6.470245716627687216e-05
2.630000000000000000e+02 8.674406164611314640e-02 2.617842517793178558e-02 5.902634438825771213e-05 6.364592991303652525e-05 6.396699609467759728e-05 6.345051224343478680e-05 6.267250864766538143e-05 6.417285476345568895e-05
2.640000000000000000e+02 8.608815426997244724e-02 2.604982070624828339e-02 5.838820288772694767e-05 6.307456351350992918e-05 6.340363324852660298e-05 6.289390148594975471e-05 6.209484854480251670e-05 6.364678847603499889e-05
2.650000000000000000e+02 8.543965824136703913e-02 2.592235431075096130e-02 5.771801806986331940e-05 6.248895806493237615e-05 6.283267430262640119e-05 6.232054147403687239e-05 6.149649561848491430e-05 6.309164018603041768e-05
2.660000000000000000e+02 8.479846232121657224e-02 2.579601481556892395e-02 5.702798080164939165e-05 6.188499537529423833e-05 6.222876254469156265e-05 6.174032751005142927e-05 6.088090231060050428e-05 6.252754974411800504e-05
2.670000000000000000e+02 8.416445734966124248e-02 2.567077241837978363e-02 5.633026012219488621e-05 6.126975495135411620e-05 6.161795317893847823e-05 6.114108691690489650e-05 6.024650792824104428e-05 6.194232264533638954e-05
2.680000000000000000e+02 8.353753619959901344e-02 2.554661594331264496e-02 5.561788566410541534e-05 6.063358159735798836e-05 6.098789162933826447e-05 6.051171294529922307e-05 5.959558257018215954e-05 6.136142474133521318e-05
2.690000000000000000e+02 8.291759373142991441e-02 2.542355842888355255e-02 5.488698661793023348e-05 5.998537744744680822e-05 6.033908721292391419e-05 5.986358155496418476e-05 5.894108107895590365e-05 6.073898839531466365e-05
2.700000000000000000e+02 8.230452674897119347e-02 2.530152350664138794e-02 5.414916813606396317e-05 5.933105057920329273e-05 5.966653407085686922e-05 5.922468699282035232e-05 5.826354390592314303e-05 6.011466393829323351e-05
2.710000000000000000e+02 8.169823395650931130e-02 2.518054656684398651e-02 5.339782364899292588e-05 5.864182094228453934e-05 5.898988456465303898e-05 5.853793845744803548e-05 5.756538303103297949e-05 5.946856617811135948e-05
2.720000000000000000e+02 8.109861591695501082e-02 2.506063133478164673e-02 5.263588900561444461e-05 5.795933975605294108e-05 5.829324436490423977e-05 5.785990651929751039e-05 5.685060386895202100e-05 5.880050593987107277e-05
2.730000000000000000e+02 8.050557501106951619e-02 2.494171261787414551e-02 5.186709677218459547e-05 5.724815855501219630e-05 5.757801773143000901e-05 5.715938095818273723e-05 5.613324174191802740e-05 5.811818846268579364e-05
2.740000000000000000e+02 7.991901539773030305e-02 2.482380904257297516e-02 5.108867117087356746e-05 5.653522384818643332e-05 5.684146890416741371e-05 5.642596443067304790e-05 5.538955883821472526e-05 5.742484063375741243e-05
2.750000000000000000e+02 7.933884297520661655e-02 2.470689453184604645e-02 5.030845932196825743e-05 5.580315337283536792e-05 5.609769505099393427e-05 5.568419146584346890e-05 5.464918285724706948e-05 5.670809332514181733e-05
2.760000000000000000e+02 7.876496534341524691e-02 2.459096349775791168e-02 4.953184907208196819e-05 5.505679291673004627e-05 5.534279262064956129e-05 5.494262222782708704e-05 5.388989666244015098e-05 5.598458301392383873e-05
2.770000000000000000e+02 7.819729176712846008e-02 2.447600476443767548e-02 4.874370279139839113e-05 5.432035686681047082e-05 5.458272062242031097e-05 5.418871660367585719e-05 5.311934000928886235e-05 5.525210144696757197e-05
2.780000000000000000e+02 7.763573314010661919e-02 2.436200715601444244e-02 4.796299617737531662e-05 5.355020039132796228e-05 5.379602953325957060e-05 5.340369534678757191e-05 5.234696436673402786e-05 5.449012678582221270e-05
2.790000000000000000e+02 7.708020195012911524e-02 2.424894645810127258e-02 4.718251511803828180e-05 5.277600212139077485e-05 5.300535849528387189e-05 5.262699414743110538e-05 5.155325561645440757e-05 5.372379746404476464e-05
2.800000000000000000e+02 7.653061224489796088e-02 2.413683943450450897e-02 4.639667895389720798e-05 5.199712541070766747e-05 5.220797902438789606e-05 5.182968379813246429e-05 5.075948865851387382e-05 5.294401853461749852e-05
2.810000000000000000e+02 7.598687959878927534e-02 2.402563020586967468e-02 4.562980029731988907e-05 5.121107824379578233e-05 5.139942732057534158e-05 5.103291186969727278e-05 4.995970812160521746e-05 5.214662814978510141e-05
2.820000000000000000e+02 7.544892108042855483e-02 2.391535043716430664e-02 4.486022226046770811e-05 5.042984048486687243e-05 5.058083479525521398e-05 5.022537516197189689e-05 4.916195030091330409e-05 5.136077379574999213e-05
2.830000000000000000e+02 7.491665522106656649e-02 2.380597218871116638e-02 4.409490065881982446e-05 4.963639366906136274e-05 4.976653872290626168e-05 4.941416045767255127e-05 4.835136132896877825e-05 5.056363079347647727e-05
2.840000000000000000e+02 7.439000198373338368e-02 2.369747497141361237e-02 4.335360063123516738e-05 4.882997745880857110e-05 4.894363883067853749e-05 4.859749242314137518e-05 4.754893234348855913e-05 4.976303171133622527e-05
2.850000000000000000e+02 7.386888273314866360e-02 2.358985133469104767e-02 4.259874549461528659e-05 4.803857882507145405e-05 4.813268242287449539e-05 4.777046342496760190e-05 4.674806041293777525e-05 4.896069003734737635e-05
2.860000000000000000e+02 7.335322020636705909e-02 2.348312363028526306e-02 4.188064485788345337e-05 4.724742393591441214e-05 4.730536602437496185e-05 4.695543248089961708e-05 4.593118137563578784e-05 4.814676140085794032e-05
2.870000000000000000e+02 7.284293848413844752e-02 2.337722480297088623e-02 4.116835043532773852e-05 4.645170702133327723e-05 4.648126923711970448e-05 4.613858982338570058e-05 4.514482861850410700e-05 4.734487447421997786e-05
2.880000000000000000e+02 7.233796296296296502e-02 2.327218465507030487e-02 4.044689558213576674e-05 4.565044946502894163e-05 4.566208008327521384e-05 4.531941885943524539e-05 4.434417496668174863e-05 4.654583244700916111e-05
2.890000000000000000e+02 7.183822032782175016e-02 2.316796407103538513e-02 3.975946310674771667e-05 4.487258775043301284e-05 4.485273893806152046e-05 4.450997221283614635e-05 4.355615237727761269e-05 4.574773629428818822e-05
2.900000000000000000e+02 7.134363852556480090e-02 2.306460216641426086e-02 3.908147482434287667e-05 4.409983012010343373e-05 4.405533400131389499e-05 4.369591988506726921e-05 4.278118285583332181e-05 4.496337714954279363e-05
2.910000000000000000e+02 7.085414673893788984e-02 2.296203933656215668e-02 3.841674697468988597e-05 4.332072785473428667e-05 4.325537884142249823e-05 4.289326898287981749e-05 4.201770934741944075e-05 4.418198295752517879e-05
2.920000000000000000e+02 7.036967536123099609e-02 2.286027744412422180e-02 3.777653182623907924e-05 4.255703242961317301e-05 4.246991011314094067e-05 4.211324267089366913e-05 4.125929990550503135e-05 4.340413943282328546e-05
2.930000000000000000e+02 6.989015597153140635e-02 2.275934070348739624e-02 3.713069236255250871e-05 4.181403710390441120e-05 4.168078885413706303e-05 4.133019319851882756e-05 4.050996358273550868e-05 4.264866220182739198e-05
2.940000000000000000e+02 6.941552131056503983e-02 2.265916019678115845e-02 3.652282612165436149e-05 4.107236600248143077e-05 4.092440212843939662e-05 4.055716999573633075e-05 3.977829328505322337e-05 4.191760672256350517e-05
2.950000000000000000e+02 6.894570525711002373e-02 2.255976758897304535e-02 3.592638677218928933e-05 4.033651930512860417e-05 4.016071761725470424e-05 3.979166649514809251e-05 3.906085476046428084e-05 4.118513243156485260e-05
2.960000000000000000e+02 6.848064280496712897e-02 2.246114425361156464e-02 3.534928691806271672e-05 3.962631308240815997e-05 3.943006231565959752e-05 3.904675759258680046e-05 3.835454117506742477e-05 4.047488619107753038e-05
2.970000000000000000e+02 6.802027004047206393e-02 2.236330322921276093e-02 3.479788938420824707e-05 3.893319808412343264e-05 3.871059016091749072e-05 3.832246147794649005e-05 3.767335874726995826e-05 3.976995139964856207e-05
2.980000000000000000e+02 6.756452412053511047e-02 2.226620353758335114e-02 3.424092210480012000e-05 3.824445957434363663e-05 3.800179911195300519e-05 3.760849358513951302e-05 3.700167508213780820e-05 3.908849612344056368e-05
2.990000000000000000e+02 6.711334325119405753e-02 2.216984331607818604e-02 3.372141145518980920e-05 3.757409649551846087e-05 3.730932803591713309e-05 3.691426172736100852e-05 3.635442408267408609e-05 3.842663136310875416e-05
3.000000000000000000e+02 6.666666666666666574e-02 2.207421883940696716e-02 3.321052281535230577e-05 3.691994788823649287e-05 3.664422547444701195e-05 3.623372322181239724e-05 3.573625508579425514e-05 3.777438541874289513e-05
3.010000000000000000e+02 6.622443460888952083e-02 2.197933383285999298e-02 3.271736204624176025e-05 3.630025094025768340e-05 3.599305637180805206e-05 3.556631781975738704e-05 3.512551120365969837e-05 3.714653212227858603e-05
3.020000000000000000e+02 6.578658830753036924e-02 2.188516035676002502e-02 3.224020110792480409e-05 3.568670945242047310e-05 3.536389704095199704e-05 3.492731411824934185e-05 3.452470991760492325e-05 3.654504689620807767e-05
3.030000000000000000e+02 6.535306996046139072e-02 2.179169282317161560e-02 3.179411578457802534e-05 3.509717862471006811e-05 3.474562618066556752e-05 3.430572178331203759e-05 3.395729800104163587e-05 3.595708039938472211e-05
3.040000000000000000e+02 6.492382271468144506e-02 2.169891633093357086e-02 3.135482620564289391e-05 3.451259908615611494e-05 3.415908940951339900e-05 3.369749902049079537e-05 3.340617695357650518e-05 3.540185571182519197e-05
3.050000000000000000e+02 6.449879064767535808e-02 2.160684764385223389e-02 3.093569830525666475e-05 3.396604006411507726e-05 3.358619505888782442e-05 3.311913314973935485e-05 3.287451909272931516e-05 3.484711487544700503e-05
3.060000000000000000e+02 6.407791874919901987e-02 2.151546254754066467e-02 3.052630563615821302e-05 3.343678690725937486e-05 3.304093843325972557e-05 3.256399577367119491e-05 3.236588963773101568e-05 3.431379809626378119e-05
3.070000000000000000e+02 6.366115290347908184e-02 2.142474427819252014e-02 3.014036337845027447e-05 3.292447581770829856e-05 3.251287125749513507e-05 3.202444713679142296e-05 3.189515336998738348e-05 3.380819907761178911e-05
3.080000000000000000e+02 6.324843987181649752e-02 2.133473008871078491e-02 2.976998621306847781e-05 3.243038008804433048e-05 3.199971979483962059e-05 3.149951589875854552e-05 3.141057095490396023e-05 3.333151107653975487e-05
3.090000000000000000e+02 6.283972727558362337e-02 2.124534547328948975e-02 2.940976082754787058e-05 3.195999306626617908e-05 3.151236523990519345e-05 3.101111724390648305e-05 3.096915315836668015e-05 3.285571074229665101e-05
3.100000000000000000e+02 6.243496357960457571e-02 2.115662954747676849e-02 2.907046473410446197e-05 3.150889824610203505e-05 3.105000359937548637e-05 3.054062835872173309e-05 3.053765976801514626e-05 3.241404556320048869e-05
3.110000000000000000e+02 6.203409807590905961e-02 2.106856368482112885e-02 2.874122583307325840e-05 3.106966323684900999e-05 3.060803646803833544e-05 3.008093153766822070e-05 3.013916102645453066e-05 3.197808109689503908e-05
3.120000000000000000e+02 6.163708086785010115e-02 2.098114043474197388e-02 2.843299444066360593e-05 3.065849523409269750e-05 3.018675488419830799e-05 2.964472332678269595e-05 2.974888593598734587e-05 3.155598460580222309e-05
3.130000000000000000e+02 6.124386285457644741e-02 2.089435420930385590e-02 2.811498052324168384e-05 3.026690865226555616e-05 2.978423071908764541e-05 2.924442742369137704e-05 2.937370300060138106e-05 3.116323932772502303e-05
3.140000000000000000e+02 6.085439571585054414e-02 2.080818451941013336e-02 2.782126102829352021e-05 2.988478809129446745e-05 2.939618207165040076e-05 2.885108006012160331e-05 2.902884079958312213e-05 3.078768349951133132e-05
3.150000000000000000e+02 6.046863189720332737e-02 2.072264999151229858e-02 2.754650631686672568e-05 2.952987051685340703e-05 2.903499262174591422e-05 2.847296491381712258e-05 2.869396485039032996e-05 3.043164724658709019e-05
3.160000000000000000e+02 6.008652459541739821e-02 2.063772454857826233e-02 2.727160790527705103e-05 2.919157304859254509e-05 2.868744013539981097e-05 2.812019010889343917e-05 2.836407111317384988e-05 3.008983367180917412e-05
3.170000000000000000e+02 5.970802774433022625e-02 2.055340632796287537e-02 2.700932964216917753e-05 2.887077062041498721e-05 2.835311352100688964e-05 2.778413909254595637e-05 2.806127849908079952e-05 2.975634015456307679e-05
3.180000000000000000e+02 5.933309600094933273e-02 2.046967670321464539e-02 2.675829455256462097e-05 2.855498678400181234e-05 2.803336246870458126e-05 2.746335121628362685e-05 2.778177076834253967e-05 2.943459367088507861e-05
3.190000000000000000e+02 5.896168473187173714e-02 2.038655430078506470e-02 2.650924034242052585e-05 2.826700983860064298e-05 2.773499181785155088e-05 2.716126437007915229e-05 2.751284046098589897e-05 2.913652315328363329e-05
3.200000000000000000e+02 5.859375000000000000e-02 2.030401304364204407e-02 2.627141293487511575e-05 2.799172943923622370e-05 2.744701487245038152e-05 2.688290078367572278e-05 2.724450132518541068e-05 2.884848618123214692e-05
3.210000000000000000e+02 5.822924855154744395e-02 2.022204734385013580e-02 2.603417124191764742e-05 2.772032348730135709e-05 2.717647839745040983e-05 2.660023346834350377e-05 2.700715413084253669e-05 2.857804975064937025e-05
3.220000000000000000e+02 5.786813780332548951e-02 2.014065906405448914e-02 2.580582440714351833e-05 2.748056613199878484e-05 2.692621637834236026e-05 2.634463817230425775e-05 2.677763040992431343e-05 2.831118399626575410e-05
3.230000000000000000e+02 5.751037583030604861e-02 2.005985379219055176e-02 2.559345011832192540e-05 2.723625220824033022e-05 2.667380795173812658e-05 2.611108538985718042e-05 2.655866228451486677e-05 2.805665644700638950e-05
3.240000000000000000e+02 5.715592135345221730e-02 1.997959427535533905e-02 2.538269109209068120e-05 2.700230470509268343e-05 2.645305175974499434e-05 2.588711322459857911e-05 2.633827352838125080e-05 2.782116098387632519e-05
3.250000000000000000e+02 5.680473372781064817e-02 1.989991031587123871e-02 2.517171742510981858e-05 2.678785131138283759e-05 2.622716237965505570e-05 2.566118200775235891e-05 2.613934884720947593e-05 2.759345443337224424e-05
3.260000000000000000e+02 5.645677293085927390e-02 1.982076093554496765e-02 2.496157685527577996e-05 2.657715958775952458e-05 2.601889900688547641e-05 2.545947427279315889e-05 2.595533260318916291e-05 2.736043279583100230e-05
3.270000000000000000e+02 5.611199955110400539e-02 1.974216289818286896e-02 2.476836016285233200e-05 2.637280886119697243e-05 2.580341970315203071e-05 2.526224852772429585e-05 2.577143823145888746e-05 2.715062692004721612e-05
3.280000000000000000e+02 5.577037477691849932e-02 1.966411620378494263e-02 2.456812035234179348e-05 2.618625512695871294e-05 2.561626570241060108e-05 2.507447970856446773e-05 2.559237691457383335e-05 2.692487578315194696e-05
3.290000000000000000e+02 5.543186038562097212e-02 1.958657987415790558e-02 2.437927651044446975e-05 2.599059371277689934e-05 2.542544098105281591e-05 2.488694917701650411e-05 2.541822686907835305e-05 2.671746915439143777e-05
3.300000000000000000e+02 5.509641873278237068e-02 1.950959675014019012e-02 2.419117481622379273e-05 2.581654189270921052e-05 2.524710180296096951e-05 2.471914922352880239e-05 2.525749187043402344e-05 2.652413422765675932e-05
3.310000000000000000e+02 5.476401274176029982e-02 1.943311281502246857e-02 2.401929486950393766e-05 2.562432746344711632e-05 2.506832606741227210e-05 2.454847708577290177e-05 2.509578553144820035e-05 2.633115764183457941e-05
3.320000000000000000e+02 5.443460589345332917e-02 1.935715787112712860e-02 2.384186700510326773e-05 2.545490133343264461e-05 2.490012957423459738e-05 2.438446790620218962e-05 2.493352440069429576e-05 2.614004188217222691e-05
3.330000000000000000e+02 5.410816221627032241e-02 1.928172074258327484e-02 2.366026092204265296e-05 2.528067307139281183e-05 2.472710912115871906e-05 2.422849502181634307e-05 2.478203168720938265e-05 2.594568104541394860e-05
3.340000000000000000e+02 5.378464627630965417e-02 1.920677162706851959e-02 2.348580528632737696e-05 2.511800812499132007e-05 2.456543188600335270e-05 2.408385262242518365e-05 2.462743213982321322e-05 2.576464794401545078e-05
3.350000000000000000e+02 5.346402316774337415e-02 1.913233473896980286e-02 2.332394797122105956e-05 2.496054366929456592e-05 2.440777279844041914e-05 2.394055263721384108e-05 2.448125087539665401e-05 2.558484811743255705e-05
3.360000000000000000e+02 5.314625850340135710e-02 1.905840635299682617e-02 2.315810343134216964e-05 2.480117473169229925e-05 2.424278682156000286e-05 2.378880526521243155e-05 2.433381814626045525e-05 2.540420064178761095e-05
3.370000000000000000e+02 5.283131840555081032e-02 1.898495666682720184e-02 2.299469269928522408e-05 2.464056706230621785e-05 2.408975160506088287e-05 2.364594001846853644e-05 2.418905933154746890e-05 2.522850081732030958e-05
3.380000000000000000e+02 5.251916949686635805e-02 1.891200058162212372e-02 2.282494642713572830e-05 2.448003760946448892e-05 2.393706381553784013e-05 2.351010152779053897e-05 2.404465703875757754e-05 2.504824078641831875e-05
3.390000000000000000e+02 5.220977889158639335e-02 1.883950643241405487e-02 2.268155003548599780e-05 2.431784196232911199e-05 2.378225508437026292e-05 2.336752550036180764e-05 2.390352528891526163e-05 2.487083656887989491e-05
3.400000000000000000e+02 5.190311418685120831e-02 1.876750588417053223e-02 2.252416197734419256e-05 2.414906521153170615e-05 2.363613020861521363e-05 2.322438558621797711e-05 2.374840005359146744e-05 2.467830745445098728e-05
3.410000000000000000e+02 5.159914345421866277e-02 1.869597099721431732e-02 2.236854379589203745e-05 2.399868208158295602e-05 2.346823021071031690e-05 2.309643423359375447e-05 2.360263715672772378e-05 2.449712701491080225e-05
3.420000000000000000e+02 5.129783523135323514e-02 1.862491108477115631e-02 2.221206341346260160e-05 2.383507307968102396e-05 2.331794530618935823e-05 2.294509613420814276e-05 2.346031942579429597e-05 2.431735629215836525e-05
3.430000000000000000e+02 5.099915851388452104e-02 1.855430938303470612e-02 2.206830504292156547e-05 2.367327033425681293e-05 2.316281643288675696e-05 2.280968328705057502e-05 2.330479946976993233e-05 2.413318543403875083e-05
3.440000000000000000e+02 5.070308274743104415e-02 1.848416589200496674e-02 2.192198189732152969e-05 2.351180046389345080e-05 2.301349013578146696e-05 2.267323361593298614e-05 2.315349775017239153e-05 2.395705450908280909e-05
3.450000000000000000e+02 5.040957781978575719e-02 1.841447129845619202e-02 2.177260284952353686e-05 2.334630153200123459e-05 2.285263508383650333e-05 2.252667400171048939e-05 2.299814514117315412e-05 2.377187229285482317e-05
3.460000000000000000e+02 5.011861405325938185e-02 1.834522560238838196e-02 2.162578493880573660e-05 2.318139377166517079e-05 2.269834658363834023e-05 2.237862827314529568e-05 2.284719084855169058e-05 2.359926656936295331e-05
3.470000000000000000e+02 4.983016219717795181e-02 1.827642321586608887e-02 2.148185558326076716e-05 2.301853601238690317e-05 2.254408173030242324e-05 2.223233423137571663e-05 2.269493052153848112e-05 2.341234358027577400e-05
3.480000000000000000e+02 4.954419342053111713e-02 1.820806227624416351e-02 2.133434827555902302e-05 2.284466972923837602e-05 2.237642729596700519e-05 2.209324884461238980e-05 2.252934973512310535e-05 2.323560875083785504e-05
3.490000000000000000e+02 4.926067930476761558e-02 1.814013347029685974e-02 2.119434611813630909e-05 2.266818773932754993e-05 2.222529474238399416e-05 2.195137858507223427e-05 2.237437001895159483e-05 2.303666224179323763e-05
3.500000000000000000e+02 4.897959183673469136e-02 1.807264611124992371e-02 2.105188832501880825e-05 2.249853787361644208e-05 2.206898534495849162e-05 2.179975854232907295e-05 2.221543218183796853e-05 2.285983282490633428e-05
3.510000000000000000e+02 4.870090340175810273e-02 1.800557784736156464e-02 2.090007546939887106e-05 2.232848601124715060e-05 2.189938095398247242e-05 2.165059231629129499e-05 2.205040982516948134e-05 2.267033596581313759e-05
3.520000000000000000e+02 4.842458677685950591e-02 1.793892309069633484e-02 2.075937663903459907e-05 2.214452797488775104e-05 2.173686698370147496e-05 2.149994179490022361e-05 2.187606514780782163e-05 2.248638520541135222e-05
3.530000000000000000e+02 4.815061512410821060e-02 1.787270419299602509e-02 2.059638973150867969e-05 2.196975037804804742e-05 2.157720518880523741e-05 2.134892565663903952e-05 2.171358391933608800e-05 2.230857353424653411e-05
3.540000000000000000e+02 4.787896198410418469e-02 1.780688762664794922e-02 2.045578730758279562e-05 2.179029797844123095e-05 2.141265758837107569e-05 2.119228520314209163e-05 2.154751928173936903e-05 2.212802246503997594e-05
3.550000000000000000e+02 4.760960126958936611e-02 1.774150133132934570e-02 2.030044925049878657e-05 2.160748590540606529e-05 2.124704042216762900e-05 2.103642145812045783e-05 2.138737545465119183e-05 2.194281478296034038e-05
3.560000000000000000e+02 4.734250725918444369e-02 1.767650805413722992e-02 2.014659003179986030e-05 2.142295124940574169e-05 2.107936415995936841e-05 2.087137909256853163e-05 2.121224315487779677e-05 2.175373447244055569e-05
3.570000000000000000e+02 4.707765459124826218e-02 1.761190406978130341e-02 1.998922016355209053e-05 2.125456921930890530e-05 2.091353599098511040e-05 2.071614289889112115e-05 2.103623955918010324e-05 2.157508970412891358e-05
3.580000000000000000e+02 4.681501825785711751e-02 1.754772663116455078e-02 1.983131733140908182e-05 2.107238469761796296e-05 2.075596603390295058e-05 2.056004632322583348e-05 2.086737185891252011e-05 2.139563730452209711e-05
3.590000000000000000e+02 4.655457359890131236e-02 1.748391985893249512e-02 1.966367017303127795e-05 2.089347981382161379e-05 2.058696009044069797e-05 2.040643266809638590e-05 2.069063702947460115e-05 2.120999306498561054e-05
3.600000000000000000e+02 4.629629629629629373e-02 1.742052100598812103e-02 1.948591489053796977e-05 2.071408016490750015e-05 2.041704465227667242e-05 2.025061803578864783e-05 2.052401760010980070e-05 2.104073246300686151e-05
3.610000000000000000e+02 4.604016236830595077e-02 1.735749840736389160e-02 1.931088627316057682e-05 2.051774026767816395e-05 2.025605317612644285e-05 2.008030605793464929e-05 2.034515091509092599e-05 2.085849519062321633e-05
3.620000000000000000e+02 4.578614816397545695e-02 1.729486510157585144e-02 1.913597770908381790e-05 2.034696626651566476e-05 2.008577939704991877e-05 1.991920726140961051e-05 2.016805592575110495e-05 2.068802859866991639e-05
3.630000000000000000e+02 4.553423035767138055e-02 1.723262667655944824e-02 1.896760659292340279e-05 2.015545396716333926e-05 1.992563738895114511e-05 1.975953091459814459e-05 1.999953383347019553e-05 2.050759394478518516e-05
3.640000000000000000e+02 4.528438594372660025e-02 1.717072725296020508e-02 1.878004331956617534e-05 1.998034167627338320e-05 1.975523446162696928e-05 1.959671499207615852e-05 1.981547939067240804e-05 2.033059718087315559e-05
3.650000000000000000e+02 4.503659223118784000e-02 1.710924319922924042e-02 1.858994983194861561e-05 1.979043736355379224e-05 1.959341534529812634e-05 1.943016468430869281e-05 1.964263356057927012e-05 2.015743302763439715e-05
3.660000000000000000e+02 4.479082683866344311e-02 1.704807765781879425e-02 1.840292316046543419e-05 1.961249290616251528e-05 1.943271126947365701e-05 1.925730612128973007e-05 1.945866642927285284e-05 1.998552943405229598e-05
3.670000000000000000e+02 4.454706768926935262e-02 1.698732376098632812e-02 1.821123078116215765e-05 1.942616472661029547e-05 1.925350261444691569e-05 1.908905687741935253e-05 1.928567508002743125e-05 1.981138120754621923e-05
3.680000000000000000e+02 4.430529300567107726e-02 1.692691072821617126e-02 1.801380494725890458e-05 1.925161996041424572e-05 1.907790465338621289e-05 1.893196531455032527e-05 1.909938146127387881e-05 1.962636270036455244e-05
3.690000000000000000e+02 4.406548130521955459e-02 1.686688326299190521e-02 1.782468279998283833e-05 1.907475962070748210e-05 1.891922693175729364e-05 1.875568159448448569e-05 1.891682040877640247e-05 1.945555595739278942e-05
3.700000000000000000e+02 4.382761139517896143e-02 1.680718734860420227e-02 1.761728344717994332e-05 1.888619590317830443e-05 1.874403824331238866e-05 1.859829899331089109e-05 1.873534347396343946e-05 1.928002893691882491e-05
3.710000000000000000e+02 4.359166236804440375e-02 1.674784906208515167e-02 1.741347659844905138e-05 1.871681524789892137e-05 1.858057112258393317e-05 1.843217251007445157e-05 1.856510061770677567e-05 1.911327126435935497e-05
3.720000000000000000e+02 4.335761359694762646e-02 1.668886654078960419e-02 1.722092383715789765e-05 1.853123649198096246e-05 1.840528057073242962e-05 1.825769322749692947e-05 1.837910349422600120e-05 1.892789623525459319e-05
3.730000000000000000e+02 4.312544473114879318e-02 1.663021929562091827e-02 1.700567918305750936e-05 1.834359500207938254e-05 1.823593083827290684e-05 1.808941851777490228e-05 1.819644239731132984e-05 1.874944609880913049e-05
3.740000000000000000e+02 4.289513569161257367e-02 1.657192781567573547e-02 1.680481000221334398e-05 1.817183692764956504e-05 1.807010630727745593e-05 1.791457361832726747e-05 1.801781399990431964e-05 1.856781636888626963e-05
3.750000000000000000e+02 4.266666666666666524e-02 1.651396416127681732e-02 1.660486123000737280e-05 1.799032907001674175e-05 1.789892667147796601e-05 1.774401607690379024e-05 1.782666549843270332e-05 1.838421849242877215e-05
3.760000000000000000e+02 4.244001810774106209e-02 1.645635440945625305e-02 1.639070433157030493e-05 1.781440187187399715e-05 1.771671850292477757e-05 1.758242251526098698e-05 1.764757871569599956e-05 1.819393401092384011e-05
3.770000000000000000e+02 4.221517072518627539e-02 1.639906875789165497e-02 1.619288195797707886e-05 1.762992178555577993e-05 1.754666300257667899e-05 1.740647530823480338e-05 1.745148438203614205e-05 1.801252801669761539e-05
3.780000000000000000e+02 4.199210548416897754e-02 1.634211465716362000e-02 1.598699236637912691e-05 1.745572444633580744e-05 1.737273669277783483e-05 1.723075547488406301e-05 1.726493792375549674e-05 1.782973959052469581e-05
3.790000000000000000e+02 4.177080360064327341e-02 1.628547534346580505e-02 1.578081173647660762e-05 1.727266135276295245e-05 1.719477950246073306e-05 1.705047361610922962e-05 1.708029230940155685e-05 1.763989166647661477e-05
3.800000000000000000e+02 4.155124653739612067e-02 1.622918620705604553e-02 1.557800169393885881e-05 1.709050229692365974e-05 1.701327346381731331e-05 1.687394797045271844e-05 1.689327473286539316e-05 1.744443034112919122e-05
3.810000000000000000e+02 4.133341600016533085e-02 1.617319881916046143e-02 1.537986645416822284e-05 1.690674798737745732e-05 1.684177914285100996e-05 1.669498669798485935e-05 1.670094570727087557e-05 1.724689718685112894e-05
3.820000000000000000e+02 4.111729393382856923e-02 1.611753925681114197e-02 1.518615954410051927e-05 1.673482984188012779e-05 1.666205025685485452e-05 1.651487218623515218e-05 1.650245576456654817e-05 1.705434988252818584e-05
3.830000000000000000e+02 4.090286251866193101e-02 1.606220006942749023e-02 1.499878362665185705e-05 1.655502819630783051e-05 1.648834768275264651e-05 1.633053034311160445e-05 1.631327359064016491e-05 1.685448842181358486e-05
3.840000000000000000e+02 4.069010416666666435e-02 1.600717194378376007e-02 1.480602986703161150e-05 1.636774140933994204e-05 1.631210579944308847e-05 1.615377914276905358e-05 1.611465631867758930e-05 1.666323259996715933e-05
3.850000000000000000e+02 4.047900151796255536e-02 1.595245487987995148e-02 1.461005922465119511e-05 1.618304304429329932e-05 1.612132655282039195e-05 1.597877599124331027e-05 1.593206616234965622e-05 1.646768942009657621e-05
3.860000000000000000e+02 4.026953743724663581e-02 1.589804515242576599e-02 1.442989014321938157e-05 1.600830546522047371e-05 1.594131936144549400e-05 1.579755007696803659e-05 1.572936707816552371e-05 1.626390985620673746e-05
3.870000000000000000e+02 4.006169501031588837e-02 1.584394089877605438e-02 1.424649872205918655e-05 1.583925586601253599e-05 1.575321584823541343e-05 1.561840326758101583e-05 1.554565278638619930e-05 1.606318801350425929e-05
3.880000000000000000e+02 3.985545754065256824e-02 1.579014211893081665e-02 1.406968203809810802e-05 1.565145066706463695e-05 1.557282666908577085e-05 1.543367943668272346e-05 1.534185321361292154e-05 1.584872734383679926e-05
3.890000000000000000e+02 3.965080854607093419e-02 1.573663949966430664e-02 1.389323460898594931e-05 1.547794090583920479e-05 1.539280674478504807e-05 1.525027164461789653e-05 1.515654639661079273e-05 1.566025093779899180e-05
3.900000000000000000e+02 3.944773175542406335e-02 1.568342372775077820e-02 1.371884809486800805e-05 1.528673237771727145e-05 1.520162550150416791e-05 1.506820262875407934e-05 1.496381810284219682e-05 1.546104977023787796e-05
3.910000000000000000e+02 3.924621110536953561e-02 1.563052833080291748e-02 1.355215135845355690e-05 1.511947994004003704e-05 1.502727809565840289e-05 1.488013367634266615e-05 1.476817851653322577e-05 1.526481173641514033e-05
3.920000000000000000e+02 3.904623073719283577e-02 1.557791605591773987e-02 1.339111804554704577e-05 1.494780826760688797e-05 1.484981567045906559e-05 1.469652579544344917e-05 1.459681334381457418e-05 1.506476473878137767e-05
3.930000000000000000e+02 3.884777499368723824e-02 1.552557665854692459e-02 1.322957905358634889e-05 1.477035584684927016e-05 1.466166486352449283e-05 1.452848937333328649e-05 1.440499818272655830e-05 1.486169549025362357e-05
3.940000000000000000e+02 3.865082841608905029e-02 1.547355391085147858e-02 1.307989350607385859e-05 1.460010662412969396e-05 1.448840248485794291e-05 1.434168552805203944e-05 1.421836532244924456e-05 1.466692083340603858e-05
3.950000000000000000e+02 3.845537574106713818e-02 1.542179472744464874e-02 1.292068918701261282e-05 1.441727363271638751e-05 1.430684824299532920e-05 1.417134444636758417e-05 1.402843554387800395e-05 1.447780050511937588e-05
3.960000000000000000e+02 3.826140189776553596e-02 1.537032146006822586e-02 1.278172021557111293e-05 1.425290975021198392e-05 1.413792779203504324e-05 1.398505992256104946e-05 1.385071300319395959e-05 1.428587347618304193e-05
3.970000000000000000e+02 3.806889200489819991e-02 1.531913038343191147e-02 1.264422189706237987e-05 1.408311800332739949e-05 1.397372125211404637e-05 1.381052607030142099e-05 1.367213189951144159e-05 1.410165714332833886e-05
3.980000000000000000e+02 3.787783136789475008e-02 1.526822056621313095e-02 1.249709657713538036e-05 1.392322610627161339e-05 1.378972956445068121e-05 1.364167110295966268e-05 1.350009006273467094e-05 1.390894522046437487e-05
3.990000000000000000e+02 3.768820547609625510e-02 1.521759293973445892e-02 1.235976196767296642e-05 1.375645297230221331e-05 1.362898183288052678e-05 1.346413318970007822e-05 1.333174441242590547e-05 1.373701616103062406e-05
4.000000000000000000e+02 3.749999999999999861e-02 1.516722608357667923e-02 1.222988339577568695e-05 1.359677571599604562e-05 1.344825705018592998e-05 1.330051691184053198e-05 1.316652833338594064e-05 1.356920893158530816e-05
4.010000000000000000e+02 3.731320078855231148e-02 1.511713024228811264e-02 1.209535275847883895e-05 1.343392432318069041e-05 1.328810230916133150e-05 1.313355278398375958e-05 1.299351424677297473e-05 1.339279424428241327e-05
4.020000000000000000e+02 3.712779386648845659e-02 1.506729330867528915e-02 1.197538131236797199e-05 1.327824247709941119e-05 1.312937365582911298e-05 1.297175367653835565e-05 1.284606423723744228e-05 1.322777188761392608e-05
4.030000000000000000e+02 3.694376543171868504e-02 1.501773297786712646e-02 1.184958273370284587e-05 1.313086067966651171e-05 1.297908238484524190e-05 1.281529421248706058e-05 1.267801508220145479e-05 1.306148806179407984e-05
4.040000000000000000e+02 3.676110185275953401e-02 1.496845297515392303e-02 1.172639258584240451e-05 1.297164271818473935e-05 1.282749781239544973e-05 1.266592698812019080e-05 1.253385198651812971e-05 1.291052467422559857e-05
4.050000000000000000e+02 3.657978966620942241e-02 1.491941139101982117e-02 1.161069940280867741e-05 1.283124674955615774e-05 1.267737297894200310e-05 1.251185312867164612e-05 1.238651839230442420e-05 1.276095554203493521e-05
4.060000000000000000e+02 3.639981557426776038e-02 1.487063243985176086e-02 1.150065872934646904e-05 1.269763833988690749e-05 1.253186474059475586e-05 1.235917352460091934e-05 1.224272818944882601e-05 1.260947101400233805e-05
4.070000000000000000e+02 3.622116644229666366e-02 1.482212077826261520e-02 1.138283278123708442e-05 1.257000712939770892e-05 1.238675213244277984e-05 1.221673119289334863e-05 1.211024937219917774e-05 1.247689942829310894e-05
4.080000000000000000e+02 3.604382929642445388e-02 1.477386709302663803e-02 1.128381427406566218e-05 1.243434780917596072e-05 1.224579864356201142e-05 1.208592038892675191e-05 1.197304391098441556e-05 1.233145121659617871e-05
4.090000000000000000e+02 3.586779132119009145e-02 1.472586300224065781e-02 1.118692762247519568e-05 1.229030840477207676e-05 1.212181268783751875e-05 1.194751075672684237e-05 1.184689335786970332e-05 1.219322075485251844e-05
4.100000000000000000e+02 3.569303985722784012e-02 1.467810478061437607e-02 1.106740546674700454e-05 1.216706459672423080e-05 1.199500366055872291e-05 1.181319385068491101e-05 1.171068379335338250e-05 1.207728109875461087e-05
4.110000000000000000e+02 3.551956239899124734e-02 1.463059615343809128e-02 1.097580116038443521e-05 1.204530781251378357e-05 1.185575638373848051e-05 1.169128154288046062e-05 1.159891689894720912e-05 1.194493052025791258e-05
4.120000000000000000e+02 3.534734659251578814e-02 1.458334177732467651e-02 1.087405962607590482e-05 1.193088883155724034e-05 1.174662065750453621e-05 1.156976668426068500e-05 1.148262072092620656e-05 1.183564108941936865e-05
4.130000000000000000e+02 3.517638023321940227e-02 1.453632488846778870e-02 1.077728211384965107e-05 1.181723382615018636e-05 1.162094031315064058e-05 1.144688303611474112e-05 1.136872924689669162e-05 1.171927397081162781e-05
4.140000000000000000e+02 3.500665126374011282e-02 1.448956225067377090e-02 1.068242090696003288e-05 1.171259918919531628e-05 1.151429296442074701e-05 1.133951445808634162e-05 1.125744256569305435e-05 1.161541331384796649e-05
4.150000000000000000e+02 3.483814777181012956e-02 1.444301940500736237e-02 1.058286852639866993e-05 1.159763360192300752e-05 1.140410404332214966e-05 1.123327274399343878e-05 1.115257509809453040e-05 1.149959280155599117e-05
4.160000000000000000e+02 3.467085798816568060e-02 1.439672708511352539e-02 1.049385173246264458e-05 1.150037496699951589e-05 1.130620785261271521e-05 1.112159770855214447e-05 1.104841339838458225e-05 1.140142103395191953e-05
4.170000000000000000e+02 3.450477028449182998e-02 1.435068156570196152e-02 1.040730512613663450e-05 1.140102540375664830e-05 1.120714023272739723e-05 1.101225552702089772e-05 1.095922834792872891e-05 1.130041619035182521e-05
4.180000000000000000e+02 3.433987317140175383e-02 1.430486701428890228e-02 1.031719602906377986e-05 1.129907104768790305e-05 1.110328685172135010e-05 1.091583180823363364e-05 1.086191696231253445e-05 1.120063279813621193e-05
4.190000000000000000e+02 3.417615529644967010e-02 1.425928995013237000e-02 1.023503773467382416e-05 1.120259730669204146e-05 1.100431109080091119e-05 1.081853588402736932e-05 1.077320303011219949e-05 1.111353140004212037e-05
4.200000000000000000e+02 3.401360544217687382e-02 1.421392709016799927e-02 1.015051293506985530e-05 1.111605524783954024e-05 1.091747617465443909e-05 1.072822215064661577e-05 1.068437995854765177e-05 1.102128680940950289e-05
4.210000000000000000e+02 3.385221252419022553e-02 1.416881009936332703e-02 1.006399270409019664e-05 1.103061913454439491e-05 1.082908511307323352e-05 1.063753279595403001e-05 1.060343674907926470e-05 1.092977709049591795e-05
4.220000000000000000e+02 3.369196558927247537e-02 1.412391476333141327e-02 9.977574336517136544e-06 1.094825347536243498e-05 1.074420379154616967e-05 1.055347001965856180e-05 1.051436356647172943e-05 1.085008443624246866e-05
4.230000000000000000e+02 3.353285381352379829e-02 1.407925318926572800e-02 9.900831173581536859e-06 1.086334032152080908e-05 1.065828928403789178e-05 1.047682872012956068e-05 1.042699204845121130e-05 1.075595264410367236e-05
4.240000000000000000e+02 3.337486650053399923e-02 1.403481140732765198e-02 9.825940651353448629e-06 1.078239620255772024e-05 1.057991721609141678e-05 1.038849768519867212e-05 1.035984951158752665e-05 1.067229277396108955e-05
4.250000000000000000e+02 3.321799307958477748e-02 1.399060245603322983e-02 9.743082955537829548e-06 1.070747839548857883e-05 1.048252670443616807e-05 1.030784915201365948e-05 1.028800579661037773e-05 1.059270380210364237e-05
4.260000000000000000e+02 3.306222310388150232e-02 1.394659839570522308e-02 9.662037882662843913e-06 1.063369018083903939e-05 1.041349787556100637e-05 1.024159428197890520e-05 1.020957188302418217e-05 1.051365052262553945e-05
4.270000000000000000e+02 3.290754624881395835e-02 1.390281040221452713e-02 9.591964044375345111e-06 1.056178371072746813e-05 1.034046726999804378e-05 1.015818997984752059e-05 1.012875600281404331e-05 1.044184045895235613e-05
4.280000000000000000e+02 3.275395231024543635e-02 1.385924778878688812e-02 9.516320460534188896e-06 1.048716694640461355e-05 1.027032976708142087e-05 1.008378148981137201e-05 1.005827652988955379e-05 1.036129469866864383e-05
4.290000000000000000e+02 3.260143120282980173e-02 1.381590403616428375e-02 9.440687790629453957e-06 1.041721225192304701e-05 1.018949660647194833e-05 1.000965221464866772e-05 9.991797924158163369e-06 1.028531823976663873e-05
4.300000000000000000e+02 3.244997295835586743e-02 1.377277076244354248e-02 9.365760888613294810e-06 1.034017986967228353e-05 1.011828408081782982e-05 9.950019375537522137e-06 9.914942893374245614e-06 1.020851959765423089e-05
4.310000000000000000e+02 3.229956772411862742e-02 1.372985634952783585e-02 9.302562830271199346e-06 1.027715643431292847e-05 1.005953708954621106e-05 9.880325706035364419e-06 9.847992259892635047e-06 1.013193468679673970e-05
4.320000000000000000e+02 3.215020576131687180e-02 1.368714682757854462e-02 9.230481737176887691e-06 1.021097705233842134e-05 9.990139915316831321e-06 9.815909834287595004e-06 9.792778655537404120e-06 1.006866023089969531e-05
4.330000000000000000e+02 3.200187744347668395e-02 1.364464592188596725e-02 9.164760740532074124e-06 1.014513964037178084e-05 9.918170690070837736e-06 9.747898729983717203e-06 9.721712558530271053e-06 1.000323754851706326e-05
4.340000000000000000e+02 3.185457325490029246e-02 1.360236108303070068e-02 9.101373507292009890e-06 1.008185699902242050e-05 9.841696737566962838e-06 9.687232704891357571e-06 9.647817933000624180e-06 9.936659807863179594e-06
4.350000000000000000e+02 3.170828378913990997e-02 1.356026995927095413e-02 9.036247320182155818e-06 1.001222335617057979e-05 9.785181646293494850e-06 9.624981430533807725e-06 9.586480700818356127e-06 9.854312338575255126e-06
4.360000000000000000e+02 3.156299974749600390e-02 1.351839210838079453e-02 8.962738320406060666e-06 9.948204024112783372e-06 9.709456207929179072e-06 9.552194569550920278e-06 9.527651855023577809e-06 9.782081178855150938e-06
4.370000000000000000e+02 3.141871193753960345e-02 1.347671914845705032e-02 8.895861355995293707e-06 9.885044164548162371e-06 9.651468644733540714e-06 9.496773600403685123e-06 9.460609362577088177e-06 9.713839062897022814e-06
4.380000000000000000e+02 3.127541127165821971e-02 1.343523710966110229e-02 8.837538189254701138e-06 9.813576980377547443e-06 9.584037798049394041e-06 9.433738341613207012e-06 9.402249816048424691e-06 9.641862561693415046e-06
4.390000000000000000e+02 3.113308876562491737e-02 1.339396648108959198e-02 8.782939403317868710e-06 9.749888704391196370e-06 9.514124940324109048e-06 9.363325261801946908e-06 9.329743988928385079e-06 9.570830115990247577e-06
4.400000000000000000e+02 3.099173553719008350e-02 1.335289329290390015e-02 8.723544851818587631e-06 9.693501851870678365e-06 9.448976015846710652e-06 9.309896995546296239e-06 9.276004675484728068e-06 9.494294317846652120e-06
4.410000000000000000e+02 3.085134280469557441e-02 1.331200636923313141e-02 8.662612344778608531e-06 9.621136996429413557e-06 9.380068149766884744e-06 9.244615284842438996e-06 9.214423698722384870e-06 9.437669177714269608e-06
4.420000000000000000e+02 3.071190188571077534e-02 1.327132899314165115e-02 8.603377864346839488e-06 9.555815267958678305e-06 9.315380339103285223e-06 9.188624062517192215e-06 9.151611266133841127e-06 9.362145647173747420e-06
4.430000000000000000e+02 3.057340419569016740e-02 1.323083601891994476e-02 8.548620826331898570e-06 9.490610864304471761e-06 9.248607057088520378e-06 9.120381037064362317e-06 9.084550583793316036e-06 9.293832590628881007e-06
4.440000000000000000e+02 3.043584124665205809e-02 1.319053862243890762e-02 8.489378160447813570e-06 9.431978469365276396e-06 9.187633622786961496e-06 9.072888133232481778e-06 9.031282388605177402e-06 9.225105713994707912e-06
4.450000000000000000e+02 3.029920464587804521e-02 1.315043959766626358e-02 8.427959983237087727e-06 9.370573025080375373e-06 9.125526048592291772e-06 9.013591807160992175e-06 8.960999366536270827e-06 9.167642019747290760e-06
4.460000000000000000e+02 3.016348609463290892e-02 1.311052031815052032e-02 8.378990060009527951e-06 9.302350918005686253e-06 9.064140613190829754e-06 8.955320481618400663e-06 8.909882126317825168e-06 9.089680133911315352e-06
4.470000000000000000e+02 3.002867738690449470e-02 1.307078171521425247e-02 8.333968253282364458e-06 9.231552212440874428e-06 9.001668331620749086e-06 8.894662641978356987e-06 8.847054232319351286e-06 9.031173249240964651e-06
4.480000000000000000e+02 2.989477040816326467e-02 1.303124614059925079e-02 8.277145752799697220e-06 9.167549251287709922e-06 8.933629942475818098e-06 8.835343578539323062e-06 8.784888450463768095e-06 8.965815140982158482e-06
4.490000000000000000e+02 2.976175713414120141e-02 1.299188937991857529e-02 8.225983037846162915e-06 9.110704922932200134e-06 8.871437785273883492e-06 8.775910828262567520e-06 8.720410733076278120e-06 8.899617569113615900e-06
4.500000000000000000e+02 2.962962962962963076e-02 1.295271702110767365e-02 8.176790288416668773e-06 9.037092240760102868e-06 8.812063242658041418e-06 8.714793693798128515e-06 8.664211236464325339e-06 8.836990673444233835e-06
4.510000000000000000e+02 2.949838004729573443e-02 1.291371975094079971e-02 8.124868145387154073e-06 8.981002793007064611e-06 8.741539204493165016e-06 8.660072126076556742e-06 8.606695701018907130e-06 8.777155926509294659e-06
4.520000000000000000e+02 2.936800062651734669e-02 1.287491898983716965e-02 8.076258382061496377e-06 8.912482371670193970e-06 8.689712558407336473e-06 8.591875484853517264e-06 8.547823199478443712e-06 8.717236596567090601e-06
4.530000000000000000e+02 2.923848369223571927e-02 1.283630076795816422e-02 8.033396625251043588e-06 8.846314813126809895e-06 8.621461347502190620e-06 8.532660103810485452e-06 8.494005669490434229e-06 8.649921255710069090e-06
4.540000000000000000e+02 2.910982165382600129e-02 1.279784366488456726e-02 7.985649062902666628e-06 8.786578291619662195e-06 8.567077202314976603e-06 8.479107236780691892e-06 8.432273716607596725e-06 8.591529876866843551e-06
4.550000000000000000e+02 2.898200700398502472e-02 1.275956351310014725e-02 7.935966095828916878e-06 8.729066394153051078e-06 8.505856385454535484e-06 8.429557965428102762e-06 8.377048288821242750e-06 8.533553227607626468e-06
4.560000000000000000e+02 2.885503231763619433e-02 1.272147893905639648e-02 7.887759238656144589e-06 8.668146620038896799e-06 8.444388186035212129e-06 8.364068889932241291e-06 8.325601811520755291e-06 8.473070920445024967e-06
4.570000000000000000e+02 2.872889025085109335e-02 1.268357597291469574e-02 7.845986147003713995e-06 8.598692147643305361e-06 8.378933671338018030e-06 8.312238605867605656e-06 8.264149073511362076e-06 8.400554179388564080e-06
4.580000000000000000e+02 2.860357353978757247e-02 1.264582015573978424e-02 7.789617484377231449e-06 8.538700967619661242e-06 8.328533112944569439e-06 8.259712558356113732e-06 8.204214282159227878e-06 8.356461876246612519e-06
4.590000000000000000e+02 2.847907499964400999e-02 1.260824315249919891e-02 7.744796675979159772e-06 8.483076271659228951e-06 8.263125891971867532e-06 8.199314834200777113e-06 8.149230779963545501e-06 8.299306500703096390e-06
4.600000000000000000e+02 2.835538752362948972e-02 1.257083285599946976e-02 7.705711141170468181e-06 8.418938705290202051e-06 8.213387445721309632e-06 8.140877980622462928e-06 8.101611456368118525e-06 8.248746780736837536e-06
4.610000000000000000e+02 2.823250408194954986e-02 1.253360509872436523e-02 7.659576112928334624e-06 8.362026164832059294e-06 8.164300197677221149e-06 8.081168743956368417e-06 8.044024980335962027e-06 8.185016667994204909e-06
4.620000000000000000e+02 2.811041772080733261e-02 1.249654684215784073e-02 7.607046427438035607e-06 8.300564331875648350e-06 8.102771062112879008e-06 8.038654414121992886e-06 7.991865459189284593e-06 8.135525604302529246e-06
4.630000000000000000e+02 2.798912156141979482e-02 1.245965529233217239e-02 7.564648967672837898e-06 8.246409379353281111e-06 8.042946319619659334e-06 7.988738616404589266e-06 7.926648322609253228e-06 8.083701686700806022e-06
4.640000000000000000e+02 2.786860879904875035e-02 1.242292765527963638e-02 7.517717676819302142e-06 8.190888365788850933e-06 7.990923222678247839e-06 7.928728336992207915e-06 7.886889761721249670e-06 8.034694474190473557e-06
4.650000000000000000e+02 2.774887270204648079e-02 1.238636393100023270e-02 7.456544153683353215e-06 8.130281457852106541e-06 7.936230758787132800e-06 7.877177267801016569e-06 7.833919880795292556e-06 7.972570529091171920e-06
4.660000000000000000e+02 2.762990661091565409e-02 1.234996411949396133e-02 7.428438038914464414e-06 8.070193871390074492e-06 7.885078957770019770e-06 7.830291906429920346e-06 7.771159289404749870e-06 7.932017979328520596e-06
4.670000000000000000e+02 2.751170393738336037e-02 1.231372728943824768e-02 7.367812941083684564e-06 8.019245797186158597e-06 7.833539712009951472e-06 7.768034265609458089e-06 7.724677743681240827e-06 7.876511517679318786e-06
4.680000000000000000e+02 2.739425816348893192e-02 1.227765344083309174e-02 7.325586466322420165e-06 7.961530172906350344e-06 7.780105988786090165e-06 7.724158422206528485e-06 7.681217539357021451e-06 7.826328328519593924e-06
4.690000000000000000e+02 2.727756284068539455e-02 1.224174909293651581e-02 7.269505204021697864e-06 7.905710845079738647e-06 7.726065632596146315e-06 7.673610525671392679e-06 7.630010259163100272e-06 7.772268872940912843e-06
4.700000000000000000e+02 2.716161158895427641e-02 1.220598816871643066e-02 7.219599410746013746e-06 7.852572707633953542e-06 7.680651833652518690e-06 7.613270554429618642e-06 7.584420472994679585e-06 7.729515345999971032e-06
4.710000000000000000e+02 2.704639809593357286e-02 1.217039488255977631e-02 7.160040695453062654e-06 7.792850738042034209e-06 7.622157681907992810e-06 7.560889571323059499e-06 7.525927685492206365e-06 7.675384040339849889e-06
4.720000000000000000e+02 2.693191611605860389e-02 1.213496178388595581e-02 7.120675491023575887e-06 7.742405614408198744e-06 7.580634246551198885e-06 7.525768523919396102e-06 7.472166998923057690e-06 7.622634257131721824e-06
4.730000000000000000e+02 2.681815946971559395e-02 1.209970004856586456e-02 7.060047664708690718e-06 7.679873306187801063e-06 7.522273790527833626e-06 7.462998837581835687e-06 7.421432201226707548e-06 7.581818408652907237e-06
4.740000000000000000e+02 2.670512204240773485e-02 1.206456311047077179e-02 7.009711680439068004e-06 7.634959729330148548e-06 7.473776804545195773e-06 7.411336355289677158e-06 7.379817361652385443e-06 7.529496542701963335e-06
4.750000000000000000e+02 2.659279778393351668e-02 1.202958449721336365e-02 6.952666353754466400e-06 7.575210020149825141e-06 7.426501724694389850e-06 7.359108167293015867e-06 7.327051662286976352e-06 7.482462478947127238e-06
4.760000000000000000e+02 2.648118070757714965e-02 1.199477165937423706e-02 6.901551387272775173e-06 7.534144515375373885e-06 7.376241228485014290e-06 7.311681201827013865e-06 7.275527423189487308e-06 7.441245088557479903e-06
4.770000000000000000e+02 2.637026488931081339e-02 1.196011528372764587e-02 6.852775186416693032e-06 7.472921879525529221e-06 7.324832495214650407e-06 7.260905022121733055e-06 7.226862180687021464e-06 7.383720458165043965e-06
4.780000000000000000e+02 2.626004446700862943e-02 1.192559115588665009e-02 6.798133654228877276e-06 7.416848347929771990e-06 7.266851753229275346e-06 7.215217010525520891e-06 7.181298769864952192e-06 7.342558546952204779e-06
4.790000000000000000e+02 2.615051363967207249e-02 1.189123652875423431e-02 6.736978775734314695e-06 7.362736596405738965e-06 7.218798600661102682e-06 7.163629561546258628e-06 7.129361165425507352e-06 7.282478691195137799e-06
4.800000000000000000e+02 2.604166666666666782e-02 1.185702253133058548e-02 6.681294053123565391e-06 7.307508440135279670e-06 7.175429345807060599e-06 7.110426849976647645e-06 7.071745585562894121e-06 7.241435014293529093e-06
4.810000000000000000e+02 2.593349786696980130e-02 1.182295102626085281e-02 6.620337444473989308e-06 7.255763648572610691e-06 7.112945240805856884e-06 7.059662493702489883e-06 7.029254447843413800e-06 7.188858035078737885e-06
4.820000000000000000e+02 2.582600161842943387e-02 1.178903039544820786e-02 6.568176559085259214e-06 7.205084784800419584e-06 7.069153070915490389e-06 6.999737252044724301e-06 6.975131782382959500e-06 7.128468041628366336e-06
4.830000000000000000e+02 2.571917235703355051e-02 1.175525411963462830e-02 6.509368176921270788e-06 7.150310011638794094e-06 7.011477009655209258e-06 6.956010565772885457e-06 6.922532520547974855e-06 7.083235686877742410e-06
4.840000000000000000e+02 2.561300457619014939e-02 1.172162871807813644e-02 6.450844011851586401e-06 7.095920409483369440e-06 6.963261057535419241e-06 6.901002052472904325e-06 6.880921318952459842e-06 7.026281309663318098e-06
4.850000000000000000e+02 2.550749282601764284e-02 1.168814674019813538e-02 6.393754119926597923e-06 7.029486823739716783e-06 6.908417162776459008e-06 6.857433618279173970e-06 6.816881978011224419e-06 6.972166829655179754e-06
4.860000000000000000e+02 2.540263171264543068e-02 1.165481563657522202e-02 6.346007012325571850e-06 6.985814707149984315e-06 6.846491032774792984e-06 6.794147793698357418e-06 6.771972493879729882e-06 6.925810794200515375e-06
4.870000000000000000e+02 2.529841589752454892e-02 1.162161305546760559e-02 6.286423285928322002e-06 6.936587396921822801e-06 6.785462119296425954e-06 6.741414836142212152e-06 6.709547960781492293e-06 6.864651822979794815e-06
4.880000000000000000e+02 2.519484009674818545e-02 1.158854924142360687e-02 6.228430265764473006e-06 6.874181963212322444e-06 6.740952358086360618e-06 6.690413556498242542e-06 6.661426141363335773e-06 6.815250799263594672e-06
4.890000000000000000e+02 2.509189908038189989e-02 1.155564468353986740e-02 6.183769983181264251e-06 6.808513717260211706e-06 6.689114798064110801e-06 6.640890205744653940e-06 6.608801868424052373e-06 6.753025445505045354e-06
4.900000000000000000e+02 2.498958767180341559e-02 1.152287051081657410e-02 6.128469067334663123e-06 6.760434644093038514e-06 6.624432444368721917e-06 6.575517545570619404e-06 6.549137651745695621e-06 6.708593900839332491e-06
4.910000000000000000e+02 2.488790074705182070e-02 1.149022672325372696e-02 6.062912689230870456e-06 6.701516667817486450e-06 6.570523964910535142e-06 6.525071057694731280e-06 6.497339654742972925e-06 6.647245299973292276e-06
4.920000000000000000e+02 2.478683323418600162e-02 1.145772170275449753e-02 6.008114269206998870e-06 6.647628651990089566e-06 6.519066573673626408e-06 6.472495897469343618e-06 6.436123840103391558e-06 6.594733804377028719e-06
4.930000000000000000e+02 2.468638011265218007e-02 1.142535544931888580e-02 5.959248483122792095e-06 6.590628800040576607e-06 6.460788426920771599e-06 6.414480594685301185e-06 6.386364475474692881e-06 6.534791737067280337e-06
4.940000000000000000e+02 2.458653641266042578e-02 1.139314379543066025e-02 5.898175913898739964e-06 6.539859441545559093e-06 6.407057753676781431e-06 6.352037871693028137e-06 6.326921720756217837e-06 6.473501343862153590e-06
4.950000000000000000e+02 2.448729721456994329e-02 1.136105135083198547e-02 5.842071914230473340e-06 6.478539035015273839e-06 6.350089279294479638e-06 6.306612704065628350e-06 6.280439265538007021e-06 6.407887212844798341e-06
4.960000000000000000e+02 2.438865764828303945e-02 1.132908742874860764e-02 5.796628556709038094e-06 6.418435532395960763e-06 6.295949333434691653e-06 6.254816071304958314e-06 6.222493539098650217e-06 6.358392965921666473e-06
4.970000000000000000e+02 2.429061289264763598e-02 1.129726041108369827e-02 5.734729256801074371e-06 6.354453489620937034e-06 6.227874564501689747e-06 6.190555268403841183e-06 6.165642389532877132e-06 6.303283953457139432e-06
4.980000000000000000e+02 2.419315817486814707e-02 1.126557122915983200e-02 5.684863026544917375e-06 6.293846581684192643e-06 6.175350790726952255e-06 6.132820999482646585e-06 6.110286904004169628e-06 6.254724667087430134e-06
4.990000000000000000e+02 2.409628876992461755e-02 1.123400405049324036e-02 5.634917670249706134e-06 6.242612471396569163e-06 6.123043021943885833e-06 6.073640633985633031e-06 6.045208010618807748e-06 6.186832251842133701e-06
5.000000000000000000e+02 2.400000000000000050e-02 1.120258774608373642e-02 5.581098321272293106e-06 6.178664534672861919e-06 6.051433956599794328e-06 6.017108717060182244e-06 5.993005743221146986e-06 6.123857019701972604e-06
5.010000000000000000e+02 2.390428723391540416e-02 1.117127761244773865e-02 5.535875970963388681e-06 6.127498181740520522e-06 6.001371275488054380e-06 5.961161150480620563e-06 5.951539606030564755e-06 6.067845788493286818e-06
5.020000000000000000e+02 2.380914588657322833e-02 1.114010997116565704e-02 5.486961072165286168e-06 6.071998086554231122e-06 5.942717962170718238e-06 5.914117082284064963e-06 5.891668934054905549e-06 6.012411176925525069e-06
5.030000000000000000e+02 2.371457141840804111e-02 1.110907178372144699e-02 5.442801921162754297e-06 6.012219728290801868e-06 5.887378847546642646e-06 5.854734354215906933e-06 5.827680070069618523e-06 5.960187991149723530e-06
5.040000000000000000e+02 2.362055933484505030e-02 1.107815373688936234e-02 5.390056685428135097e-06 5.956610038992948830e-06 5.832038823427865282e-06 5.787064765172544867e-06 5.777907063020393252e-06 5.905337275180500001e-06
5.050000000000000000e+02 2.352710518576609997e-02 1.104736048728227615e-02 5.343481007002992555e-06 5.898943527427036315e-06 5.774823421234032139e-06 5.733366378990467638e-06 5.724537913920357823e-06 5.843429789820220321e-06
5.060000000000000000e+02 2.343420456498305007e-02 1.101669296622276306e-02 5.303912530507659540e-06 5.836060608999105170e-06 5.719118689739843830e-06 5.687035354640102014e-06 5.672118732036324218e-06 5.793712716695154086e-06
5.070000000000000000e+02 2.334185310971837943e-02 1.098616048693656921e-02 5.253929430182324722e-06 5.788293947261990979e-06 5.665315711667062715e-06 5.627649898087838665e-06 5.622398020932450891e-06 5.741523182223318145e-06
5.080000000000000000e+02 2.325004650009300164e-02 1.095573976635932922e-02 5.203266482567414641e-06 5.732613317377399653e-06 5.607425464404514059e-06 5.575825525738764554e-06 5.570907433138927445e-06 5.690922534995479509e-06
5.090000000000000000e+02 2.315878045862104773e-02 1.092545408755540848e-02 5.158761268830858171e-06 5.665908702212618664e-06 5.558442808251129463e-06 5.522980245586950332e-06 5.523200798052130267e-06 5.644842985930154100e-06
5.100000000000000000e+02 2.306805074971165007e-02 1.089529227465391159e-02 5.120319656271021813e-06 5.625233370665227994e-06 5.500846327777253464e-06 5.464939022203907371e-06 5.466015863930806518e-06 5.584302925853990018e-06
5.110000000000000000e+02 2.297785317917747094e-02 1.086524128913879395e-02 5.071578470960957929e-06 5.580565357377054170e-06 5.459467047330690548e-06 5.420055003924062476e-06 5.428384156402898952e-06 5.532247541850665584e-06
5.120000000000000000e+02 2.288818359375000000e-02 1.083532627671957016e-02 5.037461505708051845e-06 5.518856141861760989e-06 5.407932803791482002e-06 5.376937224355060607e-06 5.366889126889873296e-06 5.481961125042289495e-06
5.130000000000000000e+02 2.279903788060144015e-02 1.080551557242870331e-02 4.989279659639578313e-06 5.465623871714342386e-06 5.357096597435884178e-06 5.322001925378572196e-06 5.319510819390416145e-06 5.436587343865539879e-06
5.140000000000000000e+02 2.271041196687307792e-02 1.077582221478223801e-02 4.937460289511363953e-06 5.420069101091939956e-06 5.302013960317708552e-06 5.269992470857687294e-06 5.272398084343876690e-06 5.385104486776981503e-06
5.150000000000000000e+02 2.262230181921010344e-02 1.074627321213483810e-02 4.913070824841270223e-06 5.372836312744766474e-06 5.254853022051975131e-06 5.226648227107943967e-06 5.221937954047461972e-06 5.337178208719706163e-06
5.160000000000000000e+02 2.253470344330268590e-02 1.071681734174489975e-02 4.868768883170560002e-06 5.313057954481337219e-06 5.207857157074613497e-06 5.173816589376656339e-06 5.176078957447316498e-06 5.300389148032991216e-06
5.170000000000000000e+02 2.244761288343328706e-02 1.068749651312828064e-02 4.834624178329249844e-06 5.276461706671398133e-06 5.165334641787922010e-06 5.140567282069241628e-06 5.146324383531464264e-06 5.243888608674751595e-06
5.180000000000000000e+02 2.236102622203008441e-02 1.065827626734972000e-02 4.789033937413478270e-06 5.225141649134457111e-06 5.117682121635880321e-06 5.094921561976661906e-06 5.089955266157630831e-06 5.206821242609294131e-06
5.190000000000000000e+02 2.227493957922638962e-02 1.062917895615100861e-02 4.758365776069695130e-06 5.183173016121145338e-06 5.076536126580322161e-06 5.050095296610379592e-06 5.053837867308175191e-06 5.162533852853812277e-06
5.200000000000000000e+02 2.218934911242603433e-02 1.060019433498382568e-02 4.720097422250546515e-06 5.139779204910155386e-06 5.042091288487426937e-06 5.006616902392124757e-06 5.009238975617336109e-06 5.125105872139101848e-06
5.210000000000000000e+02 2.210425101587453617e-02 1.057134289294481277e-02 4.685249223257414997e-06 5.094745574751868844e-06 4.983379312761826441e-06 4.955450094712432474e-06 4.974683633918175474e-06 5.080910341348499060e-06
5.220000000000000000e+02 2.201964152023605167e-02 1.054258365184068680e-02 4.658299531001830474e-06 5.056519967183703557e-06 4.944611646351404488e-06 4.927118425257503986e-06 4.939219707011943683e-06 5.038489234721055254e-06
5.230000000000000000e+02 2.193551689217596717e-02 1.051393989473581314e-02 4.618025286617921665e-06 5.011403118260204792e-06 4.909290964860701934e-06 4.876736966252792627e-06 4.894844096270389855e-06 5.006946139474166557e-06
5.240000000000000000e+02 2.185187343394907195e-02 1.048541255295276642e-02 4.593265657604206353e-06 4.979178811481688172e-06 4.871094461122993380e-06 4.837332198803778738e-06 4.850855930271791294e-06 4.957452802045736462e-06
5.250000000000000000e+02 2.176870748299319577e-02 1.045700348913669586e-02 4.551445272227283567e-06 4.933462605549721047e-06 4.830437774216989055e-06 4.795612312591401860e-06 4.822632490686373785e-06 4.932851425110129640e-06
5.260000000000000000e+02 2.168601541152828660e-02 1.042868196964263916e-02 4.518511104834033176e-06 4.897202870779437944e-06 4.795870609086705372e-06 4.758236627822043374e-06 4.788386831933166832e-06 4.887154773314250633e-06
5.270000000000000000e+02 2.160379362616075480e-02 1.040049456059932709e-02 4.495780103752622381e-06 4.857918611378408968e-06 4.758115665026707575e-06 4.721274308394640684e-06 4.751111191581003368e-06 4.853140580962644890e-06
5.280000000000000000e+02 2.152203856749311181e-02 1.037242356687784195e-02 4.466281552595319226e-06 4.826030362892197445e-06 4.724327482108492404e-06 4.697157237387727946e-06 4.712912414106540382e-06 4.826496933674206957e-06
5.290000000000000000e+02 2.144074670973874358e-02 1.034442614763975143e-02 4.434074526216136292e-06 4.787934813066385686e-06 4.687971340899821371e-06 4.660696049541002139e-06 4.677113793150056154e-06 4.789577360497787595e-06
5.300000000000000000e+02 2.135991456034175978e-02 1.031657774001359940e-02 4.404422270454233512e-06 4.756592716148588806e-06 4.661293587560066953e-06 4.627363978215726092e-06 4.652696134144207463e-06 4.754670044349040836e-06
5.310000000000000000e+02 2.127953865960185986e-02 1.028881687670946121e-02 4.370052010926883668e-06 4.728448402602225542e-06 4.618009370460640639e-06 4.591675406118156388e-06 4.624955181498080492e-06 4.716536750493105501e-06
5.320000000000000000e+02 2.119961558030414306e-02 1.026116497814655304e-02 4.340487521403701976e-06 4.685628937295405194e-06 4.590494427247904241e-06 4.562564299703808501e-06 4.586132490658201277e-06 4.684433406509924680e-06
5.330000000000000000e+02 2.112014192735375134e-02 1.023361925035715103e-02 4.315522801334736869e-06 4.651521521736867726e-06 4.551985966827487573e-06 4.528182216745335609e-06 4.553399321594042704e-06 4.652422376238973811e-06
5.340000000000000000e+02 2.104111433741531062e-02 1.020618993788957596e-02 4.286826424504397437e-06 4.624760549631901085e-06 4.526534667093073949e-06 4.502465799305355176e-06 4.528129011305281892e-06 4.621336756827076897e-06
5.350000000000000000e+02 2.096252947855707996e-02 1.017885375767946243e-02 4.256932243151823059e-06 4.597928182192845270e-06 4.490903393161715940e-06 4.478105893213069066e-06 4.495127541304100305e-06 4.593328412738628685e-06
5.360000000000000000e+02 2.088438404989975336e-02 1.015162840485572815e-02 4.225602424412500113e-06 4.562295544019434601e-06 4.470599833439337090e-06 4.451952918316237628e-06 4.465549864107742906e-06 4.562052708934061229e-06
5.370000000000000000e+02 2.080667478126983078e-02 1.012450642883777618e-02 4.199421709927264601e-06 4.538759640126954764e-06 4.446084403753047809e-06 4.407152118801604956e-06 4.433254161995137110e-06 4.530797014012932777e-06
5.380000000000000000e+02 2.072939843285747860e-02 1.009748876094818115e-02 4.174956302449572831e-06 4.504441676544956863e-06 4.414125214680097997e-06 4.376982360554393381e-06 4.413841907080495730e-06 4.496672318055061623e-06
5.390000000000000000e+02 2.065255179487885534e-02 1.007057167589664459e-02 4.146530955040361732e-06 4.478991286305245012e-06 4.387480657896958292e-06 4.357714260549983010e-06 4.384523435874143615e-06 4.473641183722065762e-06
5.400000000000000000e+02 2.057613168724279837e-02 1.004375983029603958e-02 4.125653958908515051e-06 4.445887043402763084e-06 4.356725639809155837e-06 4.321107553550973535e-06 4.362475920061115175e-06 4.452313987712841481e-06
5.410000000000000000e+02 2.050013495922181628e-02 1.001704111695289612e-02 4.101905233255820349e-06 4.419997821969445795e-06 4.324941528466297314e-06 4.292733137845061719e-06 4.327382612245855853e-06 4.422424808581126854e-06
5.420000000000000000e+02 2.042455848912732783e-02 9.990429505705833435e-03 4.065558186994167045e-06 4.397717020765412599e-06 4.302655725041404366e-06 4.275134870113106444e-06 4.306344635551795363e-06 4.386286946100881323e-06
5.430000000000000000e+02 2.034939918398909198e-02 9.963924065232276917e-03 4.045480636705178767e-06 4.366111170384101570e-06 4.271682428225176409e-06 4.251112386555178091e-06 4.273740159987937659e-06 4.356437784736044705e-06
5.440000000000000000e+02 2.027465397923875270e-02 9.937510825693607330e-03 4.016909315396333113e-06 4.343437922216253355e-06 4.252856342645827681e-06 4.231069397064857185e-06 4.246075604896759614e-06 4.335741778049850836e-06
5.450000000000000000e+02 2.020031983839743958e-02 9.911209344863891602e-03 3.995657152700005099e-06 4.315847490943269804e-06 4.230177637509768829e-06 4.198440819891402498e-06 4.218682988721411675e-06 4.308662482799263671e-06
5.460000000000000000e+02 2.012639375276737905e-02 9.884983301162719727e-03 3.974018000008072704e-06 4.278793767298338935e-06 4.194019766146084294e-06 4.170430656813550740e-06 4.188766070001292974e-06 4.280030225345399231e-06
5.470000000000000000e+02 2.005287274112744003e-02 9.858877398073673248e-03 3.948246103391284123e-06 4.259225079294992611e-06 4.172494755039224401e-06 4.147635081608314067e-06 4.163131052337121218e-06 4.245601758157135919e-06
5.480000000000000000e+02 1.997975384943257576e-02 9.832861833274364471e-03 3.922902124031679705e-06 4.227930276101687923e-06 4.141024419368477538e-06 4.113370778213720769e-06 4.140510554861975834e-06 4.214426553517114371e-06
5.490000000000000000e+02 1.990703415051708544e-02 9.806942194700241089e-03 3.888651008310262114e-06 4.207847723591839895e-06 4.111108410143060610e-06 4.091454684385098517e-06 4.111756879865424708e-06 4.189740138826891780e-06
5.500000000000000000e+02 1.983471074380165414e-02 9.781125001609325409e-03 3.869427018798887730e-06 4.174470632278826088e-06 4.093250026926398277e-06 4.066348992637358606e-06 4.098446424904977903e-06 4.168442956142826006e-06
5.510000000000000000e+02 1.976278075500410153e-02 9.755403734743595123e-03 3.851382643915712833e-06 4.144865670241415501e-06 4.061905201524496078e-06 4.037634880660334602e-06 4.067927420692285523e-06 4.141434601478977129e-06
5.520000000000000000e+02 1.969124133585381173e-02 9.729771874845027924e-03 3.821990048891166225e-06 4.127312877244548872e-06 4.034766334370942786e-06 4.016772436443716288e-06 4.029826413898263127e-06 4.116459422220941633e-06
5.530000000000000000e+02 1.962008966380976438e-02 9.704231284558773041e-03 3.794825261138612404e-06 4.094964879186591133e-06 4.010855718661332503e-06 3.988026037404779345e-06 4.016264028905425221e-06 4.085298769496148452e-06
5.540000000000000000e+02 1.954932294178211502e-02 9.678784757852554321e-03 3.775610139200580306e-06 4.065209395776037127e-06 3.984647719335043803e-06 3.967883912991965190e-06 3.989899141743080691e-06 4.058581907884217799e-06
5.550000000000000000e+02 1.947893839785731773e-02 9.653458371758460999e-03 3.742261469596996903e-06 4.044995421281782910e-06 3.960205503972247243e-06 3.937140718335285783e-06 3.966445547121111304e-06 4.036204700241796672e-06
5.560000000000000000e+02 1.940893328502665480e-02 9.628202766180038452e-03 3.725340548044187017e-06 4.023530436825240031e-06 3.936659595638047904e-06 3.915433353540720418e-06 3.940308488381560892e-06 4.007893949165008962e-06
5.570000000000000000e+02 1.933930488091822886e-02 9.603035636246204376e-03 3.686283207571250387e-06 3.990058303315890953e-06 3.910457053279969841e-06 3.886257673002546653e-06 3.914856279152445495e-06 3.981615918746683747e-06
5.580000000000000000e+02 1.927005048753227881e-02 9.577974677085876465e-03 3.662373728730017319e-06 3.962671598856104538e-06 3.882038072333671153e-06 3.868179646815406159e-06 3.888580977218225598e-06 3.952856786781921983e-06
5.590000000000000000e+02 1.920116743097980208e-02 9.552993811666965485e-03 3.645073547886568122e-06 3.937682777177542448e-06 3.861518962366972119e-06 3.832916718238266185e-06 3.865657163260038942e-06 3.922503310604952276e-06
5.600000000000000000e+02 1.913265306122449022e-02 9.528105147182941437e-03 3.611901547628804110e-06 3.911414751200936735e-06 3.832639777101576328e-06 3.813540388364344835e-06 3.835851202893536538e-06 3.897052465617889538e-06
5.610000000000000000e+02 1.906450475182780782e-02 9.503301233053207397e-03 3.591157110349740833e-06 3.888327682943781838e-06 3.806121412708307616e-06 3.781310169870266691e-06 3.809037707469542511e-06 3.870702130370773375e-06
5.620000000000000000e+02 1.899671989969731883e-02 9.478618390858173370e-03 3.564504822861636057e-06 3.861823643092066050e-06 3.781055283980094828e-06 3.760122581297764555e-06 3.785200533457100391e-06 3.840326371573610231e-06
5.630000000000000000e+02 1.892929592483807641e-02 9.454002603888511658e-03 3.540496209097909741e-06 3.830505647783866152e-06 3.745872618310386315e-06 3.733848643605597317e-06 3.752469410756020807e-06 3.809188456216361374e-06
5.640000000000000000e+02 1.886223027010713871e-02 9.429478086531162262e-03 3.518818175507476553e-06 3.808688461504061706e-06 3.721102075360249728e-06 3.706484221766004339e-06 3.738360419447417371e-06 3.785238504860899411e-06
5.650000000000000000e+02 1.879552040097110313e-02 9.405030868947505951e-03 3.486530431473511271e-06 3.775687900997581892e-06 3.696688963827909902e-06 3.684232297018752433e-06 3.697222382470499724e-06 3.762346068469923921e-06
5.660000000000000000e+02 1.872916380526664162e-02 9.380697272717952728e-03 3.463956772975507192e-06 3.739110752576380037e-06 3.671329068311024457e-06 3.657399247458670288e-06 3.668687213576049544e-06 3.741841510418453254e-06
5.670000000000000000e+02 1.866315799296398847e-02 9.356433525681495667e-03 3.441692570049781352e-06 3.716977062140358612e-06 3.648943220468936488e-06 3.634853101175394841e-06 3.651703764262492768e-06 3.711917770488071255e-06
5.680000000000000000e+02 1.859750049593334592e-02 9.332265704870223999e-03 3.406269115657778457e-06 3.695879286169656552e-06 3.613341732489061542e-06 3.603716777433874086e-06 3.621136556830606423e-06 3.685823230625828728e-06
5.690000000000000000e+02 1.853218886771414858e-02 9.308177046477794647e-03 3.383785724508925341e-06 3.668488261610036716e-06 3.595470843720249832e-06 3.585248578019673005e-06 3.603241111704846844e-06 3.658961759356316179e-06
5.700000000000000000e+02 1.846722068328716590e-02 9.284185245633125305e-03 3.359305992489680648e-06 3.634475433500483632e-06 3.565659653759212233e-06 3.565417273421189748e-06 3.570617991499602795e-06 3.634440417954465374e-06
5.710000000000000000e+02 1.840259353884940788e-02 9.260280057787895203e-03 3.328446382511174306e-06 3.611693955463124439e-06 3.529075229380396195e-06 3.523615305311977863e-06 3.551178906491259113e-06 3.606483687690342776e-06
5.720000000000000000e+02 1.833830505159176477e-02 9.236444719135761261e-03 3.304103756818221882e-06 3.579232725314795971e-06 3.512916009640321136e-06 3.497796114970697090e-06 3.522717634041327983e-06 3.586124421417480335e-06
5.730000000000000000e+02 1.827435285947936333e-02 9.212712757289409637e-03 3.280264536442700773e-06 3.560446430128649808e-06 3.489188429739442654e-06 3.474684035609243438e-06 3.501239689285284840e-06 3.555614057404454798e-06
5.740000000000000000e+02 1.821073462103461188e-02 9.189047850668430328e-03 3.255910996813327074e-06 3.534424422468873672e-06 3.463368784650810994e-06 3.453059207458863966e-06 3.477371365079306997e-06 3.527582521201111376e-06
5.750000000000000000e+02 1.814744801512287176e-02 9.165474213659763336e-03 3.222981376893585548e-06 3.507110704958904535e-06 3.431353206906351261e-06 3.421564770178520121e-06 3.447397602940327488e-06 3.497631269056000747e-06
5.760000000000000000e+02 1.808449074074074125e-02 9.141995571553707123e-03 3.196098759872256778e-06 3.474854565865825862e-06 3.400625928406952880e-06 3.398663920961553231e-06 3.420006123633356765e-06 3.477172640486969613e-06
5.770000000000000000e+02 1.802186051680688614e-02 9.118596091866493225e-03 3.172183824062813073e-06 3.459047320575336926e-06 3.388516915947548114e-06 3.373590516275726259e-06 3.389593302927096374e-06 3.452595365160959773e-06
5.780000000000000000e+02 1.795955508195543754e-02 9.095264598727226257e-03 3.148375753880827688e-06 3.428471700317459181e-06 3.356501338203088380e-06 3.351688064867630601e-06 3.362662482686573640e-06 3.428434638408361934e-06
5.790000000000000000e+02 1.789757219433183930e-02 9.072031825780868530e-03 3.132237907266244292e-06 3.402199126867344603e-06 3.340589728395571001e-06 3.320125642858329229e-06 3.340831653986242600e-06 3.397936325200134888e-06
5.800000000000000000e+02 1.783590963139120023e-02 9.048881009221076965e-03 3.108276587227010168e-06 3.368219040567055345e-06 3.304165829831617884e-06 3.307657152618048713e-06 3.318537210361682810e-06 3.371731509105302393e-06
5.810000000000000000e+02 1.777456518969904725e-02 9.025799110531806946e-03 3.074987262152717449e-06 3.348266545799560845e-06 3.272851017754874192e-06 3.273595893915626220e-06 3.290965651103761047e-06 3.355148464834201150e-06
5.820000000000000000e+02 1.771353668473447246e-02 9.002811275422573090e-03 3.052431793548748828e-06 3.321630629216087982e-06 3.257086063968017697e-06 3.252484248150722124e-06 3.263476855863700621e-06 3.326779506096499972e-06
5.830000000000000000e+02 1.765282195069566712e-02 8.979897014796733856e-03 3.026159447472309694e-06 3.299961463198997080e-06 3.237203827666235156e-06 3.227982460884959437e-06 3.234970563426031731e-06 3.296991280876682140e-06
5.840000000000000000e+02 1.759241884030774902e-02 8.957060985267162323e-03 3.010638920386554673e-06 3.274448545198538341e-06 3.210407612641574815e-06 3.206553856216487475e-06 3.213252739442395978e-06 3.270817614975385368e-06
5.850000000000000000e+02 1.753232522463291782e-02 8.934312500059604645e-03 2.980346380354603752e-06 3.250541340094059706e-06 3.182459295203443617e-06 3.183012267982121557e-06 3.196870920874061994e-06 3.254044713685289025e-06
5.860000000000000000e+02 1.747253899288285159e-02 8.911635726690292358e-03 2.959010544145712629e-06 3.230337824788875878e-06 3.158684194204397500e-06 3.153703119096462615e-06 3.161162339893053286e-06 3.230849870305974036e-06
5.870000000000000000e+02 1.741305805223336903e-02 8.889044634997844696e-03 2.940293143183225766e-06 3.194950068063917570e-06 3.132767005809000693e-06 3.130690402031177655e-06 3.140052967864903621e-06 3.191627001797314733e-06
5.880000000000000000e+02 1.735388032764125996e-02 8.866532705724239349e-03 2.922758767454070039e-06 3.168500825267983600e-06 3.116275365755427629e-06 3.109615136054344475e-06 3.116575953754363582e-06 3.178572114848066121e-06
5.890000000000000000e+02 1.729500376166331899e-02 8.844092488288879395e-03 2.894983481382951140e-06 3.144773017993429676e-06 3.089277925028000027e-06 3.092387260039686225e-06 3.096262389590265229e-06 3.159222615067847073e-06
5.900000000000000000e+02 1.723642631427750593e-02 8.821738883852958679e-03 2.873782250389922410e-06 3.127312083961442113e-06 3.066544877583510242e-06 3.066307954213698395e-06 3.069510739805991761e-06 3.130527829853235744e-06
5.910000000000000000e+02 1.717814596270624342e-02 8.799453265964984894e-03 2.860442236851667985e-06 3.099816694884793833e-06 3.035409235963015817e-06 3.042100615857634693e-06 3.052213287446647882e-06 3.103919652858166955e-06
5.920000000000000000e+02 1.712016070124178224e-02 8.777245879173278809e-03 2.844268237822689116e-06 3.077066367040970363e-06 3.021232259925454855e-06 3.006126689797383733e-06 3.025033265657839365e-06 3.079034968322957866e-06
5.930000000000000000e+02 1.706246854107362765e-02 8.755126036703586578e-03 2.828365495588514023e-06 3.052442025364143774e-06 2.993268935824744403e-06 2.995407157868612558e-06 3.008814474014798179e-06 3.052779902645852417e-06
5.940000000000000000e+02 1.700506751011801598e-02 8.733066730201244354e-03 2.798931518555036746e-06 3.034588416994665749e-06 2.974216386064654216e-06 2.972666607092833146e-06 2.982069418067112565e-06 3.038289833057206124e-06
5.950000000000000000e+02 1.694795565284937591e-02 8.711087517440319061e-03 2.791869519569445401e-06 3.009278316312702373e-06 2.941260390798561275e-06 2.951167743958649226e-06 2.963282668133615516e-06 3.014839194293017499e-06
5.960000000000000000e+02 1.689113103013377762e-02 8.689185604453086853e-03 2.767811338344472460e-06 2.991240990013466217e-06 2.934926442321739160e-06 2.933726136689074337e-06 2.928337380581069738e-06 2.982892283398541622e-06
5.970000000000000000e+02 1.683459171906433183e-02 8.667362853884696960e-03 2.745764277278794907e-06 2.973013351947884075e-06 2.910068587880232371e-06 2.906060444729519077e-06 2.910146577050909400e-06 2.965454086734098382e-06
5.980000000000000000e+02 1.677833581279851438e-02 8.645606227219104767e-03 2.732998837018385530e-06 2.958342292913584970e-06 2.891687472583726048e-06 2.889381221393705346e-06 2.895836360039538704e-06 2.944339257737738080e-06
5.990000000000000000e+02 1.672236142039737819e-02 8.623935282230377197e-03 2.716622248044586740e-06 2.939490286735235713e-06 2.870970320145715959e-06 2.858764446500572376e-06 2.870365051421686076e-06 2.925990656876820140e-06
6.000000000000000000e+02 1.666666666666666644e-02 8.602332323789596558e-03 2.705708993744337931e-06 2.917044639616506174e-06 2.851675844794954173e-06 2.844568825821625069e-06 2.845765493475482799e-06 2.907558382503339089e-06
6.010000000000000000e+02 1.661124969199974377e-02 8.580807596445083618e-03 2.685884510356117971e-06 2.889492179747321643e-06 2.827306616381974891e-06 2.833763346643536352e-06 2.835018221958307549e-06 2.889678626161185093e-06
6.020000000000000000e+02 1.655610865222238021e-02 8.559347130358219147e-03 2.673728658919571899e-06 2.870186790460138582e-06 2.816951791828614660e-06 2.807924374792492017e-06 2.817767608576104976e-06 2.867781631721300073e-06
6.030000000000000000e+02 1.650124171843931134e-02 8.537968620657920837e-03 2.661833605088759214e-06 2.853511659850482829e-06 2.795937689370475709e-06 2.792046871036291122e-06 2.802370545396115631e-06 2.852279521903255954e-06
6.040000000000000000e+02 1.644664707688259231e-02 8.516660891473293304e-03 2.634930297062965110e-06 2.831569190675509162e-06 2.786835466395132244e-06 2.771797653622343205e-06 2.779988108159159310e-06 2.828207925631431863e-06
6.050000000000000000e+02 1.639232292876169686e-02 8.495415560901165009e-03 2.625909928610781208e-06 2.819569090206641704e-06 2.765365024970378727e-06 2.752581167442258447e-06 2.760890083663980477e-06 2.816556616380694322e-06
6.060000000000000000e+02 1.633826749011534768e-02 8.474248461425304413e-03 2.614023287605959922e-06 2.799655476337647997e-06 2.743153117990004830e-06 2.743232244029059075e-06 2.739246156124863774e-06 2.801676828312338330e-06
6.070000000000000000e+02 1.628447899166506063e-02 8.453161455690860748e-03 2.600137577246641740e-06 2.786902314255712554e-06 2.724148771449108608e-06 2.725719468799070455e-06 2.724050546021317132e-06 2.767974592643440701e-06
6.080000000000000000e+02 1.623095567867036126e-02 8.432131260633468628e-03 2.589520818219170906e-06 2.768599188129883260e-06 2.705528913793386891e-06 2.706315171963069588e-06 2.710213721002219245e-06 2.759705921562272124e-06
6.090000000000000000e+02 1.617769581078567012e-02 8.411178365349769592e-03 2.579954525572247803e-06 2.755577725110924803e-06 2.689101393116288818e-06 2.690388555492972955e-06 2.696041519811842591e-06 2.740886202445835806e-06
6.100000000000000000e+02 1.612469766191883952e-02 8.390295319259166718e-03 2.559013182690250687e-06 2.746935024333652109e-06 2.681153318917495199e-06 2.676076974239549600e-06 2.679698127394658513e-06 2.729549578361911699e-06
6.110000000000000000e+02 1.607195952009128972e-02 8.369479328393936157e-03 2.549729060774552636e-06 2.719688609431614168e-06 2.657060804267530330e-06 2.652700004546204582e-06 2.668886736501008272e-06 2.713624098760192282e-06
6.120000000000000000e+02 1.601947968729975497e-02 8.348746225237846375e-03 2.536119836804573424e-06 2.708925876504508778e-06 2.657736558830947615e-06 2.637555780893308111e-06 2.650363512657349929e-06 2.704327926039695740e-06
6.130000000000000000e+02 1.596725647937961845e-02 8.328076452016830444e-03 2.524909405110520311e-06 2.694168188099865802e-06 2.635272949191858061e-06 2.633833673826302402e-06 2.636163799252244644e-06 2.688092081370996311e-06
6.140000000000000000e+02 1.591528822586977046e-02 8.307469077408313751e-03 2.516707581889932044e-06 2.674836878213682212e-06 2.624705302878282964e-06 2.610706133054918610e-06 2.624589342303806916e-06 2.666449290700256824e-06
6.150000000000000000e+02 1.586357326987904159e-02 8.286929689347743988e-03 2.496563638487714343e-06 2.668762363100540824e-06 2.599971367089892738e-06 2.585828269729972817e-06 2.603204620754695497e-06 2.653225692483829334e-06
6.160000000000000000e+02 1.581210996795412438e-02 8.266461081802845001e-03 2.498321919119916856e-06 2.650476290000369772e-06 2.587860535641084425e-06 2.588080633358913474e-06 2.596174226709990762e-06 2.647127985255792737e-06
6.170000000000000000e+02 1.576089668994901452e-02 8.246055804193019867e-03 2.478062924637924880e-06 2.633119720485410653e-06 2.577669192760367878e-06 2.573210394984926097e-06 2.578268095021485351e-06 2.633321855682879686e-06
6.180000000000000000e+02 1.570993181889590584e-02 8.225730620324611664e-03 2.462371185174561106e-06 2.617957306938478723e-06 2.558858113843598403e-06 2.563673433542135172e-06 2.560395159889594652e-06 2.606931275295210071e-06
6.190000000000000000e+02 1.565921375087757014e-02 8.205465041100978851e-03 2.451890850352356210e-06 2.607718897706945427e-06 2.545132019804441370e-06 2.550260433054063469e-06 2.560683697083732113e-06 2.600406105557340197e-06
6.200000000000000000e+02 1.560874089490114393e-02 8.185262791812419891e-03 2.438532419546390884e-06 2.593041244836058468e-06 2.542979473219020292e-06 2.531632617319701239e-06 2.545084498706273735e-06 2.587069275250541978e-06
6.210000000000000000e+02 1.555851167277338271e-02 8.165129460394382477e-03 2.427151457595755346e-06 2.584811227279715240e-06 2.529115363358869217e-06 2.519594090699683875e-06 2.532294956836267374e-06 2.573479832790326327e-06
6.220000000000000000e+02 1.550852451897726490e-02 8.145073428750038147e-03 2.410655497442348860e-06 2.572405719547532499e-06 2.520598172850441188e-06 2.509071237000171095e-06 2.522388513170881197e-06 2.560440634624683298e-06
6.230000000000000000e+02 1.545877788055002346e-02 8.125062100589275360e-03 2.395304136371123604e-06 2.556554591137683019e-06 2.495974513294640929e-06 2.501845074220909737e-06 2.511045295250369236e-06 2.547687699916423298e-06
6.240000000000000000e+02 1.540927021696252529e-02 8.105142973363399506e-03 2.389420387771679088e-06 2.542753236411954276e-06 2.487795882188947871e-06 2.477303041814593598e-06 2.496576144039863721e-06 2.539798970246920362e-06
6.250000000000000000e+02 1.536000000000000039e-02 8.085259236395359039e-03 2.377106511630699970e-06 2.532649887143634260e-06 2.479180921000079252e-06 2.468478896844317205e-06 2.489763346602558158e-06 2.521555643397732638e-06
6.260000000000000000e+02 1.531096571364411185e-02 8.065463043749332428e-03 2.360959570069098845e-06 2.524708634155103937e-06 2.463089913362637162e-06 2.456627726132865064e-06 2.463700184307526797e-06 2.514912239348632284e-06
6.270000000000000000e+02 1.526216585395633561e-02 8.045722730457782745e-03 2.352295268792659044e-06 2.517360599085805006e-06 2.455560661474009976e-06 2.447455472065485083e-06 2.455175945215160027e-06 2.495907665434060618e-06
6.280000000000000000e+02 1.521359892896263603e-02 8.026048541069030762e-03 2.333003976673353463e-06 2.490962287993170321e-06 2.451336285957950167e-06 2.439686113575589843e-06 2.442800450808135793e-06 2.482342779330792837e-06
6.290000000000000000e+02 1.516526345853943386e-02 8.006439544260501862e-03 2.328137497897841968e-06 2.488748123141704127e-06 2.427143726890790276e-06 2.427105300739640370e-06 2.428477955618291162e-06 2.470982053637271747e-06
6.300000000000000000e+02 1.511715797430083184e-02 7.986896671354770660e-03 2.301009772054385394e-06 2.475900828358135186e-06 2.422169472993118688e-06 2.410461092949844897e-06 2.417039240754093044e-06 2.459197730786399916e-06
6.310000000000000000e+02 1.506928101948709110e-02 7.967418991029262543e-03 2.295854756084736437e-06 2.460470113874180242e-06 2.411834657323197462e-06 2.400471657892921939e-06 2.406123712717089802e-06 2.455424919389770366e-06
6.320000000000000000e+02 1.502163114885434955e-02 7.947995327413082123e-03 2.285727305206819437e-06 2.447513452352723107e-06 2.393119302723789588e-06 2.393865543126594275e-06 2.393960357949254103e-06 2.442346840325626545e-06
6.330000000000000000e+02 1.497420692856554596e-02 7.928645238280296326e-03 2.279485670442227274e-06 2.432908559057977982e-06 2.386457936154329218e-06 2.377937335040769540e-06 2.389195515206665732e-06 2.426169658065191470e-06
6.340000000000000000e+02 1.492700693608255656e-02 7.909342646598815918e-03 2.247259999421657994e-06 2.428058223813422956e-06 2.371607479290105402e-06 2.364340389249264263e-06 2.369281219216645695e-06 2.407916099400608800e-06
6.350000000000000000e+02 1.488002976005952001e-02 7.890112698078155518e-03 2.240101366624003276e-06 2.406489329587202519e-06 2.354461912545957603e-06 2.352617002543411218e-06 2.357531684538116679e-06 2.400174025751766749e-06
6.360000000000000000e+02 1.483327400023733318e-02 7.870954461395740509e-03 2.222193415946094319e-06 2.397204525550478138e-06 2.337488695047795773e-06 2.336558281967882067e-06 2.346292149013606831e-06 2.387106405876693316e-06
6.370000000000000000e+02 1.478673826733929893e-02 7.851847447454929352e-03 2.199326900154119357e-06 2.389413339187740348e-06 2.329298922632005997e-06 2.321287638551439159e-06 2.333168140467023477e-06 2.379856368861510418e-06
6.380000000000000000e+02 1.474042118296793429e-02 7.832796312868595123e-03 2.197085677835275419e-06 2.371081791352480650e-06 2.321020929230144247e-06 2.308359171365736984e-06 2.315795427421107888e-06 2.362086434004595503e-06
6.390000000000000000e+02 1.469432137950289069e-02 7.813815958797931671e-03 2.173616394429700449e-06 2.358456640649819747e-06 2.304387180629419163e-06 2.304189820279134437e-06 2.313103323103860021e-06 2.344607764825923368e-06
6.400000000000000000e+02 1.464843750000000000e-02 7.794898469001054764e-03 2.162260443583363667e-06 2.352538558625383303e-06 2.290435304530547000e-06 2.281472006870899349e-06 2.292980525453458540e-06 2.342285370104946196e-06
6.410000000000000000e+02 1.460276819809141861e-02 7.776036392897367477e-03 2.144702193618286401e-06 2.339299271625350229e-06 2.280839680679491721e-06 2.276029817949165590e-06 2.285199343532440253e-06 2.317610324098495767e-06
6.420000000000000000e+02 1.455731213788686099e-02 7.757234387099742889e-03 2.121065790561260656e-06 2.326570665900362656e-06 2.266042656628997065e-06 2.261108875245554373e-06 2.267091758767492138e-06 2.309563342350884341e-06
6.430000000000000000e+02 1.451206799387590694e-02 7.738474756479263306e-03 2.110839204760850407e-06 2.304207328052143566e-06 2.249773842777358368e-06 2.246366648250841536e-06 2.248016699013533071e-06 2.290484644618118182e-06
6.440000000000000000e+02 1.446703445083137238e-02 7.719801738858222961e-03 2.093337570840958506e-06 2.289769781782524660e-06 2.233989334854413755e-06 2.230623749710503034e-06 2.239004288639989682e-06 2.270001004944788292e-06
6.450000000000000000e+02 1.442221020371371905e-02 7.701178081333637238e-03 2.079938212773413397e-06 2.280519083797116764e-06 2.227831373602384701e-06 2.207768375228624791e-06 2.229376832474372350e-06 2.261061581521062180e-06
6.460000000000000000e+02 1.437759395757651215e-02 7.682620547711849213e-03 2.066432671199436300e-06 2.263361011500819586e-06 2.208272917414433323e-06 2.211229229942546226e-06 2.206340923294192180e-06 2.243837116111535579e-06
6.470000000000000000e+02 1.433318442747289270e-02 7.664104923605918884e-03 2.050695684374659322e-06 2.248596729259588756e-06 2.196266450482653454e-06 2.190543000324396417e-06 2.201586312366998754e-06 2.230403651992673986e-06
6.480000000000000000e+02 1.428898033836305433e-02 7.645658683031797409e-03 2.027867822107509710e-06 2.236025693491683342e-06 2.176604311898699962e-06 2.179835291826748289e-06 2.179727289330912754e-06 2.210572802141541615e-06
6.490000000000000000e+02 1.424498042502273312e-02 7.627271115779876709e-03 2.015023483181721531e-06 2.223610181317781098e-06 2.161706333936308511e-06 2.148974544979864731e-06 2.174216206185519695e-06 2.201606548624113202e-06
6.500000000000000000e+02 1.420118343195266204e-02 7.608938962221145630e-03 2.000838549065520056e-06 2.196163222834002227e-06 2.149881083823856898e-06 2.137178398697869852e-06 2.154068852178170346e-06 2.171858795918524265e-06
6.510000000000000000e+02 1.415758811328901925e-02 7.590678520500659943e-03 1.978992713702609763e-06 2.183473043260164559e-06 2.132893314410466701e-06 2.128592541339457966e-06 2.130741449946071953e-06 2.173868551835766993e-06
6.520000000000000000e+02 1.411419323271481847e-02 7.572471164166927338e-03 1.969525328604504466e-06 2.167239472328219563e-06 2.119414602930191904e-06 2.113516075041843578e-06 2.120647422998445109e-06 2.153074092348106205e-06
6.530000000000000000e+02 1.407099756337225512e-02 7.554304786026477814e-03 1.960261215572245419e-06 2.155548827431630343e-06 2.102471853504539467e-06 2.095382114930544049e-06 2.110991999870748259e-06 2.145220832971972413e-06
6.540000000000000000e+02 1.402799988777600135e-02 7.536200340837240219e-03 1.945847998285898939e-06 2.135036311301519163e-06 2.084037532767979428e-06 2.091808710247278214e-06 2.095730906148673967e-06 2.116843234034604393e-06
6.550000000000000000e+02 1.398519899772740493e-02 7.518158759921789169e-03 1.927901848830515519e-06 2.127790594386169687e-06 2.078263833027449436e-06 2.076864348055096343e-06 2.076133114314870909e-06 2.100879783029085957e-06
6.560000000000000000e+02 1.394259369422962483e-02 7.500178646296262741e-03 1.909857473947340623e-06 2.109001570715918206e-06 2.062817884507239796e-06 2.054980541288387030e-06 2.061370423689368181e-06 2.084704647131729871e-06
6.570000000000000000e+02 1.390018278740365494e-02 7.482242770493030548e-03 1.901040263874165248e-06 2.088536803057650104e-06 2.034842964349081740e-06 2.044361963271512650e-06 2.036134219451923855e-06 2.069550873784464784e-06
6.580000000000000000e+02 1.385796509640524303e-02 7.464380934834480286e-03 1.881998514363658614e-06 2.075842530757654458e-06 2.020224883381160907e-06 2.022534090428962372e-06 2.025126377702690661e-06 2.062573912553489208e-06
6.590000000000000000e+02 1.381593944934270644e-02 7.446547504514455795e-03 1.866137381512089632e-06 2.052536501651047729e-06 2.002051587624009699e-06 2.002979044846142642e-06 2.013438916037557647e-06 2.045178689513704740e-06
6.600000000000000000e+02 1.377410468319559267e-02 7.428788580000400543e-03 1.856848371062369552e-06 2.042665755652706139e-06 1.985393510040012188e-06 1.984561322387889959e-06 1.992773150050197728e-06 2.022291027969913557e-06
6.610000000000000000e+02 1.373245964373422112e-02 7.411089725792407990e-03 1.844722646637819707e-06 2.022795797529397532e-06 1.966678610187955201e-06 1.976772182388231158e-06 1.984982191061135381e-06 2.009298214034060948e-06
6.620000000000000000e+02 1.369100318544007495e-02 7.393434178084135056e-03 1.818812734200037085e-06 1.999563210119958967e-06 1.951363174157449976e-06 1.957054792001144961e-06 1.965752744581550360e-06 1.988656094908947125e-06
6.630000000000000000e+02 1.364973417142701165e-02 7.375837303698062897e-03 1.813664539440651424e-06 1.994684225792298093e-06 1.943403958648559637e-06 1.951442300196504220e-06 1.945780240930616856e-06 1.972973450392601080e-06
6.640000000000000000e+02 1.360865147336333229e-02 7.358298171311616898e-03 1.796570018086640630e-06 1.984352138606482185e-06 1.925229980770382099e-06 1.917052259159390815e-06 1.927475295815384015e-06 1.947965529325301759e-06
6.650000000000000000e+02 1.356775397139465232e-02 7.340805605053901672e-03 1.788991312423604541e-06 1.953408627741737291e-06 1.908019157781382091e-06 1.910938863147748634e-06 1.915346729219891131e-06 1.941220489243278280e-06
6.660000000000000000e+02 1.352704055406758060e-02 7.323372177779674530e-03 1.771246843418339267e-06 1.954125764314085245e-06 1.898390223686874378e-06 1.895367404358694330e-06 1.907978912640828639e-06 1.928864094224991277e-06
6.670000000000000000e+02 1.348651011825421561e-02 7.305993698537349701e-03 1.761822659318568185e-06 1.929235622810665518e-06 1.882996002677828074e-06 1.877019258245127276e-06 1.890772637125337496e-06 1.917275312735000625e-06
6.680000000000000000e+02 1.344616156907741354e-02 7.288667839020490646e-03 1.748289832903537899e-06 1.912573907247860916e-06 1.868794129222806077e-06 1.870326059361104853e-06 1.876439114312233869e-06 1.893218836812593509e-06
6.690000000000000000e+02 1.340599381983684918e-02 7.271401118487119675e-03 1.734199713609996252e-06 1.899665448945597745e-06 1.848769784373871516e-06 1.856621111073764041e-06 1.846427721829968505e-06 1.877745035017142072e-06
6.700000000000000000e+02 1.336600579193584354e-02 7.254180032759904861e-03 1.713983124318474438e-06 1.882190076685219537e-06 1.837637569224170875e-06 1.833453779909177683e-06 1.843976633608690463e-06 1.867722403403604403e-06
6.710000000000000000e+02 1.332619641480895824e-02 7.237008307129144669e-03 1.708419745227729436e-06 1.869144625743501820e-06 1.825372009989223443e-06 1.826699190132785589e-06 1.822226067815790884e-06 1.854090783126594033e-06
6.720000000000000000e+02 1.328656462585033927e-02 7.219895720481872559e-03 1.693701392468938138e-06 1.851174260991683695e-06 1.808212800824549049e-06 1.803525378818449099e-06 1.819892759158392437e-06 1.840552840803866275e-06
6.730000000000000000e+02 1.324710937034281368e-02 7.202825974673032761e-03 1.676767283242952544e-06 1.836573801483609714e-06 1.797530558178550564e-06 1.794779677766200621e-06 1.805296506063314155e-06 1.827299684009631164e-06
6.740000000000000000e+02 1.320782960138770258e-02 7.185824215412139893e-03 1.676537181083403993e-06 1.818267833186837379e-06 1.777616034814855084e-06 1.776711656020779628e-06 1.788363192645192612e-06 1.807687226573762018e-06
6.750000000000000000e+02 1.316872427983539068e-02 7.168869953602552414e-03 1.653639287724217866e-06 1.812297341530211270e-06 1.760930672389804386e-06 1.768178094607719686e-06 1.773152007444878109e-06 1.794948616407054942e-06
6.760000000000000000e+02 1.312979237421658951e-02 7.151965051889419556e-03 1.639830770727712661e-06 1.793532192095881328e-06 1.748901468090480193e-06 1.747416604302998167e-06 1.762926899573358241e-06 1.786687789717689157e-06
6.770000000000000000e+02 1.309103286067431898e-02 7.135116029530763626e-03 1.633305259929329623e-06 1.780202069312508684e-06 1.737629986564570572e-06 1.728106212794955354e-06 1.747159330989234149e-06 1.770061317074578255e-06
6.780000000000000000e+02 1.305244472289659834e-02 7.118314970284700394e-03 1.619035629119025543e-06 1.764254989211622160e-06 1.721713147162517998e-06 1.718185785648529418e-06 1.724440494399459567e-06 1.754196887304715347e-06
6.790000000000000000e+02 1.301402695204981717e-02 7.101553957909345627e-03 1.618117494217585772e-06 1.749221496538666543e-06 1.709174966890714131e-06 1.713694473437499255e-06 1.716037218102428596e-06 1.740109837555792183e-06
6.800000000000000000e+02 1.297577854671280208e-02 7.084858138114213943e-03 1.600101427357003558e-06 1.730726467030763160e-06 1.699972699498175643e-06 1.696809476925409399e-06 1.716649535410397220e-06 1.728494567032612395e-06
6.810000000000000000e+02 1.293769851281155632e-02 7.068201899528503418e-03 1.590294232300948352e-06 1.726030291138158645e-06 1.683947402852936648e-06 1.690435851742222439e-06 1.694412048891535960e-06 1.717139866741490550e-06
6.820000000000000000e+02 1.289978586355466569e-02 7.051620166748762131e-03 1.579617787683673669e-06 1.708494892227463424e-06 1.670612391535541974e-06 1.675264911682461388e-06 1.682439801697910298e-06 1.708726813376415521e-06
6.830000000000000000e+02 1.286203961936937396e-02 7.035054732114076614e-03 1.574076350152608939e-06 1.706501279841177166e-06 1.663608486524026375e-06 1.658239398238947615e-06 1.672423650234122761e-06 1.696979325060965493e-06
6.840000000000000000e+02 1.282445880783830879e-02 7.018565200269222260e-03 1.551995069348777179e-06 1.692371370154432952e-06 1.652014702813175973e-06 1.649906721468141768e-06 1.648955958444275893e-06 1.683498226157098543e-06
6.850000000000000000e+02 1.278704246363684786e-02 7.002113852649927139e-03 1.552713797536853235e-06 1.678739067756396253e-06 1.634883460610581096e-06 1.647426643103244714e-06 1.647979502195084933e-06 1.669858647801447660e-06
6.860000000000000000e+02 1.274978962847113026e-02 6.985723040997982025e-03 1.534174543849076144e-06 1.660059183450357523e-06 1.631771624488465022e-06 1.636922206671442837e-06 1.635566150071099401e-06 1.655356300034327433e-06
6.870000000000000000e+02 1.271269935101669753e-02 6.969374604523181915e-03 1.534040961814753246e-06 1.655104370001936331e-06 1.611623474673251621e-06 1.610429762877174653e-06 1.620403736524167471e-06 1.640617256271070801e-06
6.880000000000000000e+02 1.267577068685776104e-02 6.953062023967504501e-03 1.523476726106309798e-06 1.632054477340716403e-06 1.610912136129627470e-06 1.607698663974588271e-06 1.605537363502662629e-06 1.633354486330063082e-06
6.890000000000000000e+02 1.263900269842707647e-02 6.936816498637199402e-03 1.510505398982786573e-06 1.632085059100063518e-06 1.594206992194813211e-06 1.598377707523468416e-06 1.594670948179555126e-06 1.627712322260777000e-06
6.900000000000000000e+02 1.260239445494643930e-02 6.920619867742061615e-03 1.495237142989935819e-06 1.619736963220930193e-06 1.592142098161275499e-06 1.577486045789555646e-06 1.592624698787403759e-06 1.617073507986788172e-06
6.910000000000000000e+02 1.256594503236778057e-02 6.904450245201587677e-03 1.492103933742328081e-06 1.606437535883742385e-06 1.576907038725039456e-06 1.571484972373582423e-06 1.584875121807272080e-06 1.613348104001488537e-06
6.920000000000000000e+02 1.252965351331484546e-02 6.888350006192922592e-03 1.478617946304439101e-06 1.600966925252578221e-06 1.574265183990064543e-06 1.564637614137609489e-06 1.574115799485298339e-06 1.599271058694284875e-06
6.930000000000000000e+02 1.249351898702548078e-02 6.872294470667839050e-03 1.477794512538821436e-06 1.589959083503345028e-06 1.556200345476099756e-06 1.552353978695464320e-06 1.565239699630183168e-06 1.587471501807158347e-06
6.940000000000000000e+02 1.245754054929448795e-02 6.856293417513370514e-03 1.472190319873334374e-06 1.580862317496212199e-06 1.548257046124490444e-06 1.547356873743410688e-06 1.548093564451846760e-06 1.571997586324869189e-06
6.950000000000000000e+02 1.242171730241705893e-02 6.840322166681289673e-03 1.458032556911348365e-06 1.572890596435172483e-06 1.539786467219528276e-06 1.538003289169864729e-06 1.538519882160471752e-06 1.563975047247367911e-06
6.960000000000000000e+02 1.238604835513277928e-02 6.824419368058443069e-03 1.450447484785399865e-06 1.557560949549952056e-06 1.525864377072139177e-06 1.523315972917771433e-06 1.533179897705849726e-06 1.553177753521595150e-06
6.970000000000000000e+02 1.235053282257018645e-02 6.808549165725708008e-03 1.445943098588031717e-06 1.553388187858217862e-06 1.519333409305545501e-06 1.518409703749057371e-06 1.531330667603469919e-06 1.556119286760804243e-06
6.980000000000000000e+02 1.231516982619190390e-02 6.792728323489427567e-03 1.434859541404875927e-06 1.542632276141375769e-06 1.508976424702268559e-06 1.501369524703477509e-06 1.515023200227005873e-06 1.545956479276355822e-06
6.990000000000000000e+02 1.227995849374029051e-02 6.776962894946336746e-03 1.425263121745956596e-06 1.528862981103884522e-06 1.500126245446153916e-06 1.504271835983672645e-06 1.508959485363448039e-06 1.533519025542773306e-06
7.000000000000000000e+02 1.224489795918367284e-02 6.761237047612667084e-03 1.416548911947757006e-06 1.529046585346804932e-06 1.489914438934647478e-06 1.495072751822590362e-06 1.495377773608197458e-06 1.514853806838800665e-06
7.010000000000000000e+02 1.220998736266308039e-02 6.745549384504556656e-03 1.413883865097886883e-06 1.519675493000249844e-06 1.488745283495518379e-06 1.486315341026056558e-06 1.491297780376044102e-06 1.514693622084450908e-06
7.020000000000000000e+02 1.217522585043952568e-02 6.729920860379934311e-03 1.404070189892081544e-06 1.509770299890078604e-06 1.479654542890784796e-06 1.474278178648091853e-06 1.481666345171106514e-06 1.509095227447687648e-06
7.030000000000000000e+02 1.214061257484181852e-02 6.714337505400180817e-03 1.392383751408488024e-06 1.498237679697922431e-06 1.469879293836129364e-06 1.471872110414551571e-06 1.471249788664863445e-06 1.497816128903650679e-06
7.040000000000000000e+02 1.210614669421487648e-02 6.698788143694400787e-03 1.384129291182034649e-06 1.495374590376741253e-06 1.468325649511825759e-06 1.463336502638412639e-06 1.466324874854763038e-06 1.490290969741181470e-06
7.050000000000000000e+02 1.207182737286856787e-02 6.683294661343097687e-03 1.383678409183630720e-06 1.491661464569915552e-06 1.451941443519899622e-06 1.447456384084944148e-06 1.456507675356988329e-06 1.477189698562142439e-06
7.060000000000000000e+02 1.203765378102705265e-02 6.667852867394685745e-03 1.375398483105527703e-06 1.472177132200158667e-06 1.444046233700646553e-06 1.449070282433240209e-06 1.450050604034913704e-06 1.473636075388640165e-06
7.070000000000000000e+02 1.200362509477862286e-02 6.652448792010545731e-03 1.364021954941563308e-06 1.471781388318049721e-06 1.440066398572525941e-06 1.435723561371560208e-06 1.441872882423922420e-06 1.463131866330513731e-06
7.080000000000000000e+02 1.196974049602604617e-02 6.637089885771274567e-03 1.361958425150078256e-06 1.461493411625269800e-06 1.435822014173027128e-06 1.425037225999403745e-06 1.440853225176397245e-06 1.455667415939387865e-06
7.090000000000000000e+02 1.193599917243738998e-02 6.621775683015584946e-03 1.354695541522232816e-06 1.457102598578785546e-06 1.423033950231911149e-06 1.424751417289371602e-06 1.431480654900951777e-06 1.443959831703978125e-06
7.100000000000000000e+02 1.190240031739734153e-02 6.606508977711200714e-03 1.352576191493426450e-06 1.449965566280297935e-06 1.421873548679286614e-06 1.425752543582348153e-06 1.418782630935311317e-06 1.440108007955132052e-06
7.110000000000000000e+02 1.186894312995899307e-02 6.591288372874259949e-03 1.346245085187547375e-06 1.450954641768475994e-06 1.417986027263395954e-06 1.410092181686195545e-06 1.419799218638218008e-06 1.434487558071850799e-06
7.120000000000000000e+02 1.183562681479611092e-02 6.576112005859613419e-03 1.339639652542246040e-06 1.429550366083276458e-06 1.400543737872794736e-06 1.409703486388025340e-06 1.405721491209988017e-06 1.427143956789223012e-06
7.130000000000000000e+02 1.180245058215587464e-02 6.560969166457653046e-03 1.331576754637353588e-06 1.437689775229955558e-06 1.394568357682146598e-06 1.391634555147902574e-06 1.395012532157124951e-06 1.416147142663248815e-06
7.140000000000000000e+02 1.176941364781206555e-02 6.545884069055318832e-03 1.312102767769829370e-06 1.416273107679444365e-06 1.381159108859719709e-06 1.386238068334932905e-06 1.396072434545203578e-06 1.410840354765241500e-06
7.150000000000000000e+02 1.173651523301872876e-02 6.530829239636659622e-03 1.320428964390885085e-06 1.415277665728353895e-06 1.382452751386153977e-06 1.383247195008152630e-06 1.380034063913626596e-06 1.401729264216555748e-06
7.160000000000000000e+02 1.170375456446427938e-02 6.515833549201488495e-03 1.318629983870778233e-06 1.404236286361992825e-06 1.374220460093056317e-06 1.376853219881013501e-06 1.367512595606967807e-06 1.399591042172687594e-06
7.170000000000000000e+02 1.167113087422605791e-02 6.500880699604749680e-03 1.300226927014591638e-06 1.395415324623172637e-06 1.371329972243984230e-06 1.363423052680445835e-06 1.368988819194782991e-06 1.389832391396339517e-06
7.180000000000000000e+02 1.163864339972532809e-02 6.485957186669111252e-03 1.299579821534280200e-06 1.394199557580577675e-06 1.361757313134148717e-06 1.362081206934817601e-06 1.359433554171118885e-06 1.380486310154083185e-06
7.190000000000000000e+02 1.160629138368271529e-02 6.471085827797651291e-03 1.291595822294766549e-06 1.387834572597057559e-06 1.359125917588244192e-06 1.357303290205891244e-06 1.347524744232941885e-06 1.379727450512291398e-06
7.200000000000000000e+02 1.157407407407407343e-02 6.456255447119474411e-03 1.286582005377567839e-06 1.384014922223286703e-06 1.351397600046766456e-06 1.354917003482114524e-06 1.350780166831100360e-06 1.362892362521961331e-06
7.210000000000000000e+02 1.154199072408678729e-02 6.441485136747360229e-03 1.284397285417071544e-06 1.369621259073028341e-06 1.343409280707419384e-06 1.341479674010770395e-06 1.344581392004329246e-06 1.373901682200084906e-06
7.220000000000000000e+02 1.151004059207648769e-02 6.426744628697633743e-03 1.272263375540205743e-06 1.361515501230314840e-06 1.336069431090436410e-06 1.346214617115037981e-06 1.336684249508834910e-06 1.356366055915714242e-06
7.230000000000000000e+02 1.147822294152419341e-02 6.412039510905742645e-03 1.269155632144247647e-06 1.357247697342245374e-06 1.327880909229861572e-06 1.329103383795882110e-06 1.321103695772762876e-06 1.351024025098013226e-06
7.240000000000000000e+02 1.144653704099386424e-02 6.397376768290996552e-03 1.267442712560296059e-06 1.353090510747279041e-06 1.321580157309654169e-06 1.324111167377850506e-06 1.331812654825625941e-06 1.338263245997950435e-06
7.250000000000000000e+02 1.141498216409036863e-02 6.382755003869533539e-03 1.260326939700462390e-06 1.344133124803192914e-06 1.312109930040605832e-06 1.315805661761260126e-06 1.313032953476067632e-06 1.337935373157961294e-06
7.260000000000000000e+02 1.138355758941784514e-02 6.368184927850961685e-03 1.247834461537422612e-06 1.346387307421537116e-06 1.310986249336565379e-06 1.307938987338275183e-06 1.313039092565304600e-06 1.329205133515642956e-06
7.270000000000000000e+02 1.135226260053847497e-02 6.353656761348247528e-03 1.235999661730602384e-06 1.334404146291490179e-06 1.297863263971521519e-06 1.301152906307834201e-06 1.307151592300215270e-06 1.321454874414484948e-06
7.280000000000000000e+02 1.132109648593165006e-02 6.339170038700103760e-03 1.225257392434286885e-06 1.324028517046826892e-06 1.298773440794320777e-06 1.295618858421221375e-06 1.300784902014129329e-06 1.322837078987504356e-06
7.290000000000000000e+02 1.129005853895352456e-02 6.324714981019496918e-03 1.232258910022210330e-06 1.318311888098833151e-06 1.293095351684314664e-06 1.293697209803212900e-06 1.297193080063152593e-06 1.308065066041308455e-06
7.300000000000000000e+02 1.125914805779696000e-02 6.310306489467620850e-03 1.223208982992218807e-06 1.311335608988883905e-06 1.286502765651675873e-06 1.286491965402092319e-06 1.284618861063790973e-06 1.296752998314332217e-06
7.310000000000000000e+02 1.122836434545185745e-02 6.295936647802591324e-03 1.216825353367312346e-06 1.306033823311736342e-06 1.275121348953689449e-06 1.276471607525309082e-06 1.285068492506979965e-06 1.300217036259709857e-06
7.320000000000000000e+02 1.119770670966586078e-02 6.281620822846889496e-03 1.210678192364866845e-06 1.294560661335708573e-06 1.272325448553601746e-06 1.268829578293662053e-06 1.272529175366798881e-06 1.291743501496966928e-06
7.330000000000000000e+02 1.116717446290543814e-02 6.267324555665254593e-03 1.210088612424442545e-06 1.279591174352390226e-06 1.259406303688592743e-06 1.262028035853290930e-06 1.269182689611625392e-06 1.288294924961519428e-06
7.340000000000000000e+02 1.113676692231733815e-02 6.253084633499383926e-03 1.202554813062306494e-06 1.280968490391387604e-06 1.265388277715828735e-06 1.258565930584154557e-06 1.260894009647017810e-06 1.286883502871205565e-06
7.350000000000000000e+02 1.110648340969040693e-02 6.238881964236497879e-03 1.194691208183940034e-06 1.278442368857213296e-06 1.248424382538360078e-06 1.250569084731978364e-06 1.256487735190603416e-06 1.267739548893587198e-06
7.360000000000000000e+02 1.107632325141776931e-02 6.224734243005514145e-03 1.187996872431540396e-06 1.265598712052451447e-06 1.238154368365940172e-06 1.244524355570320040e-06 1.248186435987008736e-06 1.268674623133847490e-06
7.370000000000000000e+02 1.104628577845937452e-02 6.210609804838895798e-03 1.177874878521834034e-06 1.270237930839357432e-06 1.241432755705318414e-06 1.234612909684074111e-06 1.246457031811587512e-06 1.264347247342811897e-06
7.380000000000000000e+02 1.101637032630488865e-02 6.196531467139720917e-03 1.162610487881465815e-06 1.257827534573152661e-06 1.229391955348546617e-06 1.236563093698350713e-06 1.235422132594976574e-06 1.245924408976861741e-06
7.390000000000000000e+02 1.098657623493694627e-02 6.182492710649967194e-03 1.162077637673064601e-06 1.255906454389332794e-06 1.228177666234842036e-06 1.224640527652809396e-06 1.234467504218628164e-06 1.254538688044704031e-06
7.400000000000000000e+02 1.095690284879474036e-02 6.168483756482601166e-03 1.156499024546064902e-06 1.254546191375993658e-06 1.213626205753826071e-06 1.221935576722898986e-06 1.223389972437871620e-06 1.245574367203516886e-06
7.410000000000000000e+02 1.092734951673796778e-02 6.154529750347137451e-03 1.152941877080593258e-06 1.244159989255422261e-06 1.209086008202575613e-06 1.213319706039328594e-06 1.210612822433176916e-06 1.233177613357838709e-06
7.420000000000000000e+02 1.089791559201110094e-02 6.140596233308315277e-03 1.136129981205158401e-06 1.233324155691661872e-06 1.204659952236397658e-06 1.206539309350773692e-06 1.212430674968345556e-06 1.226932113240764011e-06
7.430000000000000000e+02 1.086860043220800980e-02 6.126716267317533493e-03 1.140229869633913040e-06 1.225951450578577351e-06 1.196399807668058202e-06 1.199653979711001739e-06 1.197390815832477529e-06 1.226260565090342425e-06
7.440000000000000000e+02 1.083940339923690661e-02 6.112879142165184021e-03 1.120123329201305751e-06 1.218356601384584792e-06 1.191541286971187219e-06 1.198181166728318203e-06 1.193440311908489093e-06 1.211486619467905257e-06
7.450000000000000000e+02 1.081032385928561851e-02 6.099074613302946091e-03 1.121153900385252200e-06 1.208135131491872016e-06 1.190666921502270270e-06 1.179822675112518482e-06 1.200348719976318534e-06 1.212759912050387356e-06
7.460000000000000000e+02 1.078136118278719829e-02 6.085307337343692780e-03 1.118741693062474951e-06 1.208408320962917060e-06 1.185781002277508378e-06 1.174612862087087706e-06 1.188735609503055457e-06 1.203713964059716091e-06
7.470000000000000000e+02 1.075251474438584411e-02 6.071572192013263702e-03 1.104952389141544700e-06 1.197840106215153355e-06 1.168742414847656619e-06 1.168974677057121880e-06 1.175686520582530648e-06 1.197699134536378551e-06
7.480000000000000000e+02 1.072378392290314342e-02 6.057890132069587708e-03 1.093018568099068943e-06 1.184105485663167201e-06 1.167745153907162603e-06 1.162314788416551892e-06 1.161161321761028375e-06 1.181990569421031978e-06
7.490000000000000000e+02 1.069516810130463277e-02 6.044240668416023254e-03 1.090827481675660238e-06 1.182909272756660357e-06 1.156517555500613526e-06 1.156426833404111676e-06 1.162871512860874645e-06 1.181241145786771085e-06
7.500000000000000000e+02 1.066666666666666631e-02 6.030634045600891113e-03 1.080090555660717655e-06 1.169884058072057087e-06 1.142461201197875198e-06 1.151060700976813678e-06 1.146668182627763599e-06 1.170049245047266595e-06
7.510000000000000000e+02 1.063827901014359825e-02 6.017055362462997437e-03 1.070526195690035820e-06 1.160685314971487969e-06 1.134560193349898327e-06 1.137996264333196450e-06 1.151231344920233823e-06 1.163878437182574999e-06
7.520000000000000000e+02 1.061000452693526552e-02 6.003513932228088379e-03 1.060543013409187552e-06 1.155355334958585445e-06 1.132079091803461779e-06 1.129164388657954987e-06 1.138284233093145303e-06 1.158720579041983001e-06
7.530000000000000000e+02 1.058184261625476873e-02 5.990021396428346634e-03 1.045938347488117870e-06 1.148030946751532611e-06 1.127736368289333768e-06 1.119610942623694427e-06 1.132275656345882453e-06 1.146125555351318326e-06
7.540000000000000000e+02 1.055379268129656885e-02 5.976564250886440277e-03 1.038193772728845943e-06 1.138696916314074770e-06 1.109203822124982253e-06 1.118696218327386305e-06 1.125440576288383454e-06 1.141695520345820114e-06
7.550000000000000000e+02 1.052585412920485977e-02 5.963137838989496231e-03 1.041434302351262886e-06 1.131573299062438309e-06 1.107496927943429910e-06 1.109275331145909149e-06 1.119467242460814305e-06 1.134930471380357631e-06
7.560000000000000000e+02 1.049802637104224438e-02 5.949759855866432190e-03 1.020216586766764522e-06 1.132700731432123575e-06 1.103739691643568221e-06 1.095612219614849892e-06 1.100494614547642414e-06 1.124781874750624411e-06
7.570000000000000000e+02 1.047030882175869863e-02 5.936418194323778152e-03 1.016204123516217805e-06 1.116809130508045200e-06 1.092441038963443134e-06 1.103025283555325586e-06 1.105096430364937987e-06 1.118094246521650348e-06
7.580000000000000000e+02 1.044270090016081835e-02 5.923101678490638733e-03 1.011978724818618502e-06 1.108972924157569651e-06 1.083947950064612087e-06 1.086275347006449010e-06 1.092364982469007373e-06 1.105872001971874852e-06
7.590000000000000000e+02 1.041520202888135578e-02 5.909817758947610855e-03 9.974752401831210591e-07 1.102374085348856170e-06 1.076718945114407688e-06 1.078124341802322306e-06 1.088673570848186500e-06 1.099522251024609432e-06
7.600000000000000000e+02 1.038781163434903017e-02 5.896593909710645676e-03 9.884453220365685411e-07 1.088693238671112340e-06 1.072272766577953007e-06 1.074924057320458815e-06 1.077416982298018411e-06 1.093900323212437797e-06
7.610000000000000000e+02 1.036052914675862288e-02 5.883398000150918961e-03 9.723271432449109852e-07 1.088114231606596150e-06 1.057612962540588342e-06 1.060312115441774949e-06 1.063969307324441615e-06 1.083644178834219929e-06
7.620000000000000000e+02 1.033335400004133271e-02 5.870236083865165710e-03 9.687535111879697070e-07 1.072380882760626264e-06 1.046206762111978605e-06 1.045963131218741182e-06 1.054616063811408821e-06 1.066637196345254779e-06
7.630000000000000000e+02 1.030628563183542956e-02 5.857099778950214386e-03 9.655828989707515575e-07 1.070990379048453178e-06 1.037776996781758498e-06 1.039754693010763731e-06 1.056479504768503830e-06 1.061162379301094916e-06
7.640000000000000000e+02 1.027932348345714231e-02 5.844010505825281143e-03 9.606350204194313847e-07 1.055552615980559494e-06 1.035280092764878646e-06 1.034947558764542919e-06 1.044237592395802494e-06 1.061952957570611034e-06
7.650000000000000000e+02 1.025246699987184332e-02 5.830964539200067520e-03 9.518577144262962975e-07 1.045687213263590820e-06 1.022545006890140940e-06 1.022791707327996846e-06 1.028654651236138307e-06 1.049805405273218639e-06
7.660000000000000000e+02 1.022571562966548275e-02 5.817944649606943130e-03 9.459195666750019882e-07 1.041085511133132968e-06 1.011865037980896886e-06 1.015392513181723189e-06 1.026024506245448720e-06 1.045191083903773688e-06
7.670000000000000000e+02 1.019906882501627615e-02 5.804961547255516052e-03 9.323343874712008983e-07 1.028516180667793378e-06 1.010937126011413056e-06 1.008232516142015811e-06 1.014016220324265305e-06 1.033721900967066176e-06
7.680000000000000000e+02 1.017252604166666609e-02 5.792015232145786285e-03 9.282355222239857540e-07 1.017970589600736275e-06 1.001209511741762981e-06 9.973922487915842794e-07 1.011283643492788542e-06 1.021035700432548765e-06
7.690000000000000000e+02 1.014608673889553017e-02 5.779105238616466522e-03 9.113326200349547435e-07 1.007131118058168795e-06 9.933623914548661560e-07 9.955314226317568682e-07 1.005964122668956406e-06 1.017359181787469424e-06
7.700000000000000000e+02 1.011975037949063884e-02 5.766230635344982147e-03 9.100303941522724926e-07 1.009211814562149812e-06 9.934121862897882238e-07 9.862923207037965767e-07 9.924501682689879090e-07 1.004089995149115566e-06
7.710000000000000000e+02 1.009351642972136816e-02 5.753400735557079315e-03 9.021775895234895870e-07 9.886106226986157708e-07 9.756868166732601821e-07 9.786117516341619194e-07 9.871322390608838759e-07 9.997627330449176952e-07
7.720000000000000000e+02 1.006738435931165895e-02 5.740589927881956100e-03 8.893694030120968819e-07 9.815223620535107329e-07 9.591019534127553925e-07 9.687770443633780815e-07 9.762795798451406881e-07 9.929881343850865960e-07
7.730000000000000000e+02 1.004135364141322054e-02 5.727822426706552505e-03 8.870820238371379673e-07 9.827273288465221412e-07 9.594450602889992297e-07 9.519780519440246280e-07 9.679442882770672441e-07 9.829108194026048295e-07
7.740000000000000000e+02 1.001542375257897209e-02 5.715084262192249298e-03 8.769364967520232312e-07 9.757532097864896059e-07 9.520146591057709884e-07 9.530240276944823563e-07 9.599397117199259810e-07 9.790070407689199783e-07
7.750000000000000000e+02 9.989594172736732114e-03 5.702402908354997635e-03 8.681075769345625304e-07 9.662917364039458334e-07 9.413100201527413446e-07 9.391093840349640232e-07 9.501781050857971422e-07 9.663743867349694483e-07
7.760000000000000000e+02 9.963864385163142059e-03 5.689735524356365204e-03 8.678510994286625646e-07 9.542404768581036478e-07 9.382795838064339478e-07 9.352226584269374143e-07 9.424189215678779874e-07 9.558057172398548573e-07
7.770000000000000000e+02 9.938233876457815488e-03 5.677099339663982391e-03 8.553656130061426666e-07 9.471584121456544381e-07 9.154704798675084021e-07 9.276533887714322191e-07 9.253025723410246428e-07 9.468608368479181081e-07
7.780000000000000000e+02 9.912702136517733548e-03 5.664501339197158813e-03 8.552491976843157317e-07 9.330261718787369318e-07 9.127912790063419379e-07 9.155029374596779235e-07 9.308265589424991049e-07 9.409061476617353037e-07
7.790000000000000000e+02 9.887268658511867703e-03 5.651937797665596008e-03 8.488237881465465762e-07 9.329744443675735965e-07 9.077438107851776294e-07 9.101090086005569901e-07 9.167643497676181141e-07 9.325431165052577853e-07
7.800000000000000000e+02 9.861932938856015837e-03 5.639422219246625900e-03 8.374878461836487986e-07 9.209574614033044782e-07 8.971344414021586999e-07 8.984001169665134512e-07 9.127313091994437855e-07 9.221517416335700545e-07
7.810000000000000000e+02 9.836694477187886421e-03 5.626935046166181564e-03 8.389327490476716775e-07 9.118419370679475833e-07 9.007810035654983949e-07 8.990198807623528410e-07 9.058489354174525943e-07 9.170533417091064621e-07
7.820000000000000000e+02 9.811552776342383902e-03 5.614465102553367615e-03 8.376428013434633613e-07 9.044360922416672111e-07 8.839913903102569748e-07 8.876035053617670201e-07 8.983290626929374412e-07 9.086194268093095161e-07
7.830000000000000000e+02 9.786507342327133499e-03 5.602058488875627518e-03 8.260864206022233702e-07 8.980563279692432843e-07 8.735897836231742986e-07 8.880555810719670262e-07 8.914132649806560948e-07 8.961528124018514063e-07
7.840000000000000000e+02 9.761557684298208942e-03 5.589655134826898575e-03 8.249857614828215446e-07 8.885247098078252748e-07 8.719969173398567364e-07 8.787633305473718792e-07 8.925147767513408326e-07 8.989697448669176083e-07
7.850000000000000000e+02 9.736703314536087478e-03 5.577309522777795792e-03 8.195124223675520625e-07 8.854169095684483182e-07 8.645734510537295137e-07 8.659816899125871714e-07 8.768919883550552186e-07 8.883666851033922285e-07
7.860000000000000000e+02 9.711943748421809561e-03 5.564979743212461472e-03 8.178170105566096026e-07 8.740161092646303587e-07 8.690044523973483592e-07 8.625160035080625676e-07 8.703924549990915693e-07 8.796158113000274170e-07
7.870000000000000000e+02 9.687278504413362329e-03 5.552695132791996002e-03 8.187723778974032030e-07 8.744185606701648794e-07 8.589749427301285323e-07 8.484186082569067366e-07 8.597759233452961780e-07 8.836556162350461818e-07
7.880000000000000000e+02 9.662707104022262572e-03 5.540436133742332458e-03 8.035232212932896800e-07 8.636723691779479850e-07 8.557524324714904651e-07 8.494036478623456787e-07 8.577329708714387380e-07 8.712148655831697397e-07
7.890000000000000000e+02 9.638229071790349600e-03 5.528212990611791611e-03 8.029156788325053640e-07 8.621349820714385714e-07 8.483115152557729743e-07 8.473126626995508559e-07 8.492972938256571069e-07 8.655967462800617795e-07
7.900000000000000000e+02 9.613843935266784546e-03 5.516017321497201920e-03 7.991916959326772485e-07 8.623177336630760692e-07 8.385628120777255390e-07 8.386081731259764638e-07 8.470079819744569249e-07 8.610248301010869909e-07
7.910000000000000000e+02 9.589551224985256098e-03 5.503864027559757233e-03 7.877747520979028195e-07 8.507866482432291377e-07 8.339702617377042770e-07 8.355698923878662754e-07 8.308471137752349023e-07 8.590737365921086166e-07
7.920000000000000000e+02 9.565350474441383991e-03 5.491750314831733704e-03 7.957175967021612450e-07 8.424553925578948110e-07 8.309617669510771520e-07 8.300430636154487729e-07 8.334533845300029498e-07 8.476024504489032552e-07
7.930000000000000000e+02 9.541241220070318524e-03 5.479649174958467484e-03 7.915379569567448925e-07 8.397482815780676901e-07 8.241718774115724955e-07 8.224039902415825054e-07 8.295542670566646848e-07 8.422306336797191761e-07
7.940000000000000000e+02 9.517223001224549978e-03 5.467590410262346268e-03 7.735205826975288801e-07 8.338812449437682517e-07 8.154491979439626448e-07 8.185853062059322838e-07 8.171530794243153650e-07 8.372753654839470983e-07
7.950000000000000000e+02 9.493295360151893236e-03 5.455565173178911209e-03 7.781603699186234735e-07 8.355987120012287050e-07 8.080455131675989833e-07 8.143847480823751539e-07 8.231908168454538099e-07 8.409851943724788725e-07
7.960000000000000000e+02 9.469457841973687520e-03 5.443571135401725769e-03 7.754284183647541795e-07 8.202346180041786283e-07 8.023873192541941535e-07 8.101470712063019164e-07 8.102819606392586138e-07 8.370347472919092979e-07
7.970000000000000000e+02 9.445709994663173056e-03 5.431618075817823410e-03 7.666794772376306355e-07 8.175135803867306095e-07 8.051485451687767636e-07 8.099774504444212653e-07 8.072668151726247743e-07 8.234654274019703735e-07
7.980000000000000000e+02 9.422051369024063774e-03 5.419685505330562592e-03 7.627652962582942564e-07 8.137527629514806904e-07 7.977988616403308697e-07 7.972233788677840494e-07 8.002432423381833360e-07 8.248033509516972117e-07
7.990000000000000000e+02 9.398481518669300414e-03 5.407785531133413315e-03 7.581312502225046046e-07 8.059348601818783209e-07 7.955346745802671649e-07 7.938259614093112759e-07 8.033968583731621038e-07 8.145995593622501474e-07
8.000000000000000000e+02 9.374999999999999653e-03 5.395914427936077118e-03 7.614592618665483315e-07 8.074508173194772098e-07 7.907002554929931648e-07 7.976688038979773410e-07 7.979075462571927346e-07 8.128894819492415991e-07
8.010000000000000000e+02 9.351606372184581920e-03 5.384074058383703232e-03 7.619206030540226493e-07 7.995462851795309689e-07 7.880020689299271908e-07 7.882507588874432258e-07 7.943893933770596050e-07 8.061010703386273235e-07
8.020000000000000000e+02 9.328300197138077871e-03 5.372276995331048965e-03 7.487670927730505355e-07 7.972825528668181505e-07 7.831543484826397616e-07 7.911293096185545437e-07 7.942437605379382148e-07 7.945508855300431605e-07
8.030000000000000000e+02 9.305081039501620493e-03 5.360506940633058548e-03 7.486233357667515520e-07 7.957057732710381970e-07 7.782693955959985033e-07 7.795729857207334135e-07 7.885632271609210875e-07 8.014038144210644532e-07
8.040000000000000000e+02 9.281948466622114147e-03 5.348770413547754288e-03 7.454787009919527918e-07 7.896374540905526374e-07 7.708560474384285044e-07 7.769289140924229287e-07 7.853804504520667251e-07 7.995079727152187843e-07
8.050000000000000000e+02 9.258902048532078807e-03 5.337068811058998108e-03 7.487660127480921801e-07 7.926389571366598830e-07 7.654714409000007436e-07 7.718472261331044137e-07 7.782561510794039350e-07 7.853946613067819271e-07
8.060000000000000000e+02 9.235941357929671261e-03 5.325386300683021545e-03 7.430707569255901035e-07 7.811337923158134799e-07 7.700112973907380365e-07 7.687786478527414147e-07 7.829182777641108260e-07 7.866401006140222307e-07
8.070000000000000000e+02 9.213065970158879764e-03 5.313743837177753448e-03 7.385585831798380241e-07 7.855052785998850595e-07 7.699993034293584060e-07 7.695942372265562881e-07 7.736655334156239405e-07 7.824303907000285108e-07
8.080000000000000000e+02 9.190275463189883504e-03 5.302127916365861893e-03 7.435720021931047086e-07 7.820687528692360502e-07 7.652164981664100196e-07 7.637345902367087547e-07 7.686937237849633675e-07 7.839914246687840205e-07
8.090000000000000000e+02 9.167569417599594206e-03 5.290540866553783417e-03 7.339398848671407904e-07 7.746862138446886092e-07 7.615984145559195895e-07 7.644654260730021633e-07 7.666947681173041929e-07 7.784740887473162729e-07
8.100000000000000000e+02 9.144947416552355601e-03 5.278986878693103790e-03 7.215426762741117273e-07 7.733033839940617327e-07 7.540958222307381220e-07 7.588481025777582545e-07 7.637167982466053218e-07 7.811570981175464112e-07
8.110000000000000000e+02 9.122409045780809425e-03 5.267470143735408783e-03 7.205325118775363080e-07 7.747075301267614122e-07 7.503856522816931829e-07 7.625843636560603045e-07 7.582772241221391596e-07 7.731786695330811199e-07
8.120000000000000000e+02 9.099953893566940094e-03 5.255979485809803009e-03 7.336181511163886171e-07 7.665349812668864615e-07 7.464173563676013146e-07 7.570390607725130394e-07 7.519275300182926003e-07 7.646995072718709707e-07
8.130000000000000000e+02 9.077581550723256426e-03 5.244504660367965698e-03 7.226581146824173629e-07 7.665382781851803884e-07 7.445416372320323717e-07 7.502586072405392770e-07 7.553076670774316881e-07 7.675170081711257808e-07
8.140000000000000000e+02 9.055291610574165914e-03 5.233087576925754547e-03 7.162168458307860419e-07 7.604600114063941874e-07 7.428362209793704096e-07 7.527759748882090207e-07 7.503633128180808853e-07 7.674212838537641801e-07
8.150000000000000000e+02 9.033083668937484309e-03 5.221675615757703781e-03 7.165334068304218818e-07 7.592217343699303456e-07 7.415887353090511169e-07 7.459579478563682642e-07 7.516192681578104384e-07 7.591339112877903972e-07
8.160000000000000000e+02 9.010957324106113470e-03 5.210306029766798019e-03 7.167989224399207160e-07 7.571171636300277896e-07 7.438487727995379828e-07 7.343832066908362322e-07 7.445469236699864268e-07 7.544737741227436345e-07
8.170000000000000000e+02 8.988912176829880543e-03 5.198972765356302261e-03 7.154657168939593248e-07 7.465653197868959978e-07 7.396465093734150287e-07 7.433410473822732456e-07 7.438334819198644254e-07 7.512512638641055673e-07
8.180000000000000000e+02 8.966947830297522862e-03 5.187661387026309967e-03 7.103626558091491461e-07 7.481314696633489802e-07 7.397273975584539585e-07 7.383780484815360978e-07 7.374616757260810118e-07 7.398112416012736503e-07
8.190000000000000000e+02 8.945063890118835903e-03 5.176374688744544983e-03 7.068620675454440061e-07 7.469756724276521709e-07 7.341278660533134826e-07 7.299560138562810607e-07 7.347942414526187349e-07 7.412843956444703508e-07
8.200000000000000000e+02 8.923259964306960029e-03 5.165121518075466156e-03 6.995168178036692552e-07 7.389297138615802396e-07 7.322054216274409555e-07 7.296028456948988605e-07 7.288625738510745578e-07 7.435912721120985225e-07
8.210000000000000000e+02 8.901535663260840697e-03 5.153905134648084641e-03 6.994320074227289297e-07 7.400934691759175621e-07 7.142356821532303002e-07 7.328568472075858153e-07 7.347057930928713176e-07 7.351164867941406555e-07
8.220000000000000000e+02 8.879890599747811836e-03 5.142714828252792358e-03 7.022547947599377949e-07 7.429770789713074919e-07 7.182428021224041004e-07 7.285501055775966961e-07 7.330506264224823099e-07 7.332347990995913278e-07
8.230000000000000000e+02 8.858324388886345754e-03 5.131548270583152771e-03 6.940376806596759707e-07 7.294762554010958411e-07 7.180161674114060588e-07 7.215779760372242890e-07 7.296651460819703061e-07 7.366470526903867722e-07
8.240000000000000000e+02 8.836836648128947036e-03 5.120412912219762802e-03 6.895282922414480709e-07 7.353772275564551819e-07 7.179051522143709008e-07 7.181594128269352950e-07 7.288617211997916456e-07 7.323494628508342430e-07
8.250000000000000000e+02 8.815426997245178267e-03 5.109312478452920914e-03 6.823880767115042545e-07 7.327648745558690280e-07 7.187967412392026745e-07 7.198818252618366387e-07 7.183372190411319025e-07 7.306355200853431597e-07
8.260000000000000000e+02 8.794095058304850568e-03 5.098242778331041336e-03 6.853651370875013527e-07 7.269517823260684963e-07 7.185733466030796990e-07 7.167366220528492704e-07 7.146560392357059754e-07 7.302422204702452291e-07
8.270000000000000000e+02 8.772840455661333817e-03 5.087194032967090607e-03 6.730272730237629730e-07 7.218246196316613350e-07 7.105605845936224796e-07 7.097939374034467619e-07 7.128607535378250759e-07 7.320820714085130021e-07
8.280000000000000000e+02 8.751662815935028206e-03 5.076176486909389496e-03 6.763119131392159034e-07 7.230597134366689716e-07 7.114030040611396544e-07 7.073879260133253410e-07 7.238612624860252254e-07 7.229000971165078226e-07
8.290000000000000000e+02 8.730561767996962430e-03 5.065188277512788773e-03 6.708206115035864059e-07 7.134794373087061103e-07 6.938608976270188577e-07 7.066463467708672397e-07 7.169555260588822421e-07 7.167348030634457245e-07
8.300000000000000000e+02 8.709536942952532390e-03 5.054228007793426514e-03 6.607904765587591100e-07 7.227591822811518796e-07 7.066329317240160890e-07 6.957353662073728628e-07 7.092488658599904738e-07 7.174677421062369831e-07
8.310000000000000000e+02 8.688587974125385610e-03 5.043299403041601181e-03 6.656346727140771691e-07 7.150621854634664487e-07 7.006756277405656874e-07 6.980992566241184250e-07 7.126203627194627188e-07 7.173850349317945074e-07
8.320000000000000000e+02 8.667714497041420149e-03 5.032395478338003159e-03 6.493283990494091995e-07 7.185656727415334899e-07 6.994878276600502431e-07 6.943784001123276539e-07 7.049839041428640485e-07 7.135730015761510003e-07
8.330000000000000000e+02 8.646916149412946576e-03 5.021519493311643600e-03 6.579971341125201434e-07 7.065868885547388345e-07 6.921241038071457297e-07 6.964807539588946383e-07 7.013512117737263907e-07 7.081235366968030576e-07
8.340000000000000000e+02 8.626192571122957495e-03 5.010680295526981354e-03 6.444305995501053985e-07 7.061881319714302663e-07 6.909091325724148192e-07 6.894688340253196657e-07 7.026139883237192407e-07 6.964914973650593311e-07
8.350000000000000000e+02 8.605543404209544528e-03 4.999869037419557571e-03 6.419073770302929915e-07 6.923190198904194403e-07 6.868500577184022404e-07 6.839823640802933369e-07 6.934025122973253019e-07 7.008940769992477726e-07
8.360000000000000000e+02 8.584968292850438457e-03 4.989082925021648407e-03 6.474305678239034023e-07 6.999841275501239579e-07 6.856652703390864190e-07 6.818451652179646771e-07 6.877644409541971982e-07 6.943873245290888008e-07
8.370000000000000000e+02 8.564466883347679471e-03 4.978309385478496552e-03 6.314231768556055613e-07 6.906059866196301300e-07 6.805383918617735617e-07 6.740694971085758880e-07 6.830893539699900430e-07 6.877500027258065529e-07
8.380000000000000000e+02 8.544038824112417524e-03 4.967588931322097778e-03 6.311699962679995224e-07 6.740736466781527270e-07 6.702904329358716495e-07 6.707133479721960612e-07 6.788601467633270659e-07 6.859510222056997009e-07
8.390000000000000000e+02 8.523683765649839317e-03 4.956868011504411697e-03 6.305632496150792576e-07 6.807333079450472724e-07 6.677131523247226141e-07 6.706483191010192968e-07 6.718340728184557520e-07 6.871683240206039045e-07
8.400000000000000000e+02 8.503401360544218454e-03 4.946192260831594467e-03 6.258858320506988093e-07 6.788332598262059037e-07 6.668429364253825042e-07 6.667335696874943096e-07 6.702683208459347952e-07 6.801158178859623149e-07
8.410000000000000000e+02 8.483191263444090496e-03 4.935553763061761856e-03 6.208395006979117170e-07 6.752204626536695287e-07 6.618599854846252128e-07 6.670279049103555735e-07 6.652248316640907433e-07 6.799932066314795520e-07
8.420000000000000000e+02 8.463053131047556382e-03 4.924927372485399246e-03 6.180603691063879523e-07 6.620417138947232161e-07 6.529143092848244123e-07 6.565351782228390221e-07 6.606267675124399830e-07 6.690437999168352690e-07
8.430000000000000000e+02 8.442986622087696874e-03 4.914325661957263947e-03 6.162512136143050157e-07 6.681156605736759957e-07 6.446041425078874454e-07 6.501161919914011378e-07 6.519468342958134599e-07 6.556801395163347479e-07
8.440000000000000000e+02 8.422991397318118842e-03 4.903765860944986343e-03 6.007560955367807765e-07 6.608005946873163339e-07 6.549716431436536368e-07 6.548052056132291909e-07 6.513127459584211465e-07 6.625065793741669040e-07
8.450000000000000000e+02 8.403067119498617774e-03 4.893226549029350281e-03 5.993296099404687993e-07 6.598506843147333711e-07 6.496527475974289700e-07 6.472503741861146409e-07 6.506179488496854901e-07 6.616834866690624040e-07
8.460000000000000000e+02 8.383213453380949573e-03 4.882714711129665375e-03 5.930423867539502680e-07 6.549277600242930930e-07 6.438558557420037687e-07 6.410961645997304004e-07 6.424917273761820979e-07 6.521277668980474118e-07
8.470000000000000000e+02 8.363430065694742871e-03 4.872223827987909317e-03 5.925066943746060133e-07 6.477117153735889588e-07 6.378272701113019139e-07 6.360211273204186000e-07 6.364694513649737928e-07 6.543229460476140957e-07
8.480000000000000000e+02 8.343716625133499806e-03 4.861767869442701340e-03 5.807383445244340692e-07 6.467041657742811367e-07 6.340764571177714970e-07 6.314792813100211788e-07 6.386760560417314991e-07 6.426200798159698024e-07
8.490000000000000000e+02 8.324072802340728647e-03 4.851336125284433365e-03 5.807759748677199241e-07 6.447604050663358066e-07 6.289844804996391758e-07 6.257299105527636129e-07 6.240460379558498971e-07 6.400757683877600357e-07
8.500000000000000000e+02 8.304498269896194371e-03 4.840931855142116547e-03 5.813060965920158196e-07 6.327280175355554093e-07 6.206821012710861396e-07 6.231891802599420771e-07 6.236991225705423858e-07 6.256344136090774555e-07
8.510000000000000000e+02 8.284992702302261189e-03 4.830557387322187424e-03 5.698910285900637973e-07 6.214781365088128950e-07 6.134637828836275730e-07 6.171966333567979746e-07 6.234604370547458529e-07 6.317872589534090366e-07
8.520000000000000000e+02 8.265555775970375579e-03 4.820209462195634842e-03 5.594433218902850058e-07 6.245530812520883046e-07 6.079145578041789122e-07 6.147328690531139728e-07 6.187205485730373766e-07 6.230371241144894157e-07
8.530000000000000000e+02 8.246187169207637793e-03 4.809885285794734955e-03 5.565725587075576186e-07 6.260263489821227267e-07 6.064117314963368699e-07 5.964226943433459383e-07 6.159933718663523905e-07 6.243137704586843029e-07
8.540000000000000000e+02 8.226886562203489586e-03 4.799577873200178146e-03 5.502463409357005730e-07 6.074354814700200222e-07 5.974388841423206031e-07 5.980915034342615400e-07 6.127473284323059488e-07 6.228015081433113664e-07
8.550000000000000000e+02 8.207653637016518178e-03 4.789303056895732880e-03 5.549566139961825684e-07 6.093291062825301196e-07 5.960609428257157560e-07 5.987271265439630952e-07 6.004975148243829608e-07 6.175017688292427920e-07
8.560000000000000000e+02 8.188488077561359088e-03 4.779050592333078384e-03 5.408580250332306605e-07 5.977341857033025008e-07 5.888953182875411585e-07 5.940922278568905313e-07 6.053649599380150903e-07 6.094927584854303859e-07
8.570000000000000000e+02 8.169389569595709999e-03 4.768842365592718124e-03 5.364816502151370514e-07 5.956432573839265388e-07 5.728716132580302656e-07 5.854819846717873588e-07 5.962540399195859209e-07 5.940819960414955858e-07
8.580000000000000000e+02 8.150357800707450431e-03 4.758647643029689789e-03 5.359350438993715215e-07 5.986144060443621129e-07 5.784368113381788135e-07 5.829723477290826850e-07 5.973805059511505533e-07 5.923960770815028809e-07
8.590000000000000000e+02 8.131392460301863773e-03 4.748481791466474533e-03 5.271418217489554081e-07 5.847172133144340478e-07 5.816123689328378532e-07 5.750864602305227891e-07 5.862186753802234307e-07 5.927150823481497355e-07
8.600000000000000000e+02 8.112493239588966856e-03 4.738344345241785049e-03 5.256412123344489373e-07 5.789195256511447951e-07 5.687480211236106697e-07 5.684356096935516689e-07 5.662958528773742728e-07 5.866515380148484837e-07
8.610000000000000000e+02 8.093659831570938420e-03 4.728225525468587875e-03 5.236730089563934598e-07 5.790149089079932310e-07 5.737834953833953477e-07 5.650122716360783670e-07 5.765726882600574754e-07 5.827577638228831347e-07
8.620000000000000000e+02 8.074891931029656855e-03 4.718142561614513397e-03 5.133521767675119918e-07 5.779889420409745071e-07 5.609178401755343657e-07 5.600221015811257530e-07 5.629952397612214554e-07 5.640007998408691492e-07
8.630000000000000000e+02 8.056189234514326419e-03 4.708079155534505844e-03 5.148518198438978288e-07 5.720174840462277643e-07 5.522646233657724224e-07 5.597685230895876884e-07 5.599475230155803729e-07 5.649296213050547522e-07
8.640000000000000000e+02 8.037551440329217950e-03 4.698045551776885986e-03 5.089364094601478428e-07 5.640997073896869551e-07 5.503293891706562135e-07 5.532402838070993312e-07 5.521548018805333413e-07 5.697889946532086469e-07
8.650000000000000000e+02 8.018978248521501512e-03 4.688030574470758438e-03 5.040465680394845549e-07 5.417388138084788807e-07 5.471524673339445144e-07 5.452351388157694601e-07 5.580940296567860059e-07 5.592382308350352105e-07
8.660000000000000000e+02 8.000469360869170987e-03 4.678036086261272430e-03 4.922867447021417320e-07 5.549183583752892446e-07 5.292633886710973457e-07 5.464985406433697790e-07 5.573247108259238303e-07 5.589137117567588575e-07
8.670000000000000000e+02 7.982024480869083158e-03 4.668070934712886810e-03 5.024958795729617123e-07 5.421556465989851858e-07 5.317515388014726341e-07 5.395353355197585188e-07 5.493170078807452228e-07 5.510760843208117876e-07
8.680000000000000000e+02 7.963643313725073114e-03 4.658136982470750809e-03 4.924637551084742881e-07 5.401167300078668632e-07 5.280268737806181889e-07 5.363953050618874840e-07 5.370978897190070711e-07 5.438590164885681588e-07
8.690000000000000000e+02 7.945325566336185891e-03 4.648217465728521347e-03 4.953794814355205745e-07 5.312534199219953734e-07 5.231167961028404534e-07 5.237620257503294852e-07 5.331122565621626563e-07 5.432615353129222058e-07
8.700000000000000000e+02 7.927070947284977492e-03 4.638338927179574966e-03 4.824009351978020277e-07 5.323220193531597033e-07 5.187947635931777768e-07 5.288038096296077128e-07 5.283732775751559529e-07 5.307069841364864260e-07
8.710000000000000000e+02 7.908879166825942553e-03 4.628474824130535126e-03 4.762791832035873085e-07 5.219032459535810631e-07 5.154478799340722617e-07 5.206429136705992278e-07 5.251712877907266375e-07 5.223964194556174334e-07
8.720000000000000000e+02 7.890749936874000975e-03 4.618648439645767212e-03 4.801109412255755160e-07 5.227000769991718698e-07 5.105372906655247789e-07 5.128671318743727170e-07 5.130995077706757002e-07 5.238458697931491770e-07
8.730000000000000000e+02 7.872682970993099064e-03 4.608836956322193146e-03 4.684465579884999897e-07 5.202130068937549368e-07 5.141925498719501775e-07 5.165306902199517936e-07 5.094819925943738781e-07 5.212312998992274515e-07
8.740000000000000000e+02 7.854677984384900863e-03 4.599050153046846390e-03 4.766247911902610213e-07 5.209268465478089638e-07 5.009570713809807785e-07 5.077426976640708745e-07 5.183341613701486494e-07 5.161122089702985249e-07
8.750000000000000000e+02 7.836734693877550617e-03 4.589279182255268097e-03 4.549344794213538989e-07 5.073798092780634761e-07 4.998263420930015855e-07 5.015789952267368790e-07 5.082384291199559812e-07 5.183644589124014601e-07
8.760000000000000000e+02 7.818852817914554929e-03 4.579545464366674423e-03 4.557718398245924618e-07 5.110310326017497573e-07 4.980414587407722138e-07 5.032463263887620997e-07 5.046783257967035752e-07 5.088404577691107988e-07
8.770000000000000000e+02 7.801032076543726497e-03 4.569843411445617676e-03 4.479080359942599898e-07 4.976415084456675686e-07 4.885772568741231225e-07 4.843174110646941699e-07 4.944881197843642440e-07 5.014283601667557377e-07
8.780000000000000000e+02 7.783272191406229341e-03 4.560153000056743622e-03 4.446139314495667350e-07 4.874936507803795394e-07 4.852150823353440501e-07 4.893304890174476895e-07 4.881735549133736640e-07 4.945243858855974395e-07
8.790000000000000000e+02 7.765572885725712492e-03 4.550488200038671494e-03 4.472077819173136959e-07 4.865497089667769615e-07 4.875764716416597366e-07 4.816574801225215197e-07 4.895272240901249461e-07 4.959084662914392538e-07
8.800000000000000000e+02 7.747933884297520876e-03 4.540851339697837830e-03 4.466688778848038055e-07 4.797621500074455980e-07 4.779990376846399158e-07 4.745042190279491479e-07 4.786357408192998264e-07 4.861603883909992874e-07
8.810000000000000000e+02 7.730354913478002486e-03 4.531234037131071091e-03 4.378587163955671713e-07 4.829635145142674446e-07 4.706431866452476243e-07 4.703452134435792686e-07 4.807545224139175843e-07 4.860880267187894788e-07
8.820000000000000000e+02 7.712835701173893603e-03 4.521652124822139740e-03 4.301107026094541652e-07 4.776525202032644302e-07 4.622630456196930027e-07 4.706809306753712008e-07 4.721627817616536049e-07 4.819348191631434020e-07
8.830000000000000000e+02 7.695375976831788159e-03 4.512075800448656082e-03 4.317760726735286880e-07 4.796102075488306582e-07 4.650797507110837614e-07 4.716510204616497504e-07 4.740558949833939550e-07 4.773088448928319849e-07
8.840000000000000000e+02 7.677975471427693835e-03 4.502534866333007812e-03 4.490646574595302809e-07 4.762913192735140910e-07 4.611462145476252772e-07 4.655526595342962537e-07 4.721584332401107531e-07 4.780256972480856348e-07
8.850000000000000000e+02 7.660633917456669689e-03 4.493009764701128006e-03 4.403800346608477412e-07 4.741793873108690605e-07 4.614736326402635314e-07 4.645652040835557273e-07 4.693259256782766897e-07 4.753188989070622483e-07
8.860000000000000000e+02 7.643351048922541850e-03 4.483515862375497818e-03 4.353044289473473327e-07 4.701640818893793039e-07 4.584283601616334636e-07 4.638530981537769549e-07 4.615941122665390139e-07 4.764825689562712796e-07
8.870000000000000000e+02 7.626126601327708546e-03 4.474036861211061478e-03 4.214030013827141374e-07 4.681671725847991183e-07 4.518454659319104394e-07 4.614916235823329771e-07 4.566736890865286114e-07 4.706549532329518115e-07
8.880000000000000000e+02 7.608960311663014522e-03 4.464601166546344757e-03 4.320986874972732039e-07 4.622743858817557339e-07 4.483426891965791583e-07 4.558548596378386719e-07 4.556374619824055117e-07 4.664431116907508112e-07
8.890000000000000000e+02 7.591851918397713936e-03 4.455175250768661499e-03 4.209106521102512488e-07 4.535531559213268338e-07 4.489836271659441991e-07 4.521403127455414506e-07 4.485835063405829715e-07 4.637375354832329322e-07
8.900000000000000000e+02 7.574801161469511303e-03 4.445773549377918243e-03 4.233757238125690492e-07 4.557621195999672636e-07 4.471590386856405530e-07 4.526183090547419852e-07 4.520241247973899590e-07 4.615955617737199645e-07
8.910000000000000000e+02 7.557807782274673578e-03 4.436391871422529221e-03 4.206043797694292152e-07 4.504792627813003492e-07 4.442773331447824603e-07 4.414052341417118441e-07 4.525963106516428525e-07 4.546344598566065542e-07
8.920000000000000000e+02 7.540871523658227230e-03 4.427042789757251740e-03 4.136934137477510376e-07 4.511223039571632398e-07 4.437488030362146674e-07 4.392495611682534218e-07 4.413511192069563549e-07 4.567574762859294424e-07
8.930000000000000000e+02 7.523992129904232516e-03 4.417710006237030029e-03 4.133152913254889427e-07 4.405719380429218290e-07 4.393993719986610813e-07 4.300991918171348516e-07 4.428515296694968129e-07 4.547674166133219842e-07
8.940000000000000000e+02 7.507169346726123675e-03 4.408414009958505630e-03 4.121918095734145027e-07 4.437056304595898837e-07 4.331474201535456814e-07 4.332948151386517566e-07 4.449262291927880142e-07 4.528309318629908375e-07
8.950000000000000000e+02 7.490402921257139322e-03 4.399129655212163925e-03 4.064159213612583699e-07 4.451753454759455053e-07 4.263549726601922885e-07 4.338587871188792633e-07 4.421154358169587795e-07 4.383097405025182525e-07
8.960000000000000000e+02 7.473692602040816167e-03 4.389873705804347992e-03 4.091629932645446388e-07 4.323294717778480845e-07 4.296272209103335626e-07 4.313951080803235527e-07 4.403486002502177143e-07 4.463366849449812435e-07
8.970000000000000000e+02 7.457038139021561658e-03 4.380636382848024368e-03 3.984737872997357044e-07 4.291076720619457774e-07 4.231999639614514308e-07 4.238744679696537787e-07 4.371723605345323449e-07 4.318754065479879500e-07
8.980000000000000000e+02 7.440439283535300354e-03 4.371421877294778824e-03 4.040045666897640331e-07 4.328472300585417543e-07 4.208999939692148473e-07 4.269780049526161747e-07 4.251172640579170547e-07 4.304823164602566976e-07
8.990000000000000000e+02 7.423895788300187946e-03 4.362235777080059052e-03 4.011927217106858734e-07 4.348724189640051918e-07 4.240440887315344298e-07 4.253937220255465945e-07 4.223603866648772964e-07 4.338593271313584410e-07
9.000000000000000000e+02 7.407407407407407690e-03 4.353065043687820435e-03 3.986326930771610932e-07 4.295028759315755451e-07 4.248340417234430788e-07 4.266665030172589468e-07 4.205903962883894565e-07 4.290625099656608654e-07
9.010000000000000000e+02 7.390973896312027537e-03 4.343915730714797974e-03 4.002095295163599076e-07 4.226946828111977084e-07 4.169215515048563248e-07 4.233206425396929262e-07 4.304075105210358743e-07 4.281767758129717549e-07
9.020000000000000000e+02 7.374595011823933607e-03 4.334798548370599747e-03 3.979596954195585568e-07 4.213938211705681169e-07 4.189796527498401701e-07 4.219292293328180676e-07 4.243836997375183273e-07 4.266388771156925941e-07
9.030000000000000000e+02 7.358270512098836515e-03 4.325694870203733444e-03 3.872700347073987359e-07 4.255864212154847337e-07 4.112000056011311244e-07 4.091218102075799834e-07 4.165787856891256524e-07 4.218684352963464335e-07
9.040000000000000000e+02 7.342000156629336673e-03 4.316613078117370605e-03 3.911784460797207430e-07 4.108385667223046767e-07 4.079779500898439437e-07 4.017232129172043642e-07 4.128955595206207363e-07 4.207872166261950042e-07
9.050000000000000000e+02 7.325783706236073736e-03 4.307562950998544693e-03 3.891452422521979315e-07 4.170109377810149454e-07 4.074898640737956157e-07 4.081757083440606948e-07 4.157906801083299797e-07 4.178274650712410221e-07
9.060000000000000000e+02 7.309620923058929819e-03 4.298534709960222244e-03 3.849848724257753929e-07 4.142235638937563635e-07 4.039030443436786300e-07 4.156846102887357119e-07 4.087392824203561759e-07 4.177465484644926619e-07
9.070000000000000000e+02 7.293511570548314241e-03 4.289517644792795181e-03 3.893873667948355433e-07 4.180258201813558117e-07 3.978138920501805842e-07 4.093178347375214798e-07 4.088826415227231337e-07 4.140658802498364821e-07
9.080000000000000000e+02 7.277455413456500322e-03 4.280531778931617737e-03 3.832157062788610347e-07 4.126324313347140560e-07 4.007199265743111027e-07 4.063140011112409411e-07 4.082180282694025664e-07 4.199885665912006516e-07
9.090000000000000000e+02 7.261452217829043702e-03 4.271559882909059525e-03 3.749948689346638275e-07 4.126572150653373683e-07 4.082855014075903455e-07 4.018573918074253015e-07 4.097557280147157144e-07 4.081117594978422858e-07
9.100000000000000000e+02 7.245501750996256179e-03 4.262614063918590546e-03 3.825399517154437490e-07 4.056489331105694873e-07 3.917067488146130927e-07 3.956609475608274806e-07 4.006133167422376573e-07 4.129327066948462743e-07
9.110000000000000000e+02 7.229603781564751530e-03 4.253686871379613876e-03 3.749922825591056608e-07 4.053828206451726146e-07 3.998807187599595636e-07 3.900262868228310253e-07 4.024247459710750263e-07 4.182403188224270707e-07
9.120000000000000000e+02 7.213758079409048583e-03 4.244795534759759903e-03 3.774105437059915857e-07 4.024258828394522425e-07 3.831641208762448514e-07 3.968625321704166709e-07 3.988691616996220546e-07 4.035955782910605194e-07
9.130000000000000000e+02 7.197964415663250619e-03 4.235913511365652084e-03 3.657764580111688701e-07 4.070653290000336710e-07 3.889923050337529276e-07 3.919268465324421413e-07 3.930186665002111113e-07 4.074095159012358636e-07
9.140000000000000000e+02 7.182222562712773338e-03 4.227068275213241577e-03 3.729492448201199295e-07 4.047129493756074226e-07 3.923257168025884312e-07 3.942569151149655227e-07 3.984858096828247653e-07 4.039722512061416637e-07
9.150000000000000000e+02 7.166532294186150898e-03 4.218232352286577225e-03 3.746270920146343997e-07 4.002104390110616805e-07 3.917731419278425165e-07 3.960241770073480438e-07 3.932366894332517404e-07 3.961965262533340137e-07
9.160000000000000000e+02 7.150893384946893118e-03 4.209419246762990952e-03 3.611303043271618662e-07 4.008764733498537680e-07 3.848167580144945532e-07 3.919430469068174716e-07 3.864750510729209054e-07 4.031190883324597962e-07
9.170000000000000000e+02 7.135305611085411212e-03 4.200623836368322372e-03 3.646981383553793421e-07 3.981552652021491667e-07 3.867475015795207582e-07 3.840712281544256257e-07 3.848390690563974204e-07 3.974421645125403302e-07
9.180000000000000000e+02 7.119768749911002496e-03 4.191851709038019180e-03 3.654865565749787493e-07 4.000674778126267483e-07 3.859783817006245954e-07 3.945427238249976654e-07 3.869567137826379621e-07 3.917321009794250131e-07
9.190000000000000000e+02 7.104282579943900153e-03 4.183108452707529068e-03 3.606473057971015805e-07 3.869037925596785499e-07 3.888969501986139221e-07 3.840717965886142338e-07 3.874251603974698810e-07 4.007721088328253245e-07
9.200000000000000000e+02 7.088846880907372430e-03 4.174379166215658188e-03 3.581579051115113543e-07 3.902536036548553966e-07 3.828501746738766087e-07 3.881402790284482762e-07 3.843649949430982815e-07 3.907645123035763390e-07
9.210000000000000000e+02 7.073461433719898175e-03 4.165670368820428848e-03 3.590097605865594232e-07 3.837788540295150597e-07 3.764799885175307281e-07 3.802341836944833631e-07 3.829613319794589188e-07 3.882208545746834716e-07
9.220000000000000000e+02 7.058126020487387464e-03 4.156991839408874512e-03 3.627245916959509486e-07 3.806286770213773707e-07 3.766566862850595498e-07 3.763304050607985118e-07 3.825309420335543109e-07 3.783150361869047629e-07
9.230000000000000000e+02 7.042840424495468155e-03 4.148323554545640945e-03 3.610358021433057729e-07 3.796326097926794318e-07 3.746212087207823060e-07 3.729814181951951468e-07 3.731711046839336632e-07 3.865117434997955570e-07
9.240000000000000000e+02 7.027604430201833154e-03 4.139684606343507767e-03 3.567622854916407960e-07 3.794720555561070796e-07 3.715283014571468811e-07 3.636454835032054689e-07 3.874809522130817641e-07 3.805296273640124127e-07
9.250000000000000000e+02 7.012417823228633655e-03 4.131069872528314590e-03 3.506743269099388272e-07 3.759051594443008071e-07 3.681897737806139048e-07 3.687381138206546893e-07 3.799711976171238348e-07 3.784615216773090651e-07
9.260000000000000000e+02 6.997280390354948705e-03 4.122476559132337570e-03 3.508398265239520697e-07 3.745598746718314942e-07 3.692308609970496036e-07 3.665990959689224837e-07 3.773155015096563147e-07 3.714800982379529160e-07
9.270000000000000000e+02 6.982191919509291196e-03 4.113890696316957474e-03 3.419463041609560605e-07 3.792883660480583785e-07 3.650673363608802902e-07 3.701055959481891477e-07 3.792935103774652816e-07 3.754155386559432372e-07
9.280000000000000000e+02 6.967152199762187588e-03 4.105346743017435074e-03 3.487656954348494764e-07 3.688329570650239475e-07 3.576975871055765310e-07 3.653668727565673180e-07 3.751405870389135089e-07 3.709170641741366126e-07
9.290000000000000000e+02 6.952161021318801863e-03 4.096800461411476135e-03 3.423608632147079334e-07 3.777792585424322169e-07 3.704772382207011105e-07 3.604117750910518225e-07 3.740327940704446519e-07 3.688297738335677423e-07
9.300000000000000000e+02 6.937218175511620198e-03 4.088283516466617584e-03 3.368946863702149130e-07 3.704183768604707438e-07 3.599135709464462707e-07 3.695155896821233910e-07 3.718710388511681231e-07 3.694382257890538312e-07
9.310000000000000000e+02 6.922323454793189411e-03 4.079789388924837112e-03 3.345265611187642207e-07 3.686276954795175698e-07 3.513399633447988890e-07 3.626455793437344255e-07 3.651133226867386838e-07 3.673409878501843195e-07
9.320000000000000000e+02 6.907476652728913522e-03 4.071305505931377411e-03 3.310464649075584020e-07 3.645762944870512001e-07 3.581187399959162576e-07 3.635576319993560901e-07 3.651179554253758397e-07 3.724347266143013258e-07
9.330000000000000000e+02 6.892677563989895416e-03 4.062854684889316559e-03 3.305047471258149017e-07 3.567442945495713502e-07 3.584145247259584721e-07 3.583953116503835190e-07 3.636451140209828736e-07 3.717612742093479028e-07
9.340000000000000000e+02 6.877925984345840092e-03 4.054436460137367249e-03 3.352221540353639284e-07 3.585962247143470449e-07 3.498303726701124106e-07 3.504424626044055913e-07 3.646402433332696091e-07 3.718171228683786467e-07
9.350000000000000000e+02 6.863221710658011683e-03 4.046015907078981400e-03 3.279979523540532682e-07 3.619146298206032952e-07 3.535888595251890365e-07 3.530635694914963096e-07 3.540669979429367231e-07 3.618147275119554251e-07
9.360000000000000000e+02 6.848564540872232979e-03 4.037625156342983246e-03 3.264738381858478533e-07 3.616893025082390523e-07 3.506691541588224936e-07 3.584146952562150545e-07 3.617572872371965786e-07 3.611163776895409683e-07
9.370000000000000000e+02 6.833954274011952608e-03 4.029261879622936249e-03 3.254162947996519506e-07 3.522198426253453363e-07 3.482279282707168022e-07 3.499339982226956636e-07 3.530555829911463661e-07 3.504222547690005740e-07
9.380000000000000000e+02 6.819390710171348638e-03 4.020906053483486176e-03 3.251840610118961195e-07 3.568748354609851958e-07 3.428638422064977931e-07 3.452914256740768906e-07 3.549168354766152333e-07 3.561784183148120064e-07
9.390000000000000000e+02 6.804873650508493771e-03 4.012577235698699951e-03 3.218977724372962257e-07 3.442440856815665029e-07 3.442489457938791020e-07 3.522066549521696288e-07 3.444553158260532655e-07 3.567285489225469064e-07
9.400000000000000000e+02 6.790402897238569102e-03 4.004255402833223343e-03 3.160438666327536339e-07 3.397094303636549739e-07 3.372612695784482639e-07 3.437276347995066317e-07 3.476060896900889929e-07 3.533392884946806589e-07
9.410000000000000000e+02 6.775978253627124720e-03 3.995982930064201355e-03 3.128595267298805993e-07 3.494068891995993908e-07 3.388329616882401751e-07 3.422617282922146842e-07 3.451913244134630077e-07 3.474823415672290139e-07
9.420000000000000000e+02 6.761599523983393215e-03 3.987706266343593597e-03 3.058470667838264490e-07 3.454542820691131055e-07 3.386074070022004889e-07 3.296071326985838823e-07 3.412057481000374537e-07 3.489817004265205469e-07
9.430000000000000000e+02 6.747266513653656095e-03 3.979452420026063919e-03 3.139973046017985325e-07 3.381071280728065176e-07 3.299340676221618196e-07 3.361683695857209386e-07 3.421868655095750000e-07 3.386479932032671059e-07
9.440000000000000000e+02 6.732979029014650972e-03 3.971215337514877319e-03 3.099526395544671686e-07 3.289073902124073356e-07 3.267161616804514779e-07 3.354098225827328861e-07 3.372252308508905116e-07 3.384694764463347383e-07
9.450000000000000000e+02 6.718736877467035989e-03 3.963010385632514954e-03 3.022299779331660829e-07 3.303325968317949446e-07 3.208961345535499277e-07 3.216877928480244009e-07 3.338536203045805451e-07 3.341181979976681760e-07
9.460000000000000000e+02 6.704539867428898486e-03 3.954830113798379898e-03 2.924086572875239654e-07 3.330088702568900771e-07 3.213990282802114962e-07 3.279888289853261085e-07 3.300704349840088980e-07 3.314524406050622929e-07
9.470000000000000000e+02 6.690387808329309634e-03 3.946656826883554459e-03 3.049023007406503893e-07 3.230854588309739484e-07 3.196880982159200357e-07 3.290883796580601484e-07 3.210597583347407635e-07 3.279057239069516072e-07
9.480000000000000000e+02 6.676280510601933713e-03 3.938494715839624405e-03 2.996347348016570322e-07 3.288831464942632010e-07 3.173649645304976730e-07 3.229124558856710792e-07 3.252175133638957050e-07 3.253481679621472722e-07
9.490000000000000000e+02 6.662217785678674689e-03 3.930366598069667816e-03 2.956683431420970010e-07 3.202766265530954115e-07 3.173510663145862054e-07 3.201636218364001252e-07 3.216435118247318314e-07 3.299143713775265496e-07
9.500000000000000000e+02 6.648199445983379169e-03 3.922262694686651230e-03 2.943835681890050182e-07 3.184227921337878797e-07 3.161843267207586905e-07 3.187215327216108562e-07 3.195589499682682799e-07 3.180572605288034538e-07
9.510000000000000000e+02 6.634225304925580984e-03 3.914164379239082336e-03 2.862198584807629231e-07 3.170327431689656805e-07 3.157197738801187370e-07 3.215356230157340178e-07 3.159435948418831686e-07 3.244884112518775510e-07
9.520000000000000000e+02 6.620295176894287412e-03 3.906084923073649406e-03 2.799338858494593296e-07 3.135849340196728008e-07 3.054259991586150136e-07 3.120110534382547485e-07 3.102560697243461618e-07 3.206229735042143147e-07
9.530000000000000000e+02 6.606408877251821778e-03 3.898032940924167633e-03 2.830775542861374561e-07 3.123587077880074503e-07 3.065022724513255525e-07 3.079201746913895477e-07 3.106007966380275320e-07 3.118066445040312828e-07
9.540000000000000000e+02 6.592566222327703347e-03 3.890005173161625862e-03 2.822528983870142838e-07 3.095122451668430585e-07 3.026134436368010938e-07 3.126071987935574725e-07 3.147912650547368685e-07 3.207801171356550185e-07
9.550000000000000000e+02 6.578767029412570591e-03 3.881987649947404861e-03 2.688655627025582362e-07 3.118845768312894506e-07 2.970053856188314967e-07 3.060210929106688127e-07 3.029297772627614904e-07 3.120691474123304943e-07
9.560000000000000000e+02 6.565011116752157358e-03 3.873985027894377708e-03 2.684294884147675475e-07 3.040817659893946256e-07 3.040944704935100162e-07 3.092765439305367181e-07 3.030482957910862751e-07 3.078715167248446960e-07
9.570000000000000000e+02 6.551298303541304609e-03 3.866020124405622482e-03 2.764967632629122818e-07 3.076279995184449945e-07 3.007652082942513516e-07 2.981700504278705921e-07 3.065597695695032598e-07 3.066133729134890018e-07
9.580000000000000000e+02 6.537628409918018121e-03 3.858054289594292641e-03 2.689814095901965629e-07 2.987535197007673560e-07 2.999877608544920804e-07 2.974749406803312013e-07 2.999805417402967578e-07 3.137057547064614482e-07
9.590000000000000000e+02 6.524001256957575635e-03 3.850130364298820496e-03 2.707611486130190315e-07 2.964274301575642312e-07 2.935952352345339023e-07 2.944949812899722019e-07 2.982155535846686689e-07 3.009501199358055601e-07
9.600000000000000000e+02 6.510416666666666956e-03 3.842207603156566620e-03 2.611127172258420615e-07 2.961456289085617755e-07 2.918144161867530784e-07 2.984669720262900228e-07 2.946337076537020039e-07 3.001411528202879708e-07
9.610000000000000000e+02 6.496874461977583497e-03 3.834306495264172554e-03 2.575887663169851294e-07 2.929239713012066204e-07 2.888159258418454556e-07 2.917410881764226360e-07 2.859054291093343636e-07 2.961465384032635484e-07
9.620000000000000000e+02 6.483374466742450326e-03 3.826420288532972336e-03 2.618110670482565183e-07 2.872537265830032993e-07 2.880003648897400126e-07 2.911298793151217978e-07 2.922445219155633822e-07 2.881832017465058016e-07
9.630000000000000000e+02 6.469916505727493772e-03 3.818555502220988274e-03 2.501956544165295782e-07 2.765935107618133770e-07 2.792960742681316333e-07 2.842783430878625950e-07 2.855167622328735888e-07 2.904252482949232217e-07
9.640000000000000000e+02 6.456500404607358468e-03 3.810714464634656906e-03 2.576516351382451830e-07 2.849227769274875754e-07 2.716526807944319444e-07 2.824425564540433697e-07 2.870046671432646690e-07 2.930378002474753885e-07
9.650000000000000000e+02 6.443125989959461695e-03 3.802891820669174194e-03 2.552497448959911708e-07 2.884721652662847191e-07 2.680033901469869306e-07 2.798760476707684575e-07 2.854246474726096494e-07 2.863382064788311254e-07
9.660000000000000000e+02 6.429793089258387627e-03 3.795088734477758408e-03 2.430344352433166932e-07 2.826709533110260963e-07 2.748990937107009813e-07 2.803612915158737451e-07 2.804030714287364390e-07 2.898650848237593891e-07
9.670000000000000000e+02 6.416501530870323197e-03 3.787291236221790314e-03 2.393841782577510457e-07 2.745709082319081062e-07 2.711610989081236767e-07 2.742899880558979930e-07 2.832392738127964549e-07 2.787430162243254017e-07
9.680000000000000000e+02 6.403251144047537348e-03 3.779526799917221069e-03 2.430297172395512462e-07 2.751204135620355373e-07 2.660806899257295299e-07 2.710296769237174885e-07 2.795425473323120968e-07 2.781663113182730740e-07
9.690000000000000000e+02 6.390041758922894964e-03 3.771771676838397980e-03 2.470132471898978110e-07 2.679044825981691247e-07 2.643798779899952933e-07 2.592678072232956765e-07 2.744055791481514461e-07 2.718792302403016947e-07
9.700000000000000000e+02 6.376873206504410710e-03 3.764046821743249893e-03 2.344524148156779120e-07 2.675950838693097467e-07 2.553246645220497157e-07 2.677926715932699153e-07 2.628891593303706031e-07 2.728002925778127974e-07
9.710000000000000000e+02 6.363745318669849702e-03 3.756321733817458153e-03 2.376897754174933652e-07 2.618127439291129122e-07 2.586000960036471952e-07 2.596848389657679945e-07 2.662907547801296460e-07 2.703488348743121605e-07
9.720000000000000000e+02 6.350657928161357671e-03 3.748636459931731224e-03 2.362587565585272387e-07 2.608006468562962255e-07 2.581692797321011312e-07 2.591592931366903940e-07 2.580789271178218769e-07 2.678444843695615418e-07
9.730000000000000000e+02 6.337610868580131895e-03 3.740959567949175835e-03 2.367816165360636660e-07 2.526222999676974723e-07 2.620834038680186495e-07 2.547345729908556677e-07 2.597902266643359326e-07 2.618544101551378844e-07
9.740000000000000000e+02 6.324603974381137229e-03 3.733295947313308716e-03 2.259436797658054275e-07 2.569662171936215600e-07 2.478624878676782828e-07 2.567063859260088066e-07 2.511618504286161624e-07 2.659224094259116100e-07
9.750000000000000000e+02 6.311637080867849893e-03 3.725657006725668907e-03 2.256136752976090065e-07 2.542920185533148469e-07 2.525256661556340987e-07 2.570427000136987772e-07 2.469571427354821935e-07 2.543784489716927055e-07
9.760000000000000000e+02 6.298710024187046362e-03 3.718030173331499100e-03 2.248783772529350244e-07 2.500746916211937787e-07 2.486201822193834232e-07 2.519260817734902957e-07 2.462622603616182460e-07 2.517908512800204335e-07
9.770000000000000000e+02 6.285822641323626954e-03 3.710431745275855064e-03 2.175347333377430914e-07 2.564432577401021263e-07 2.466985336013749475e-07 2.428811001209396636e-07 2.553076967615197646e-07 2.503162193079333520e-07
9.780000000000000000e+02 6.272974770095474974e-03 3.702838439494371414e-03 2.154827711819962133e-07 2.454134175877697999e-07 2.410572221833717776e-07 2.373494112362095620e-07 2.439502964080020320e-07 2.458196490806585643e-07
9.790000000000000000e+02 6.260166249148356628e-03 3.695276100188493729e-03 2.091683057869886397e-07 2.474941425134602468e-07 2.385842208241228946e-07 2.434479426938196411e-07 2.429139271953317802e-07 2.482181855611997889e-07
9.800000000000000000e+02 6.247396917950853897e-03 3.687720047309994698e-03 2.118553794616673258e-07 2.435354247154464247e-07 2.347760386101072072e-07 2.350059560285444604e-07 2.516092649784695823e-07 2.439375634821772110e-07
9.810000000000000000e+02 6.234666616789333836e-03 3.680185880511999130e-03 2.179478570951687288e-07 2.443717903588549234e-07 2.343525409287394723e-07 2.367649187817733036e-07 2.434476868984347675e-07 2.355903774287071428e-07
9.820000000000000000e+02 6.221975186762955176e-03 3.672682447358965874e-03 2.054543983831536025e-07 2.436637203118152684e-07 2.360708037940639770e-07 2.348278655972535489e-07 2.320076220030387049e-07 2.432670100915856892e-07
9.830000000000000000e+02 6.209322469778710482e-03 3.665172029286623001e-03 2.104221579202203429e-07 2.351957562041206984e-07 2.327716401850921102e-07 2.369706209037758526e-07 2.340164115821607993e-07 2.382788437671479187e-07
9.840000000000000000e+02 6.196708308546500406e-03 3.657699329778552055e-03 2.047507621227850905e-07 2.394398563865252072e-07 2.322992855852135108e-07 2.320486913731656387e-07 2.315238134542596526e-07 2.402207428531255573e-07
9.850000000000000000e+02 6.184132546574247838e-03 3.650244325399398804e-03 2.027510248581165797e-07 2.264648344407760305e-07 2.294883501008371240e-07 2.327207084817928262e-07 2.289237244212927180e-07 2.277950699181019445e-07
9.860000000000000000e+02 6.171595028163045019e-03 3.642791416496038437e-03 2.026765599794089212e-07 2.322178858094048337e-07 2.286519134031550493e-07 2.255409725648860331e-07 2.215186327703122515e-07 2.300807722122044652e-07
9.870000000000000000e+02 6.159095598402331007e-03 3.635367145761847496e-03 2.008241182238634792e-07 2.226520479098326177e-07 2.205423328405231587e-07 2.207795262165745953e-07 2.238088825379236368e-07 2.239760732436479884e-07
9.880000000000000000e+02 6.146634103165106444e-03 3.627948695793747902e-03 2.050925189678309835e-07 2.176156073119273060e-07 2.166373604950422305e-07 2.187928913599535008e-07 2.171345698798177182e-07 2.242317975742480485e-07
9.890000000000000000e+02 6.134210389103189089e-03 3.620560746639966965e-03 2.015235054386721458e-07 2.146971098682115553e-07 2.141853201464982703e-07 2.129973353248715284e-07 2.274938140089943772e-07 2.182701450692547951e-07
9.900000000000000000e+02 6.121824303642485823e-03 3.613191656768321991e-03 2.000968208903941559e-07 2.172259883082006127e-07 2.123643696450017160e-07 2.101474620985754882e-07 2.215815868567005964e-07 2.218011729837598978e-07
9.910000000000000000e+02 6.109475694978316711e-03 3.605833742767572403e-03 1.985544457738797064e-07 2.201138613600051031e-07 2.125837852418044349e-07 2.118601827305610641e-07 2.147923083839486935e-07 2.285115670019877143e-07
9.920000000000000000e+02 6.097164412070759862e-03 3.598495153710246086e-03 2.010459354551130673e-07 2.217915948676818516e-07 2.086304817794371047e-07 2.098571201258891961e-07 2.218087047367589548e-07 2.152292495338770095e-07
9.930000000000000000e+02 6.084890304640032735e-03 3.591166110709309578e-03 2.064086572772794170e-07 2.149502478232534486e-07 2.107576762000462622e-07 2.133990903985250043e-07 2.175270594761968823e-07 2.215071361888476531e-07
9.940000000000000000e+02 6.072653223161908996e-03 3.583872225135564804e-03 1.953849846358934883e-07 2.085805590468226001e-07 2.035614414808151196e-07 2.147038173916371306e-07 2.153162768081529066e-07 2.107514944782451494e-07
9.950000000000000000e+02 6.060453018863159666e-03 3.576585557311773300e-03 1.955003625653262134e-07 2.120888353829286643e-07 1.952829222773289075e-07 1.999651573214578093e-07 2.054798500239485293e-07 2.154834248813131126e-07
9.960000000000000000e+02 6.048289543717036768e-03 3.569314023479819298e-03 1.960765700914635090e-07 2.112444548174607917e-07 1.994460063770020497e-07 2.063178925482134218e-07 2.158028422627467080e-07 2.242291117227068753e-07
9.970000000000000000e+02 6.036162650438778657e-03 3.562051570042967796e-03 1.891992980063150753e-07 2.114902883931790711e-07 1.993385865262098378e-07 2.081165177969523938e-07 2.059508119600650389e-07 2.081186778468691045e-07
9.980000000000000000e+02 6.024072192481154386e-03 3.554822411388158798e-03 1.856388962551136501e-07 2.062746062847509165e-07 1.999562897481155233e-07 2.026181533665294410e-07 2.078974858932269854e-07 2.107354077907075407e-07
9.990000000000000000e+02 6.012018024030035823e-03 3.547601634636521339e-03 1.881170277329147211e-07 2.055168408787722001e-07 2.042808802116269362e-07 2.020391178803038201e-07 2.000469123686343664e-07 2.087626711499979137e-07
1.000000000000000000e+03 6.000000000000000125e-03 3.540395293384790421e-03 1.901486115229999996e-07 2.074200438073603436e-07 1.928181063703959808e-07 2.033439301385442377e-07 2.061060939695380512e-07 2.040252127244457370e-07
1.001000000000000000e+03 5.988017976029964308e-03 3.533213632181286812e-03 1.898682739920332097e-07 2.061399868580338079e-07 1.954673365389680839e-07 2.072658844554098323e-07 1.961836630925972713e-07 2.066380488940922078e-07
